source,target,role,character
Trấn Thành,Cổng mặt trời (phim truyền hình),actor,Bạn của Quốc
Trấn Thành,Chuyện tình mùa thu,actor,Bảo
Trấn Thành,Công chúa teen và ngũ hổ tướng,actor,MC Trấn Thành
Trấn Thành,Gia sư nữ quái,actor,Lê Thắng Trí
Trấn Thành,Cua lại vợ bầu,actor,Trọng Thoại
Trấn Thành,Bố già (phim 2021),director,ông Ba Sang
Trấn Thành,Nhà bà Nữ,director,Phú Nhuận
Trấn Thành,Mai (phim),director,ông Hoàng
Trấn Thành,Bộ tứ báo thủ,director,cậu Mười Một
Ninh Dương Lan Ngọc,Cua lại vợ bầu,actor,Nhã Linh
Ninh Dương Lan Ngọc,Nhân tình lạc lối,actor,Mai
Ninh Dương Lan Ngọc,Nguyệt thực (phim truyền hình),actor,Mỹ Khanh
Ninh Dương Lan Ngọc,Cánh đồng bất tận (phim),actor,Nương
Ninh Dương Lan Ngọc,Long Ruồi,actor,Xuân
Ninh Dương Lan Ngọc,Tèo em,actor,Minh Minh
Ninh Dương Lan Ngọc,Trúng số (phim 2015),actor,Thơm
Ninh Dương Lan Ngọc,Tấm Cám: Chuyện chưa kể,actor,Cám
Ninh Dương Lan Ngọc,Cô Ba Sài Gòn,actor,Như Ý
Ninh Dương Lan Ngọc,Gái già lắm chiêu 3,actor,Quyên
Ngô Thanh Vân,Tấm Cám: Chuyện chưa kể,director,Dì ghẻ
Ngô Thanh Vân,Cô Ba Sài Gòn,actor,bà Thanh Mai
Ngô Thanh Vân,Bẫy rồng,actor,Trinh / Phượng hoàng
Ngô Thanh Vân,Ngôi nhà trong hẻm,actor,Thảo
Ngô Thanh Vân,Lửa Phật,actor,Ánh
Ngô Thanh Vân,Về quê ăn Tết,actor,Đậu Xanh
Ngô Thanh Vân,Hai Phượng,actor,Hai Phượng
Ngô Thanh Vân,Thanh Sói – Cúc dại trong đêm,director,Dì Lin Jacqueline
Kiều Minh Tuấn,Bụi đời Chợ Lớn,actor,Tiến
Kiều Minh Tuấn,Em chưa 18,actor,Hoàng
Kiều Minh Tuấn,Năm sau con lại về,actor,nhân viên bảo vệ
Kiều Minh Tuấn,Nghề siêu dễ (phim 2022),actor,Phú Tạp Hóa
Kiều Minh Tuấn,Tiệc trăng máu,actor,Nhật Linh
Victor Vũ,Chuyện tình xa xứ,director,
Victor Vũ,Giao lộ định mệnh,director,
Victor Vũ,Cô dâu đại chiến,director,
Victor Vũ,Thiên mệnh anh hùng,director,
Victor Vũ,Scandal: Bí mật thảm đỏ,director,
Victor Vũ,Cô dâu đại chiến 2,director,
Victor Vũ,Quả tim máu,director,
Victor Vũ,Tôi thấy hoa vàng trên cỏ xanh (phim),director,
Victor Vũ,Mắt biếc (phim),director,
Victor Vũ,Thiên thần hộ mệnh,director,
Victor Vũ,Trại hoa đỏ (phim),director,
Charlie Nguyễn,Long Ruồi,director,
Charlie Nguyễn,Tèo em,director,
Charlie Nguyễn,Dòng máu anh hùng,director,
Charlie Nguyễn,Vật đổi sao dời,director,
Charlie Nguyễn,Để Mai tính,director,Antoine
Charlie Nguyễn,Cưới ngay kẻo lỡ,director,
Charlie Nguyễn,Bụi đời Chợ Lớn,director,
Charlie Nguyễn,Để Mai tính 2,director,
Charlie Nguyễn,Để mai tính,director,Antoine
Vũ Ngọc Đãng,Bố già (phim 2021),director,
Vũ Ngọc Đãng,Vừa đi vừa khóc,director,
Vũ Ngọc Đãng,Tuyết nhiệt đới,director,
Vũ Ngọc Đãng,Nụ hôn thần chết (phim),actor,Ăn cướp
Vũ Ngọc Đãng,Bỗng dưng muốn khóc,director,
Vũ Ngọc Đãng,Những cô gái chân dài,director,
Vũ Ngọc Đãng,Hot boy nổi loạn,director,
Vũ Ngọc Đãng,"Hot boy nổi loạn và câu chuyện về thằng Cười, cô gái điếm và con vịt",director,
Vũ Ngọc Đãng,Đẹp từng centimet,director,
Vũ Ngọc Đãng,Nụ hôn thần chết,actor,Ăn cướp
Kaity Nguyễn,Gái già lắm chiêu V: Những cuộc đời vương giả,actor,Lý Linh
Kaity Nguyễn,Em chưa 18,actor,Linh Đan
Kaity Nguyễn,Hồn papa da con gái,actor,Châu
Kaity Nguyễn,Gái già lắm chiêu V,actor,Lý Linh
Kaity Nguyễn,Tiệc trăng máu,actor,Kathy
Kaity Nguyễn,Tử chiến trên không,actor,Tú Trinh
Jun Vũ,Gái già lắm chiêu 3,actor,Khánh My
Jun Vũ,Gái già lắm chiêu V: Những cuộc đời vương giả,actor,Lý Lệ Hà lúc trẻ
Jun Vũ,12 chòm sao: Vẽ đường cho yêu chạy,actor,My
Jun Vũ,Tháng năm rực rỡ,actor,Tuyết Anh
Jun Vũ,Gái già lắm chiêu V,actor,Lý Lệ Hà lúc trẻ
Mạnh Trường,Huyền sử thiên đô (phim),actor,Hà Cang
Mạnh Trường,Bí mật tam giác vàng,actor,Thượng úy Trần Minh Hoàn
Mạnh Trường,Hoa nở trái mùa,actor,Việt
Mạnh Trường,Đường lên Điện Biên,actor,Hùng
Mạnh Trường,Tuổi thanh xuân,actor,Phong (Thanh Sơn lồng tiếng)
Mạnh Trường,Ngược chiều nước mắt,actor,Thành
Mạnh Trường,Cả một đời ân oán,actor,Vũ Hoàng Đăng
Mạnh Trường,Chạy trốn thanh xuân,actor,Nam
Mạnh Trường,Tình yêu và tham vọng,actor,Kiều Phong
Mạnh Trường,Hồ sơ cá sấu,actor,Lê Anh Hải
Mạnh Trường,Đừng nói khi yêu,actor,Nguyễn Kim Quy (Leo Nguyễn)
Mạnh Trường,Chúng ta của 8 năm sau,actor,Lâm (lúc lớn)
Mạnh Trường,Thầu Chín ở Xiêm,actor,Thầu Chín
Mạnh Trường,Huyền sử thiên đô,actor,Hà Cang
Ngọc Lan (diễn viên),Cổng mặt trời (phim truyền hình),actor,Thu Hồng
Ngọc Lan (diễn viên),Dập tắt lửa lòng,actor,Bà Ba Sa
Ngọc Lan (diễn viên),Thử thách cuộc đời,actor,Bà Tám
Ngọc Lan (diễn viên),Nước mắt loài cỏ dại,actor,Bà Tư Đua
Ngọc Lan (diễn viên),Lẵng hoa tình yêu,actor,Loan
Ngọc Lan (diễn viên),Giấc mơ của mẹ,actor,Bà Duyên
Ngọc Lan (diễn viên),Ăn tết miệt vườn,actor,Bà Ba
Ngọc Lan (diễn viên),Lật mặt 7: Một điều ước,actor,Dì Ba Lẹ
Ngọc Lan (diễn viên),Rồi 30 năm sau,actor,Bà Gái
Ngọc Lan (diễn viên),Nụ hôn thần chết (phim),actor,Bà béo ngoài vũ trường
Ngọc Lan (diễn viên),Nhà có 5 nàng tiên,actor,bà bán ve chai
Ngọc Lan (diễn viên),Nụ hôn thần chết,actor,Bà béo ngoài vũ trường
Ngọc Lan (diễn viên),Vong nhi,actor,người đàn bà cúng gà
Lê Bê La,Cổng mặt trời (phim truyền hình),actor,Tùng
Lê Bê La,Con đường sáng (phim video),actor,Hồ Giao
Lê Bê La,Cuộc gọi lúc 0 giờ,actor,Thùy Châu
Lê Bê La,Cá cược cuộc đời,actor,Trà
Lê Bê La,Thời gian để yêu (phim truyền hình),actor,Nguyệt
Lê Bê La,Ông trùm (phim truyền hình Việt Nam),actor,Hải Phương
Lê Bê La,Con gái bố già,actor,Trang Gấu
Lê Bê La,Dập tắt lửa lòng,actor,Hoa
Lê Bê La,Không lối thoát (phim truyền hình),actor,Việt Linh
Lê Bê La,Anh ba khía,actor,Ngọc Mai
Lê Bê La,Sui gia khắc khẩu,actor,Thùy An
Lê Bê La,Bão ngầm,actor,Mẩy
Lê Bê La,Có hẹn với yêu thương,actor,Mai
Lê Bê La,Dấu chân du mục,actor,Hoa
Nguyệt Ánh,Cổng mặt trời (phim truyền hình),actor,Cúc
Nguyệt Ánh,Cá cược cuộc đời,actor,Hoài Hương
Nguyệt Ánh,Miền đất phúc,actor,Thủy Trúc
Nguyệt Ánh,Thứ ba học trò,actor,Cô Thư Cầm
Nguyệt Ánh,Ám ảnh (phim truyền hình),actor,Phương Hà
Nguyệt Ánh,Muôn kiểu làm dâu,actor,Tú Uyên
Nguyệt Ánh,Dương thế bao la sầu,actor,Út Lành
Tú Vi,Cổng mặt trời (phim truyền hình),actor,Trà
Tú Vi,Một thời ta đuổi bóng,actor,Trúc
Tú Vi,Quả tim máu,actor,Phương
Tú Vi,Thời gian để yêu (phim truyền hình),actor,Hương
Tú Vi,Bếp hát,actor,Katy Mộc Miên
Tú Vi,Trói buộc yêu thương,actor,Thanh
Tú Vi,Thử thách cuộc đời,actor,Yến
Kha Ly,Cổng mặt trời (phim truyền hình),actor,Liên
Kha Ly,Nguyệt thực (phim truyền hình),actor,Mai Hoa
Kha Ly,Hoa nắng (phim truyền hình Việt Nam),actor,Ngân
Kha Ly,Sui gia khắc khẩu,actor,Thúy Liễu
Kha Ly,Có hẹn với yêu thương,actor,Xuân
Kha Ly,Ký ức mong manh,actor,Tuyết
Kha Ly,Dấu chân du mục,actor,Thanh
Kha Ly,Đồng tiền quỷ ám,actor,Mai
Kha Ly,Dâu bể đường trần,actor,Hồng Xuân
Kha Ly,Vũ điệu đón xuân,actor,Thu Hà
Kha Ly,Nơi ngọn gió dừng chân,actor,Thanh Vân
Hiền Trang,Cổng mặt trời (phim truyền hình),actor,Mai
Lương Thế Thành,Cổng mặt trời (phim truyền hình),actor,Bình
Lương Thế Thành,Mệnh lệnh Hoa hồng,actor,Thầy Nhân
Lương Thế Thành,Không lối thoát (phim truyền hình),actor,Minh
Lương Thế Thành,Anh ba khía,actor,Ba Khía
Lương Thế Thành,Sui gia khắc khẩu,actor,Tấn Lộc
Lương Thế Thành,Miền đất phúc,actor,Phúc
Lương Thế Thành,Mệnh lệnh hoa hồng,actor,Thầy Nhân
Lương Thế Thành,Muôn kiểu làm dâu,actor,Andy
Lương Thế Thành,Dâu bể đường trần,actor,Dũng Linh
Lương Thế Thành,Vũ điệu đón xuân,actor,Sư
Lương Thế Thành,Giọt đắng,actor,Thanh
Lương Thế Thành,Lối sống sai lầm,actor,Nguyên
Lương Thế Thành,Hạnh phúc của người khác,actor,Tùng
Lương Thế Thành,Ải mỹ nhân,actor,Hai Sanh
Lương Thế Thành,Trận đồ bát quái,actor,Thành Thiên
Lương Thế Thành,Khúc tương tư,actor,Hai Giỏi
Lương Thế Thành,Ngày ấy mình đã yêu,actor,Nam
Lương Thế Thành,Cô Thắm về làng (phim truyền hình),actor,Cần (thay thế cho Nhan Phúc Vinh)
Lương Thế Thành,Ngũ hợi tấn hỷ,actor,Phi Long
Lương Thế Thành,Tình mẫu tử (phim truyền hình Việt Nam),actor,Tùng
Lương Thế Thành,Mẹ ghẻ (phim truyền hình),actor,An/Quân
Lương Thế Thành,Canh bạc tình yêu,actor,Trương Đăng Duy
Lương Thế Thành,Chống lại số phận,actor,Minh Tài
Lương Thế Thành,Bánh mì ông Màu,actor,Minh Khôi
Lương Thế Thành,Hello cô Ba,actor,Trung Ninja
Lương Thế Thành,Bay vào cõi mộng,actor,Chí lì
Lương Thế Thành,Hello Cô Ba,actor,Trung Ninja
Hùng Thuận,Cổng mặt trời (phim truyền hình),actor,Cường
Hùng Thuận,Thời gian để yêu (phim truyền hình),actor,Kháng
Hùng Thuận,Muôn kiểu làm dâu,actor,Thành Đạt
Hùng Thuận,Thuyền giấy,actor,Nhẫn
Hòa Hiệp (diễn viên),Cổng mặt trời (phim truyền hình),actor,Vỹ
Hòa Hiệp (diễn viên),Ông trùm (phim truyền hình Việt Nam),actor,Trương Lâm
Hòa Hiệp (diễn viên),Lối sống sai lầm,actor,Hòa
Hòa Hiệp (diễn viên),Nghề báo (phim truyền hình),actor,Đỗ Hòa
Đình Hiếu,Cổng mặt trời (phim truyền hình),actor,Hoàng Giang
Đình Hiếu,Gia sư nữ quái,actor,Huỳnh Tài 12 tuổi
Đình Hiếu,Tình yêu còn lại,actor,Khánh
Đình Hiếu,Cuộc gọi lúc 0 giờ,actor,Lực
Đình Hiếu,Gọi giấc mơ về,actor,Long Cùng một số diễn khác
Đình Hiếu,Trói buộc yêu thương,actor,Ông Quân
Đình Hiếu,Tình mẫu tử (phim truyền hình Việt Nam),actor,Trung
Đình Hiếu,Mật mã hoa hồng vàng,actor,Ba Kẹ
Đình Hiếu,Nghề báo (phim truyền hình),actor,Tân
Đình Hiếu,Thề không gục ngã,actor,Hiếu
Đình Hiếu,Lẩn khuất một tên người,actor,Năm Nhật
Đình Hiếu,Mỹ nhân Sài Thành,actor,Tư Bạc Liêu
Đình Hiếu,Thương con cá rô đồng,actor,Ông Lưu
Đình Hiếu,Mỹ nhân Sài thành,actor,Tư Bạc Liêu
Nguyễn Lê Bá Thắng,Cổng mặt trời (phim truyền hình),actor,Gia Đoàn
Nguyễn Lê Bá Thắng,Gọi giấc mơ về,actor,Vương
Ánh Hoa,Cổng mặt trời (phim truyền hình),actor,Bà Hai
Ánh Hoa,Gọi giấc mơ về,actor,Bà Quý
Ánh Hoa,Người đẹp Tây Đô,actor,Mẹ Quang
Ánh Hoa,Câu chuyện pháp đình,actor,Bà ngoại Nam An
Ánh Hoa,Xóm nước đen,actor,Bà Năm
Ánh Hoa,Đồng tiền xương máu,actor,Bà Khải
Ánh Hoa,Xích lô (phim),actor,Người Hầu Của Ông Chủ
Kim Phương,Cổng mặt trời (phim truyền hình),actor,Bà Ba
Kim Phương,Mai (phim),actor,Tú Bà
Kim Phương,Thời gian để yêu (phim truyền hình),actor,Mẹ Hương
Kim Phương,Thuyền giấy,actor,Bà Kim Minh
Kim Phương,Hot boy nổi loạn,actor,Má mì
Kim Phương,"Hot boy nổi loạn và câu chuyện về thằng Cười, cô gái điếm và con vịt",actor,Má mì
Kim Phương,Lưới trời (phim 2020),actor,Bà Hai
Kim Phương,Đợi tàu,actor,Chủ nhà trọ
Huỳnh Anh Tuấn,Cổng mặt trời (phim truyền hình),actor,Văn
Huỳnh Anh Tuấn,Chuyện tình mùa thu,actor,Ông Quý
Huỳnh Anh Tuấn,Một thời ta đuổi bóng,actor,Ông Trực
Huỳnh Anh Tuấn,Gia đình số đỏ,actor,ông Vũ
Huỳnh Anh Tuấn,Taxi (phim truyền hình),actor,Luật sư Thắng
Huỳnh Anh Tuấn,Ký ức mong manh,actor,Sáu Lư
Huỳnh Anh Tuấn,Đồng tiền quỷ ám,actor,Tiệp
Huỳnh Anh Tuấn,Mẹ ghẻ (phim truyền hình),actor,Ông Quý
Huỳnh Anh Tuấn,Canh bạc tình yêu,actor,Ông Thành
Huỳnh Anh Tuấn,Hello cô Ba,actor,Ông Trọng
Huỳnh Anh Tuấn,Khi đàn ông có bầu,actor,Anh chàng xe ôm
Huỳnh Anh Tuấn,Lẵng hoa tình yêu,actor,Anh chàng Việt kiều NSƯT Hồ Kiểng
Huỳnh Anh Tuấn,Âm tính,actor,Hoan
Huỳnh Anh Tuấn,Gia tài bác sĩ,actor,Lý Kính
Huỳnh Anh Tuấn,Tình án,actor,Ông Huyện Hàm Tân
Huỳnh Anh Tuấn,Anh chàng vượt thời gian,actor,Vua
Huỳnh Anh Tuấn,Nghiệt oan,actor,Định
Huỳnh Anh Tuấn,Sông dài (phim),actor,Ông Tấn Phát
Huỳnh Anh Tuấn,Mùa cúc susi,actor,Sáu Đời
Huỳnh Anh Tuấn,Vũ điệu giữa bầy sói,actor,Huỳnh Đức
Huỳnh Anh Tuấn,Giấc mơ của mẹ,actor,Ông Phát
Huỳnh Anh Tuấn,Người lắng nghe: Lời thì thầm,actor,ba Tường Minh
Huỳnh Anh Tuấn,Sông dài (phim truyền hình),actor,Ông Tấn Phát
Huỳnh Anh Tuấn,Hello Cô Ba,actor,Ông Trọng
Kinh Quốc,Cổng mặt trời (phim truyền hình),actor,Cao Dũng
Kinh Quốc,Ký ức mong manh,actor,Quốc
Kinh Quốc,Áo cưới thiên đường,actor,Nam Bóng
Kinh Quốc,Vật chứng mong manh,actor,Hinh
Kinh Quốc,Chạm vào quá khứ,actor,Vĩ Cường
Công Ninh,Cổng mặt trời (phim truyền hình),actor,Ba Thảo
Công Ninh,Chuyện tình mùa thu,actor,Ông Phước Đà Lạt
Công Ninh,Nhà bà Nữ,actor,bố của John
Công Ninh,Đất rừng phương Nam (phim),actor,ông Ba bắt rắn
Công Ninh,Cô dâu đại chiến,actor,Họa sĩ KLinh
Công Ninh,Trại hoa đỏ (phim),actor,thầy mo
Công Ninh,Taxi (phim truyền hình),actor,Ông Tùng
Công Ninh,Cuộc gọi lúc 0 giờ,actor,Ông Phan
Công Ninh,Không lối thoát (phim truyền hình),actor,Ông Tư
Công Ninh,Anh ba khía,actor,Ông Tùng
Công Ninh,Có hẹn với yêu thương,actor,Ông Tùng
Công Ninh,Gọi giấc mơ về,actor,Thầy Cường
Công Ninh,Thử thách cuộc đời,actor,Ông Năm Tùng
Công Ninh,Ký ức mong manh,actor,Chủ nhiệm khoa
Công Ninh,Dâu bể đường trần,actor,Ông Hội đồng Thăng
Công Ninh,Ải mỹ nhân,actor,Ông Thời
Công Ninh,Chống lại số phận,actor,Ông Linh
Công Ninh,Dưới cờ đại nghĩa,actor,Nguyễn Bình
Công Ninh,Lẵng hoa tình yêu,actor,Hùng
Công Ninh,Âm tính,actor,Mạnh
Công Ninh,Mẹ con Đậu Đũa,actor,Cha Đậu Đũa
Công Ninh,Đời cát,actor,Huy
Công Ninh,Tôi vào đời,actor,Tiến
Công Ninh,Blouse trắng,actor,Sĩ điên
Công Ninh,Giải cứu thần chết,actor,Ba của An An
Công Ninh,Câu chuyện pháp đình,actor,Luật sư Công
Công Ninh,Trái đắng,actor,Ông Khanh
Công Ninh,Nhiệm vụ đặc biệt,actor,ông Thông
Công Ninh,"Cá Rô, em yêu anh!",actor,Chú Một
Công Ninh,Sống trong bóng đêm,actor,Hai Tranh
Công Ninh,Người lắng nghe: Lời thì thầm,actor,ông Phương
Công Ninh,Bí mật nghiệt ngã,actor,Ông Hai
Công Ninh,Ăn tết miệt vườn,actor,Ông Ba
Công Ninh,Lụa (phim truyền hình),actor,Ông Mạnh
Công Ninh,Nữ sinh (phim truyền hình),actor,Ba Hưng
Công Ninh,Chị trợ lý của anh,actor,Công Ninh
Công Ninh,Chị chị em em 2,actor,Hai Bổn
Văn Ruy,Cổng mặt trời (phim truyền hình),actor,Thông
Phùng Ngọc Huy,Cổng mặt trời (phim truyền hình),actor,Quốc
Phùng Ngọc Huy,Nhân tình lạc lối,actor,Minh
Phùng Ngọc Huy,Chạm vào quá khứ,actor,Hiếu
Phùng Ngọc Huy,Nữ sinh (phim truyền hình),actor,Phán Củi
Mai Phương (diễn viên),Cổng mặt trời (phim truyền hình),actor,Thái Vân
Mai Phương (diễn viên),Vòng nguyệt quế (phim truyền hình),actor,Lan
Mai Phương (diễn viên),Xuôi ngược đường trần,actor,Xuyến Béo
Quang Thảo,Cổng mặt trời (phim truyền hình),actor,Khoa
Quang Thảo,Thuyền giấy,actor,Long Vũ
Quang Thảo,Tiền chùa,actor,Tony
Quang Thảo,Giọt máu vô hình,actor,Ông Minh Nghĩa
Quang Thảo,Vợ quan,actor,Đình Hàm
Thiên Kim (diễn viên),Cổng mặt trời (phim truyền hình),actor,Bà Ngoại Cúc
Thiên Kim (diễn viên),Bỗng dưng muốn khóc,actor,Bà Mười
Thiên Kim (diễn viên),Người đẹp Tây Đô,actor,Bà mai
Phi Điểu,Cổng mặt trời (phim truyền hình),actor,Bà Sáu
Phi Điểu,Gia đình phép thuật,actor,giám đốc trại trẻ
Phi Điểu,Taxi (phim truyền hình),actor,Bà Tâm
Phi Điểu,Nghiệp sinh tử,actor,Bà Nguyệt
Phi Điểu,Thử thách cuộc đời,actor,Bà Sáu
Phi Điểu,Thương con cá rô đồng,actor,Bà Ba Rạng
Phi Điểu,Blouse trắng,actor,bà Hai
Phi Điểu,Tuyết nhiệt đới,actor,Sư Cô
Phi Điểu,Cát đỏ,actor,Bà già năm con
Phi Điểu,Lật mặt 7: Một điều ước,actor,Bạn của bà Hai trong viện dưỡng lão
Phi Điểu,Án mạng lầu 4,actor,Bà Giáo
Phi Điểu,Hoán đổi thân xác,actor,bà ngoại Trương Thế Vinh
Phi Điểu,Vợ quan,actor,Bà Chín
Phi Điểu,Hãy cùng em điệu Sarikakeo,actor,Bà Niêng
Hoàng Lan (nghệ sĩ),Cổng mặt trời (phim truyền hình),actor,Bà Nga
Hải Lý,Cổng mặt trời (phim truyền hình),actor,Bà Gấu (chủ nhà trọ nam)
Hải Lý,Chuyện tình mùa thu,actor,Bà Hân
Hải Lý,Nguyệt thực (phim truyền hình),actor,Bà Dung
Hải Lý,Tình yêu còn lại,actor,Bà Định
Hải Lý,Thử thách cuộc đời,actor,Bà Loan
Hải Lý,Chống lại số phận,actor,Bà Năm
Hải Lý,Áo cưới thiên đường,actor,Mẹ Thái
Hải Lý,Sống trong bóng đêm,actor,Bà Hành
Hải Lý,Năm sau con lại về,actor,bà chủ nhà hàng
Hải Lý,Nhà có 5 nàng tiên,actor,bà Tư
Hải Lý,Lưới trời (phim 2020),actor,Bà Phấn
Bảo Giang,Cổng mặt trời (phim truyền hình),actor,Ông Vinh
Bảo Giang,Nhiệm vụ đặc biệt,actor,Quang
Hữu Thạch,Cổng mặt trời (phim truyền hình),actor,Cậu Đen
Hữu Thạch,Công chúa teen và ngũ hổ tướng,actor,Giám đốc 2
Hữu Thạch,Cua lại vợ bầu,actor,người đi đường
Hữu Thạch,Gia đình số đỏ,actor,Hai Lít
Hữu Thạch,Gọi giấc mơ về,actor,Tánh
Hữu Thạch,Ầu ơ ví dầu,actor,Ba Phải
Huy Cường,Cổng mặt trời (phim truyền hình),actor,Quản Lý Quán Bar
Huy Cường,Chuyện tình mùa thu,actor,Bình
Huy Cường,Một thời ta đuổi bóng,actor,Sang
Huy Cường,Hoa nắng (phim truyền hình Việt Nam),actor,Cậu út Bình
Huy Cường,Anh ba khía,actor,Sáu Hẹn
Huy Cường,Ải mỹ nhân,actor,Bình
Huy Cường,Trận đồ bát quái,actor,Mạnh
Huy Cường,Mẹ ghẻ (phim truyền hình),actor,Ông Thuận Hải
Huy Cường,Canh bạc tình yêu,actor,Ông Long
Huy Cường,Bánh mì ông Màu,actor,Ông Dũng
Huy Cường,Vũ điệu giữa bầy sói,actor,Ông Sơn
Huy Cường,Giã từ những đêm hoang,actor,Nam Đen
Huy Cường,Vật chứng mong manh,actor,Thạo
Huy Cường,Nhiệm vụ đặc biệt,actor,Hùng
Huy Cường,Người lắng nghe: Lời thì thầm,actor,ba Thuỳ Dương
Huy Cường,Mật mã chuông gió,actor,Hùng
Huy Cường,Hot boy nổi loạn,actor,Cướp của Long
Huy Cường,Lời nguyền Domino,actor,Ông Tùng
Huy Cường,"Hot boy nổi loạn và câu chuyện về thằng Cười, cô gái điếm và con vịt",actor,Cướp của Long
Huy Cường,Giọt máu vô hình,actor,Trung Kiên
Huy Cường,Vợ quan,actor,A Phón
Huy Cường,Tìm chồng cho vợ tôi,actor,Cường
Huy Cường,Độc thân tuổi 30,actor,Sở Danh
Huy Cường,Kế hoạch hoàn hảo,actor,Thưởng Thẹo
Huy Cường,Tình yêu dối lừa,actor,Ông Bá
Quách Khoa Nam,Cổng mặt trời (phim truyền hình),actor,Toàn
Quách Khoa Nam,Ký ức mong manh,actor,Khái
Quách Khoa Nam,Dưới cờ đại nghĩa,actor,Năm Hà (Dương Văn Hà)
Quách Khoa Nam,Ăn tết miệt vườn,actor,Hai Hổ
Quách Khoa Nam,Tây Sơn hào kiệt,actor,Trịnh Bồng
Quách Khoa Nam,Vịt kêu đồng,actor,Út Chót
Nguyễn Sanh,Cổng mặt trời (phim truyền hình),actor,Thầy Giáo Đoàn
Nguyễn Sanh,Bí mật tam giác vàng,actor,Bun Phênh
Nguyễn Sanh,Không lối thoát (phim truyền hình),actor,Ông Khang
Nguyễn Sanh,Anh ba khía,actor,Ông Hùng
Nguyễn Sanh,Có hẹn với yêu thương,actor,Ông Sáu Bảnh
Nguyễn Sanh,Gọi giấc mơ về,actor,Giám đốc sở giáo dục
Nguyễn Sanh,Ký ức mong manh,actor,Ba Khuê
Nguyễn Sanh,Dâu bể đường trần,actor,Ông Đốc Phủ
Bích Hằng,Cổng mặt trời (phim truyền hình),actor,Bà Chủ Quán Đầu Hẻm
Bích Hằng,Ngôi nhà trong hẻm,actor,bà Nga
Bích Hằng,Dập tắt lửa lòng,actor,Bà Út Thương
Bích Hằng,Mỹ nhân Sài Thành,actor,Bà Sương
Bích Hằng,Vó ngựa trời Nam,actor,Mẹ Nghệ
Bích Hằng,Ăn tết miệt vườn,actor,Má Mừng
Bích Hằng,Bắc kim thang (phim),actor,mẹ Thiện Tâm
Bích Hằng,Luật trời,actor,Bà Cúc
Bích Hằng,Bán chồng,actor,Bà Hảo
Bích Hằng,Vua bánh mì (phim truyền hình Việt Nam),actor,Bà Vân
Bích Hằng,Rừng thế mạng,actor,mẹ của Kiên
Bích Hằng,Vẫn có em bên đời,actor,Bà Phương
Bích Hằng,Lưới trời (phim 2020),actor,Bà Lành
Bích Hằng,Sui gia hay xui gia,actor,Bà Diễm
Bích Hằng,Mỹ nhân Sài thành,actor,Bà Sương
Huỳnh Ngân,Cổng mặt trời (phim truyền hình),actor,Ly
Thủy Cúc,Cổng mặt trời (phim truyền hình),actor,Mẹ Quốc
Thủy Cúc,Ngũ hợi tấn hỷ,actor,Bà Phi Yến
Thủy Cúc,Vẫn có em bên đời,actor,Bà Hạnh
Thủy Cúc,Lời sám hối,actor,Bà Cả
Thủy Cúc,Lời nguyền (phim truyền hình),actor,Dì Huệ
Lâm Hải Sơn,Cổng mặt trời (phim truyền hình),actor,Luân
Lâm Hải Sơn,Hạnh phúc của người khác,actor,Ông Trung
Lâm Hải Sơn,Vũ điệu giữa bầy sói,actor,Võ Hiếu
Lâm Hải Sơn,Lật mặt 7: Một điều ước,actor,Hàng xóm của Danh
Lâm Hải Sơn,Bỗng dưng muốn khóc,actor,Tài xế taxi
Lâm Hải Sơn,Hot boy nổi loạn,actor,Danh
Lâm Hải Sơn,"Hot boy nổi loạn và câu chuyện về thằng Cười, cô gái điếm và con vịt",actor,Danh
Kim Phượng,Cổng mặt trời (phim truyền hình),actor,Quản Lý Trung Tâm Gia Sư
Kim Phượng,Chuyện tình mùa thu,actor,Tuyết
Kim Phượng,Bão ngầm,actor,Trợ lý Trương Tuấn Tú (Ong Chúa)
Kim Phượng,Những đứa con biệt động Sài Gòn,actor,Phượng đê
Hoài An,Cổng mặt trời (phim truyền hình),actor,Bà Ngọc
Hoài An,Taxi (phim truyền hình),actor,Ngọc
Hoài An,Miền đất phúc,actor,Cô giáo Khiết
Hoài An,Gọi giấc mơ về,actor,Bà Kim
Hoài An,Giọt đắng,actor,Cô Niên
Hoài An,Người đẹp Tây Đô,actor,Sen
Hoài An,Câu chuyện pháp đình,actor,Bà Hậu
Hoài An,Bí mật nghiệt ngã,actor,Cô Tư
Hoài An,Lật mặt 7: Một điều ước,actor,Cô Hường
Hoài An,Bóng ma học đường,actor,vợ của Nam Linh
Hoài An,Chàng trai năm ấy,actor,mẹ của Quang Huy
Hoài An,Lời nguyền Domino,actor,Bà Hoa
Hoài An,Bao giờ có yêu nhau,actor,Mẹ của Huy
Hoài An,Đồng quê (phim truyền hình),actor,Thím Hai
Hoài An,Giọt máu vô hình,actor,Bà Phi Yến ===Diễn viên phụ===
Hoài An,Lời nguyền (phim truyền hình),actor,Bà Liên Anh
Hoài An,Người chồng điên,actor,Bà Hạnh
Thái Quốc Nguyên,Cổng mặt trời (phim truyền hình),actor,Tân
Thái Quốc Nguyên,Nữ sinh (phim truyền hình),actor,Hoàng Anh
Huỳnh Ngọc Lan (Lan Mập),Cổng mặt trời (phim truyền hình),actor,Thúy
Hồng Anh,Cổng mặt trời (phim truyền hình),actor,Mẹ Đoàn
Hồng Anh,Lật mặt 7: Một điều ước,actor,Thu
Hồng Anh,Ghét thì yêu thôi,actor,Hạnh
Hồng Anh,Sinh mệnh (phim),actor,vợ Thạnh
Hồng Anh,Đội đặc nhiệm nhà C21,actor,Hạnh tăm tre
Thảo Ly,Cổng mặt trời (phim truyền hình),actor,Loan
Bảo Khương,Cổng mặt trời (phim truyền hình),actor,Ông Định
Bảo Khương,Hoa nắng (phim truyền hình Việt Nam),actor,Ông Tuấn
Bảo Khương,Làm rể Mười Xuân,actor,Ông Bảy
Thành Bỉ,Cổng mặt trời (phim truyền hình),actor,Bác Sĩ Thành
Minh Cường,Cổng mặt trời (phim truyền hình),actor,Tú Nhà Văn
Minh Cường,Gia sư nữ quái,actor,trẻ bụi đời
Minh Cường,Giọt đắng,actor,Giao
Minh Cường,Vũ điệu giữa bầy sói,actor,Thiếu tá Hòa
Thanh Long Trẻ,Cổng mặt trời (phim truyền hình),actor,Thắng
Thanh Long Trẻ,Hello cô Ba,actor,Điền đô
Thanh Long Trẻ,Bóng ma học đường,actor,cha dượng của Minh Quân
Thanh Long Trẻ,Hello Cô Ba,actor,Điền đô
Hồng Thy,Cổng mặt trời (phim truyền hình),actor,Thảo
Hồng Thy,Ầu ơ ví dầu,actor,Bà Cầm
Bảo Tâm,Cổng mặt trời (phim truyền hình),actor,Tuyết
Hồng Hạnh,Cổng mặt trời (phim truyền hình),actor,Dì Hoa
Hồng Hạnh,Miền đất phúc,actor,Bà Diệp
Hồng Hạnh,Nàng dâu order,actor,Nga
Hồng Hạnh,Yêu thì ghét thôi,actor,Hà (Cú)
Hồng Hạnh,Hướng dương ngược nắng,actor,Bà Lan
Hồng Hạnh,Ghét thì yêu thôi,actor,Hà (Cú)
Hồng Hạnh,Ngọt ngào và man trá,actor,Hương
Hồng Hạnh,Ngày hè sôi động,actor,Bà Tâm
Khương Ngọc,Chuyện tình mùa thu,actor,Thiếu Giang
Khương Ngọc,Long Ruồi,actor,Khắc
Khương Ngọc,Thiên mệnh anh hùng,actor,Trần Tướng quân
Khương Ngọc,Scandal: Bí mật thảm đỏ,actor,Lê Hùng
Khương Ngọc,Cô dâu đại chiến 2,actor,Anh chàng đồng tính
Khương Ngọc,Taxi (phim truyền hình),actor,Bảo
Khương Ngọc,Ông trùm (phim truyền hình Việt Nam),actor,Minh Dế
Khương Ngọc,Giấc mơ biển,actor,Khoa
Khương Ngọc,Sài Gòn Yo!,actor,Hải
Khương Ngọc,Tiền chùa,actor,Lucky Lộc
Khương Ngọc,Song song (phim),actor,Giáo sư Sâm
Thanh Trúc,Chuyện tình mùa thu,actor,Thiên Hương
Thanh Trúc,Bụi đời Chợ Lớn,actor,Yến
Thanh Trúc,Mẹ ghẻ (phim truyền hình),actor,Vĩnh Thư
Thanh Trúc,Tình án,actor,Huyên
Thanh Trúc,Trái đắng,actor,Hà
Thanh Trúc,Giấc mơ biển,actor,Trúc Chi
Thanh Trúc,Rồi 30 năm sau,actor,Hải
Thanh Trúc,Năm sau con lại về,actor,Thắm
Thanh Trúc,Cha và con và...,actor,Vợ tương lai của Vũ
Kim Xuân,Chuyện tình mùa thu,actor,Bà Ngọc
Kim Xuân,Một thời ta đuổi bóng,actor,Bà Chi
Kim Xuân,Trúng số (phim 2015),actor,bà Mười Lài
Kim Xuân,Chuyện tình xa xứ,actor,bà Kim
Kim Xuân,Quả tim máu,actor,bà Lê
Kim Xuân,Muôn kiểu làm dâu,actor,Bà Minh
Kim Xuân,Trói buộc yêu thương,actor,Bà Lan
Kim Xuân,Nơi ngọn gió dừng chân,actor,Bà Minh
Kim Xuân,Tình mẫu tử (phim truyền hình Việt Nam),actor,Bà Sáu
Kim Xuân,Dưới cờ đại nghĩa,actor,Mẹ của Bảy Chơn (Nguyễn Văn Chơn)
Kim Xuân,Lẵng hoa tình yêu,actor,Oanh
Kim Xuân,Âm tính,actor,Hạnh
Kim Xuân,Giấc mơ của mẹ,actor,Bà Xuân
Kim Xuân,Người đẹp Tây Đô,actor,Bà giáo Thành
Kim Xuân,Câu chuyện pháp đình,actor,Mẹ Trọng Nhân
Kim Xuân,Sài Gòn Yo!,actor,Má của Mai
Kim Xuân,Em là bà nội của anh,actor,bà Xuân
Kim Xuân,Lật mặt (phim),actor,bà Loan
Kim Xuân,Cô hầu gái,actor,Bà Hàn
Kim Xuân,Bao giờ có yêu nhau,actor,Mẹ của Linh
Kim Xuân,Huyền thoại bất tử,actor,bà Lan
Kim Xuân,Vòng xoáy tình yêu,actor,Bà Kim
Kim Xuân,Lưới trời (phim 2020),actor,Diễm
Kim Xuân,Lật mặt,actor,bà Loan
Kim Xuân,Vị tướng tình báo và hai bà vợ,actor,Chị Ba
Kim Xuân,Vị đắng tình yêu,actor,má Phương
Trọng Nhân,Chuyện tình mùa thu,actor,Ninh
Trọng Nhân,"Zippo, mù tạt và em",actor,Duy
Trọng Nhân,Thời gian để yêu (phim truyền hình),actor,Mạnh
Trọng Nhân,Duyên kiếp,actor,Lưu Phan
Trọng Nhân,Giấc mơ biển,actor,Viễn
Trọng Nhân,Lời nguyền Domino,actor,Quốc Bảo
Trọng Nhân,Vợ quan,actor,Duy Khương
Trọng Nhân,Đất mặn (phim truyền hình),actor,Mạnh Trường
Trọng Nhân,Hoa hồng trên ngực trái,actor,Khang
Diệu Đức,Chuyện tình mùa thu,actor,Bà An
Mã Trung,Chuyện tình mùa thu,actor,Ông An
Mã Trung,Cô dâu đại chiến 2,actor,Ông Chen
Mã Trung,Quả tim máu,actor,ông Phong
Mã Trung,Dập tắt lửa lòng,actor,Ông Hai Nghĩa
Mã Trung,Bếp hát,actor,Ông Đức
Mã Trung,Canh bạc tình yêu,actor,Ông Năm
Mã Trung,Vật chứng mong manh,actor,Hai Đương
Mã Trung,Nhiệm vụ đặc biệt,actor,Y Ja
Mã Trung,Cát đỏ,actor,Ông Chín
Mã Trung,Tiệm ăn dì ghẻ,actor,Bác Tâm
Mã Trung,Người chồng điên,actor,Ông Quyền
Quốc Hùng,Chuyện tình mùa thu,actor,Ông Hoàng
Quốc Hùng,Nguyệt thực (phim truyền hình),actor,Ông Dũng
Quốc Hùng,Chuyện tình xa xứ,actor,ông Tâm
Quốc Hùng,Giao lộ định mệnh,actor,Bác sĩ
Quốc Hùng,Cô dâu đại chiến 2,actor,Ba của Ngọc
Quốc Hùng,Cá cược cuộc đời,actor,Trần Hùng
Quốc Hùng,Thời gian để yêu (phim truyền hình),actor,Ông Sang
Quốc Hùng,Thuyền giấy,actor,Ông Khang
Quốc Hùng,Nghề báo (phim truyền hình),actor,Trần Dư
Quốc Hùng,Công nghệ thời trang,actor,Thứ trưởng Nam Hoàng
Lục Diệp,Chuyện tình mùa thu,actor,Hoa
Lục Diệp,Nữ bác sĩ,actor,Hoàng Hà
Lục Diệp,Sóng tình (phim truyền hình),actor,Diệp
Lục Diệp,Phía cuối cầu vồng,actor,Bảo Trang
Lập Xuân,Chuyện tình mùa thu,actor,Vy
Lộc Uyển,Chuyện tình mùa thu,actor,Diễm
Lộc Uyển,Một thời ta đuổi bóng,actor,Lan
Quách Hữu Lộc,Chuyện tình mùa thu,actor,Thiện
Quách Hữu Lộc,Một thời ta đuổi bóng,actor,Thiên Vũ
Quách Hữu Lộc,Scandal: Bí mật thảm đỏ,actor,Phóng viên
Quách Hữu Lộc,Thử thách cuộc đời,actor,Hải
Quách Hữu Lộc,Mẹ ghẻ (phim truyền hình),actor,Hưng Sẹo
Quách Hữu Lộc,Canh bạc tình yêu,actor,Nguyễn Tuấn Kiệt
Quách Hữu Lộc,Kế hoạch hoàn hảo,actor,Hoàng Hải
Quách Hữu Lộc,Bồ công anh trước gió,actor,Ông Phong
Vân Trang,Một thời ta đuổi bóng,actor,Quý Phi
Vân Trang,Cô dâu đại chiến,actor,Mai Châu
Vân Trang,Thiên mệnh anh hùng,actor,Tuyên Từ Thái hậu
Vân Trang,Scandal: Bí mật thảm đỏ,actor,Ý Linh
Vân Trang,Cô dâu đại chiến 2,actor,Mai Châu
Vân Trang,Hồn papa da con gái,actor,Bình
Vân Trang,Chuyện ma gần nhà,actor,Bích vai Lâm
Vân Trang,Lối sống sai lầm,actor,My
Vân Trang,Canh bạc tình yêu,actor,Nguyễn Thanh Vân
Vân Trang,Sông dài (phim),actor,Lượm
Vân Trang,Sông dài (phim truyền hình),actor,Lượm
Vân Trang,Mật mã chuông gió,actor,Gia Anh
Vân Trang,Sài Gòn Yo!,actor,Mai
Vân Trang,Tiền chùa,actor,Bích Quyên
Khương Thịnh,Một thời ta đuổi bóng,actor,Trần Nghiêm
Khương Thịnh,Dập tắt lửa lòng,actor,Phú
Khương Thịnh,Kiều nữ và đại gia,actor,Tuấn Hotel
Khương Thịnh,Nơi ngọn gió dừng chân,actor,Ông Hà
Khương Thịnh,Nước mắt loài cỏ dại,actor,Ông Thành
Khương Thịnh,Duyên kiếp,actor,Ông Phú
Khương Thịnh,Vó ngựa trời Nam,actor,Lương Văn Tương
Khương Thịnh,Mật mã chuông gió,actor,Lãm
Khương Thịnh,Lưới trời (phim 2020),actor,Hai Tâm
Mai Huỳnh,Một thời ta đuổi bóng,actor,Ông Quý
Mai Huỳnh,Nguyệt thực (phim truyền hình),actor,Ông Hạnh
Mai Huỳnh,Bếp hát,actor,Huỳnh Đức
Mai Huỳnh,Thử thách cuộc đời,actor,Ông Tính
Mai Huỳnh,Hạnh phúc của người khác,actor,Ông Hào
Mai Huỳnh,Mẹ ghẻ (phim truyền hình),actor,Ông Thuận Phát
Mai Huỳnh,Thề không gục ngã,actor,Phan Đại Vỹ
Mai Huỳnh,Âm tính,actor,Lý
Mai Huỳnh,Gia tài bác sĩ,actor,Hoàng
Mai Huỳnh,Người đẹp Tây Đô,actor,Ông giáo Thành
Mai Huỳnh,Kẻ sát nhân cô độc,actor,Bác sĩ Hồng
Mai Huỳnh,Lụa (phim truyền hình),actor,Trần Quang Thành
Mai Huỳnh,Mật mã chuông gió,actor,Ông Gia Phát
Mai Huỳnh,Xuân ấm tình người,actor,Ngọc Hoàng
Thiên Hương,Một thời ta đuổi bóng,actor,Bà Quý
Thiên Hương,Taxi (phim truyền hình),actor,Bà Linh
Thiên Hương,Không lối thoát (phim truyền hình),actor,Bà Phương
Thiên Hương,Anh ba khía,actor,Bà Ngọc
Thiên Hương,Ải mỹ nhân,actor,Bà Cả
Thiên Hương,Tình án,actor,Bà Huyện Hàm Tân
Bảo Thy,Công chúa teen và ngũ hổ tướng,actor,ca sĩ Britney Bích
Bảo Thy,Gia sư nữ quái,actor,Huỳnh Mai
Yến Trang,Công chúa teen và ngũ hổ tướng,actor,ca sĩ Janet Thu
Hoài Linh,Công chúa teen và ngũ hổ tướng,actor,Kim
Hoài Linh,Gia sư nữ quái,actor,Tàu Hũ
Hoài Linh,Anh ba khía,actor,Ông Hai Còng
Hoài Linh,Sui gia khắc khẩu,actor,Sáu Bảnh
Hoài Linh,Hello cô Ba,actor,Tư Lặn / Cô Ba
Hoài Linh,Năm sau con lại về,actor,Sáu xe ôm
Hoài Linh,Võ lâm truyền kỳ (phim),actor,Đông / Đông Tà
Hoài Linh,Nụ hôn thần chết (phim),actor,Vua Thần Chết
Hoài Linh,Bóng ma học đường,actor,Nam Linh
Hoài Linh,Hoán đổi thân xác,actor,BangBang - nhà khoa học gian xảo
Hoài Linh,Nhà có 5 nàng tiên,actor,ông Tiên Cảnh
Hoài Linh,Tía tui là cao thủ,actor,ông Tư Nho
Hoài Linh,Nụ hôn thần chết,actor,Vua Thần Chết
Hoài Linh,Hello Cô Ba,actor,Tư Lặn / Cô Ba
Tấn Beo,Công chúa teen và ngũ hổ tướng,actor,Mộc
Tấn Beo,Cưới ngay kẻo lỡ,actor,cậu ba
Tấn Beo,Hello cô Ba,actor,Châu Lợi Nhuận
Tấn Beo,Bay vào cõi mộng,actor,Tiến sộp
Tấn Beo,Nàng men chàng bóng,actor,
Tấn Beo,Khi đàn ông có bầu,actor,Tấn
Tấn Beo,Tình án,actor,Quân
Tấn Beo,Võ lâm truyền kỳ (phim),actor,Tây / Tây Độc
Tấn Beo,Nhà có 5 nàng tiên,actor,Hùng
Tấn Beo,Tía tui là cao thủ,actor,ông Bá
Tấn Beo,Tây Sơn hào kiệt,actor,Công tử Bàng Quang
Tấn Beo,Tình thắm duyên xuân,actor,Hai Tráng
Tấn Beo,Hello Cô Ba,actor,Châu Lợi Nhuận
Chí Tài,Công chúa teen và ngũ hổ tướng,actor,Thủy (†)
Chí Tài,Gia sư nữ quái,actor,Huỳnh Tài (†)
Chí Tài,Trúng số (phim 2015),actor,ông Tư Phi
Chí Tài,Hồn papa da con gái,actor,Ông ngoại
Chí Tài,Năm sau con lại về,actor,ông Sang
Chí Tài,Hoán đổi thân xác,actor,Bystand - nhà khoa học đã luống tuổi luôn tự hào về những cống hiến cả đời của mình
Chí Tài,Nhà có 5 nàng tiên,actor,ông Kiệt (†)
Chí Tài,Thần tượng (phim),actor,ông Luân
Mạnh Tràng,Công chúa teen và ngũ hổ tướng,actor,Hỏa (†)
Mạnh Tràng,Hello cô Ba,actor,Mặt Rô (†)
Mạnh Tràng,Xóm nước đen,actor,Dũng Mặt rõ
Mạnh Tràng,Hello Cô Ba,actor,Mặt Rô (†)
Hiếu Hiền,Công chúa teen và ngũ hổ tướng,actor,Thổ
Hiếu Hiền,Long Ruồi,actor,Bolo
Hiếu Hiền,Tấm Cám: Chuyện chưa kể,actor,Sứ giả
Hiếu Hiền,Bẫy rồng,actor,Phong / Ngưu
Hiếu Hiền,Lửa Phật,actor,Huy
Hiếu Hiền,Trạng Tí phiêu lưu ký,actor,Đại Lực Sĩ
Hiếu Hiền,Hello cô Ba,actor,Năm Mít
Hiếu Hiền,Bay vào cõi mộng,actor,Bình vù
Hiếu Hiền,Tiền chùa,actor,Chủ cửa hàng hoa
Hiếu Hiền,Nụ hôn thần chết (phim),actor,Ăn cướp
Hiếu Hiền,Tình thắm duyên xuân,actor,Hai Sửu
Hiếu Hiền,Bỗng dưng muốn khóc,actor,Hiều
Hiếu Hiền,Chuyện tình đảo ngọc,actor,Sứa
Hiếu Hiền,Khát vọng thượng lưu,actor,Tam Mập
Hiếu Hiền,Mẹ rơm,actor,Mãnh
Hiếu Hiền,Những cô gái chân dài,actor,quần chúng
Hiếu Hiền,Hot boy nổi loạn,actor,Cười
Hiếu Hiền,"Hot boy nổi loạn và câu chuyện về thằng Cười, cô gái điếm và con vịt",actor,Cười
Hiếu Hiền,Nụ hôn thần chết,actor,Ăn cướp
Hiếu Hiền,Hello Cô Ba,actor,Năm Mít
Khổng Tú Quỳnh,Công chúa teen và ngũ hổ tướng,actor,Dâu Teen
Khổng Tú Quỳnh,Tháng năm rực rỡ,actor,Bảo Châu
Khổng Tú Quỳnh,Bán chồng,actor,Như
Kim Thư,Công chúa teen và ngũ hổ tướng,actor,Hoa
Kim Thư,Cô Ba Sài Gòn,actor,Nữ hoàng Gạo
Kim Thư,Miền đất phúc,actor,Vợ Sáu Tỷ
Kim Thư,Hello cô Ba,actor,Lành
Kim Thư,Dưới cờ đại nghĩa,actor,Vân Anh
Kim Thư,Khi đàn ông có bầu,actor,Duyên
Kim Thư,Võ lâm truyền kỳ (phim),actor,Bảo Hương
Kim Thư,Chị chị em em 2,actor,mẹ Ba Trà
Kim Thư,Áo lụa Hà Đông (phim),actor,Người giúp việc
Kim Thư,Lục Vân Tiên (phim truyền hình),actor,Hoài Thư
Kim Thư,Hello Cô Ba,actor,Lành
Ưng Hoàng Phúc,Công chúa teen và ngũ hổ tướng,actor,Lãng Tử Phiêu Bồng
Đông Nhi,Công chúa teen và ngũ hổ tướng,actor,Nhi
Đông Nhi,Cô Ba Sài Gòn,actor,Truyền nhân đời thứ 20 nhà may Thanh Nữ
Đông Nhi,Thứ ba học trò,actor,Kỳ Thư
Đông Nhi,Giải cứu thần chết,actor,Hà My
Noo Phước Thịnh,Công chúa teen và ngũ hổ tướng,actor,Bạn trai mới của Nhi
Ngô Kiến Huy,Công chúa teen và ngũ hổ tướng,actor,Vũ công
Ngô Kiến Huy,Nàng men chàng bóng,actor,
Ngô Kiến Huy,Tía tui là cao thủ,actor,Vũ
Ngô Kiến Huy,Thần tượng (phim),actor,Nguyễn
Ngô Kiến Huy,Chàng trai năm ấy,actor,Ngô Kiến Hà
Ngô Kiến Huy,Em là bà nội của anh,actor,Tùng
Ngô Kiến Huy,Chị trợ lý của anh,actor,chàng trai ẻo lả
Ngô Kiến Huy,Em là của em,actor,Hoàng và Jessica Hoàng Anh
Phước Sang,Công chúa teen và ngũ hổ tướng,actor,Giám đốc công ty vệ sĩ Phong Ba
Phước Sang,Miền đất phúc,actor,Sáu Tỷ
Phước Sang,Hello cô Ba,actor,Tùng đồ cổ
Phước Sang,Khi đàn ông có bầu,actor,A Coóng
Phước Sang,Võ lâm truyền kỳ (phim),actor,Tài xế xe tải
Phước Sang,Sui gia hay xui gia,actor,Ông Bảo
Phước Sang,Lục Vân Tiên (phim truyền hình),actor,Bùi Kiệm
Phước Sang,Hello Cô Ba,actor,Tùng đồ cổ
Phước Sang,Vị đắng tình yêu,actor,thằng khờ
Tuyết Thu,Công chúa teen và ngũ hổ tướng,actor,Mẹ của Britney Bích
Tuyết Thu,Hoa nắng (phim truyền hình Việt Nam),actor,Bà Mai
Tuyết Thu,Nơi ngọn gió dừng chân,actor,Bà Lệ Bình
Tuyết Thu,Mẹ ghẻ (phim truyền hình),actor,Bà Diệu
Tuyết Thu,Canh bạc tình yêu,actor,Bà Thúy
Tuyết Thu,Chống lại số phận,actor,Bà Linh
Tuyết Thu,Sông dài (phim),actor,Bà Mười Một
Tuyết Thu,Blouse trắng,actor,Bác sĩ Thi Oanh
Tuyết Thu,Bên kia sông,actor,Minh Thùy
Tuyết Thu,Sông dài (phim truyền hình),actor,Bà Mười Một
Tuyết Thu,Kế hoạch hoàn hảo,actor,Ái Phương
Bảo Quốc,Công chúa teen và ngũ hổ tướng,actor,Ông Bảy
Bảo Quốc,Khi đàn ông có bầu,actor,Ông Hoài
Bảo Quốc,Võ lâm truyền kỳ (phim),actor,Thầy giáo
Bảo Quốc,Hai Cũ,actor,Hương hào Ngọ
Khánh Nam,Công chúa teen và ngũ hổ tướng,actor,Người đi taxi (†)
Cát Phượng,Công chúa teen và ngũ hổ tướng,actor,Người đi taxi
Cát Phượng,Nàng men chàng bóng,actor,
Cát Phượng,Võ lâm truyền kỳ (phim),actor,Marilyn Monroe hàng nhái
Cát Phượng,Sắc đẹp và danh vọng,actor,Dì Hồng
Mai Thanh Dung,Công chúa teen và ngũ hổ tướng,actor,Ngũ Long Công Chúa
Tuyền Mập,Công chúa teen và ngũ hổ tướng,actor,Khách sửa ống nước
Tuyền Mập,Tèo em,actor,Quản lý khách sạn
Tuyền Mập,Trúng số (phim 2015),actor,Năm Mị
Tuyền Mập,Hai Phượng,actor,Bà chủ cho vay tiền
Tuyền Mập,Cô dâu đại chiến,actor,Bệnh nhân
Tuyền Mập,Để Mai tính,actor,Người phụ nữ trong nhà vệ sinh
Tuyền Mập,Hồn papa da con gái,actor,Cô giáo Phương
Tuyền Mập,Tháng năm rực rỡ,actor,Lan Chi lúc trưởng thành
Tuyền Mập,Muôn kiểu làm dâu,actor,Bà Hồng
Tuyền Mập,Ngũ hợi tấn hỷ,actor,Cô Ba Minh Phụng
Tuyền Mập,Giải cứu thần chết,actor,Thủy béo
Tuyền Mập,Án mạng lầu 4,actor,Tuyền
Tuyền Mập,Tiền chùa,actor,Người giúp việc của Lucky Lộc
Tuyền Mập,Chị chị em em 2,actor,Vợ Hai Bổn
Tuyền Mập,Lạc giới,actor,nhân viên quán ăn
Tuyền Mập,Để mai tính,actor,Người phụ nữ trong nhà vệ sinh
Tuyền Mập,Độc thân tuổi 30,actor,Văn Chương
Tuyền Mập,Làm rể Mười Xuân,actor,Thanh Mai
Bé Hòa Bình,Công chúa teen và ngũ hổ tướng,actor,Em trai của Hỏa
Phi Phụng,Công chúa teen và ngũ hổ tướng,actor,Người đi đường
Phi Phụng,Về quê ăn Tết,actor,Mai
Phi Phụng,Trạng Tí phiêu lưu ký,actor,Thị Hến
Phi Phụng,Anh ba khía,actor,Bà Tư Lẹ
Phi Phụng,Sui gia khắc khẩu,actor,Bà Bảy Tòng
Phi Phụng,Có hẹn với yêu thương,actor,Bà Bảy
Phi Phụng,Cô Thắm về làng (phim truyền hình),actor,Bà Chín Pháo
Phi Phụng,Hello cô Ba,actor,Bà bán ốc
Phi Phụng,Nghiệt oan,actor,Bà Dung
Phi Phụng,Sống trong bóng đêm,actor,Bà Ba
Phi Phụng,Hoán đổi thân xác,actor,cô giáo thanh nhạc
Phi Phụng,Nhà có 5 nàng tiên,actor,bà bán ve chai
Phi Phụng,Em là bà nội của anh,actor,chủ tiệm bò tót
Phi Phụng,Lật mặt (phim),actor,bà Phương
Phi Phụng,"Sài Gòn, anh yêu em",actor,Mỹ Tuyền
Phi Phụng,Cô hầu gái,actor,Ngô
Phi Phụng,Tiệm bánh Hoàng tử bé,actor,dì Vân
Phi Phụng,Tiệm bánh Hoàng tử bé 2,actor,bà Mị
Phi Phụng,Lật Mặt 6: Tấm vé định mệnh,actor,Bà chủ tiệm vé số
Phi Phụng,"Taxi, em tên gì?",actor,bà chủ lữ quán
Phi Phụng,Lật mặt 6: Tấm vé định mệnh,actor,Bà chủ tiệm vé số
Phi Phụng,Lật mặt,actor,bà Phương
Phi Phụng,Hello Cô Ba,actor,Bà bán ốc
Phương Trinh Jolie,Công chúa teen và ngũ hổ tướng,actor,Cô gái váy đỏ
Phương Trinh Jolie,Tèo em,actor,Thư ký của Tí
Phương Trinh Jolie,Hello cô Ba,actor,Phấn
Phương Trinh Jolie,Nghiệt oan,actor,Như Tâm
Phương Trinh Jolie,Sắc đẹp ngàn cân (phim 2017),actor,Jolie
Phương Trinh Jolie,Hello Cô Ba,actor,Phấn
Kelly Nguyễn,Công chúa teen và ngũ hổ tướng,actor,Người tình của cha Bích
Vương Khang,Công chúa teen và ngũ hổ tướng,actor,Jackie Hoop
Tam Thanh,Công chúa teen và ngũ hổ tướng,actor,Đệ tử
Tam Thanh,Nhân tình lạc lối,actor,Ông Đồng
Tam Thanh,Nếu còn có ngày mai (phim truyền hình Việt Nam),actor,Ông Nhu
Tam Thanh,Lời sám hối,actor,Lão Tam
Tấn Bo,Công chúa teen và ngũ hổ tướng,actor,Người bán báo
Tấn Bo,Cuộc gọi lúc 0 giờ,actor,Bạch
Tấn Bo,Bay vào cõi mộng,actor,Phương lừ đừ
Tấn Bo,Khi đàn ông có bầu,actor,Anh chàng xích lô
Tấn Hoàng,Công chúa teen và ngũ hổ tướng,actor,Người say rượu
Tấn Hoàng,Tèo em,actor,Ông Ba
Tấn Hoàng,Khi đàn ông có bầu,actor,Người đi đường
Tấn Hoàng,Năm sau con lại về,actor,ông hàng xóm
Thành Nam,Công chúa teen và ngũ hổ tướng,actor,Giám đốc 1
Thành Nam,Vòng xoáy tình yêu,actor,Cường lái xe
Thành Chiến,Công chúa teen và ngũ hổ tướng,actor,Giám đốc 3
Bảo Trí,Công chúa teen và ngũ hổ tướng,actor,Bầu sô
Bảo Trí,Gia đình số đỏ,actor,ông Thông
Bảo Trí,Vợ quan,actor,Ông Xuân
Bảo Trí,"Taxi, em tên gì?",actor,tài xế taxi
Lê Kim Long,Công chúa teen và ngũ hổ tướng,actor,Bé bán kẹo kéo
Kiều Lan,Công chúa teen và ngũ hổ tướng,actor,Thím Tư
Hứa Minh Đạt,Công chúa teen và ngũ hổ tướng,actor,Khán giả
Hứa Minh Đạt,Muôn kiểu làm dâu,actor,Sếp Toàn Năng
Hứa Minh Đạt,Năm sau con lại về,actor,con trai ông Sang
Hứa Minh Đạt,Nhà có 5 nàng tiên,actor,tài xế xe rác
Hứa Minh Đạt,Lật mặt (phim),actor,Quoán
Hứa Minh Đạt,Sắc đẹp ngàn cân (phim 2017),actor,Tài xế taxi
Hứa Minh Đạt,Lật mặt,actor,Quoán
Đại Ngọc Trâm,Công chúa teen và ngũ hổ tướng,actor,Khán giả
Đại Ngọc Trâm,Có hẹn với yêu thương,actor,Thản
Huỳnh Mến,Công chúa teen và ngũ hổ tướng,actor,Nữ vũ công
Minh Dũng,Công chúa teen và ngũ hổ tướng,actor,Anh chàng đồng tính
Trần Thanh Hoa,Công chúa teen và ngũ hổ tướng,actor,Nữ tay sai của Lãng Tử Phiêu Bồng (†)
Trần Thanh Hoa,Hai Phượng,actor,Thanh Sói
Dương Cẩm Lynh,Gia sư nữ quái,actor,Thanh Thủy
Dương Cẩm Lynh,Ải mỹ nhân,actor,Phụng Kiều
Dương Cẩm Lynh,Bánh mì ông Màu,actor,Như Quỳnh
Dương Cẩm Lynh,Kẻ ngược dòng,actor,Sáu Dung
Dương Cẩm Lynh,Những ông bố độc thân,actor,Nhã Uyên
Dương Cẩm Lynh,Tiệm ăn dì ghẻ,actor,Ngọc
Lê Hoàng D1,Gia sư nữ quái,actor,Hoàng Hotboy
Thanh Ngọc,Gia sư nữ quái,actor,Má Mập
Thanh Ngọc,Nhân tình lạc lối,actor,Bà Xuân
Thanh Ngọc,Canh bạc tình yêu,actor,Bà Long
Thanh Ngọc,Làm rể Mười Xuân,actor,Dì Út
Thanh Ngọc,Đồng tiền xương máu,actor,Nga
Thu Thảo,Gia sư nữ quái,actor,bạn Mai
Ngọc Anh,Gia sư nữ quái,actor,bạn Mai
Ngọc Anh,Thương nhớ ở ai,actor,Nhân
Ngọc Anh,"Không ngại cưới, chỉ cần một lý do",actor,Dung
Nguyên Lộc,Gia sư nữ quái,actor,Tám Say
Minh Hà,Gia sư nữ quái,actor,bé Mồi
Minh Hà,Hành trình công lý,actor,Ly
Minh Hà,Lời thú nhận của Eva,actor,Hân Thúy
Minh Hà,Lập trình cho trái tim,actor,Diệu Ly
Anh Đức,Gia sư nữ quái,actor,Tư Bạo
Anh Đức,Mai (phim),actor,A Tỷ
Anh Đức,Người phán xử (phim truyền hình Việt Nam),actor,"Khải ""Sở Khanh"""
Anh Đức,Mê cung (phim truyền hình),actor,Thượng úy Vũ Duy Thanh (Thanh IT)
Anh Đức,Mùa hoa tìm lại,actor,Mộc
Anh Đức,Đừng làm mẹ cáu,actor,Thêu
Kim Dung,Gia sư nữ quái,actor,chị Hành
Kim Dung,Nhân tình lạc lối,actor,Lai
Kim Dung,Ầu ơ ví dầu,actor,Yến
Kim Dung,Mỹ nhân kế (phim),actor,Liễu Thị
Kim Dung,Hành trình công lý,actor,Lý
Kim Dung,Những nẻo đường gần xa,actor,Diệp
Kim Dung,Chạy án,actor,Vy
Bảo My,Gia sư nữ quái,actor,vợ Huỳnh Tài
Hoàng Chiến,Gia sư nữ quái,actor,Huỳnh Tài trẻ
Minh Hy,Gia sư nữ quái,actor,Huỳnh Mai nhỏ
Minh Hy,Bắc kim thang (phim),actor,Hai Lầm
D1 Team,Gia sư nữ quái,actor,drifting
Tony Vinh Hiển,Gia sư nữ quái,actor,trẻ bụi đời
Trung Hiệp,Gia sư nữ quái,actor,trẻ bụi đời
Hữu Nghiệp,Gia sư nữ quái,actor,trẻ bụi đời
Lê Minh Thắng,Gia sư nữ quái,actor,học sinh tiểu học
Lê Minh Trí,Gia sư nữ quái,actor,học sinh tiểu học
Lý Duy Phong,Gia sư nữ quái,actor,giang hồ
Phùng Nhựt Tân,Gia sư nữ quái,actor,giang hồ
Hồ Cát Trắng,Gia sư nữ quái,actor,giang hồ
Sơn Master,Gia sư nữ quái,actor,giang hồ
Châu Xuân Dưỡng,Gia sư nữ quái,actor,giang hồ
Diệp Quốc Tuấn,Gia sư nữ quái,actor,giang hồ
Hồ Hiếu,Gia sư nữ quái,actor,giang hồ
Hồ Hiếu,Nghiệt oan,actor,Nissin
Lê Bảo Long,Gia sư nữ quái,actor,giang hồ
Phù Lợi,Gia sư nữ quái,actor,giang hồ
Hoàng Dung,Gia sư nữ quái,actor,mẹ Lưu Hùng Minh
Chí Thành,Gia sư nữ quái,actor,ba Lưu Hùng Minh
Phi Hùng,Gia sư nữ quái,actor,bé trai đá banh
Anh Tuấn,Gia sư nữ quái,actor,bé trai đá banh
Anh Tuấn,Hồ sơ cá sấu,actor,"Tân ""cẩu"""
Anh Tuấn,Lều chõng (phim truyền hình),actor,Đoàn Bằng
Anh Tuấn,Nhà có nhiều cửa sổ,actor,Niệm
Anh Tuấn,12A và 4H,actor,Ngôn
Anh Tuấn,Luật đời,actor,Quyết
Anh Tuấn,Cô gái nhà người ta,actor,Đẩu
Anh Tuấn,Lều chõng (phim),actor,Đoàn Bằng
Anh Tuấn,Xin hãy tin em (phim truyền hình),actor,Huấn
Anh Tuấn,Đội đặc nhiệm nhà C21,actor,Sinh
Anh Tuấn,Khi đàn chim trở về,actor,Thành
Duy Lực,Gia sư nữ quái,actor,bé trai đá banh
Thành Long,Gia sư nữ quái,actor,bé trai đá banh
Nguyễn Minh Giang,Gia sư nữ quái,actor,nam sinh
Trúc Như,Gia sư nữ quái,actor,nữ sinh
Thanh Bình,Gia sư nữ quái,actor,chủ quán cà phê
Thanh Bình,Trúng số (phim 2015),actor,Đông
Thanh Bình,Trại hoa đỏ (phim),actor,Chính
Thanh Bình,Để Mai tính 2,actor,công an
Thanh Bình,Thời gian để yêu (phim truyền hình),actor,Vinh
Thanh Bình,Con gái bố già,actor,Vĩnh An
Thanh Bình,Thứ ba học trò,actor,Dũng Sầu Đời
Thanh Bình,Lời nguyền lúc 0 giờ,actor,A Woong
Thanh Bình,12A và 4H,actor,Trung
Thanh Bình,Thái sư Trần Thủ Độ (phim truyền hình),actor,Ông già chở xác
Thanh Bình,Kế hoạch hoàn hảo,actor,Đình Hòa
Thanh Bình,Bồ công anh trước gió,actor,Ông Đức
Thanh Bình,Người chồng điên,actor,Lãnh
Thanh Bình,Ngự lâm không kiếm,actor,Hồ Cương
Minh Đài,Gia sư nữ quái,actor,tiếp tân
Hoàng Phong Vỹ,Gia sư nữ quái,actor,lơ xe đò
Thế Minh,Gia sư nữ quái,actor,lái xe trâu
Minh Huy,Gia sư nữ quái,actor,trẻ làng
Chiến Công,Gia sư nữ quái,actor,trẻ làng
Thành Công,Gia sư nữ quái,actor,trẻ làng
Thành Công,Rồi 30 năm sau,actor,Tý
Tôt Ty,Gia sư nữ quái,actor,trẻ làng
Quang Trường,Gia sư nữ quái,actor,trẻ làng
Kim Ngân,Gia sư nữ quái,actor,thôn nữ
Kim Ngân,Ầu ơ ví dầu,actor,Bà Lan
Kim Ngân,Cầu vồng tình yêu,actor,Hoài An
Thiên Ngân,Gia sư nữ quái,actor,thôn nữ
Ngọc Loan,Gia sư nữ quái,actor,thôn nữ
Tuyết Loan,Gia sư nữ quái,actor,thôn nữ
Đinh Thủy,Gia sư nữ quái,actor,thôn nữ
Ngọc Hương,Gia sư nữ quái,actor,cung nữ
Mỹ Vân,Gia sư nữ quái,actor,cung nữ
Mỹ Vân,Lụa (phim truyền hình),actor,Xuân (thư ký)
Thu Hiền,Gia sư nữ quái,actor,cung nữ
Thu Hiền,Hoa nở trái mùa,actor,Lan === Diễn viên phụ ===
Thu Hiền,Dấu chân du mục,actor,Bà Thân
Thu Hiền,Gia đình mình vui bất thình lình,actor,Thanh niên 3
Thu Hiền,12A và 4H,actor,Hân
Thu Hiền,Người Hà Nội (phim),actor,Loan
Thu Hiền,Gió qua miền tối sáng,actor,Dung
Thu Hiền,Chuyện nhà Mộc,actor,Đào
Thu Hiền,Mảnh đời của Huệ (phim),actor,Huệ
Thu Hiền,Mảnh đời của Huệ,actor,Huệ
Mỹ Huyền,Gia sư nữ quái,actor,cung nữ
Mỹ Huyền,Mùa lá rụng,actor,Bé Cam
Nguyễn Thị Tuyết,Gia sư nữ quái,actor,cung nữ
Thùy An,Gia sư nữ quái,actor,cung nữ
Như Ý,Gia sư nữ quái,actor,cung nữ
Nhóm Number One,Gia sư nữ quái,actor,sinh viên nhảy múa Cascadeur
Anh Tú sinh 1993,Cua lại vợ bầu,actor,Quý Khánh
Anh Tú sinh 1993,"4 năm, 2 chàng, 1 tình yêu",actor,phụ ===
Anh Tú sinh 1993,Gặp lại chị bầu,actor,Gia Phúc
Mạc Văn Khoa,Cua lại vợ bầu,actor,Tuấn
Mạc Văn Khoa,"Taxi, em tên gì?",actor,ăn cướp
Khả Như,Cua lại vợ bầu,actor,Như
Khả Như,Nhà bà Nữ,actor,Ngọc Như
Khả Như,Mai (phim),actor,Trinh
Khả Như,Gia đình phép thuật,actor,cô giáo aerobic
Khả Như,Tía tui là cao thủ,actor,Trúc
Khả Như,Em là của em,actor,Thanh
Hữu Châu,Cua lại vợ bầu,actor,ông Hữu - ba Nhã Linh
Hữu Châu,Tèo em,actor,Bố của Minh Minh
Hữu Châu,Tấm Cám: Chuyện chưa kể,actor,Thừa tướng
Hữu Châu,Về quê ăn Tết,actor,Nam
Hữu Châu,Trói buộc yêu thương,actor,Ông Phong
Hữu Châu,Hạnh phúc của người khác,actor,Ông Bảo
Hữu Châu,Giấc mơ của mẹ,actor,Ông Quốc
Hữu Châu,Giải cứu thần chết,actor,Thầy thể dục
Hữu Châu,"Cá Rô, em yêu anh!",actor,Ông Sáu Lực
Hữu Châu,Chị trợ lý của anh,actor,ông nội của Phúc Nam
Hữu Châu,Chị chị em em 2,actor,ông chủ tiệm may Như Ý
Hữu Châu,Sắc đẹp ngàn cân (phim 2017),actor,Thầy bói
Hữu Châu,Giọt máu vô hình,actor,Ông Tư Đờn
Hữu Châu,Vợ quan,actor,Ông Mạnh
Hữu Châu,Vua bánh mì (phim truyền hình Việt Nam),actor,Ông Mừng
Hữu Châu,Rừng thế mạng,actor,bố của Kiên
Hữu Châu,Nghề siêu dễ (phim 2022),actor,Ông Bảy
Hữu Châu,Cái giá của hạnh phúc,actor,Võ Thành Hưng
Quang Minh - Hồng Đào,Cua lại vợ bầu,actor,bà Tài
Quang Minh - Hồng Đào,Gia đình số đỏ,actor,bà Ba Phát
Quang Minh - Hồng Đào,Em chưa 18,actor,ông Hùng - ba của Linh Đan
Trung Dân,Cua lại vợ bầu,actor,ông Trung
Trung Dân,Về quê ăn Tết,actor,Ông Tư Ếch
Trung Dân,Cô dâu đại chiến,actor,Cha xứ
Trung Dân,Ký ức mong manh,actor,Khang
Trung Dân,Khát vọng thượng lưu,actor,Ba Lê
Trung Dân,Em là bà nội của anh,actor,dược sĩ
Trung Dân,"Sài Gòn, anh yêu em",actor,chú xe ôm
Trung Dân,Chị chị em em 2,actor,Bảy Dai
Trung Dân,Lạc giới,actor,ông Tám
Trung Dân,Ma da (phim),actor,ông Tư
Trung Dân,Nhà gia tiên,actor,ông Từ
Trung Dân,Cột mốc 23,actor,Thầy pháp
Trung Dân,"Taxi, em tên gì?",actor,ông Tài
Hari Won,Cua lại vợ bầu,actor,bác sĩ Hằng
Hari Won,Chàng trai năm ấy,actor,Sky
Hari Won,Em là bà nội của anh,actor,Min Ji
Thuận Hoàng,Cua lại vợ bầu,actor,Tân
Hoàng Thanh Mai,Cua lại vợ bầu,actor,huy
Thùy Dương,Cua lại vợ bầu,actor,y tá
Thùy Dương,Hoa nở trái mùa,actor,Hoài
Thùy Dương,Hướng dương ngược nắng,actor,Trúc
Thùy Dương,Tình yêu không hẹn trước,actor,Hương Liên
Thùy Dương,"Chồng cũ, vợ cũ, người yêu cũ",actor,Trâm
Thùy Dương,Giao mùa,actor,Loan
Thùy Dương,Rừng thế mạng,actor,Ngọc
Thùy Dương,Tình xa,actor,Chi
Thùy Dương,Cỏ lau,actor,Huệ
Thùy Dương,Khi đàn chim trở về,actor,Tâm
Thùy Dương,Hoa hồng trên ngực trái,actor,Lan
Thanh Tân,Cua lại vợ bầu,actor,Tân
Thanh Tân,Võ lâm truyền kỳ (phim),actor,Thủ lĩnh làng Bò
Thanh Tân,Đảo độc đắc - Tử mẫu Thiên linh cái,actor,Tín
Thanh Tân,Cầu vồng tình yêu,actor,Minh
Tuấn Trần,Bố già (phim 2021),actor,Quắn
Tuấn Trần,Mai (phim),actor,Dương (Sâu)
Tuấn Trần,Mang mẹ đi bỏ,actor,Hoan
Ngân Chi,Bố già (phim 2021),actor,Bù Tọt
Ngân Chi,Tình mẫu tử (phim truyền hình Việt Nam),actor,Bé Đào
Ngân Chi,Lật mặt 7: Một điều ước,actor,Bé Quỳnh
Ngọc Giàu,Bố già (phim 2021),actor,bà Hai Giàu
Ngọc Giàu,Nhà bà Nữ,actor,Ngọc Ngà
Ngọc Giàu,Mai (phim),actor,Má Mi
Ngọc Giàu,Bộ tứ báo thủ,actor,trong chủ phòng trọ Jessica (Chét-Xi-Cà)
Ngọc Giàu,Tấm Cám: Chuyện chưa kể,actor,Bà lão
Ngọc Giàu,Miền đất phúc,actor,Thủy Trúc (lúc nhỏ)
Ngọc Giàu,Khi đàn ông có bầu,actor,Bà Hoài
Ngọc Giàu,Lẵng hoa tình yêu,actor,Bà Tư
Ngọc Giàu,Năm sau con lại về,actor,bà Hai
Ngọc Giàu,Võ lâm truyền kỳ (phim),actor,Mẹ của Thắng
Ngọc Giàu,"Sài Gòn, anh yêu em",actor,bà Ba Lệ Châu
Hoàng Mèo,Bố già (phim 2021),actor,Tư Phú
Hoàng Mèo,Mai (phim),actor,Giang hồ
Hoàng Mèo,Bộ tứ báo thủ,actor,bạn của dượng Bốn
Hoàng Mèo,Bóng ma học đường,actor,bạn của Jimmy Long
Hoàng Mèo,Ma da (phim),actor,Anh Hoàng
Hoàng Mèo,Lật Mặt 6: Tấm vé định mệnh,actor,Đàn em của Hai Gà
Hoàng Mèo,Lật mặt 6: Tấm vé định mệnh,actor,Đàn em của Hai Gà
Hoàng Mèo,Lửa ấm,actor,Túc - Đội PCCC
Lan Phương,Bố già (phim 2021),actor,thím Ánh
Lan Phương,Scandal: Bí mật thảm đỏ,actor,Hương
Lan Phương,Cô dâu đại chiến 2,actor,Ngọc
Lan Phương,Tháng năm rực rỡ,actor,cô giáo Linh Lan
Lan Phương,Cả một đời ân oán,actor,Nguyễn Mai Diệu
Lan Phương,Tình yêu và tham vọng,actor,Khách dự đám cưới
Lan Phương,Hồ sơ cá sấu,actor,Minh Lan
Lan Phương,Ông trùm (phim truyền hình Việt Nam),actor,Như Kiều
Lan Phương,Cô gái xấu xí,actor,Mai Lan
Lan Phương,Trói buộc yêu thương,actor,Dung
Lan Phương,Trận đồ bát quái,actor,Duyên
Lan Phương,Những thiên thần áo trắng,actor,Vằn
Lan Phương,Nữ bác sĩ,actor,Thiên Hương
Lan Phương,Những đứa con biệt động Sài Gòn,actor,Diệu Linh === Phần 2 ===
Lan Phương,Người cộng sự,actor,Hồng Liên
Lan Phương,Nàng dâu order,actor,Yến
Lan Phương,Tết ở làng địa ngục,actor,Thập Nương
Lan Phương,Kẻ ăn hồn,actor,Thập Nương
Lan Phương,Tử chiến trên không,actor,Hòa
La Thành,Bố già (phim 2021),actor,Út Quý
La Thành,Sắc đẹp ngàn cân (phim 2017),actor,Minh Tuấn
La Thành,Thất sơn tâm linh,actor,Tám
Nguyễn Thành Phát,Bố già (phim 2021),actor,A Sỉn
Lê Trang,Bố già (phim 2021),actor,vợ A Sỉn
Lê Trang,Hai Phượng,actor,Y tá
Lê Trang,Ăn tết miệt vườn,actor,Bà Ngọc
Lê Trang,Chị chị em em 2,actor,Hằng
Lê Trang,Bán chồng,actor,Bà Bảy
Lê Trang,Vong nhi,actor,Nụ
Nguyễn Minh Tú,Bố già (phim 2021),actor,Trúc Nhàn
Uyển Ân,Nhà bà Nữ,actor,Ngọc Nhi
Uyển Ân,Mai (phim),actor,Bình Minh
Uyển Ân,Bộ tứ báo thủ,actor,Kiều
Uyển Ân,Cái giá của hạnh phúc,actor,Võ Minh Minh/Nina
Lê Giang,Nhà bà Nữ,actor,Ngọc Nữ
Lê Giang,Bộ tứ báo thủ,actor,dì Bốn
Lê Giang,Khi đàn ông có bầu,actor,chị bệnh nhân
Lê Giang,Chị chị em em 2,actor,Hạnh
Lê Giang,Gặp lại chị bầu,actor,bà Lê
Song Luân,Nhà bà Nữ,actor,John
Song Luân,Thanh Sói – Cúc dại trong đêm,actor,Long Bồ đà
Quỳnh Lý,Nhà bà Nữ,actor,Quỳnh Lý
Phương Lan,Nhà bà Nữ,actor,Lan
Phương Lan,Đảo độc đắc - Tử mẫu Thiên linh cái,actor,Hà
Phương Lan,Vị đắng tình yêu,actor,cô giáo Loan
Lê Dương Bảo Lâm,Nhà bà Nữ,actor,Lê Minh Hổ
Lê Dương Bảo Lâm,Bộ tứ báo thủ,actor,Jessica (Chét-Xi-Cà)
Lê Dương Bảo Lâm,Cô dâu đại chiến,actor,học trò họa sĩ KLinh
Lê Dương Bảo Lâm,Hot boy nổi loạn,actor,Người đàn ông hôn môi
Lê Dương Bảo Lâm,"Hot boy nổi loạn và câu chuyện về thằng Cười, cô gái điếm và con vịt",actor,Người đàn ông hôn môi
Ngân Quỳnh,Nhà bà Nữ,actor,mẹ của John và một số diễn viên phụ khác
Ngân Quỳnh,Gia đình phép thuật,actor,con gái của dì sáu và chú Sáu
Ngân Quỳnh,Mệnh lệnh Hoa hồng,actor,Cô hiệu phó Và một số diễn viên khác
Ngân Quỳnh,Về quê ăn Tết,actor,Bà Tư Ếch
Ngân Quỳnh,Cô dâu đại chiến 2,actor,Bà Hương
Ngân Quỳnh,Taxi (phim truyền hình),actor,bồ Sĩ
Ngân Quỳnh,Mệnh lệnh hoa hồng,actor,Cô hiệu phó Và một số diễn viên khác
Ngân Quỳnh,Muôn kiểu làm dâu,actor,Bà Sương
Ngân Quỳnh,Dâu bể đường trần,actor,Bà Ánh Xuân
Ngân Quỳnh,Hạnh phúc của người khác,actor,Bà Hằng
Ngân Quỳnh,Ngày ấy mình đã yêu,actor,Bà Yến
Ngân Quỳnh,Cô Thắm về làng (phim truyền hình),actor,Bà chủ quán ====Xuất hiện phần 4====
Ngân Quỳnh,Ngũ hợi tấn hỷ,actor,Dì Phi Điệp
Ngân Quỳnh,Tình mẫu tử (phim truyền hình Việt Nam),actor,Bà Út Na
Ngân Quỳnh,Mẹ ghẻ (phim truyền hình),actor,Bà Xuyến
Ngân Quỳnh,Canh bạc tình yêu,actor,Bà Nhàn
Ngân Quỳnh,Bánh mì ông Màu,actor,Bà Lệ
Ngân Quỳnh,Bay vào cõi mộng,actor,Mẹ của Thiên Kim
Ngân Quỳnh,Thương con cá rô đồng,actor,Dì Nhã
Ngân Quỳnh,Khi đàn ông có bầu,actor,Ca sĩ
Ngân Quỳnh,Vũ điệu giữa bầy sói,actor,Chị Mười Hai
Ngân Quỳnh,Giã từ những đêm hoang,actor,Bà Ngân
Ngân Quỳnh,Người lắng nghe: Lời thì thầm,actor,bà Ngân
Ngân Quỳnh,Ăn tết miệt vườn,actor,Bà Tám
Ngân Quỳnh,Án mạng lầu 4,actor,Bà Quỳnh
Ngân Quỳnh,Rồi 30 năm sau,actor,Bà Trúc
Ngân Quỳnh,Bỗng dưng muốn khóc,actor,Bác sĩ Ngân
Ngân Quỳnh,Mẹ rơm,actor,Bà Lành
Ngân Quỳnh,Em là bà nội của anh,actor,y tá báo tử
Ngân Quỳnh,Khúc hát mặt trời,actor,Bà Hòa
Ngân Quỳnh,Sông phố nhà ghe,actor,Bà Hai Huỳnh
Ngân Quỳnh,Về nhà đi con,actor,Bà Giang
Ngân Quỳnh,Lời nguyền Domino,actor,Bà Hồng
Ngân Quỳnh,Luật trời,actor,Bà Lâm
Ngân Quỳnh,Mẹ trùm,actor,Bà Cẩm
Ngân Quỳnh,Hoa hồng cho sớm mai,actor,Bà Nga
Ngân Quỳnh,Chúng ta phải hạnh phúc,actor,Bà Hạ
Huỳnh Hạo Khang,Đất rừng phương Nam (phim),actor,An
Huỳnh Hạo Khang,Đèn âm hồn,actor,Sửu
Huỳnh Đông,Đất rừng phương Nam (phim),actor,Hai Thành
Huỳnh Đông,Nhân tình lạc lối,actor,Định
Huỳnh Đông,Thiên mệnh anh hùng,actor,Nguyên Vũ
Huỳnh Đông,Cô dâu đại chiến 2,actor,Anh chàng đồng tính
Huỳnh Đông,Có hẹn với yêu thương,actor,Hoàng Vĩnh
Huỳnh Đông,Gọi giấc mơ về,actor,Quân
Huỳnh Đông,Mỹ nhân Sài Thành,actor,Mã Công Tử
Huỳnh Đông,Duyên kiếp,actor,Thành
Huỳnh Đông,Vó ngựa trời Nam,actor,Huỳnh Văn Nghệ
Huỳnh Đông,Câu chuyện pháp đình,actor,Liêm
Huỳnh Đông,Trái đắng,actor,Minh
Huỳnh Đông,Bí mật nghiệt ngã,director,Ông Phong Điền
Huỳnh Đông,Lời nguyền lúc 0 giờ,actor,Sơn Duy
Huỳnh Đông,Hạnh phúc của mẹ,director,
Huỳnh Đông,Người cộng sự,actor,Phan Bội Châu/Nguyễn Thành Nam
Huỳnh Đông,Cha rơi,actor,Triệu
Huỳnh Đông,Nhà gia tiên,actor,chú Út
Huỳnh Đông,Cù lao xác sống,actor,Công
Huỳnh Đông,Mỹ nhân Sài thành,actor,Mã Công Tử
Huỳnh Đông,Đất mặn (phim truyền hình),actor,Hai Nhỏ
Huỳnh Đông,Người chồng điên,actor,Minh Quang
Bích Ngọc,Đất rừng phương Nam (phim),actor,Út Trong
Bích Ngọc,Tình yêu và tham vọng,actor,Thuỳ Chi
Bích Ngọc,Thái sư Trần Thủ Độ (phim truyền hình),actor,Mai Hoa
Bích Ngọc,Đi qua mùa hạ,actor,Hân
Bích Ngọc,Nhà trọ Balanha,actor,Bảo Hân
Bích Ngọc,Lưới trời (phim 2020),actor,Mỹ Tiên
Bích Ngọc,Tết này ai đến xông nhà,actor,Vẹn
Bích Ngọc,Tình yêu dối lừa,actor,Khánh My
Bích Ngọc,Thạch Thảo (phim),actor,Thảo
Bích Ngọc,Con mắt bão,actor,bà Bậc
Hồng Ánh,Đất rừng phương Nam (phim),actor,mẹ của An
Hồng Ánh,Tháng năm rực rỡ,actor,Hiểu Phương lúc trưởng thành
Hồng Ánh,Nghề báo (phim truyền hình),actor,Thúy Bình
Hồng Ánh,Những nẻo đường phù sa,actor,Mai
Hồng Ánh,Người đẹp Tây Đô,actor,Bạch Vân
Hồng Ánh,Đời cát,actor,Tâm
Hồng Ánh,Em là bà nội của anh,actor,bà Vy
Hồng Ánh,Trăng nơi đáy giếng,actor,Hạnh
Hồng Ánh,Đảo của dân ngụ cư,director,
Hồng Ánh,Mười: Lời nguyền trở lại,actor,Hồng
Hồng Ánh,Lục Vân Tiên (phim truyền hình),actor,Kiều Nguyệt Nga
Hồng Ánh,Tiệc trăng máu,actor,Nguyệt Ánh
Hồng Ánh,Người đàn bà mộng du,actor,Quỳ
Phương Anh Đào,Mai (phim),actor,Mai
Phương Anh Đào,Hồn papa da con gái,actor,Giám khảo cuộc thi tài năng
Sầu Anh Thư,Mai (phim),actor,Lành
Anh Phạm,Mai (phim),actor,Diễm
Trần Tiểu Vy,Mai (phim),actor,vợ Dương
Trần Tiểu Vy,Bộ tứ báo thủ,actor,Quỳnh Anh
Trần Tiểu Vy,Đảo độc đắc - Tử mẫu Thiên linh cái,actor,Kim
Vũ Quốc Khánh,Mai (phim),actor,Bobby
Vũ Quốc Khánh,Gặp lại chị bầu,actor,Tuấn
Lý Hạo Mạnh Quỳnh Quỳnh Lý,Mai (phim),actor,Tú quản lý spa
Thanh Hằng nghệ sĩ cải lương,Mai (phim),actor,bà Nguyệt
Thanh Hằng nghệ sĩ cải lương,Ăn tết miệt vườn,actor,Bà Loan
Thanh Hằng nghệ sĩ cải lương,Cha rơi,actor,Bà Nguyệt
Kiều Linh,Mai (phim),actor,bà Kiều
Kiều Linh,Cuộc gọi lúc 0 giờ,actor,Mận
Kiều Linh,Cuộc chiến nhân tình,actor,Hồng
Kiều Linh,Nhà gia tiên,actor,cô Tư
Kiều Linh,Vali tình yêu,actor,Dì Út Đẹp
Kiều Linh,Độc thân tuổi 30,actor,Mộng Thường
Ngọc Nga,Mai (phim),actor,bà Nga
Ngọc Nga,Tuyết nhiệt đới,actor,Nga
Ngọc Nga,Những cô gái chân dài,actor,Ngọc Nga
Ngọc Nga,Chị chị em em 2,actor,Tư Ăng Lê
Lộ Lộ,Mai (phim),actor,bà Phụng
Lộ Lộ,Bộ tứ báo thủ,actor,chủ nhà trọ của Kiều và Quỳnh Anh
Ngọc Nguyễn,Mai (phim),actor,bà Ngọc hàng xóm
Lê Nam,Mai (phim),actor,Công an
Lê Nam,Bộ tứ báo thủ,actor,dượng Bốn
Lê Nam,Muôn kiểu làm dâu,actor,Ông Bông
Lê Nam,Thử thách cuộc đời,actor,Ông Tư
Lê Nam,Ngũ hợi tấn hỷ,actor,Anh Sáu
Lê Nam,Bánh mì ông Màu,actor,Ông Nam
Lê Nam,Nhà gia tiên,actor,chú Ba
Lê Nam,Làm rể Mười Xuân,actor,Anh Sáng
Lê Nam,Cầu vồng tình yêu,actor,Thư ký
Nhà bà Nữ,Mai (phim),actor,tuyến nhân vật phụ và tập trung làm phim
Nguyễn Cao Kỳ Duyên người mẫu,Bộ tứ báo thủ,actor,Karen
Trần Quốc Anh,Bộ tứ báo thủ,actor,Quốc Anh
Trần Quốc Anh,Chúng ta của 8 năm sau,actor,Lâm
Trần Quốc Anh,Giấc mơ của mẹ,actor,Trọng Khang
Thái Công,Bộ tứ báo thủ,actor,Thái Phong
Huy Phan,Bộ tứ báo thủ,actor,Đình Duy
Hùng Huỳnh,Bộ tứ báo thủ,actor,bạn trai của bạn trai Kiều
Quân AP,Bộ tứ báo thủ,actor,chàng trai của Quỳnh Anh
Vinh Râu,Bộ tứ báo thủ,actor,bạn trai Kiều
Vinh Râu,Mang mẹ đi bỏ,actor,Minh
Phạm Anh Duy,Bộ tứ báo thủ,actor,nhân viên quán ăn
Ali Hoàng Dương,Bộ tứ báo thủ,actor,quản lý nhà hàng buffet
Chị Ca Nô,Bộ tứ báo thủ,actor,dì Mười
Hải Vót,Bộ tứ báo thủ,actor,tiếp tân khách sạn
Gia Linh,Bộ tứ báo thủ,actor,Thúy Liễu
Nhâm Phương Nam,Bộ tứ báo thủ,actor,chồng Thúy Liễu
Bé Rio,Bộ tứ báo thủ,actor,con Thúy Liễu
Võ Lan Hương,Bộ tứ báo thủ,actor,bà vú
Thu Hoài,Bộ tứ báo thủ,actor,nữ đại gia
Ngọc Hoa,Bộ tứ báo thủ,actor,nữ đầu gấu
Ngọc Hoa,Ma làng,actor,Xuân Bẹo
Năm Chà,Bộ tứ báo thủ,actor,nữ sinh bị nắm nhằm tay
Trinh Hoan & Như Khuê,Bộ tứ báo thủ,actor,khách ăn quán bún
Lệ Quyên ca sĩ sinh 1981,Bộ tứ báo thủ,actor,cặp đôi mua nhà và một số diễn viên phụ khác Cũng giống như dự án Nhà bà Nữ và Mai
Mai Trần,Gia đình phép thuật,actor,ông chủ cho thuê nhà của gia đình phái Nguyên Lão (tập 1
Mai Trần,Tôi thấy hoa vàng trên cỏ xanh (phim),actor,Tám Tàng
Mai Trần,Con gái bố già,actor,Ông nát rượu
Mai Trần,Trận đồ bát quái,actor,Ông Hội
Mai Trần,Bay vào cõi mộng,actor,Ba của Thiên Kim
Mai Trần,Những nẻo đường phù sa,actor,Sếp Tòng
Mai Trần,Nghiệt oan,actor,Ông Bình
Mai Trần,Câu chuyện pháp đình,actor,Ba Trọng Nhân
Mai Trần,Nhiệm vụ đặc biệt,actor,Y Hak
Mai Trần,Hoán đổi thân xác,actor,ông già
Mai Trần,Sống trong sợ hãi,actor,Năm Đực
Lưu Hoàng Gia Bảo,Mệnh lệnh Hoa hồng,actor,Bảo
Lưu Hoàng Gia Bảo,Mệnh lệnh hoa hồng,actor,Bảo
Đinh Ứng Phi Trường,Mệnh lệnh Hoa hồng,actor,Sơn
Đinh Ứng Phi Trường,Mệnh lệnh hoa hồng,actor,Sơn
Ngọc Phước,Mệnh lệnh Hoa hồng,actor,Hoà Hải
Ngọc Phước,Mệnh lệnh hoa hồng,actor,Hoà Hải
Ngọc Phước,Gặp lại chị bầu,actor,Ngọc
Minh Hằng,Vừa đi vừa khóc,actor,Đông Dương
Minh Hằng,Gọi giấc mơ về,actor,Phụng
Minh Hằng,Giải cứu thần chết,actor,Phạm An An
Minh Hằng,Chị chị em em 2,actor,Đệ Nhất Mỹ nhân Ba Trà (Trần Ngọc Trà)
Minh Hằng,Đối mặt (phim truyền hình),actor,Xoan Trà/ Phương Linh
Minh Hằng,Bao giờ có yêu nhau,actor,Linh và Phương
Minh Hằng,Sắc đẹp ngàn cân (phim 2017),actor,Hà My / Lily
Minh Hằng,Ảo ảnh trắng,actor,Vân
Phương Thanh,Vừa đi vừa khóc,actor,Chanh
Phương Thanh,Bếp hát,actor,Lý Thùy Như
Phương Thanh,Khi đàn ông có bầu,actor,A Lìn
Phương Thanh,Giải cứu thần chết,actor,Cô giám thị (bóng ma học đường)
Phương Thanh,Võ lâm truyền kỳ (phim),actor,Y tá thực tập
Phương Thanh,Nụ hôn thần chết (phim),actor,Bà thầy bói
Phương Thanh,Nhà có 5 nàng tiên,actor,bà Tám
Phương Thanh,Hot boy nổi loạn,actor,Trần Thị Phước Hạnh
Phương Thanh,Chị trợ lý của anh,actor,giám đốc nhân sự trong công ty của Phúc Nam
Phương Thanh,"Hot boy nổi loạn và câu chuyện về thằng Cười, cô gái điếm và con vịt",actor,Trần Thị Phước Hạnh
Phương Thanh,Đẹp từng centimet,actor,người đi đường
Phương Thanh,Nụ hôn thần chết,actor,Bà thầy bói
Phương Thanh,Vua bãi rác,actor,Bà chủ quán bar
Văn Tùng,Vừa đi vừa khóc,actor,Ông Tùng
Văn Tùng,Quả tim máu,actor,ông Sáu Dũng
Văn Tùng,Tháng năm rực rỡ,actor,Đông Hồ lúc trưởng thành
Văn Tùng,Lật mặt 7: Một điều ước,actor,Chú Hòa
Văn Tùng,Thần tượng (phim),actor,ba của Trí
Văn Tùng,Bỗng dưng muốn khóc,actor,Bố Nam
Văn Tùng,Những cô gái chân dài,actor,đạo diễn quảng cáo
Văn Tùng,Bao giờ có yêu nhau,actor,Ba của Huy
Văn Tùng,Ầu ơ ví dầu,actor,Ông Quân
Văn Tùng,Cuộc chiến nhân tình,actor,Ông Lâm
La Quốc Hùng,Vừa đi vừa khóc,actor,Lố
La Quốc Hùng,Hot boy nổi loạn,actor,Long
La Quốc Hùng,"Sài Gòn, anh yêu em",director,
La Quốc Hùng,"Hot boy nổi loạn và câu chuyện về thằng Cười, cô gái điếm và con vịt",actor,Long
Bảo Anh,Vừa đi vừa khóc,actor,Bảo Quyên
Bảo Anh,Con đường sáng (phim video),actor,Hồ Thơm
Bảo Anh,Lời nguyền (phim truyền hình),actor,Vĩnh Đức
Chi Bảo,Nhân tình lạc lối,actor,Vỹ
Chi Bảo,Cô gái xấu xí,actor,An Đông
Chi Bảo,Khi đàn ông có bầu,actor,Anh chàng xích lô
Chi Bảo,Lẵng hoa tình yêu,actor,Bình
Chi Bảo,Nghiệt oan,actor,Thịnh
Chi Bảo,Võ lâm truyền kỳ (phim),actor,Minh
Chi Bảo,Người đàn bà yếu đuối,actor,Bá
Chi Bảo,Tình khúc bạch dương,actor,Hùng
Chi Bảo,Lục Vân Tiên (phim truyền hình),actor,Lục Vân Tiên
Chi Bảo,Ba lẻ một,actor,Tâm
Chi Bảo,Đồng tiền xương máu,actor,Toàn
Đào Bá Sơn,Nhân tình lạc lối,actor,Ông Vinh
Đào Bá Sơn,Nguyệt thực (phim truyền hình),actor,Ông Thái
Đào Bá Sơn,Dưới cờ đại nghĩa,actor,Savani
Đào Bá Sơn,Nghề báo (phim truyền hình),actor,Tô Thanh
Đào Bá Sơn,Người đẹp Tây Đô,actor,Cousson
Đào Bá Sơn,Chuyện tình đảo ngọc,actor,Hoàng Nam
Đào Bá Sơn,Long thành cầm giả ca (phim),director,
Đào Bá Sơn,Cầu thang tối,director,
Đồng Thanh Phong,Nhân tình lạc lối,actor,Mẫn
Tùng Haru,Nhân tình lạc lối,actor,Tân
Tùng Haru,Tình mẫu tử (phim truyền hình Việt Nam),actor,Thông
Tùng Haru,Vũ điệu giữa bầy sói,actor,Đại úy Toàn
Tùng Haru,Bên kia sông,actor,Sỹ Hùng
Bá Trường,Nhân tình lạc lối,actor,Ông Lâm
Hà Linh,Nhân tình lạc lối,actor,Đạt
Hà Linh,Cô dâu đại chiến 2,actor,Bờm
Hà Linh,Tháng năm rực rỡ,actor,luật sư
Hà Linh,Sui gia khắc khẩu,actor,Linh
Hà Linh,Rồi 30 năm sau,actor,Ông Phú
Hà Linh,Năm sau con lại về,actor,bạn của Thiện
Hà Linh,Chàng trai năm ấy,actor,bác sĩ
Hà Linh,Em là bà nội của anh,actor,thợ chụp hình
Amy Hương,Nhân tình lạc lối,actor,Bà Yến
Amy Hương,Độc thân tuổi 30,actor,Diễm Lệ
Nguyễn Hiếu,Nhân tình lạc lối,actor,Thế
Nguyễn Hiếu,Người đẹp Tây Đô,actor,Hai Mỳ
Trúc Vân,Nhân tình lạc lối,actor,Thúy
Minh Luân,Nguyệt thực (phim truyền hình),actor,Hoàng
Minh Luân,Con gái bố già,actor,Dương Dũng
Minh Luân,Canh bạc tình yêu,actor,Đào Duy Khiêm
Minh Luân,Thề không gục ngã,actor,Khắc Kiệt
Minh Luân,Tình án,actor,Thơ Toán Thanh
Minh Luân,Lời nguyền lúc 0 giờ,actor,Quân Bảo
Minh Luân,Mật mã chuông gió,actor,Gia Nguyễn
Minh Luân,Nhà có 5 nàng tiên,actor,Thắng
Minh Luân,Mẹ rơm,actor,Hào
Minh Luân,Sóng tình (phim truyền hình),actor,Tuấn
Minh Luân,Đối mặt (phim truyền hình),actor,Trọng Khang
Thiên Bảo,Nguyệt thực (phim truyền hình),actor,Sơn
Thiên Bảo,Gọi giấc mơ về,actor,Tuấn mập
Thiên Bảo,Thề không gục ngã,actor,Lương Hổ
Thiên Bảo,Nữ sinh (phim truyền hình),actor,Giám đốc Văn
Thiên Bảo,Cuộc chiến nhân tình,actor,Kiệt
Thiên Bảo,Huyền thoại 1C,actor,Ba Lành
Đào Anh Tuấn,Nguyệt thực (phim truyền hình),actor,Ông Phi
Đào Anh Tuấn,Muôn kiểu làm dâu,actor,Ông Thành
Đào Anh Tuấn,Hạnh phúc của người khác,actor,Ông Tâm
Đào Anh Tuấn,Vật chứng mong manh,actor,Ba Dẫu
Đào Anh Tuấn,Sống trong bóng đêm,actor,Sáu Xiên
Đào Anh Tuấn,Chúng ta phải hạnh phúc,actor,Ông Bạc
Đào Anh Tuấn,Nhà gia tiên,actor,ông Nội
Đào Anh Tuấn,Tìm chồng cho vợ tôi,actor,Ông Lợi
Đào Anh Tuấn,Sui gia hay xui gia,actor,Ông Sang
Don Nguyễn,Nguyệt thực (phim truyền hình),actor,Thắng Rose
Don Nguyễn,Gia đình số đỏ,actor,Phát Minh
Don Nguyễn,Em chưa 18,actor,Abu
Don Nguyễn,Anh chàng vượt thời gian,actor,Thái giám
Don Nguyễn,Hot boy nổi loạn,actor,Đàn em của Danh
Don Nguyễn,Chàng trai năm ấy,actor,Quang Huy
Don Nguyễn,"Hot boy nổi loạn và câu chuyện về thằng Cười, cô gái điếm và con vịt",actor,Đàn em của Danh
Dustin Nguyễn,Cánh đồng bất tận (phim),actor,Út Võ
Dustin Nguyễn,Trúng số (phim 2015),director,Tư Nghĩa
Dustin Nguyễn,Dòng máu anh hùng,actor,Sỹ
Dustin Nguyễn,Lửa Phật,director,Đạo
Dustin Nguyễn,Để Mai tính,actor,Dũng
Dustin Nguyễn,Để Mai tính 2,actor,Dũng (xuất hiện trong cảnh hồi tưởng)
Dustin Nguyễn,Bao giờ có yêu nhau,director,
Dustin Nguyễn,Huyền thoại bất tử,actor,Long
Dustin Nguyễn,Để mai tính,actor,Dũng
Đỗ Thị Hải Yến,Cánh đồng bất tận (phim),actor,Sương
Đỗ Thị Hải Yến,Chuyện của Pao,actor,Pao
Đỗ Thị Hải Yến,Chơi vơi,actor,Duyên
Đỗ Thị Hải Yến,Cha và con và...,actor,Vân
Võ Thanh Hòa,Mệnh lệnh Hoa hồng,director,
Võ Thanh Hòa,Cánh đồng bất tận (phim),actor,Điền
Võ Thanh Hòa,Cô dâu đại chiến,actor,Thái lúc tuổi teen
Võ Thanh Hòa,Miền đất phúc,actor,Phúc (lúc nhỏ)
Võ Thanh Hòa,Mệnh lệnh hoa hồng,director,
Võ Thanh Hòa,Sông phố nhà ghe,actor,Út Tòng
Võ Thanh Hòa,Kính vạn hoa: Bắt đền con ma,director,
Võ Thanh Hòa,Nghề siêu dễ (phim 2022),director,
Tăng Thanh Hà,Cánh đồng bất tận (phim),actor,vợ Út Võ
Tăng Thanh Hà,Hương phù sa,actor,Út Nhỏ
Tăng Thanh Hà,Bỗng dưng muốn khóc,actor,Trúc
Tăng Thanh Hà,Đẹp từng centimet,actor,Ngô Đồng
Tăng Thanh Hà,Mỹ nhân kế (phim),actor,Linh Lan
Tăng Thanh Hà,Hương Phù Sa,actor,Út Nhỏ
Tinna Tình,Long Ruồi,actor,Nga
Bùi Văn Hải,Long Ruồi,actor,Tiến
Bùi Văn Hải,Ngôi nhà trong hẻm,actor,Minh
Bùi Văn Hải,Lửa Phật,actor,Lính đào ngũ
Bùi Văn Hải,Để Mai tính,actor,Minh
Bùi Văn Hải,Để mai tính,actor,Minh
Phi Thanh Vân,Long Ruồi,actor,Bích
Phi Thanh Vân,Trúng số (phim 2015),actor,Hường
Phi Thanh Vân,Lửa Phật,actor,Lan
Phi Thanh Vân,Cô dâu đại chiến,actor,Huỳnh Phương
Phi Thanh Vân,Thiên mệnh anh hùng,actor,Gái lầu xanh
Phi Thanh Vân,Cô gái xấu xí,actor,Phương Trinh
Phi Thanh Vân,Thẩm mỹ viện (phim truyền hình),actor,Ái Lan
Phi Thanh Vân,Giấc mơ của mẹ,actor,Ngọc Thanh
Phi Thanh Vân,Những thiên thần áo trắng,actor,Cô hiệu trưởng
Phi Thanh Vân,Cột mốc 23,actor,Xuyên
Mai Thành,Long Ruồi,actor,Lão Đại
Mai Thành,Chuyện tình xa xứ,actor,ông Bảy
Mai Thành,Cô dâu đại chiến,actor,Bệnh nhân
Mai Thành,Xóm nước đen,actor,Ông Bảy
Mai Thành,Đẹp từng centimet,actor,ông cụ trên xe buýt
Mai Thành,Long thành cầm giả ca (phim),actor,Thầy Nguyễn
Nguyễn Hậu,Long Ruồi,actor,ông Hiền
Nguyễn Hậu,Tèo em,actor,Trưởng phòng dịch vụ
Nguyễn Hậu,Dòng máu anh hùng,actor,Người gián điệp
Nguyễn Hậu,Bẫy rồng,actor,A Thoòng
Nguyễn Hậu,Lửa Phật,actor,Người đi đường
Nguyễn Hậu,Chuyện tình xa xứ,actor,ông Thạnh
Nguyễn Hậu,Để Mai tính,actor,Thuyền trưởng
Nguyễn Hậu,Dưới cờ đại nghĩa,actor,Quán Sảnh
Nguyễn Hậu,Mỹ nhân Sài Thành,actor,Ông Phú Cường
Nguyễn Hậu,Người đẹp Tây Đô,actor,Mật thám Tùng (Tùng Cọp xâm)
Nguyễn Hậu,Vật chứng mong manh,actor,Mìn Có
Nguyễn Hậu,Mẹ con Đậu Đũa,actor,Ông Tất
Nguyễn Hậu,Câu chuyện pháp đình,actor,Cán bộ Huấn
Nguyễn Hậu,Sài Gòn Yo!,actor,Ủy viên thành phố (†)
Nguyễn Hậu,Tiền chùa,actor,Peter Chang (†)
Nguyễn Hậu,Tây Sơn hào kiệt,actor,Trần Công Xán
Nguyễn Hậu,Thần tượng (phim),actor,nhà báo già Các khách mời
Nguyễn Hậu,Nữ bác sĩ,actor,Ông Hoàng
Nguyễn Hậu,Người đàn bà yếu đuối,actor,Mười Đâu
Nguyễn Hậu,Lạc giới,actor,ông chủ tiệm xe máy
Nguyễn Hậu,Đồng quê (phim truyền hình),actor,Chủ Chiếu
Nguyễn Hậu,Để mai tính,actor,Thuyền trưởng
Nguyễn Hậu,Đợi tàu,actor,Ông Tư
Nguyễn Hậu,Mỹ nhân Sài thành,actor,Ông Phú Cường
Nguyễn Hậu,Chạy án,actor,Thiếu tá Tùng
Nguyễn Hậu,Vị đắng tình yêu,actor,trưởng phòng tổ chức trường nhạc
Nguyễn Hậu,Hai Cũ,actor,Phẫm
Khắc Duy,Long Ruồi,actor,Chó Điên
Tiến Thành,Long Ruồi,actor,Cường
Tiến Thành,Trúng số (phim 2015),actor,Sáu Thạo
Tiến Thành,Thái sư Trần Thủ Độ (phim truyền hình),actor,Quan trong triều
Mi Minh,Long Ruồi,actor,Ngọc
Hoàng Thy,Long Ruồi,actor,Phương
Phương Ngân,Long Ruồi,actor,Cô gái trong khách sạn
Jayvee Mai Thế Hiệp,Long Ruồi,actor,nhân viên bảo vệ
Trần Trung Lĩnh,Long Ruồi,actor,Dân chơi
Trần Trung Lĩnh,Dòng máu anh hùng,actor,Công nhân trong mỏ sắt
Trần Trung Lĩnh,Để Mai tính,actor,Trí
Trần Trung Lĩnh,Sài Gòn Yo!,actor,DJ trong vũ trường
Trần Trung Lĩnh,Để mai tính,actor,Trí
Annie Huỳnh Anh,Long Ruồi,actor,Vân
Annie Huỳnh Anh,Để Mai tính,actor,Vân
Annie Huỳnh Anh,Lẩn khuất một tên người,actor,Hoa sói
Annie Huỳnh Anh,Em là bà nội của anh,actor,bà mẹ trẻ
Annie Huỳnh Anh,Để mai tính,actor,Vân
Thanh Bùi,Long Ruồi,actor,gã Việt kiều
Johnny Trí Nguyễn,Tèo em,actor,Tí
Johnny Trí Nguyễn,Dòng máu anh hùng,actor,Lê Văn Cường
Johnny Trí Nguyễn,Bẫy rồng,actor,Quân / Hổ
Johnny Trí Nguyễn,Để Mai tính,actor,Anh chàng đồng tính Johnny
Johnny Trí Nguyễn,Cưới ngay kẻo lỡ,actor,Hồ Sơn
Johnny Trí Nguyễn,Bụi đời Chợ Lớn,actor,Phong bụi
Johnny Trí Nguyễn,Để Mai tính 2,actor,người bán đĩa dạo
Johnny Trí Nguyễn,Nụ hôn thần chết (phim),actor,Thần chết Du
Johnny Trí Nguyễn,Chơi vơi,actor,Thổ
Johnny Trí Nguyễn,Nụ hôn thần chết,actor,Thần chết Du
Johnny Trí Nguyễn,Để mai tính,actor,Anh chàng đồng tính Johnny
Yaya Trương Nhi,Tèo em,actor,Phương
Yaya Trương Nhi,Hai Phượng,actor,Hương
Yaya Trương Nhi,Cô Thắm về làng (phim truyền hình),actor,Duyên
Yaya Trương Nhi,Nhà có 5 nàng tiên,actor,Tiên Dung
Ngọc Tưởng,Tèo em,actor,Điệp
Ngọc Tưởng,Trúng số (phim 2015),actor,Hai Lức
Ngọc Tưởng,Về quê ăn Tết,actor,Long
Ngọc Tưởng,Trạng Tí phiêu lưu ký,actor,Đạo sĩ
Ngọc Tưởng,Có hẹn với yêu thương,actor,Tường Mắt Đỏ
Ngọc Tưởng,Áo cưới thiên đường,actor,Hoàng
Ngọc Tưởng,Rồi 30 năm sau,actor,Ba Hạp (lúc trẻ)
Ngọc Tưởng,Năm sau con lại về,actor,Mạnh Cưa
Ngọc Tưởng,Chàng trai năm ấy,actor,chồng của Sky Các khách mời khác
Ngọc Tưởng,Chúng ta phải hạnh phúc,actor,Nhật
Ngọc Tưởng,Làm rể Mười Xuân,actor,Khang
Thân Thúy Hà,Tèo em,actor,Mẹ của Minh Minh
Thân Thúy Hà,Tình yêu còn lại,actor,Quyên
Thân Thúy Hà,Cá cược cuộc đời,actor,Vỹ Dạ
Thân Thúy Hà,Con gái bố già,actor,Hà Băng
Thân Thúy Hà,Đồng tiền quỷ ám,actor,Bảy Liêm
Thân Thúy Hà,Duyên kiếp,actor,Bà Phú
Thân Thúy Hà,Mùa cúc susi,actor,Bà Nữ
Thân Thúy Hà,Sắc đẹp và danh vọng,actor,Vợ Sinh Hùng
Thân Thúy Hà,Nếu còn có ngày mai (phim truyền hình Việt Nam),actor,Bà Sáng
Thân Thúy Hà,Vợ quan,actor,Bác sĩ Thùy Như
Thân Thúy Hà,Cột mốc 23,actor,Người đàn bà ma
Thân Thúy Hà,Con gái vị thẩm phán,actor,Bảy Sinh
Thân Thúy Hà,Duyên định kim tiền,actor,Bà Kim Ánh
Thân Thúy Hà,Vua bánh mì (phim truyền hình Việt Nam),actor,Ngọc Khuê
Thân Thúy Hà,Lưới trời (phim 2020),actor,Bà Tím
Thân Thúy Hà,Lục Vân Tiên (phim truyền hình),actor,Ngọc Điệp
Thân Thúy Hà,Cỏ biếc,actor,Tám Tuyết
Thân Thúy Hà,Mưa đỏ (phim),actor,bà Kiều (Mẹ Quang)
Ngọc Diệp,Tèo em,actor,Người bán vé xe đò
Ngọc Diệp,Lửa Phật,actor,Vân
Ngọc Diệp,Cô dâu đại chiến,actor,Linh
Ngọc Diệp,Cưới ngay kẻo lỡ,actor,Khánh Linh
Ngọc Diệp,Nàng men chàng bóng,actor,
Ngọc Diệp,Áo cưới thiên đường,actor,Thư
Ngọc Diệp,Bóng ma học đường,actor,Thanh Mai
Mai Thế Hiệp,Tèo em,actor,Khoa
Mai Thế Hiệp,Trúng số (phim 2015),actor,Đại úy công an
Mai Thế Hiệp,Thiên mệnh anh hùng,actor,Lê Đại nhân
Mai Thế Hiệp,Scandal: Bí mật thảm đỏ,actor,Quản lý của Trà My
Mai Thế Hiệp,Cô dâu đại chiến 2,actor,MC trong đám cưới
Mai Thế Hiệp,Tôi thấy hoa vàng trên cỏ xanh (phim),actor,thầy Nhãn
Mai Thế Hiệp,Tiền chùa,actor,Chiến
Mai Thế Hiệp,Chàng trai năm ấy,actor,bác sĩ
Mai Thế Hiệp,Em là bà nội của anh,actor,bác sĩ
Mai Thế Hiệp,Bao giờ có yêu nhau,actor,Chủ tiệm tạp hóa
Mai Thế Hiệp,Tro tàn rực rỡ,actor,Nhà sư Phim còn có sự tham gia diễn xuất của các diễn viên phụ bao gồm Nguyễn Văn Thạch và Hoàng Thị Thúy trong vai hai người hàng xóm
Mai Thế Hiệp,Cám (phim),actor,ông cả Hương
Mai Thế Hiệp,Đoạt hồn,actor,cậu Thức
Mai Thế Hiệp,Thạch Thảo (phim),director,
Mai Thế Hiệp,Tử chiến trên không,actor,cơ giới mặt đất
Mai Thế Hiệp,Mưa đỏ (phim),actor,Trưởng đoàn đàm phán của Việt Nam Cộng hòa
Hùng Cửu Long,Tèo em,actor,Giám đốc Hải
Hùng Cửu Long,Bay vào cõi mộng,actor,Đại gia trong vũ trường
Hồng Sáp,Tèo em,actor,Mẹ của ông Ba
Hồng Sáp,Ngôi nhà trong hẻm,actor,bà già
Hồng Sáp,Scandal: Bí mật thảm đỏ,actor,Bà pháp sư
Hồng Sáp,Để Mai tính 2,actor,bà cụ
Hồng Sáp,Chuyện ma gần nhà,actor,Bà lão
Hồng Sáp,Tiền chùa,actor,Bà già nuôi chó mực
Hồng Sáp,Cột mốc 23,actor,Bà thầy bói
Hồng Sáp,Biệt thự trắng,actor,Bà bán vàng mã
Thu Trang,Trúng số (phim 2015),actor,Chín Cúc
Thu Trang,Cô dâu đại chiến 2,actor,Bạn của Ngọc
Thu Trang,Mỹ nhân Sài Thành,actor,Bà Thu Hương
Thu Trang,Sông dài (phim),actor,Tú Nhi
Thu Trang,Năm sau con lại về,actor,bà vợ đi đường
Thu Trang,Sông dài (phim truyền hình),actor,Tú Nhi
Thu Trang,Em là bà nội của anh,actor,Duyên
Thu Trang,Lều chõng (phim truyền hình),actor,Ngọc
Thu Trang,Quỳnh búp bê,actor,Trang
Thu Trang,Mátxcơva - Mùa thay lá,actor,Trang Và một số diễn viên khác
Thu Trang,Mỹ nhân Sài thành,actor,Bà Thu Hương
Thu Trang,Nghề siêu dễ (phim 2022),actor,Thu Hai Ngón
Thu Trang,Tiệc trăng máu,actor,Thu Quỳnh
Thu Trang,Lều chõng (phim),actor,Ngọc
Thu Trang,Đội đặc nhiệm nhà C21,actor,Tuyết mèo con
Tiểu Bảo Quốc,Trúng số (phim 2015),actor,Hai Tần
Tiểu Bảo Quốc,Về quê ăn Tết,actor,Chủ nhiệm HTX
Tiểu Bảo Quốc,Vong nhi,actor,hồn ma lang thang
Tiểu Bảo Quốc,Lật Mặt 6: Tấm vé định mệnh,actor,Ông chủ tiệm vé số
Tiểu Bảo Quốc,Lật mặt 6: Tấm vé định mệnh,actor,Ông chủ tiệm vé số
Tiểu Bảo Quốc,Tử chiến trên không,actor,Chuột
Lê Khâm,Trúng số (phim 2015),actor,Tư Tèo
Lê Khâm,Lửa Phật,actor,Người đi đường
Lê Khâm,Gia đình số đỏ,actor,Minh Cao
Lê Khâm,Cô dâu đại chiến 2,actor,Người đàn ông trên đường
Lê Khâm,Năm sau con lại về,actor,nhân viên thu tiền điện
Lê Khâm,Vong nhi,actor,Hai Bé
Hoài Minh,Trúng số (phim 2015),actor,Ba Ngọng
Đạt Doremon,Trúng số (phim 2015),actor,thằng mập
Quốc Tân,Trúng số (phim 2015),actor,bác sĩ
Quốc Tân,Canh bạc tình yêu,actor,Ông Phát Thuận (lúc trẻ)
Quốc Tân,Chống lại số phận,actor,Ông Sáu
Quốc Tân,Mỹ nhân Sài Thành,actor,Thượng sĩ Thanh
Quốc Tân,Câu chuyện pháp đình,actor,Luật sư Danh === Phần 3 - Ngã rẽ ===
Quốc Tân,Mẹ rơm,actor,Hai Hùng
Quốc Tân,Mẹ trùm,actor,Ông Văn
Quốc Tân,Vợ quan,actor,Ông Cường
Quốc Tân,Lưới trời (phim 2020),actor,Ông Tỵ
Quốc Tân,Mỹ nhân Sài thành,actor,Thượng sĩ Thanh
Quốc Tân,Tiệm ăn dì ghẻ,actor,Chef Dương
Quốc Tân,Đất mặn (phim truyền hình),actor,Hai Hiệp
Thụy Mười,Trúng số (phim 2015),actor,bà Hai Tung
Thụy Mười,Hai Phượng,actor,Bà chủ tiệm cầm đồ
Thụy Mười,Cô Thắm về làng (phim truyền hình),actor,Bà Sáu Hết Sảy === Diễn viên phụ === ====Xuất hiện phần 1====
Thụy Mười,Lật mặt 7: Một điều ước,actor,Bà chủ đất
Thụy Mười,"Sài Gòn, anh yêu em",actor,bà bán bánh mì
Thụy Mười,Lật Mặt 6: Tấm vé định mệnh,actor,bà Tư
Thụy Mười,Lật mặt 6: Tấm vé định mệnh,actor,bà Tư
Hạ Vi,Tấm Cám: Chuyện chưa kể,actor,Tấm
Võ Ngọc Trai,Tấm Cám: Chuyện chưa kể,actor,Tướng quân Nguyễn Lực
Võ Ngọc Trai,Em chưa 18,actor,Vũ
Võ Ngọc Trai,Giải cứu thần chết,actor,Hải a dua
Võ Ngọc Trai,Em là bà nội của anh,actor,thanh niên đeo mắt kính
ST Sơn Thạch,Tấm Cám: Chuyện chưa kể,actor,Tướng quân Thạch Biền
ST Sơn Thạch,Cô Ba Sài Gòn,actor,Tuấn
ST Sơn Thạch,Thứ ba học trò,actor,Học sinh
Jun Phạm,Tấm Cám: Chuyện chưa kể,actor,Thái giám Thuận Nô
Jun Phạm,Về quê ăn Tết,actor,Đậu Đỏ
Jun Phạm,Hồn papa da con gái,actor,Giám khảo cuộc thi tài năng
Jun Phạm,12 chòm sao: Vẽ đường cho yêu chạy,actor,Lâm
Jun Phạm,Cô Thắm về làng (phim truyền hình),actor,Út Kiệm & Cần (hoán đổi thân xác trong phần 4)
Thành Lộc,Tấm Cám: Chuyện chưa kể,actor,Ông Bụt
Thành Lộc,Cô thủ môn tội nghiệp,actor,Hữu
Thành Lộc,Hồn papa da con gái,actor,CEO Quang Nguyễn
Thành Lộc,Bếp hát,actor,chú Đức Hải
Thành Lộc,Giải cứu thần chết,actor,Thầy hiệu trưởng
Thành Lộc,Nụ hôn thần chết (phim),actor,Cha xứ
Thành Lộc,Chàng trai năm ấy,actor,đạo diễn phim
Thành Lộc,Cha rơi,actor,Định
Thành Lộc,Nụ hôn thần chết,actor,Cha xứ
Thành Lộc,Lạc giới,actor,ông chủ quán ăn
Thành Lộc,Ma da (phim),actor,ông Lương
Diễm My 9x,Cô Ba Sài Gòn,actor,Helen
Diễm My 9x,Mỹ nhân kế (phim),actor,Mai Thị
Diễm My,Cô Ba Sài Gòn,actor,bà Thanh Loan
Diễm My,Giao lộ định mệnh,actor,Bà Kim
Diễm My,Cưới ngay kẻo lỡ,actor,mẹ của Khánh Linh
Diễm My,Tình yêu còn lại,actor,Mẹ Quân
Diễm My,Cuộc gọi lúc 0 giờ,actor,Bà Lý
Diễm My,Nghề báo (phim truyền hình),actor,Bà Thanh
Diễm My,Những nẻo đường phù sa,actor,Chị Nhã
Diễm My,Tuyết nhiệt đới,actor,Mẹ Hải
Diễm My,Sắc đẹp và danh vọng,actor,Bà Khanh (mẹ Huỳnh Thông và Kiên)
Diễm My,Ngũ quái Sài Gòn,actor,Bà Mận Hoa Kỳ
Diễm My,Đôi mắt của trái tim,actor,Bà Liên
Oanh Kiều,Cô Ba Sài Gòn,actor,bà Thanh Loan lúc trẻ
Oanh Kiều,Về quê ăn Tết,actor,Hằng (cô gái tâm thần)
Oanh Kiều,Trạng Tí phiêu lưu ký,actor,Hai Hậu
Oanh Kiều,Bước qua bóng tối,actor,Hiền
Oanh Kiều,Tình mẫu tử (phim truyền hình Việt Nam),actor,Lan
Oanh Kiều,Canh bạc tình yêu,actor,Bà Thúy (lúc trẻ)
Oanh Kiều,Duyên kiếp,actor,Lan
Oanh Kiều,Người lắng nghe: Lời thì thầm,actor,nữ nhà văn An Nhiên
Oanh Kiều,Lụa (phim truyền hình),actor,Khánh Thư
Oanh Kiều,Lật mặt 7: Một điều ước,actor,Bà Hai lúc trẻ
Oanh Kiều,Sông phố nhà ghe,actor,Hai Đợi
Oanh Kiều,Bán chồng,actor,Nương
Tùng Leo,Cô Ba Sài Gòn,actor,Hiển
Tùng Leo,Hồn papa da con gái,actor,MC cuộc thi tài năng
Hải Triều,Cô Ba Sài Gòn,actor,Baby Nana
Hải Triều,Về quê ăn Tết,actor,Lân
Hải Triều,Mang mẹ đi bỏ,actor,Ánh Dung
Hải Triều,Năm sau con lại về,actor,nhân viên bảo vệ
Hải Triều,Hot boy nổi loạn,actor,Bóng lộ
Hải Triều,"Hot boy nổi loạn và câu chuyện về thằng Cười, cô gái điếm và con vịt",actor,Bóng lộ
Kaylee Hwang,Cô Ba Sài Gòn,actor,Ngọc
Thúy Vy,Cô Ba Sài Gòn,actor,Yến
Thúy Vy,Trói buộc yêu thương,actor,Vũ
Thúy Vy,Bán chồng,actor,Mỹ Lan
Thủy Hương,Cô Ba Sài Gòn,actor,Đệ nhất Celeb 1969 Madame Kiều Bảo Hân
Thủy Hương,Anh chàng vượt thời gian,actor,Hoàng hậu
Thủy Hương,Nghiệt oan,actor,Julie
Thủy Hương,Hàng xóm (phim),actor,Thu
Trác Thúy Miêu,Cô Ba Sài Gòn,actor,Fashionista Host 1969
Hà Trúc,Cô Ba Sài Gòn,actor,Givenchy
Vũ Hà Anh,Cô Ba Sài Gòn,actor,Trang Ngô
Aaron Toronto,Cô Ba Sài Gòn,actor,Ngài chủ tịch
Aaron Toronto,Em chưa 18,actor,ông Quý
Aaron Toronto,Mỹ nhân Sài Thành,actor,Jacque
Aaron Toronto,Mỹ nhân Sài thành,actor,Jacque
Bùi Thị Mỹ Cảnh,Cô Ba Sài Gòn,actor,Khách mời VIP show thời trang
Lê Khanh,Gái già lắm chiêu 3,actor,Thái Tuyết Mai
Lê Khanh,Gái già lắm chiêu V: Những cuộc đời vương giả,actor,Lý Lệ Hà
Lê Khanh,"Mẹ ơi, bố đâu rồi?",actor,Bà Vân
Lê Khanh,Gái già lắm chiêu V,actor,Lý Lệ Hà
Lê Khanh,Người Hà Nội (phim),actor,Thảo
Lê Khanh,Nơi giấc mơ tìm về,actor,Bà Lan
Lê Khanh,Con đường sáng (phim dài tập),actor,Nguyễn Thị Kíu
Lê Khanh,Hai người mẹ (phim Việt Nam),actor,Bun Mi lúc nhỏ
Lê Xuân Tiền,Gái già lắm chiêu 3,actor,Lê Khôi Nguyên
Lê Xuân Tiền,Trại hoa đỏ (phim),actor,cảnh sát Bách
Khương Lê,Gái già lắm chiêu V: Những cuộc đời vương giả,actor,Jonathan Vĩnh Thuỵ
Khương Lê,Chốt đơn!,actor,Minh
Khương Lê,Gái già lắm chiêu V,actor,Jonathan Vĩnh Thuỵ
Hoàng Dũng,Gái già lắm chiêu V: Những cuộc đời vương giả,actor,Vĩnh Nghị
Hoàng Dũng,Tuổi thanh xuân,actor,Bố của Mai
Hoàng Dũng,Cả một đời ân oán,actor,Phan Quân
Hoàng Dũng,Hồ sơ cá sấu,actor,Thứ trưởng Dương Hồng Phương
Hoàng Dũng,Về nhà đi con,actor,Ông Luật
Hoàng Dũng,Gái già lắm chiêu V,actor,Vĩnh Nghị
Hoàng Dũng,Những ngày không quên,actor,Ông Luật
Hoàng Dũng,Cuồng phong (phim truyền hình),actor,Hoàng Đức Thái
Hoàng Dũng,Thái sư Trần Thủ Độ (phim truyền hình),actor,Lý Cao Tông
Hoàng Dũng,Người phán xử (phim truyền hình Việt Nam),actor,Phan Quân
Hoàng Dũng,Phía trước là bầu trời,actor,Ông Quang
Hoàng Dũng,Gió qua miền tối sáng,actor,Bác sĩ Minh
Hoàng Dũng,Chuyện phố phường,actor,Bình
Hoàng Dũng,Của để dành,actor,Giám đốc
Lê Khánh,Gái già lắm chiêu V: Những cuộc đời vương giả,actor,Tôn Nữ Thục Lan
Lê Khánh,Cô dâu đại chiến,actor,Quyên
Lê Khánh,Cô dâu đại chiến 2,actor,Quyên
Lê Khánh,Năm sau con lại về,actor,Mai
Lê Khánh,Gái già lắm chiêu V,actor,Tôn Nữ Thục Lan
Lê Khánh,Độc thân tuổi 30,actor,Dung Hòa
Huỳnh Kiến An,Gái già lắm chiêu V: Những cuộc đời vương giả,actor,ông Khanh
Huỳnh Kiến An,Thề không gục ngã,actor,Hưng
Huỳnh Kiến An,Câu chuyện pháp đình,actor,Luật sư Kiên
Huỳnh Kiến An,Cô hầu gái,actor,Ông Châu
Huỳnh Kiến An,Gái già lắm chiêu V,actor,ông Khanh
Huỳnh Kiến An,Ám ảnh xanh,actor,Sáu Nguyện
Hạnh Thúy,Gái già lắm chiêu V: Những cuộc đời vương giả,actor,Mẹ bề trên (Ma sơ Lài)
Hạnh Thúy,Cô dâu đại chiến 2,actor,Nhà báo
Hạnh Thúy,Trại hoa đỏ (phim),actor,bà Hồng
Hạnh Thúy,Thời gian để yêu (phim truyền hình),actor,Bà Thành
Hạnh Thúy,Thử thách cuộc đời,actor,Bà Nga
Hạnh Thúy,Hạnh phúc của người khác,actor,Bà Thu
Hạnh Thúy,Thuyền giấy,actor,Bà Diệp
Hạnh Thúy,Thương con cá rô đồng,actor,Bà Tư Diệu
Hạnh Thúy,Lẵng hoa tình yêu,actor,Hiền
Hạnh Thúy,Sông dài (phim),actor,Bà Hai Nhếch
Hạnh Thúy,Mẹ con Đậu Đũa,actor,Thư ký
Hạnh Thúy,Câu chuyện pháp đình,actor,Đỗ Chuyên === Phần 2 - Giấc mơ thiên đường ===
Hạnh Thúy,Sông dài (phim truyền hình),actor,Bà Hai Nhếch
Hạnh Thúy,Tiệm bánh Hoàng tử bé,actor,chị Hoa
Hạnh Thúy,Tiệm bánh Hoàng tử bé 2,actor,Hoa
Hạnh Thúy,Nữ bác sĩ,actor,Bác Sĩ Quý
Hạnh Thúy,Tết ở làng địa ngục,actor,Thị Lam
Hạnh Thúy,Đẹp từng centimet,actor,người đi đường
Hạnh Thúy,Bán chồng,actor,Bà Tâm
Hạnh Thúy,Gái già lắm chiêu V,actor,Mẹ bề trên (Ma sơ Lài)
Hạnh Thúy,Ngũ quái Sài Gòn,actor,Hồ Ly Cô Cô
Hạnh Thúy,Vịt kêu đồng,actor,Vợ Sáu Bé
Hạnh Thúy,Đồng quê (phim truyền hình),actor,Vợ Chủ Chiếu
Hạnh Thúy,Nếu còn có ngày mai (phim truyền hình Việt Nam),actor,Bà Năm
Hạnh Thúy,Giọt máu vô hình,actor,Bà Năm Hiền
Hạnh Thúy,Vợ quan,actor,Bà Thùy
Hạnh Thúy,Sống trong sợ hãi,actor,Thuận
Hạnh Thúy,Tro tàn rực rỡ,actor,"Loan, Người phụ nữ bị điên"
Hạnh Thúy,Vong nhi,actor,bà Thuận
Hạnh Thúy,Cám (phim),actor,Bạch lão
Hạnh Thúy,Nhà gia tiên,actor,thím Hai
Sĩ Nguyễn,Gái già lắm chiêu V: Những cuộc đời vương giả,actor,Lâm Quách
Sĩ Nguyễn,Gái già lắm chiêu V,actor,Lâm Quách
Trang Hý,Gái già lắm chiêu V: Những cuộc đời vương giả,actor,Lý Lệ Hồng lúc trẻ
Trang Hý,Hồn papa da con gái,actor,Khánh
Trang Hý,Gái già lắm chiêu V,actor,Lý Lệ Hồng lúc trẻ
Ngọc Trân,Gái già lắm chiêu V: Những cuộc đời vương giả,actor,Tôn Nữ Thục Lan lúc trẻ
Ngọc Trân,Gái già lắm chiêu V,actor,Tôn Nữ Thục Lan lúc trẻ
TyhD Thùy Dương,Gái già lắm chiêu V: Những cuộc đời vương giả,actor,Ma sơ 1
TyhD Thùy Dương,Gái già lắm chiêu V,actor,Ma sơ 1
Cao Thiên Trang,Gái già lắm chiêu V: Những cuộc đời vương giả,actor,Ma sơ 2
Cao Thiên Trang,Gái già lắm chiêu V,actor,Ma sơ 2
Cao Ngân,Gái già lắm chiêu V: Những cuộc đời vương giả,actor,Ma sơ 3
Cao Ngân,Gái già lắm chiêu V,actor,Ma sơ 3
Nguyễn Chánh Tín,Dòng máu anh hùng,actor,Tham Nguyễn
Nguyễn Chánh Tín,Cưới ngay kẻo lỡ,actor,ba của Khánh Linh
Nguyễn Chánh Tín,Em chưa 18,actor,ba của Hoàng
Nguyễn Chánh Tín,Khi đàn ông có bầu,actor,Bác sĩ khám thai
Nguyễn Văn Đây,Dòng máu anh hùng,actor,Đề Cảnh
Nguyễn Văn Đây,Xích lô (phim),actor,Người Đàn Ông Hát Ru
Nguyễn Văn Đây,Hai Cũ,actor,Hứng
Nguyễn Thắng,Dòng máu anh hùng,actor,Hứa Danh
Stephane Gauger,Dòng máu anh hùng,actor,Derue
Stephane Gauger,Sài Gòn Yo!,director,
Stephane Gauger,"Yêu đi, đừng sợ!",director,
David Minetti,Dòng máu anh hùng,actor,Sĩ quan Tessier
David Minetti,Bẫy rồng,actor,Gangster Pháp
Quốc Cường,Dòng máu anh hùng,actor,Người mật thám
Quốc Cường,Tình mẫu tử (phim truyền hình Việt Nam),actor,Mai
Quốc Cường,Những nẻo đường phù sa,actor,Bảy Hổ
Quốc Cường,Tình án,actor,Phủ Huyền
Quốc Cường,Sống trong bóng đêm,actor,Tâm
Quốc Cường,Người lắng nghe: Lời thì thầm,actor,bác sĩ Tuấn Khang
Quốc Cường,Gieo gió,actor,Khang
Quốc Cường,Nếu còn có ngày mai (phim truyền hình Việt Nam),actor,Ông Dần
Quốc Cường,Cám (phim),actor,Hai Hoàng
Quốc Cường,Cột mốc 23,actor,Nguyên
Quốc Cường,Lật Mặt 6: Tấm vé định mệnh,actor,Phương
Quốc Cường,Tìm chồng cho vợ tôi,actor,Bảo
Quốc Cường,Lật mặt 6: Tấm vé định mệnh,actor,Phương
Quốc Cường,Cỏ biếc,actor,Mười Phát
Nguyễn Anh Tuấn,Dòng máu anh hùng,actor,Lính của Sỹ
Nguyễn Anh Tuấn,Bẫy rồng,actor,Đàn em của Hải
Nguyễn Anh Tuấn,Cô dâu đại chiến,actor,Tài xế
Nguyễn Anh Tuấn,Ma làng,actor,Phạm Văn Nợi
Lâm Minh Thắng,Bẫy rồng,actor,Cang / Xà
Lâm Minh Thắng,Con gái bố già,actor,Cao Bằng
Lâm Minh Thắng,Nhiệm vụ đặc biệt,actor,Trần Đàm
Lâm Minh Thắng,Lật mặt (phim),actor,Dũng
Lâm Minh Thắng,Nữ bác sĩ,actor,Khang
Lâm Minh Thắng,Kẻ ngược dòng,actor,Thắng Chó
Lâm Minh Thắng,Lời nguyền Domino,actor,Hảo
Lâm Minh Thắng,Lật mặt,actor,Dũng
Lâm Minh Thắng,Người chồng điên,actor,Hoàng Sơn
Trần Thế Vinh,Bẫy rồng,actor,Tuấn Em/ Diều hâu
Đặng Trung Tuấn,Bẫy rồng,actor,A Lũ
Đặng Trung Tuấn,Hai Phượng,actor,Tên giang hồ
Đặng Trung Tuấn,Bay vào cõi mộng,actor,Tên giang hồ
Đặng Trung Tuấn,Hot boy nổi loạn,actor,Khách làng chơi 1
Đặng Trung Tuấn,"Hot boy nổi loạn và câu chuyện về thằng Cười, cô gái điếm và con vịt",actor,Khách làng chơi 1
Lý Anh Kiệt,Bẫy rồng,actor,Minh
Trần Hữu Phúc,Bẫy rồng,actor,Thành
Trần Hữu Phúc,Blouse trắng,actor,Y tá Nam
Trần Hữu Phúc,Sống trong sợ hãi,actor,Tải
Điền Thái Minh,Bẫy rồng,actor,Hải
Alain Bruxelles,Bẫy rồng,actor,Gangster Pháp
François de la Torre,Bẫy rồng,actor,Gangster Pháp
Thomas Michel Meyer,Bẫy rồng,actor,Gangster Pháp
Rémi Recher,Bẫy rồng,actor,Gangster Pháp
Yann Williot,Bẫy rồng,actor,Gangster Pháp
Huỳnh Kim Sang,Bẫy rồng,actor,Sang
Tawny Trúc Nguyễn,Bẫy rồng,actor,Nữ sát thủ
Tawny Trúc Nguyễn,Vật đổi sao dời,actor,Phương
Trần Bảo Sơn,Ngôi nhà trong hẻm,actor,Thành
Trần Bảo Sơn,Giao lộ định mệnh,actor,Mạnh
Trần Bảo Sơn,Huyền thoại bất tử,actor,Sơn
Phan Thị Mơ,Ngôi nhà trong hẻm,actor,Dung
Lê Thiện,Ngôi nhà trong hẻm,actor,nữ hộ sinh
Thịnh Vinh,Ngôi nhà trong hẻm,actor,trẻ mồ côi
Thịnh Vinh,Tôi thấy hoa vàng trên cỏ xanh (phim),actor,Thiều
Roger Yuan,Lửa Phật,actor,Long
Bé Ben Nguyễn Hoàng Quân,Lửa Phật,actor,Bé Hùng
Xuân Phát,Lửa Phật,actor,Ông Tính
Jason Ninh Cao,Lửa Phật,actor,Tướng quân triều đình
Mỹ Lệ,Lửa Phật,actor,Cô giáo
Kiều Mai Lý,Lửa Phật,actor,Bà hàng xóm
Kiều Mai Lý,Hello cô Ba,actor,Bà Hai
Kiều Mai Lý,Khi đàn ông có bầu,actor,mẹ bệnh nhân
Kiều Mai Lý,Câu chuyện pháp đình,actor,Mẹ Nguyễn Thị Lài
Kiều Mai Lý,Năm sau con lại về,actor,bà hàng xóm
Kiều Mai Lý,Nhà có 5 nàng tiên,actor,bà Chín
Kiều Mai Lý,Biệt thự trắng,actor,Bà Quý
Kiều Mai Lý,Hello Cô Ba,actor,Bà Hai
Diễm Trinh,Lửa Phật,actor,Bà hàng xóm
Nguyễn Quang Hiếu,Lửa Phật,actor,Nhà sư
Tiko Tiến Công,Về quê ăn Tết,actor,Phụng === Khách mời ===
Chí Tâm,Về quê ăn Tết,actor,Hạnh
Chí Tâm,Hồn papa da con gái,actor,Chàng Múp
Chí Tâm,Nhà gia tiên,actor,Phát Phì
Bạch Long,Về quê ăn Tết,actor,Phạm Công
Xuân Lan,Về quê ăn Tết,actor,Mỹ Tâm
Xuân Lan,Bay vào cõi mộng,actor,Hà ớt hiểm
Xuân Lan,Những cô gái chân dài,actor,Xuân Lan
Xuân Lan,Tiệm bánh Hoàng tử bé,actor,Linda Kiều
Xuân Lan,Tiệm bánh Hoàng tử bé 2,actor,Linda Kiều
Xuân Lan,Cái giá của hạnh phúc,actor,Võ Thùy Dương
Bá Đức,Về quê ăn Tết,actor,Tấn Lực === Phụ ===
Chị Thu,Về quê ăn Tết,actor,Vợ Long
Bé Khanh,Về quê ăn Tết,actor,Con gái Long
Bé Dâu Tây,Về quê ăn Tết,actor,Con trai Long
Phước Tính,Về quê ăn Tết,actor,Cam hành khách
Đông Sương,Về quê ăn Tết,actor,Nữ hành khách
Giang Kim Chung,Về quê ăn Tết,actor,Ông già hành khách
Bích Hợp,Về quê ăn Tết,actor,Mỹ Tâm
Kim Chi,Về quê ăn Tết,actor,Mẹ Hạnh
Kim Chi,Những đứa con biệt động Sài Gòn,actor,Vợ Bảy Xoài
Ngọc Sương,Về quê ăn Tết,actor,Bà Đậu (mẹ của Đậu Xanh và Đậu Đỏ)
Ngọc Sương,Ầu ơ ví dầu,actor,Sương
Nguyễn Hồng Hậu,Về quê ăn Tết,actor,thằng khờ === Đóng thế ===
Vương Cao Hải Lam,Về quê ăn Tết,actor,Đậu Xanh
Nguyễn Tấn Hải,Về quê ăn Tết,actor,Đậu Đỏ
Phan Lê Quốc Thanh,Về quê ăn Tết,actor,Trí
Liên Bỉnh Phát,Song lang (phim),actor,"Dũng, Một tên đòi nợ thuê"
Liên Bỉnh Phát,Không lối thoát (phim truyền hình),actor,Bảy Niễng
Tú Quyên,Song lang (phim),actor,"Thùy Vân, Đào chính của gánh hát Thiên Lý"
Kiều Trinh,Song lang (phim),actor,"Hồng Điểu, Mẹ của Dũng"
Kiều Trinh,Em chưa 18,actor,Phương
Kiều Trinh,Ông trùm (phim truyền hình Việt Nam),actor,Diệu Hồng
Kiều Trinh,Gọi giấc mơ về,actor,Cô Nhung
Kiều Trinh,Ký ức mong manh,actor,Xao
Kiều Trinh,Dâu bể đường trần,actor,Bà Năm Kỉnh
Kiều Trinh,Giọt đắng,actor,Liên
Kiều Trinh,Thuyền giấy,actor,Bà Vân
Kiều Trinh,Lụa (phim truyền hình),actor,Bà Hương
Kiều Trinh,Án mạng lầu 4,actor,Bà Hạnh
Kiều Trinh,Gieo gió,actor,Thủy
Kiều Trinh,Ầu ơ ví dầu,actor,Bà Nhàn
Kiều Trinh,Thất sơn tâm linh,actor,bà Tư
Kiều Trinh,Rừng thế mạng,actor,mẹ của Bách
Kiều Trinh,Đèn âm hồn,actor,Mẹ Đinh
Kiều Trinh,Lời sám hối,actor,Bà Hai
Kiều Trinh,Bồ công anh trước gió,actor,Bà Hòa
Kiều Trinh,Tình yêu dối lừa,actor,Dì Hoa
Kiều Trinh,Tử chiến trên không,actor,mẹ Minh
Kiều Trinh,"Bi, đừng sợ!",actor,Mẹ Bi
Kiều Trinh,Cu li không bao giờ khóc,actor,bà chủ cửa hàng sinh vật cảnh
Nghệ sĩ ưu tú,Song lang (phim),actor,kép đẹp Khánh Linh – người vào vai An Dương Vương trong vở cải lương Mỵ Châu – Trọng Thủy
Nghệ sĩ ưu tú,Thứ ba học trò,actor,Mẹ Nghiêm Tuấn
Nghệ sĩ ưu tú,Hi vọng cuối cùng,actor,Đông
Nghệ sĩ ưu tú,Bánh đúc có xương,actor,Chi
Khánh Như,Hai Phượng,actor,Hai Phượng (lúc nhỏ)
Khánh Như,Nếu còn có ngày mai (phim truyền hình Việt Nam),actor,Ngọc lúc nhỏ
Khánh Như,Lời nguyền (phim truyền hình),actor,Rạ (lúc nhỏ)
Khánh Như,Thạch Thảo (phim),actor,Thảo lúc nhỏ
Khả Ngân,Hai Phượng,actor,Hai Phượng (lúc thiếu niên)
Khả Ngân,Lật mặt 2: Phim trường,actor,Vy
Khả Ngân,11 tháng 5 ngày,actor,Tuệ Nhi
Mai Cát Vy,Hai Phượng,actor,bé Mai
Phan Thanh Nhiên,Hai Phượng,actor,Cảnh sát Lương
Phạm Anh Khoa,Hai Phượng,actor,Trực
Phạm Anh Khoa,Mỹ nhân kế (phim),actor,Dương Linh
Thạch Kim Long,Hai Phượng,actor,Anh trai Hai Phượng
Thạch Kim Long,Bão ngầm,actor,Thầy Lang Páo
Thạch Kim Long,Đồng tiền quỷ ám,actor,Chum Nốp
Thạch Kim Long,Vó ngựa trời Nam,actor,Chín Quỳ
Thạch Kim Long,Câu chuyện pháp đình,actor,Đông
Thạch Kim Long,Kẻ sát nhân cô độc,actor,Thiếu tá Thái
Thạch Kim Long,Đồng quê (phim truyền hình),actor,Tư Lộ
Thạch Kim Long,Tro tàn rực rỡ,actor,Khang
Thạch Kim Long,Cơn giông (phim năm 2021),actor,Long trọc
Thạch Kim Long,Đất mặn (phim truyền hình),actor,Ba Mạnh
Thạch Kim Long,"Bi, đừng sợ!",actor,Chồng tương lai của Thúy
Vỹ Hoàng,Hai Phượng,actor,Em nuôi Hai Phượng
Hai Phượng,Trạng Tí phiêu lưu ký,actor,Tí
Hai Phượng,Lê Bình (diễn viên),actor,Ba của Hai Phượng
Lê Huỳnh,Trạng Tí phiêu lưu ký,actor,Đồ Kiết
Lê Huỳnh,Ông trùm (phim truyền hình Việt Nam),actor,Cao Tùng
Lê Huỳnh,Không lối thoát (phim truyền hình),actor,Hùng Chó Lửa
Lê Huỳnh,Anh ba khía,actor,Anh Ba
Lê Huỳnh,Sui gia khắc khẩu,actor,Tín
Lê Huỳnh,Dâu bể đường trần,actor,Ông Kim Chinh
Lê Huỳnh,Bay vào cõi mộng,actor,Ông Ẹ
Lê Huỳnh,Duyên kiếp,actor,Ông Lâm
Lê Huỳnh,Thất sơn tâm linh,actor,ông Bạc
Lê Huỳnh,Tiệm ăn của quỷ,actor,Ông Khang
Lê Huỳnh,Đảo độc đắc - Tử mẫu Thiên linh cái,actor,Bạc
Thạch Thảo,Trạng Tí phiêu lưu ký,actor,Tám Tiền
Thạch Thảo,Khúc hát mặt trời,actor,"Thảo ""Mập"""
Trung Ruồi,Trạng Tí phiêu lưu ký,actor,Xã Bạc
Quang Thắng,Trạng Tí phiêu lưu ký,actor,Bá hộ Mão
Quang Thắng,Thần tượng (phim),actor,bố của Linh
Quang Thắng,Chàng trai năm ấy,actor,bố của Phong
Quang Thắng,"Mẹ ơi, bố đâu rồi?",actor,Ông Đại
Quang Thắng,Áo lụa Hà Đông (phim),actor,Ông Phán lúc trẻ
Quang Thắng,Vũ điệu tử thần (phim 2007),actor,Hoàng
Quang Thắng,"Chồng cũ, vợ cũ, người yêu cũ",actor,Ông Tiện
Quang Thắng,Tết này ai đến xông nhà,actor,Trần Mớ
Quang Thắng,Những nhân viên gương mẫu,actor,Thắng
Quang Thắng,11 tháng 5 ngày,actor,Ông Tiến
Quang Thắng,Sóng ở đáy sông,actor,Vâu
Quang Thắng,Đất và người,actor,Tí
Quang Thắng,Trò đời,actor,Ông Typn
Quang Thắng,Ngày hè sôi động,actor,Hiệp
Hoàng Phi,Trạng Tí phiêu lưu ký,actor,Ba Ba
Hoàng Phi,Bụi đời Chợ Lớn,actor,Bi
Hoàng Phi,Em là của em,actor,Tú Khách mời
Hoàng Phi,Công nghệ thời trang,actor,Mạnh Thái
Hoàng Phi,Song song (phim),actor,Trung
Trung Anh,Trạng Tí phiêu lưu ký,actor,Ông lão ăn xin
Trung Anh,Ngược chiều nước mắt,actor,Giáo sư
Trung Anh,Chúng ta của 8 năm sau,actor,Ông Quảng
Trung Anh,Thầu Chín ở Xiêm,actor,Đặng Thúc Hứa
Trung Anh,Về nhà đi con,actor,Ông Sơn
Trung Anh,Những ngày không quên,actor,Ông Sơn
Trung Anh,Hành trình công lý,actor,Bố Quân
Trung Anh,Niệm khúc cuối,actor,Bố Mây Cùng các một số diễn viên khác
Trung Anh,Người phán xử (phim truyền hình Việt Nam),actor,Lương Bổng
Trung Anh,Đấu trí (phim truyền hình Việt Nam),actor,Đại tá Trần Giang
Trung Anh,Ảo ảnh trắng,actor,Luận
Trung Anh,Cầu thang nhà A6,actor,Văn Hoàng
Trung Anh,Song song (phim),actor,Biên tập viên Thời sự
Trung Anh,Hoa cỏ may,actor,Ông Phát (Bố Thắng)
Trung Anh,Ngự lâm không kiếm,actor,Ông Hoàng
Trung Anh,Những công dân tập thể,actor,Xuân Ngô
Xuân Nghị,Trạng Tí phiêu lưu ký,actor,Sở Lộc Hồng
Xuân Nghị,Ngày ấy mình đã yêu,actor,Đức
Xuân Nghị,Khúc hát mặt trời,actor,Vinh
Xuân Nghị,Nhà trọ Balanha,actor,Cao Minh Bách
Đồng Ánh Quỳnh,Thanh Sói – Cúc dại trong đêm,actor,Bi (Thanh Sói lúc trẻ)
Rima Thanh Vy,Thanh Sói – Cúc dại trong đêm,actor,Hồng
Rima Thanh Vy,Hot boy nổi loạn,actor,Em Long
Rima Thanh Vy,"Hot boy nổi loạn và câu chuyện về thằng Cười, cô gái điếm và con vịt",actor,Em Long
Rima Thanh Vy,Cám (phim),actor,Tấm
Rima Thanh Vy,Mười: Lời nguyền trở lại,actor,Hằng
Thuận Nguyễn,Thanh Sói – Cúc dại trong đêm,actor,Hải Chó điên
Thuận Nguyễn,Lụa (phim truyền hình),actor,Ông Sơn
Gi A Nguyễn,Thanh Sói – Cúc dại trong đêm,actor,Sơn Lai
Gi A Nguyễn,Hồn papa da con gái,actor,Vũ
Gi A Nguyễn,Tử chiến trên không,actor,Nam
Phan Thanh Hiền,Thanh Sói – Cúc dại trong đêm,actor,Tèo Mặt sẹo
Trần Thị Thanh Hoa,Thanh Sói – Cúc dại trong đêm,actor,Thanh Sói (†) (xuất hiện đặc biệt)
Thanh Mai MC,Cô thủ môn tội nghiệp,actor,Hiền
Thanh Mai MC,Tình khúc bạch dương,actor,Quyên
Lê Công Tuấn Anh,Cô thủ môn tội nghiệp,actor,Công
Lê Công Tuấn Anh,Người đẹp Tây Đô,actor,Quang
Lê Công Tuấn Anh,Vị đắng tình yêu,actor,Lê Quang
Lê Công Tuấn Anh,Xích lô (phim),actor,Vũ Công Say Rượu
Lê Công Tuấn Anh,Ngọt ngào và man trá,actor,Cường Tuấn/Hùng Tuấn
Lê Tuấn Anh diễn viên sinh 1968,Cô thủ môn tội nghiệp,actor,Tuấn
Chung Vũ Thanh Uyên,Cô thủ môn tội nghiệp,actor,Uyên
Thanh Vy,Cô thủ môn tội nghiệp,actor,Má Công
Thanh Vy,Miền đất phúc,actor,Bà Diệp
Thanh Vy,Lẩn khuất một tên người,actor,Bà Tư Mai
Thanh Vy,Người đẹp Tây Đô,actor,Bà Lý
Thanh Vy,Áo cưới thiên đường,actor,Bà Ngọc
Thanh Vy,Vòng xoáy tình yêu,actor,Bà Cúc
Thanh Vy,Áo lụa Hà Đông (phim),actor,Bà Hiền
Thanh Vy,Cột mốc 23,actor,Sư cô
Thùy Liên,Cô thủ môn tội nghiệp,actor,Má Hiền
Thùy Liên,Lửa ấm,actor,Mẹ Đào
Thùy Liên,Hành trình công lý,actor,Bà Chanh
Thùy Liên,Mùa hoa tìm lại,actor,Giúp việc
Thùy Liên,Hai Cũ,actor,Vợ Hai Cũ
Vân Sơn nghệ sĩ hài,Vật đổi sao dời,actor,Huy
Bảo Liêm,Vật đổi sao dời,actor,Long
Bé Mập,Vật đổi sao dời,actor,Quang
Văn Chung kịch sĩ,Vật đổi sao dời,actor,Ba của Phương
Anh Thư,Vật đổi sao dời,actor,Má của Phương
Anh Thư,Tháng năm rực rỡ,actor,Tuyết Anh lúc trưởng thành (khách mời cuối phim)
Anh Thư,Lối sống sai lầm,actor,Hiền
Anh Thư,Người đẹp Tây Đô,actor,Bà Kiều
Anh Thư,Tuyết nhiệt đới,actor,Hằng
Anh Thư,Xóm nước đen,actor,Bà ngoại Hà
Anh Thư,Những cô gái chân dài,actor,Thủy ===Diễn viên phụ===
Anh Thư,Lửa ấm,actor,Oanh
Anh Thư,Mười: Lời nguyền trở lại,actor,Mười
Anh Thư,Hoa thiên điểu (phim truyền hình),actor,Nhã Lan
Anh Thư,Biệt thự trắng,actor,Quỳnh Như
Anh Thư,Vòng nguyệt quế (phim truyền hình),actor,Mẹ Hân
Mạc Can,Vật đổi sao dời,actor,Tài xế xe lam
Mạc Can,Chuyện ma gần nhà,actor,Thoại Phi
Mạc Can,Nghiệp sinh tử,actor,Thổ Địa
Mạc Can,Khi đàn ông có bầu,actor,Ông quản gia
Mạc Can,Người đẹp Tây Đô,actor,Chủ sòng bài Và một số diễn viên khác
Mạc Can,Áo lụa Hà Đông (phim),actor,Ông già chiếu phim
Mạc Can,Cải ơi,actor,Tư Đèo
Mạc Can,Biệt thự trắng,actor,Ông già mộng du
Mạc Can,Cải ơi!,actor,Tư Đèo
Mạc Can,Xích lô (phim),actor,Người Đi Tiểu Nhiều
Mạc Can,Hai Cũ,actor,Bảo vệ Tám Kỷ
Lâm Nguyễn,Vật đổi sao dời,actor,Người đạp xích lô
Quang Hiếu,Vật đổi sao dời,actor,Người lang thang
Quang Hiếu,Hãy cùng em điệu Sarikakeo,actor,Lục Cả Sambat
Nhật Yến,Vật đổi sao dời,actor,Cô gái trong vũ trường
Đông Ngân,Vật đổi sao dời,actor,Tiếp tân khách sạn
Juliet Bảo Ngọc,Mang mẹ đi bỏ,actor,bà Hạnh lúc trẻ
Jung Il-woo,Mang mẹ đi bỏ,actor,chồng bà Hạnh
Go Kyung-pyo,Mang mẹ đi bỏ,actor,Ji-hwan
Lâm Vỹ Dạ,Mang mẹ đi bỏ,actor,Châu
Lâm Vỹ Dạ,Nhà có 5 nàng tiên,actor,con dâu bà Chín
Lâm Vỹ Dạ,Vòng xoáy tình yêu,actor,Y tá Hồng
Nguyễn Thúc Thùy Tiên,Chốt đơn!,actor,Hoàng Linh{{efn|name=thuytien|Sau khi vướng vào tranh cãi pháp lý và bị tạm giam
Quyền Linh,Chốt đơn!,actor,An
Quyền Linh,Khi đàn ông có bầu,actor,Hoàng
Quyền Linh,Ngũ quái Sài Gòn,actor,Thiếu tá Lý Thạch Sanh
Quyền Linh,Người Hà Nội (phim),actor,Lãm
Quyền Linh,Lục Vân Tiên (phim truyền hình),actor,Hớn Minh
Quyền Linh,Đồng tiền xương máu,actor,Huy
Lê Lộc,Chốt đơn!,actor,Phước
Mai Bảo Vinh,Chốt đơn!,actor,Lâm
Đỗ Nhật Hà,Chốt đơn!,actor,Gia Kỳ
David Phạm,Gia đình số đỏ,actor,Phát Tài
David Phạm,Để Mai tính 2,actor,người tù đẹp trai
David Phạm,Đam mê nghiệt ngã (phim truyền hình Việt Nam),actor,Cường
David Phạm,Dấu chân du mục,actor,Côn
David Phạm,Em là bà nội của anh,actor,thanh niên sáu múi
David Phạm,Tiệc trăng máu,actor,Thanh Vân
Văn Hiệp,Gia đình số đỏ,actor,ông Quang Vinh
Văn Hiệp,Mùa ổi,actor,Ông bảo vệ
Văn Hiệp,Tết này ai đến xông nhà,actor,Đại diện mâm đám cưới
Văn Hiệp,Mảnh đời của Huệ (phim),actor,Đồng
Văn Hiệp,Mảnh đời của Huệ,actor,Đồng
Văn Hiệp,Ngọt ngào và man trá,actor,Thầy cả Thuận
Ngọc Quyên,Gia đình số đỏ,actor,Mỹ Dung
Ngọc Quyên,Tuyết nhiệt đới,actor,Yến
Ngọc Quyên,Mỹ nhân kế (phim),actor,Đào Thị
Kim Nhã,Gia đình số đỏ,actor,Thu Thảo
Kim Nhã,12 chòm sao: Vẽ đường cho yêu chạy,actor,Hân
Kim Nhã,Giấc mơ của mẹ,actor,Thùy Linh
Quý Bình,Bước qua bóng tối,actor,Nhân Lì
Quý Bình,Quả tim máu,actor,Tâm
Quý Bình,Ám ảnh (phim truyền hình),actor,Lâm Tín
Quý Bình,Sông dài (phim),actor,Niễng
Quý Bình,"Cá Rô, em yêu anh!",actor,Minh Trí
Quý Bình,Năm sau con lại về,actor,Thiện
Quý Bình,Sông dài (phim truyền hình),actor,Niễng
Quý Bình,Nữ bác sĩ,actor,Khải
Quý Bình,Sông phố nhà ghe,actor,Hai Tấn
Quý Bình,Bao giờ có yêu nhau,actor,Huy
Quý Bình,Độc thân tuổi 30,actor,Sơn Phong
Quý Bình,Đam mê (phim),actor,Ba Khởi
Quý Bình,Biệt thự trắng,actor,Minh Phạm
Quý Bình,Con đường sáng (phim dài tập),actor,Mười Cúc (Nguyễn Văn Linh)
Tấn Hưng,Bước qua bóng tối,actor,Khôi
Tấn Hưng,Ký ức mong manh,actor,Lý
Tấn Hưng,Dưới cờ đại nghĩa,actor,Bảy Rô
Tấn Hưng,Tình án,actor,Hương Quản Tại
Tấn Hưng,Vó ngựa trời Nam,actor,Tám Phát
Tấn Hưng,Câu chuyện pháp đình,actor,Thành
Tấn Hưng,Tây Sơn hào kiệt,actor,Lê Dũng
Tấn Hưng,Vòng xoáy tình yêu,actor,Tuấn
Thanh Thúy ca sĩ sinh 1977,Bước qua bóng tối,actor,Mai
Thanh Thúy ca sĩ sinh 1977,Ký ức mong manh,actor,Vân
Ngân Khánh,Quyến rũ (phim truyền hình),actor,Dung
Ngân Khánh,Cô dâu đại chiến,actor,Trang
Ngân Khánh,Nghề báo (phim truyền hình),actor,Thơ
Ngân Khánh,Mỹ nhân Sài Thành,actor,Thanh Trà
Ngân Khánh,Nhà có 5 nàng tiên,actor,Tiên Nữ
Ngân Khánh,Sóng tình (phim truyền hình),actor,Hằng
Ngân Khánh,Mỹ nhân Sài thành,actor,Thanh Trà
Việt Khuê,Quyến rũ (phim truyền hình),actor,Đức Trân/Phan Hải
Phạm Hoàng Nguyên,Quyến rũ (phim truyền hình),actor,Minh
Phạm Hoàng Nguyên,Mùa cúc susi,actor,Nhu
Phạm Hoàng Nguyên,Mẹ trùm,actor,Hiếu
Sơn Tùng,Quyến rũ (phim truyền hình),actor,Đông
Sơn Tùng,Tuổi thanh xuân,actor,Dương
Sơn Tùng,Hương vị tình thân,actor,"Khánh ""trọc"""
Sơn Tùng,Đấu trí (phim truyền hình Việt Nam),actor,Bốc
Sơn Tùng,Điều bí mật,actor,Cường
Sơn Tùng,Những công dân tập thể,actor,Hoàng
Sơn Tùng,Ngày hè sôi động,actor,Bình
Ammy Minh Khuê,Quyến rũ (phim truyền hình),actor,Tuyết
Ammy Minh Khuê,Lật mặt 7: Một điều ước,actor,Mai
NSƯT Khánh Hoàng,Quyến rũ (phim truyền hình),actor,Ông Tốt
Mai Nguyễn,Quyến rũ (phim truyền hình),actor,(Trần Tuấn) Đàn em Đức Trân đến tập 18
Mai Nguyễn,Thề không gục ngã,actor,Tuấn
Trọng Hùng,Quyến rũ (phim truyền hình),actor,(Trần Tuấn) Đàn em Phan Hải từ tập 19
Trọng Hùng,Về nhà đi con,actor,Khải
Trọng Hùng,Người phán xử (phim truyền hình Việt Nam),actor,Trần Tuấn
Trọng Hùng,Con mắt bão,actor,Lê Bình
Bình Minh người mẫu,Chuyện tình xa xứ,actor,Khang
Bình Minh người mẫu,Giao lộ định mệnh,actor,Hùng
Bình Minh người mẫu,Cô dâu đại chiến 2,actor,Việt
Bình Minh người mẫu,Để Mai tính,actor,Trợ lý của Antoine
Bình Minh người mẫu,Ông trùm (phim truyền hình Việt Nam),actor,Chí Kiệt
Bình Minh người mẫu,Cô gái xấu xí,actor,Tiến Mạnh
Bình Minh người mẫu,Giọt đắng,actor,Bích
Bình Minh người mẫu,Thề không gục ngã,actor,Lý Bỉnh Long
Bình Minh người mẫu,Vật chứng mong manh,actor,Chí Cùa
Bình Minh người mẫu,"Cá Rô, em yêu anh!",actor,Quang Huy
Bình Minh người mẫu,Khát vọng thượng lưu,actor,Phong/Hoàng
Bình Minh người mẫu,Những đứa con biệt động Sài Gòn,actor,Hoàng Hiệp
Bình Minh người mẫu,Người cộng sự,actor,Kỳ Ngoại hầu Cường Để
Bình Minh người mẫu,Công ty thời trang,actor,Nguyên
Bình Minh người mẫu,Áo lụa Hà Đông (phim),actor,Cảnh sát
Bình Minh người mẫu,Để mai tính,actor,Trợ lý của Antoine
Bình Minh người mẫu,Nhà có ba chị em,actor,Quân
Bình Minh người mẫu,Mười: Lời nguyền trở lại,actor,Nguyên
Huy Khánh,Chuyện tình xa xứ,actor,Hiếu
Huy Khánh,Cô dâu đại chiến,actor,Thái
Huy Khánh,Em chưa 18,actor,Tuấn
Huy Khánh,Hồn papa da con gái,actor,Thầy giáo Hoàng
Huy Khánh,Dập tắt lửa lòng,actor,Thành
Huy Khánh,Dương thế bao la sầu,actor,Ông Hội đồng Bùi
Huy Khánh,Bếp hát,actor,Phong
Huy Khánh,Nghiệt oan,actor,Thaksun
Huy Khánh,Áo cưới thiên đường,actor,Phong
Huy Khánh,Sắc đẹp và danh vọng,actor,Kiên
Huy Khánh,"Sài Gòn, anh yêu em",actor,Việt Phương
Huy Khánh,Luật trời,actor,Ông Được
Huy Khánh,Cột mốc 23,actor,Quynh
Huy Khánh,Vali tình yêu,actor,Phát
Huy Khánh,Lật Mặt 6: Tấm vé định mệnh,actor,Phát
Huy Khánh,Con gái vị thẩm phán,actor,Xuân Phong
Huy Khánh,Nhà ông Hoàng có ma,actor,Hội đồng Bùi Hoàng
Huy Khánh,Lật mặt 6: Tấm vé định mệnh,actor,Phát
Đinh Ngọc Diệp,Chuyện tình xa xứ,actor,Jennifer
Kathy Uyên,Chuyện tình xa xứ,actor,Tiffany
Kathy Uyên,Để Mai tính,actor,Mai
Kathy Uyên,Em chưa 18,actor,Uyên Thi
Kathy Uyên,Hồn papa da con gái,actor,Nhung
Kathy Uyên,Chị chị em em,director,
Kathy Uyên,Để mai tính,actor,Mai
Tăng Bảo Quyên,Chuyện tình xa xứ,actor,Thảo
Tăng Bảo Quyên,Giao lộ định mệnh,actor,Linh
Tăng Bảo Quyên,Ám ảnh (phim truyền hình),actor,Hà Thảo
Tăng Bảo Quyên,Những người viết huyền thoại,actor,Hà
Tăng Bảo Quyên,Những người viết huyền thoại (phim),actor,Hà
NGƯT Nguyễn Văn Phúc,Chuyện tình xa xứ,actor,ông Hoàng
Julie Phụng Trần,Chuyện tình xa xứ,actor,bà Mai
Phương Anh,Chuyện tình xa xứ,actor,bé Katie
Huỳnh Văn Đua,Chuyện tình xa xứ,actor,chú Sáu
Huỳnh Văn Đua,Tiền chùa,actor,Ông Phúc
Huỳnh Văn Đua,Duyên định kim tiền,actor,Ông Huyện Trương Hà
Mai Sơn Lâm,Chuyện tình xa xứ,actor,nam MC cuộc thi hoa hậu
Mai Sơn Lâm,Ông trùm (phim truyền hình Việt Nam),actor,A Lý / A Hải
Mai Sơn Lâm,Con gái bố già,actor,Trung Méo
Mai Sơn Lâm,Mật mã hoa hồng vàng,actor,Hai Đá
Mai Sơn Lâm,Mỹ nhân Sài Thành,actor,Luật sư Hữu
Mai Sơn Lâm,Câu chuyện pháp đình,actor,Hưng
Mai Sơn Lâm,Võ lâm truyền kỳ (phim),actor,Anh chàng sinh viên
Mai Sơn Lâm,Nữ bác sĩ,actor,Lương
Mai Sơn Lâm,Mỹ nhân Sài thành,actor,Luật sư Hữu
Mạc Anh Thư,Chuyện tình xa xứ,actor,nữ MC cuộc thi hoa hậu
Mạc Anh Thư,Nghiệt oan,actor,Đan Tử
Mạc Anh Thư,Cột mốc 23,actor,Cô gái định tự tử
Tấn Thi,Chuyện tình xa xứ,actor,bác sĩ
Tấn Thi,Tôi thấy hoa vàng trên cỏ xanh (phim),actor,Xung
Tấn Thi,Gọi giấc mơ về,actor,Ông Việt
Tấn Thi,Khúc tương tư,actor,Thầy Tư Tỵ
Tấn Thi,Tình mẫu tử (phim truyền hình Việt Nam),actor,Ông Hai
Tấn Thi,Lẵng hoa tình yêu,actor,Khiêm
Tấn Thi,Người đẹp Tây Đô,actor,Hương cả Bính
Tấn Thi,Sài Gòn Yo!,actor,Ông giáo sư
Tấn Thi,Mẹ rơm,actor,Ông Bảy Kéo
Tấn Thi,Chàng trai năm ấy,actor,ba của Quang Huy
Tấn Thi,Duyên định kim tiền,actor,Ông Hương Chủ Hạnh
Tấn Thi,Vua bánh mì (phim truyền hình Việt Nam),actor,Thầy Phan
Tấn Thi,Thất sơn tâm linh,actor,ông Sang
Tấn Thi,Lưới trời (phim 2020),actor,Ông Kiên
Tấn Thi,Lục Vân Tiên (phim truyền hình),actor,Trịnh thái sư
David Ihrig,Chuyện tình xa xứ,actor,sĩ quan cảnh sát Mills
Justin Ackerman,Chuyện tình xa xứ,actor,sĩ quan cảnh sát Dale
Nguyễn Kim Ngọc,Chuyện tình xa xứ,actor,bà giúp việc nhà Khang
Nguyễn Văn Chí,Chuyện tình xa xứ,actor,ông khách
Phạm Duy Minh Thúy,Chuyện tình xa xứ,actor,cô gái 1
Nguyễn Thị Tuyết Nhung,Chuyện tình xa xứ,actor,cô gái 2
Nguyễn Quang Vinh,Chuyện tình xa xứ,actor,thanh niên 1
Nguyễn Quang Vinh,Huyền thoại bất tử,actor,Tuấn
Nguyễn Tiến Vang,Chuyện tình xa xứ,actor,thanh niên 2
Nguyễn Thị Thu Hà,Chuyện tình xa xứ,actor,vũ công nhóm nhảy Hoàng Thông
Lê Chuẩn,Chuyện tình xa xứ,actor,phụ tá ông Hoàng 1
Trần Phương Linh,Chuyện tình xa xứ,actor,phụ tá ông Hoàng 2
Nguyễn Hoàng Long,Chuyện tình xa xứ,actor,nhân viên trong phòng trọ
Hồ Thị Mộng Trúc,Chuyện tình xa xứ,actor,bạn Khang
Lê Thị Kim Liên,Chuyện tình xa xứ,actor,bạn Khang
Ali Aboi Elmi,Chuyện tình xa xứ,actor,bảo vệ sân bay
Nguyễn Hoàng Vũ,Chuyện tình xa xứ,actor,chú Thái
Na Dai Kang,Chuyện tình xa xứ,actor,Johnny
Sarah Trương,Chuyện tình xa xứ,actor,thí sinh 1
Trần Thị Phương,Chuyện tình xa xứ,actor,thí sinh 2
Huỳnh Nhật Nhung,Chuyện tình xa xứ,actor,thí sinh 3
Trần Thị Thanh Thảo,Chuyện tình xa xứ,actor,thí sinh 4
Lữ Thị Mai Dung,Chuyện tình xa xứ,actor,thí sinh 5
Lê Thị Diệu Hiền,Chuyện tình xa xứ,actor,thí sinh 6
San Ngân,Chuyện tình xa xứ,actor,thí sinh 7
Nguyễn Ngọc San Hương,Chuyện tình xa xứ,actor,thí sinh 8
Phạm Lê Anh Vân,Chuyện tình xa xứ,actor,thí sinh 9
Rachel Nicolas,Chuyện tình xa xứ,actor,cô gái tiệc tùng 1
Nguyễn Thanh Lan,Chuyện tình xa xứ,actor,cô gái tiệc tùng 2
Jeon Lu,Chuyện tình xa xứ,actor,cô gái tiệc tùng 3
Jeramee Lopez,Chuyện tình xa xứ,actor,Phương Girl in Blue Dress
Marid Garcia,Chuyện tình xa xứ,actor,cảnh sát trong xe cảnh sát
Andrew Trần,Chuyện tình xa xứ,actor,giang hồ
Edward C Ward,Chuyện tình xa xứ,actor,tội phạm 1
Jeremy Serrato,Chuyện tình xa xứ,actor,tội phạm 2
Damien Hamler,Chuyện tình xa xứ,actor,tội phạm 3
Jason D Aldvenda,Chuyện tình xa xứ,actor,tội phạm 4
Fred Schroeder,Chuyện tình xa xứ,actor,tội phạm 5
Alfred Clark,Chuyện tình xa xứ,actor,tội phạm 6
Đoàn Quân Phong,Chuyện tình xa xứ,actor,sát thủ 1
Minh Diệu,Chuyện tình xa xứ,actor,sát thủ 2
Bảo Quân,Chuyện tình xa xứ,actor,sát thủ 3
Andy T Phạm,Chuyện tình xa xứ,actor,khách hát karaoke
Quỳnh Anh Lê,Chuyện tình xa xứ,actor,cô gái tiệc Limo 1
Anne Nguyễn,Chuyện tình xa xứ,actor,cô gái tiệc Limo 2
Josette Nguyễn,Chuyện tình xa xứ,actor,cô gái tiệc Limo 3
Nikki Nguyễn,Chuyện tình xa xứ,actor,cô gái tiệc Limo 4
Khan Bùi,Chuyện tình xa xứ,actor,người chia bài
Donna Võ,Chuyện tình xa xứ,actor,cô gái đánh bài 1
Rebecca Branato,Chuyện tình xa xứ,actor,cô gái đánh bài 2
Heather Nguyễn,Chuyện tình xa xứ,actor,cô gái đánh bài 3
Kathy Tiên,Chuyện tình xa xứ,actor,cô gái đánh bài 4
Lê Duy Bình,Chuyện tình xa xứ,actor,cô gái đánh bài 5
David Victor Macmillan,Chuyện tình xa xứ,actor,cảnh sát 1
Noel Brandon May,Chuyện tình xa xứ,actor,cảnh sát 2
Anh Trần,Chuyện tình xa xứ,actor,nhân viên tiệm vàng
Vũ Thu Phương,Giao lộ định mệnh,actor,Trang
Vũ Thu Phương,Võ lâm truyền kỳ (phim),actor,Thúy
Vũ Thu Phương,Khát vọng thượng lưu,actor,Lê
Hứa Vĩ Văn,Giao lộ định mệnh,actor,Kiệt
Hứa Vĩ Văn,Khúc tương tư,actor,Hai Chánh
Hứa Vĩ Văn,Anh chàng vượt thời gian,actor,Đỗ Hải Anh
Hứa Vĩ Văn,Thần tượng (phim),actor,Long
Hứa Vĩ Văn,Chàng trai năm ấy,actor,Lâm
Hứa Vĩ Văn,Em là bà nội của anh,actor,Mạnh Đức
Hứa Vĩ Văn,Em là của em,actor,Khoa
Hứa Vĩ Văn,Gieo gió,actor,Hoàng Quân
Hứa Vĩ Văn,Công ty thời trang,actor,Nhật
Hứa Vĩ Văn,Thái sư Trần Thủ Độ (phim truyền hình),actor,Thái tử Sảm === Diễn viên phụ ===
Hứa Vĩ Văn,Lời thú nhận của Eva,actor,Trần Nguyên
Hứa Vĩ Văn,Cây Huê xà,actor,Lợi
Hứa Vĩ Văn,Nghề siêu dễ (phim 2022),actor,Chú Thái
Hứa Vĩ Văn,Đam mê (phim),actor,Hai Hoàng
Hứa Vĩ Văn,Tiệc trăng máu,actor,Ngọc Quang
Hứa Vĩ Văn,Mưa đỏ (phim),actor,Bác sĩ Lê
Thu Giang,Cô dâu đại chiến,actor,Linh lúc tuổi teen
Đinh Tiến Đạt,Cô dâu đại chiến,actor,Đầu bếp
Đinh Tiến Đạt,Đam mê (phim),actor,Nhiếp ảnh gia 1
Hữu Bình,Cô dâu đại chiến,actor,Phục vụ nhà hàng
Hữu Bình,Khi đàn ông có bầu,actor,Anh chàng bán báo
Hữu Bình,Cát đỏ,actor,Ông Năm
Mai Phượng,Cô dâu đại chiến,actor,Thư ký của Thái
Mai Phượng,Cô dâu đại chiến 2,actor,Nhân viên của Việt
Mai Phượng,Ký ức mong manh,actor,Loan
Mai Phượng,Tiệm bánh Hoàng tử bé,actor,Rosa Liễu
Sĩ Thanh,Cô dâu đại chiến,actor,Bạn của Trang
Sĩ Thanh,Lời nguyền Domino,actor,Ngọc Anh
Minh Khuê,Cô dâu đại chiến,actor,Hot girl
Tuấn Khải,Cô dâu đại chiến,actor,Hot boy
Tuấn Khải,"Cá Rô, em yêu anh!",actor,Trung Nghĩa
Ngọc Hằng,Cô dâu đại chiến,actor,Người dọn phòng
Trương Xuân Đạt,Cô dâu đại chiến,actor,Nhóc trượt patin
Đặng Phúc Liêm,Cô dâu đại chiến,actor,Nhóc trượt ván
Nguyễn Văn Phước,Cô dâu đại chiến,actor,Nhóc đi xe đạp
Thanh Ngân,Cô dâu đại chiến,actor,Bé gái đi scooter
Bé Minh và mẹ Lê,Cô dâu đại chiến,actor,hai mẹ con trong đám cưới
Lê Văn Anh,Thiên mệnh anh hùng,actor,Vương gia
Lê Văn Anh,Để Mai tính 2,actor,người kiểm tra xuất nhập cảnh
Lê Văn Anh,Cả một đời ân oán,actor,Vinh
Lê Văn Anh,Đam mê nghiệt ngã (phim truyền hình Việt Nam),actor,Phát
Lê Văn Anh,Bếp hát,actor,Đỗ Duy
Lê Văn Anh,Trói buộc yêu thương,actor,Lương
Lê Văn Anh,Tình thắm duyên xuân,actor,Thanh Phong
Lê Văn Anh,Phía trước là bầu trời,actor,Vinh
Lê Văn Anh,Vị tướng tình báo và hai bà vợ,actor,Thành (lúc lớn)
Bá Cường,Thiên mệnh anh hùng,actor,Vương Thiên
Bá Cường,Cô dâu đại chiến 2,actor,Thành
Bá Cường,Miền đất phúc,actor,Tày
Bá Cường,Những đứa con biệt động Sài Gòn,actor,Nguyễn Đắc Vi
Bá Cường,Cho em một ngày vui,actor,Dư
Bá Cường,Vị tướng tình báo và hai bà vợ,actor,Ông Lễ
Bá Cường,Ngày hè sôi động,actor,Ông tổ trưởng Và một số diễn viên khác
Dũng Nhi,Thiên mệnh anh hùng,actor,Nguyễn Trãi
Dũng Nhi,Mùa lá rụng,actor,Luận
Dũng Nhi,Người trở về,actor,Ông Ba (bố Mây)
Dũng Nhi,Chạy án,actor,Cao Đức Cẩm
Dũng Nhi,Bí thư Tỉnh ủy (phim truyền hình Việt Nam),actor,Bí thư Tỉnh ủy Hoàng Kim (nguyên mẫu
Dũng Nhi,Của để dành,actor,Bố Lan
Dũng Nhi,Bài ca ra trận,actor,Nam
Tuấn Bình,Thiên mệnh anh hùng,actor,Nguyên Vũ lúc nhỏ
Tuấn Bình,Ngày hè sôi động,actor,Hùng
Phùng Hoa Hoài Linh,Thiên mệnh anh hùng,actor,Hoa Xuân lúc nhỏ
Phùng Hoa Hoài Linh,Lý Công Uẩn: Đường tới thành Thăng Long,actor,Lê Thị Thanh Liên lúc nhỏ
Lê Ngọc Huỳnh,Thiên mệnh anh hùng,actor,Lão già điên
Hoàng Mai Anh,Thiên mệnh anh hùng,actor,Cô gái điên
Hoàng Mai Anh,Trận đồ bát quái,actor,Kim Ngân
Hoàng Mai Anh,Sống cùng lịch sử (phim),actor,Dương
Hoàng Mai Anh,Đừng bắt em phải quên,actor,Lan
Hoàng Mai Anh,Vẫn có em bên đời,actor,Trinh
Hoàng Mai Anh,Nhà trọ Balanha,actor,Hiền
Hoàng Văn Huy,Thiên mệnh anh hùng,actor,Cha Hoa Hạ
Phạm Minh Nguyệt,Thiên mệnh anh hùng,actor,Mẹ Hoa Hạ
Phạm Minh Nguyệt,Đừng làm mẹ cáu,actor,Bà Tâm
Phạm Minh Nguyệt,Sóng ở đáy sông,actor,Biển
Thế Hưng,Thiên mệnh anh hùng,actor,Cha Nguyên Vũ
Thu Hằng,Thiên mệnh anh hùng,actor,Mẹ Nguyên Vũ
Thu Hằng,Xóm nước đen,actor,Bé Huệ
Thu Hằng,Ma làng,actor,Lập
Thu Hằng,Ám ảnh xanh,actor,Lan Thanh
Ngọc Thân,Thiên mệnh anh hùng,actor,Nhật Nam
Nguyên Mạnh Quang,Thiên mệnh anh hùng,actor,Đinh Phúc
Hoàng Văn Thạnh,Thiên mệnh anh hùng,actor,Đinh Thắng
Mạnh Sinh,Thiên mệnh anh hùng,actor,Sư trụ trì
Mạnh Sinh,Mùa ổi,actor,Tự vệ dân phố
Thanh Tùng,Thiên mệnh anh hùng,actor,Sư trẻ
Thanh Tùng,Sinh tử,actor,"Vũ Văn Chỉnh, Giám đốc Sở Kế hoạch Đầu tư tỉnh Việt Thanh"
Thanh Tùng,Sui gia khắc khẩu,actor,Ông Bảy Tòng
Thanh Tùng,Có hẹn với yêu thương,actor,Ông Mười
Thanh Tùng,Dâu bể đường trần,actor,Ông Văn Tân
Thanh Tùng,Vũ điệu đón xuân,actor,Ông Tơ
Thanh Tùng,Khi đàn ông có bầu,actor,Người đi đường
Thanh Tùng,Xóm nước đen,actor,Ba Hạnh
Thanh Tùng,Thái sư Trần Thủ Độ (phim truyền hình),actor,Thái giám Dần
Thanh Tùng,Tình yêu không hẹn trước,actor,Phan
Thanh Tùng,Gió qua miền tối sáng,actor,Đô
Thanh Tùng,Khi đàn chim trở về,actor,Toàn
Lê Văn Học,Thiên mệnh anh hùng,actor,Thầy thuốc giàu
Lê Văn Học,Lý Công Uẩn: Đường tới thành Thăng Long,actor,Ông của Thanh Liên
Lê Văn Học,Lời thú nhận của Eva,actor,Ông Đàm
Lý Thanh Kha,Thiên mệnh anh hùng,actor,Thầy thuốc nghèo
Lý Thanh Kha,Chuyện của Pao,actor,ông Chúng
Lý Thanh Kha,Cuộc chiến không giới tuyến,actor,Thào A Hoàn
Lý Thanh Kha,"Không ngại cưới, chỉ cần một lý do",actor,Cụ Sửu
Lý Thanh Kha,Ma làng,actor,Cụ Tĩnh
Lý Thanh Kha,Hợp đồng hôn nhân (phim truyền hình),actor,Bố Phong
Lý Thanh Kha,Khi đàn chim trở về,actor,Ông Hoạt
Nguyễn Châu,Thiên mệnh anh hùng,actor,Ông chủ quán nước
Nguyễn Châu,Cô dâu đại chiến 2,actor,Bệnh nhân
Nguyễn Châu,Gọi giấc mơ về,actor,Ông Tám
Anh Duy,Thiên mệnh anh hùng,actor,Cháu bé
Dương Hoàng Anh,Scandal: Bí mật thảm đỏ,actor,Hoàng Kiệt
Dương Hoàng Anh,Đồng tiền quỷ ám,actor,Nam
Dương Hoàng Anh,Ngũ hợi tấn hỷ,actor,Hoàng Hải
Dương Hoàng Anh,Gia tài bác sĩ,actor,Thảo
Dương Hoàng Anh,Những thiên thần áo trắng,actor,Bố July Miu
Dương Hoàng Anh,Chuyện tình đảo ngọc,actor,Lê Phong
Dương Hoàng Anh,Sắc đẹp và danh vọng,actor,Huỳnh Thông
Dương Hoàng Anh,Kẻ ngược dòng,actor,Thành Lai
Dương Hoàng Anh,Phía cuối cầu vồng,actor,Nam Phong
Quyền Lộc,Scandal: Bí mật thảm đỏ,actor,Nhà báo Vinh
Quyền Lộc,Cô dâu đại chiến 2,actor,Dân phòng
Quyền Lộc,Áo cưới thiên đường,actor,Lâm
Quyền Lộc,Tiền chùa,actor,Giang
Dương Khắc Linh,Scandal: Bí mật thảm đỏ,actor,Nhạc sĩ Dương Khắc Linh
Hữu Tiến,Scandal: Bí mật thảm đỏ,actor,Đạo diễn sân khấu
Hữu Tiến,Cô dâu đại chiến 2,actor,Bác sĩ
Hữu Tiến,Bên kia sông,actor,Thế Mạnh
Hữu Tiến,Bắc kim thang (phim),actor,chú Thiện Tâm
Hữu Tiến,Võ lâm truyền kỳ (phim),actor,Anh chàng sinh viên
Lâm Lệ,Scandal: Bí mật thảm đỏ,actor,Thầy bùa
Yu Dương,Cô dâu đại chiến 2,actor,Quỳnh Vy
Yu Dương,Tháng năm rực rỡ,actor,Phương My (con gái Hiểu Phương)
Yu Dương,Mỹ nhân Sài Thành,actor,Hồng Hoa
Yu Dương,Tía tui là cao thủ,actor,bà Liên lúc trẻ
Yu Dương,Lời nguyền huyết ngải,actor,Chiêu Dương
Yu Dương,Mỹ nhân Sài thành,actor,Hồng Hoa
Hoàng Bách,Cô dâu đại chiến 2,actor,Sơn
Hoàng Bách,Quả tim máu,actor,Sơn
Trịnh Phương Đài,Cô dâu đại chiến 2,actor,My Băng
Trịnh Phương Đài,Hoa nắng (phim truyền hình Việt Nam),actor,Mỹ Linh
Tống Mỹ Ly,Cô dâu đại chiến 2,actor,Mẹ của Ngọc
Tống Mỹ Ly,Hoa nắng (phim truyền hình Việt Nam),actor,Bà Hoa
Dũng Nhí,Cô dâu đại chiến 2,actor,Người đàn ông trên đường
Dũng Nhí,Hello cô Ba,actor,Ông Ba Rắn
Dũng Nhí,Ầu ơ ví dầu,actor,Minh Rỗ
Dũng Nhí,Hello Cô Ba,actor,Ông Ba Rắn
Bé Ben,Cô dâu đại chiến 2,actor,Bé trai
Bé Ben,Hello cô Ba,actor,Bé Bo
Bé Ben,Năm sau con lại về,actor,bé Thông
Bé Ben,Hello Cô Ba,actor,Bé Bo
Văn Anh,Cô dâu đại chiến 2,actor,Tuấn
Văn Anh,Ngày ấy mình đã yêu,actor,Ông Hiệp === Khách mời ===
Văn Anh,Canh bạc tình yêu,actor,Ông Tường
Văn Anh,Một lần đi bụi,actor,Cường
Văn Anh,Chủ tịch tỉnh (phim truyền hình),actor,Tuấn
Nancy Nguyễn,Quả tim máu,actor,Hồng
Vy Minh,Quả tim máu,actor,Y tá
Trọng Khang,Tôi thấy hoa vàng trên cỏ xanh (phim),actor,Tường
Trọng Khang,Mẹ trùm,actor,Hiếu (lúc nhỏ)
Thanh Mỹ,Tôi thấy hoa vàng trên cỏ xanh (phim),actor,Mận
Thanh Mỹ,Nghề siêu dễ (phim 2022),actor,Bé My
Lê Vinh,Tôi thấy hoa vàng trên cỏ xanh (phim),actor,bố của Thiều và Tường
Lê Vinh,Mỹ nhân Sài Thành,actor,Ba Dũng
Lê Vinh,Nước mắt loài cỏ dại,actor,Ông Minh
Lê Vinh,Thất sơn tâm linh,actor,công an Kỳ
Lê Vinh,Mỹ nhân Sài thành,actor,Ba Dũng
Lê Vinh,Lời nguyền (phim truyền hình),actor,Cậu Mão
Trương Tử Liên,Tôi thấy hoa vàng trên cỏ xanh (phim),actor,mẹ của Thiều và Tường
Nguyễn Anh Tú,Tôi thấy hoa vàng trên cỏ xanh (phim),actor,chú Đàn
Nguyễn Anh Tú,Bán chồng,actor,Vui
Khánh Hiền,Tôi thấy hoa vàng trên cỏ xanh (phim),actor,chị Vinh
Khánh Hiền,Sông dài (phim),actor,Bà Hạnh Hoà (lúc trẻ)
Khánh Hiền,Lời nguyền lúc 0 giờ,actor,Bích Châu
Khánh Hiền,Sông dài (phim truyền hình),actor,Bà Hạnh Hoà (lúc trẻ)
Khánh Hiền,"Taxi, em tên gì?",actor,Hạ Mây
Khánh Hiền,Mặn hơn muối,actor,Trúc
Mỹ Anh,Tôi thấy hoa vàng trên cỏ xanh (phim),actor,Nhi
Mỹ Anh,Mùa ổi,actor,Bạn Thủy (lúc bé)
Công Huân,Tôi thấy hoa vàng trên cỏ xanh (phim),actor,Sơn
Trúc Anh,Mắt biếc (phim),actor,Hà Lan
Trúc Anh,Tháng năm rực rỡ,actor,nữ sinh bắt nạt Phương My
Trần Phong,Mắt biếc (phim),actor,Dũng
Trần Phong,Rừng thế mạng,actor,Bách
Khánh Vân,Mắt biếc (phim),actor,Trà Long
Khánh Huyền,Mắt biếc (phim),actor,Cô của Hà Lan
Khánh Huyền,Tháng năm rực rỡ,actor,mẹ kế của Tuyết Anh
Khánh Huyền,Mỹ nhân Sài Thành,actor,Bà Thảo Vân
Khánh Huyền,Giấc mơ của mẹ,actor,Bà Hồng
Khánh Huyền,Chàng trai năm ấy,actor,mẹ của Phong
Khánh Huyền,Những đứa con biệt động Sài Gòn,actor,Trang Hạ
Khánh Huyền,Vợ quan,actor,Bà Lan
Khánh Huyền,Những mảnh đời rừng,actor,Vân
Khánh Huyền,Con nhện xanh,actor,Bích Diệp
Khánh Huyền,Mỹ nhân Sài thành,actor,Bà Thảo Vân
Khánh Huyền,Ngọt ngào và man trá,actor,Xoan
Trâm Anh,Trại hoa đỏ (phim),actor,Vỹ
Trâm Anh,Cưới ngay kẻo lỡ,actor,cô người mẫu
Trâm Anh,Lật mặt 7: Một điều ước,actor,Năm Thảo
Trâm Anh,Cái giá của hạnh phúc,actor,Trúc Linh
Trâm Anh,Tử chiến trên không,actor,Nhàn
Cao Thái Hà,Trại hoa đỏ (phim),actor,Vân
Cao Thái Hà,Bão ngầm,actor,Thiếu úy Vũ Hạ Lam (Thủy)
Cao Thái Hà,Đồng tiền quỷ ám,actor,Kim Oanh
Cao Thái Hà,Mẹ rơm,actor,Xuân
Cao Thái Hà,Bán chồng,actor,Diệu Ngọc
Cao Thái Hà,Tìm chồng cho vợ tôi,actor,Ngọc
Cao Thái Hà,Duyên định kim tiền,actor,Như Hoa
Lê Quốc Nam,Trại hoa đỏ (phim),actor,cảnh sát Mừng
Lê Quốc Nam,Nụ hôn thần chết (phim),actor,Đạo diễn sân khấu
Lê Quốc Nam,Nụ hôn thần chết,actor,Đạo diễn sân khấu
Lê Quốc Nam,Tiệm ăn của quỷ,actor,Chủ tiệm
Phan Minh Anh,Trại hoa đỏ (phim),actor,bé Bảo
Ngân Hòa,Trại hoa đỏ (phim),actor,Ráy
Ngân Hòa,Giấc mơ của mẹ,actor,Thanh Hằng
Ngân Hòa,Vua bánh mì (phim truyền hình Việt Nam),actor,Thụy Minh
Tùng Min,Trại hoa đỏ (phim),actor,Sương
Tùng Min,Bước nhảy xì tin,actor,Dương đá tảng (trưởng nhóm nhảy Brave Heart)
Văn Cà Thiện,Trại hoa đỏ (phim),actor,Trực
Thanh Thức,Trại hoa đỏ (phim),actor,ông Nam
Thanh Thức,Ông trùm (phim truyền hình Việt Nam),actor,Trương Vĩnh
Thanh Thức,Dập tắt lửa lòng,actor,Tốt
Thanh Thức,Có hẹn với yêu thương,actor,Trung
Thanh Thức,Thử thách cuộc đời,actor,Nghĩa
Thanh Thức,Thẩm mỹ viện (phim truyền hình),actor,Thành Đạt
Thanh Thức,Mẹ ghẻ (phim truyền hình),actor,Vĩnh Kiệt
Thanh Thức,Lẩn khuất một tên người,actor,Dương
Thanh Thức,Thương con cá rô đồng,actor,Chơn
Thanh Thức,Lật mặt 7: Một điều ước,actor,Danh
Thanh Thức,Chúng ta phải hạnh phúc,actor,Bình
Thanh Thức,Đối mặt (phim truyền hình),actor,Duy Tường
Thanh Thức,Lật Mặt 6: Tấm vé định mệnh,actor,An
Thanh Thức,Lật mặt 6: Tấm vé định mệnh,actor,An
Thanh Thức,Vua bánh mì (phim truyền hình Việt Nam),actor,Bác sĩ Dương
Diệp Bảo Ngọc,Trại hoa đỏ (phim),actor,cô Thúy
Diệp Bảo Ngọc,Vũ điệu đón xuân,actor,Trang
Diệp Bảo Ngọc,Ải mỹ nhân,actor,Mai
Diệp Bảo Ngọc,Lật Mặt 6: Tấm vé định mệnh,actor,Liên
Diệp Bảo Ngọc,Lật mặt 6: Tấm vé định mệnh,actor,Liên
Võ Thị Lan Hương,Trại hoa đỏ (phim),actor,bà Loan
Phan Nguyễn Bảo Ngọc,Trại hoa đỏ (phim),actor,bé Yến
Maryline Tâm Võ,Để Mai tính,actor,Ánh
Maryline Tâm Võ,Để mai tính,actor,Ánh
Leon Lê,Song lang (phim),director,
Leon Lê,Để Mai tính,actor,Sơn
Leon Lê,Để mai tính,actor,Sơn
Đào Duy Tân,Để Mai tính,actor,Thành
Đào Duy Tân,Để mai tính,actor,Thành
Ngụy Thanh Lan,Để Mai tính,actor,Thư ký
Ngụy Thanh Lan,Để mai tính,actor,Thư ký
Trương Thế Vinh,Để Mai tính,actor,Chủ quán bar
Trương Thế Vinh,Thời gian để yêu (phim truyền hình),actor,Thái
Trương Thế Vinh,Án mạng lầu 4,actor,Thắng
Trương Thế Vinh,Hoán đổi thân xác,actor,Trương Thế Vinh - chàng ca sĩ nghiệp dư sẵn sàng bán giọng ca vàng của mình đi để kiếm số tiền lớn chữa bệnh cho bà ngoại
Trương Thế Vinh,Nhà có 5 nàng tiên,actor,Khải Phong
Trương Thế Vinh,Cha và con và...,actor,Thăng
Trương Thế Vinh,Để mai tính,actor,Chủ quán bar
Trương Thế Vinh,Song song (phim),actor,Quân
Dominic Pereira,Để Mai tính,actor,Khách trong khách sạn
Dominic Pereira,Để mai tính,actor,Khách trong khách sạn
Quách Ngọc Ngoan,Khát vọng Thăng Long,actor,Lý Công Uẩn
Quách Ngọc Ngoan,Long thành cầm giả ca (phim),actor,Nguyễn Du
Đình Toàn,Khát vọng Thăng Long,actor,Lê Long Đĩnh
Đình Toàn,Đồng quê (phim truyền hình),actor,Tình
Nguyễn Thu Trang,Khát vọng Thăng Long,actor,ca nữ Dạ Hương
Nguyễn Thu Trang,Áo lụa Hà Đông (phim),actor,Hội An
Nguyễn Thu Trang,Người trở về,actor,Liễu
Ngô Mỹ Uyên,Khát vọng Thăng Long,actor,Phụng Càn Chí Lý Hoàng hậu
Phương Khánh,Cưới ngay kẻo lỡ,actor,Duyên
Phương Khánh,Ăn tết miệt vườn,actor,Mai
Phương Khánh,Đồng quê (phim truyền hình),actor,Yến
Hữu Luân,Cưới ngay kẻo lỡ,actor,giám đốc tòa soạn
Hữu Luân,Tình yêu còn lại,actor,Ông Định
Hữu Luân,Taxi (phim truyền hình),actor,Ông Bình
Hữu Luân,Sài Gòn Yo!,actor,Ông Lê
Uy Bùi,Cưới ngay kẻo lỡ,actor,nhân viên tòa soạn
Tùng Linh,Cưới ngay kẻo lỡ,actor,nhân viên trang điểm
Tùng Linh,Hoán đổi thân xác,actor,biên tập Thái Hùng
Tùng Linh,Nhà có nhiều cửa sổ,actor,Khải
Tùng Linh,Lựa chọn số phận,actor,Huy
Lê Hóa,Cưới ngay kẻo lỡ,actor,bác sĩ
Lê Hóa,Giải cứu thần chết,actor,Mẹ kế của An An
Lê Hóa,Nụ hôn thần chết (phim),actor,Người đàn bà ở bến xe
Lê Hóa,Thần tượng (phim),actor,mẹ của Linh
Lê Hóa,Bỗng dưng muốn khóc,actor,Quản lý khách sạn
Lê Hóa,Hot boy nổi loạn,actor,Người bán vịt con
Lê Hóa,"Hot boy nổi loạn và câu chuyện về thằng Cười, cô gái điếm và con vịt",actor,Người bán vịt con
Lê Hóa,Nụ hôn thần chết,actor,Người đàn bà ở bến xe
Hồ Kiểng,Cưới ngay kẻo lỡ,actor,ông cụ trong thang máy
Hồ Kiểng,Những nẻo đường phù sa,actor,Tư Cò
Hồ Kiểng,Người đẹp Tây Đô,actor,Lão nông dân nghèo
Hồ Kiểng,Vị đắng tình yêu,actor,ông già bảo vệ công viên
Hồ Kiểng,Hai Cũ,actor,Sĩ quan Nhật
Quang Sự,Bụi đời Chợ Lớn,actor,Quân
Quang Sự,Vũ điệu giữa bầy sói,actor,Uy Long
Quang Sự,Người lắng nghe: Lời thì thầm,actor,bác sĩ trị liệu tâm lý Tường Minh
Quang Sự,Đầm lầy bạc,actor,Nhân
Quang Sự,Dưới bầu trời xa cách,actor,Hải
Quang Sự,Yêu hơn cả bầu trời,actor,Lê Nhất Phong
Quang Sự,Hãy cùng em điệu Sarikakeo,actor,Thạch Vông
Tập tinJohnny Nguyen 22072007 BKKIFFjpg,Để Mai tính 2,actor,khách mời
Tèo em,Để Mai tính 2,actor,Tèo em
Tèo em,Thái Hòa (diễn viên),actor,Tèo
Petey Majik Nguyễn,Để Mai tính 2,actor,đối tác của Hội
Petey Majik Nguyễn,Chàng trai năm ấy,actor,bác sĩ bên Singapore
Lều Phương Anh,Để Mai tính 2,actor,y tá
Lều Phương Anh,Bếp hát,actor,Hồ Bích
Lều Phương Anh,Tiền chùa,actor,Hiền
Lều Phương Anh,Em là bà nội của anh,actor,Nhon
Lâm Thanh Mỹ,Để Mai tính 2,actor,bé An
Lâm Thanh Mỹ,Cám (phim),actor,Cám
Lâm Thanh Mỹ,Thất sơn tâm linh,actor,Gùi (em họ của Sỏi)
Long Đẹp Trai,Để Mai tính 2,actor,Trung - chủ cửa hàng tranh
Long Đẹp Trai,Cô Thắm về làng (phim truyền hình),actor,Toán
Long Đẹp Trai,Sống trong bóng đêm,actor,Mèo
Long Đẹp Trai,Lật mặt 7: Một điều ước,actor,Chủ nhà
Long Đẹp Trai,Năm sau con lại về,actor,Mạnh Côn
Long Đẹp Trai,Bóng ma học đường,actor,bạn của Jimmy Long
Long Đẹp Trai,Hoán đổi thân xác,actor,Trung Nhạc Sĩ
Long Đẹp Trai,Lật mặt (phim),actor,Long
Long Đẹp Trai,Sắc đẹp ngàn cân (phim 2017),actor,Bác sĩ thực tập
Long Đẹp Trai,Sui gia hay xui gia,actor,Chí Khải
Long Đẹp Trai,Lật mặt,actor,Long
Châu Bùi,Em chưa 18,actor,Yến
Nguyễn Tiến Dũng Củ Tỏi,Em chưa 18,actor,Trình
Diễn viên Chí Tâm,Em chưa 18,actor,Kiệt
Châu Thiên Kim,Em chưa 18,actor,Trang
Châu Thiên Kim,Giọt máu vô hình,actor,Liên Chi (lúc trẻ)
Kim Anh,Em chưa 18,actor,My
Kim Anh,Không nơi ẩn nấp,actor,The
Mỹ Duyên,Hồn papa da con gái,actor,Tâm (vợ của Hải
Mỹ Duyên,Tháng năm rực rỡ,actor,Thùy Linh lúc trưởng thành
Mỹ Duyên,Muôn kiểu làm dâu,actor,Bà Thúy
Mỹ Duyên,Đồng tiền quỷ ám,actor,Bà Lanh
Mỹ Duyên,Nơi ngọn gió dừng chân,actor,Bà Thu Cúc
Mỹ Duyên,Nghiệt oan,actor,Cúc
Mỹ Duyên,Những thiên thần áo trắng,actor,Cô chủ nhiệm Thu
Mỹ Duyên,Rồi 30 năm sau,actor,Bà Đại
Mỹ Duyên,Xóm nước đen,actor,Cảnh sát khu vực
Mỹ Duyên,Hoa thiên điểu (phim truyền hình),actor,Thu Hà
Trịnh Thảo,Hồn papa da con gái,actor,Yến
Trịnh Thảo,Tháng năm rực rỡ,actor,Thùy Linh
Khánh Thi,Hồn papa da con gái,actor,Giám khảo cuộc thi tài năng
Bê Trần,12 chòm sao: Vẽ đường cho yêu chạy,actor,Huy
Quỳnh Chi,12 chòm sao: Vẽ đường cho yêu chạy,actor,Chi
Quỳnh Chi,Chị trợ lý của anh,actor,Yến
Võ Cảnh,12 chòm sao: Vẽ đường cho yêu chạy,actor,Nam
Ái Phương,12 chòm sao: Vẽ đường cho yêu chạy,actor,Bạn gái cũ của Huy số 1
Ái Phương,Tía tui là cao thủ,actor,Sương
Andrea Aybar,12 chòm sao: Vẽ đường cho yêu chạy,actor,Bạn gái cũ của Huy số 2
Andrea Aybar,Ngày ấy mình đã yêu,actor,Thỏ Nâu
Andrea Aybar,Nhà trọ Balanha,actor,Cristiana
Nhung Gumiho,12 chòm sao: Vẽ đường cho yêu chạy,actor,Bạn gái cũ của Huy số 3
Hoàng Yến Chibi,Tháng năm rực rỡ,actor,Hiểu Phương
Hoàng Yến Chibi,Em và Trịnh,actor,Hồng Nhung
Hoàng Yến Chibi,Thất sơn tâm linh,actor,Sỏi
Hoàng Yến Chibi,Đảo độc đắc - Tử mẫu Thiên linh cái,actor,Sỏi
Hoàng Oanh,Tháng năm rực rỡ,actor,Mỹ Dung
Hoàng Oanh,Cha rơi,actor,Tâm
Hoàng Oanh,Khúc hát mặt trời,actor,Quyên
Hoàng Oanh,Ầu ơ ví dầu,actor,Kế Toán
Thanh Hằng,Tháng năm rực rỡ,actor,Mỹ Dung lúc trưởng thành
Thanh Hằng,Gia tài bác sĩ,actor,Hạnh
Thanh Hằng,Tuyết nhiệt đới,actor,Lam ===Nhân vật khác===
Thanh Hằng,Nụ hôn thần chết (phim),actor,An
Thanh Hằng,Những cô gái chân dài,actor,Ngọc Mai
Thanh Hằng,Chị chị em em,actor,Thiên Kim
Thanh Hằng,Mỹ nhân kế (phim),actor,Kiều Thị
Thanh Hằng,Nụ hôn thần chết,actor,An
Thanh Hằng,Anh có phải đàn ông không,actor,Bà Mai
Mỹ Uyên,Tháng năm rực rỡ,actor,Bảo Châu lúc trưởng thành
Mỹ Uyên,Cả một đời ân oán,actor,Bà Hoàng Thị Kim Lan
Mỹ Uyên,Nước mắt loài cỏ dại,actor,Bà Phương
Mỹ Uyên,Khi đàn ông có bầu,actor,Bạn của Duyên
Mỹ Uyên,Lạc giới,actor,bà chủ tiệm xe máy
Mỹ Uyên,Sống trong sợ hãi,actor,Uyên
Mỹ Uyên,Lục Vân Tiên (phim truyền hình),actor,Kim Liên
Mỹ Uyên,Tiệm ăn dì ghẻ,actor,Mẹ Huy
Minh Thảo,Tháng năm rực rỡ,actor,Lan Chi
Minh Thảo,Con gái bố già,actor,Phen
Minh Thảo,Thẩm mỹ viện (phim truyền hình),actor,Út Mơ
Minh Thảo,Bay vào cõi mộng,actor,Bạn của Thiên Kim
Minh Thảo,Nhà có 5 nàng tiên,actor,Tiên Sa
Minh Thảo,Đồng quê (phim truyền hình),actor,Én
Minh Thảo,Vòng xoáy tình yêu,actor,Nga
Minh Thảo,Con gái vị thẩm phán,actor,Bích Vân
Minh Thảo,Vẫn có em bên đời,actor,Loan
Minh Thảo,Mặn hơn muối,actor,Cúc
Tiến Vũ,Tháng năm rực rỡ,actor,Đông Hồ
Lan Hương diễn viên sinh 1961,Tháng năm rực rỡ,actor,mẹ của Hiểu Phương
Lan Hương diễn viên sinh 1961,Tuổi thanh xuân,actor,Mẹ của Mai
Lan Hương diễn viên sinh 1961,Lửa ấm,actor,Bà Mai
Lan Hương diễn viên sinh 1961,Trái tim có nắng,actor,Bà Thu
Lan Hương diễn viên sinh 1961,Giao mùa,actor,Nga
Lan Hương diễn viên sinh 1961,Mùa ổi,actor,Thủy (em gái của Hòa)
Lan Hương diễn viên sinh 1961,Mùa xuân ở lại,actor,Mẹ Hòa
Lan Hương diễn viên sinh 1961,Bí thư Tỉnh ủy (phim truyền hình Việt Nam),actor,Bà Lê
Đức Khuê,Tháng năm rực rỡ,actor,bố của Hiểu Phương
Đức Khuê,Đừng nói khi yêu,actor,Ông Long
Đức Khuê,Chúng ta của 8 năm sau,actor,Ông Lực
Đức Khuê,Em là bà nội của anh,actor,ông Quang
Đức Khuê,Nàng dâu order,actor,Tiện
Đức Khuê,Chủ tịch tỉnh (phim truyền hình),actor,Chung
Đức Khuê,Đấu trí (phim truyền hình Việt Nam),actor,Nguyễn Lê Cửu
Đức Khuê,Mùa hoa tìm lại,actor,Ông Trọng
Đức Khuê,Hàng xóm (phim),actor,Hà
Đức Khuê,Bánh đúc có xương,actor,Đông Hưng
Đức Khuê,Lập trình cho trái tim,actor,Mạnh quặp
Lãnh Thanh,Tháng năm rực rỡ,actor,anh trai Hiểu Phương
Lãnh Thanh,Chị chị em em,actor,Huy
Lãnh Thanh,Nơi giấc mơ tìm về,actor,Gia An
Song Ngư,Tháng năm rực rỡ,actor,Xuân Lan
Song Ngư,Lời nguyền lúc 0 giờ,actor,Lan Trinh
Trần Thế Nhân,Tháng năm rực rỡ,actor,thanh niên trong xóm lao động
Cindy Thái Tài,Tháng năm rực rỡ,actor,bà chủ nhà thổ
Soho Nguyễn Hoàng Sơn,Tháng năm rực rỡ,actor,người yêu của Thùy Linh
Công Dũng,Huyền sử thiên đô (phim),actor,Lý Công Uẩn
Công Dũng,Bão ngầm,actor,Đại úy Lê Mậu Lâm
Công Dũng,Đồng tiền quỷ ám,actor,Thạch Sang
Công Dũng,Huyền sử thiên đô,actor,Lý Công Uẩn
Công Dũng,Một lần đi bụi,actor,Quân
Công Dũng,Mê cung (phim truyền hình),actor,Phó chánh Thanh tra Trần Đức
Công Dũng,Điều bí mật,actor,Lâm
Công Dũng,Lời thì thầm từ quá khứ,actor,Hùng
Công Dũng,Giao mùa,actor,Toàn
Công Dũng,Tình xa,actor,Minh
Công Dũng,Vòng nguyệt quế (phim truyền hình),actor,Thái Bạch
Công Dũng,Hoa cỏ may,actor,Thắng
Công Dũng,Những công dân tập thể,actor,Kỉnh
BB Minh Thúy,Huyền sử thiên đô (phim),actor,Giáng Bình
BB Minh Thúy,Huyền sử thiên đô,actor,Giáng Bình
Giáng My,Huyền sử thiên đô (phim),actor,Phụng Càn Hoàng hậu
Giáng My,Huyền sử thiên đô,actor,Phụng Càn Hoàng hậu
Hà Xuyên,Huyền sử thiên đô (phim),actor,Minh Đạo Hoàng hậu
Hà Xuyên,Huyền sử thiên đô,actor,Minh Đạo Hoàng hậu
Hà Xuyên,Dollars trắng,actor,Mẹ Maia
Thu Quỳnh,Huyền sử thiên đô (phim),actor,Công chúa Cúc Phương
Thu Quỳnh,Ngược chiều nước mắt,actor,Phương
Thu Quỳnh,Về nhà đi con,actor,Thu Huệ
Thu Quỳnh,Huyền sử thiên đô,actor,Công chúa Cúc Phương
Thu Quỳnh,Sống chung với mẹ chồng,actor,Trang
Thu Quỳnh,Quỳnh búp bê,actor,"My ""Sói"""
Thu Quỳnh,Yêu thì ghét thôi,actor,Quỳnh
Thu Quỳnh,Những ngày không quên,actor,Thu Huệ
Thu Quỳnh,Cuộc chiến không giới tuyến,actor,Lang Phương
Trần Nhượng,Huyền sử thiên đô (phim),actor,Lê Thoán
Trần Nhượng,Sinh tử,actor,"Yên, Phó Trưởng ban Nội chính Trung ương"
Trần Nhượng,Bão ngầm,actor,Thiếu tướng Nguyễn Văn Hoạch
Trần Nhượng,Về nhà đi con,actor,Sếp của Thư
Trần Nhượng,Huyền sử thiên đô,actor,Lê Thoán
Trần Nhượng,Chủ tịch tỉnh (phim truyền hình),actor,Viện
Trần Nhượng,Người phán xử (phim truyền hình Việt Nam),actor,"Kính ""Trắng"""
Trần Nhượng,Đấu trí (phim truyền hình Việt Nam),actor,Trần Hoàng
Trần Nhượng,Mê cung (phim truyền hình),actor,Lê Vương
Trần Nhượng,Điều bí mật,actor,Ông Vũ
Trần Nhượng,Lựa chọn số phận,actor,Ông Hinh
Trần Nhượng,Hướng dương ngược nắng,actor,Bố Hoàng
Trần Nhượng,Xin hãy tin em (phim truyền hình),actor,Ông chủ nhà
Trần Nhượng,Cho em một ngày vui,actor,Bê
Trần Nhượng,Hoa cỏ may,actor,Bố Thủy
Trần Nhượng,Ngự lâm không kiếm,actor,Ông Khang
Trần Nhượng,Khi đàn chim trở về,actor,Ông Tạo
Trần Nhượng,Những cô gái trong thành phố,actor,Ông Khanh
Trần Tường diễn viên sinh năm 1955,Huyền sử thiên đô (phim),actor,Thiền sư Vạn Hạnh
Trần Tường diễn viên sinh năm 1955,Mỹ nhân Sài Thành,actor,Ông Lâm Thành
Trần Tường diễn viên sinh năm 1955,Con gái vị thẩm phán,actor,Trọng Toàn
Trần Tường diễn viên sinh năm 1955,Huyền sử thiên đô,actor,Thiền sư Vạn Hạnh
Trần Tường diễn viên sinh năm 1955,Mỹ nhân Sài thành,actor,Ông Lâm Thành
Trần Tường diễn viên sinh năm 1955,Sóng ở đáy sông,actor,Giám thị trại giam
Trần Tường diễn viên sinh năm 1955,Mảnh đời của Huệ (phim),actor,Hải
Trần Tường diễn viên sinh năm 1955,Mảnh đời của Huệ,actor,Hải
Trọng Khôi,Huyền sử thiên đô (phim),actor,Lê Thái Như
Trọng Khôi,Huyền sử thiên đô,actor,Lê Thái Như
Trọng Khôi,12A và 4H,actor,Ông Quang
Trọng Khôi,Con nhện xanh,actor,Chu Dĩnh
Trọng Khôi,Niệm khúc cuối,actor,Giám đốc Công
Trọng Khôi,Một lần đi bụi,actor,Ông Thành
Viết Liên,Huyền sử thiên đô (phim),actor,Đinh Đỗ Hoàn
Viết Liên,"Zippo, mù tạt và em",actor,Bố Lam
Viết Liên,Tết ở làng địa ngục,actor,Đồ Lam
Viết Liên,Huyền sử thiên đô,actor,Đinh Đỗ Hoàn
Viết Liên,Hành trình công lý,actor,Ông Vương Quang Hữu
Viết Liên,Điều bí mật,actor,Ông Học
Viết Liên,Dưới bầu trời xa cách,actor,Ông Tân
Viết Liên,Kẻ ăn hồn,actor,ông Khôi (bố của Phong)
Viết Liên,Con mắt bão,actor,ông Bậc
Viết Liên,Ngày hè sôi động,actor,Ông Hào
Tùng Yuki,Bí mật tam giác vàng,actor,"Vũ Hoàng Chiến (Chiến ""Lão phật gia"")"
Nhung Kate (diễn viên),Bí mật tam giác vàng,actor,Nathavon
Diễm Hằng,Bí mật tam giác vàng,actor,Cay Xỉ
Diễm Hằng,"Mẹ ơi, bố đâu rồi?",actor,Mai
Diễm Hằng,Nhà có ba chị em,actor,Vân
Nguyễn Văn Báu,Bí mật tam giác vàng,actor,Thượng tá Nguyễn Đức Minh
Nguyễn Văn Báu,Đường lên Điện Biên,actor,Tục
Nguyễn Văn Báu,Chạm tay vào nỗi nhớ,actor,Thiếu tướng Khải
Nguyễn Văn Báu,Điều bí mật,actor,Ông Phương
Nguyễn Văn Báu,Lựa chọn số phận,actor,Lê Văn Toàn
Nguyễn Văn Báu,Sinh mệnh (phim),actor,Thủ trưởng Thạnh
Nguyễn Văn Báu,Chạy án,actor,Chu Văn Hòa
Nguyễn Văn Báu,Vị tướng tình báo và hai bà vợ,actor,Anh Sáu
Tạ Minh Thảo,Bí mật tam giác vàng,actor,Thượng tá Trần Văn Chương
Tạ Minh Thảo,Sinh tử,actor,"Trịnh Huy Thiệp, Giám đốc Sở Tài nguyên và Môi trường tỉnh Việt Thanh"
Tạ Minh Thảo,Bão ngầm,actor,Quách Đại Đức
Tạ Minh Thảo,Những đứa con biệt động Sài Gòn,actor,Giàng A Páo
Tạ Minh Thảo,Sang sông,actor,Chấn
Tạ Minh Thảo,Ranh giới (phim 2002),actor,Chủ quán {{Small|(danh đề
Tạ Minh Thảo,Những người đã hết thời,actor,Bảo kê mỏ vàng 1
Tạ Minh Thảo,Dòng sông phẳng lặng (phim truyền hình),actor,Bửu Đức
Tạ Minh Thảo,Luật đời,actor,Tổng biên tập Triển
Tạ Minh Thảo,Cuồng phong (phim truyền hình),actor,Phúc Búa
Tạ Minh Thảo,Đầm lầy bạc,actor,Văn Lực
Tạ Minh Thảo,Chủ tịch tỉnh (phim truyền hình),actor,Hùng
Tạ Minh Thảo,Thái sư Trần Thủ Độ (phim truyền hình),actor,Đoàn Thượng
Tạ Minh Thảo,Chạm tay vào nỗi nhớ,actor,Thiếu tướng Quyết
Tạ Minh Thảo,Hoa bay,actor,Đại Đất
Tạ Minh Thảo,Người phán xử (phim truyền hình Việt Nam),actor,Đinh Khánh
Tạ Minh Thảo,Đấu trí (phim truyền hình Việt Nam),actor,Đại tá Bùi Việt
Tạ Minh Thảo,Gara hạnh phúc,actor,Lão Phi
Hoàng Chí Công,Bí mật tam giác vàng,actor,Xổm Đi
Hoàng Chí Công,Cuộc chiến không giới tuyến,actor,"Thiếu tá, Trung tá Đỗ Mạnh"
Hoàng Chí Công,Độc đạo,actor,Đại tá Lâm Minh Hải
Hoàng Hải (diễn viên),Bí mật tam giác vàng,actor,Đại úy Lê Văn Bá
Hoàng Hải (diễn viên),Hồ sơ cá sấu,actor,"Phạm Văn Tuấn (Tuấn ""mỏ"")"
Hoàng Hải (diễn viên),Cuộc chiến không giới tuyến,actor,Trung tá Nguyễn Minh Quang
Hoàng Hải (diễn viên),Vệt nắng cuối trời,actor,Hoàng Vinh
Hoàng Hải (diễn viên),Cuộc đời vẫn đẹp sao (phim truyền hình),actor,"Trần Văn Lưu (Lưu ""nát"")"
Hoàng Hải (diễn viên),Độc đạo,actor,Lê Toàn
Hoàng Hải (diễn viên),Lẵng hoa tình yêu,actor,Sơn
Hoàng Hải (diễn viên),Đầm lầy bạc,actor,Thiện Lương
Hồ Phong,Bí mật tam giác vàng,actor,Đỗ Thanh Tùng
Hồ Phong,Hương vị tình thân,actor,Lão Cao Mạnh Tấn
Hồ Phong,Thương ngày nắng về,actor,Khoa
Hồ Phong,Cuồng phong (phim truyền hình),actor,Lâm Cao
Hồ Phong,Đấu trí (phim truyền hình Việt Nam),actor,"Lê An Hùng (Hùng ""đơn""/Boss)"
Hồ Phong,Độc đạo,actor,"Trương Văn Dương (Dương ""Cơ bắp"")"
Hồ Phong,Những nhân viên gương mẫu,actor,Sơn
Hồ Phong,Khi đàn chim trở về,actor,Tùng
Hồ Phong,Những công dân tập thể,actor,Quân
Chu Hùng,Bí mật tam giác vàng,actor,Trương Văn Quang
Chu Hùng,Đầm lầy bạc,actor,Nguyễn Cố
Chu Hùng,Thái sư Trần Thủ Độ (phim truyền hình),actor,Quách Bốc
Chu Hùng,Người phán xử (phim truyền hình Việt Nam),actor,"Thế ""Chột"""
Chu Hùng,Đất và người,actor,Tám lé
Chu Hùng,Xích lô (phim),actor,Kẻ Cướp Tiền
Diệu Thuần,Bí mật tam giác vàng,actor,Bun Xa Lì
Diệu Thuần,Mùa lá rụng,actor,Hoài
Diệu Thuần,Người Hà Nội (phim),actor,Vợ trước của Dặt
Diệu Thuần,Hàng xóm (phim),actor,Thúy An
Diệu Thuần,Chiến dịch trái tim bên phải,actor,mẹ Hoàng
Diệu Thuần,Tội lỗi cuối cùng,actor,Người yêu Tuấn
Việt Thắng (diễn viên),Bí mật tam giác vàng,actor,Đại tá Nguyễn Văn Trúc
Việt Thắng (diễn viên),Hồ sơ cá sấu,actor,ông Phú
Việt Thắng (diễn viên),Gặp em ngày nắng,actor,Ông Hoà
Việt Thắng (diễn viên),Sinh tử,actor,"Đỗ Ngọc Hải, Chủ nhiệm Ủy ban Kiểm tra Tỉnh ủy Việt Thanh"
Việt Thắng (diễn viên),Hành trình công lý,actor,Viện trưởng Viện Kiểm sát tỉnh Việt An
Việt Thắng (diễn viên),Đấu trí (phim truyền hình Việt Nam),actor,Đại tá Phạm Hải
Bình Xuyên,Bí mật tam giác vàng,actor,Đại tá Nguyễn Đức Vượng
Bình Xuyên,Sinh tử,actor,"Lê Văn Bá, Trưởng ban Nội chính Tỉnh ủy Việt Thanh"
Bình Xuyên,Hồ sơ cá sấu,actor,Đinh Hoàng
Bình Xuyên,Bão ngầm,actor,Trung tướng Nguyễn Xuân Luận
Bình Xuyên,Cuồng phong (phim truyền hình),actor,Trịnh
Bình Xuyên,Mê cung (phim truyền hình),actor,Đại tá Đặng Hoàng Phong
Bình Xuyên,Lựa chọn số phận,actor,Bùi Văn Phán
Bình Xuyên,"Không ngại cưới, chỉ cần một lý do",actor,Cụ Tý
Bình Xuyên,Cho em một ngày vui,actor,Trung tá Công an
Bình Xuyên,Khi đàn chim trở về,actor,Tấn
Bình Xuyên,Bí thư Tỉnh ủy (phim truyền hình Việt Nam),actor,Ông Dần
Quốc Quân,Bí mật tam giác vàng,actor,Nguyễn Văn Bảy
Quốc Quân,Chạy trốn thanh xuân,actor,Gã sẹo
Quốc Quân,Lửa ấm,actor,Hách
Quốc Quân,Sang sông,actor,Thắng
Quốc Quân,Người phán xử (phim truyền hình Việt Nam),actor,"Lân ""sứa"""
Quốc Quân,Độc đạo,actor,"Quản ""sòi"""
Quốc Quân,Đầu bếp và đại gia,actor,Nhân viên phòng đối ngoại
Quốc Quân,Không còn gì để nói,actor,Thư ký Và một số diễn viên khác
Quốc Quân,Ngày hè sôi động,actor,Đức
Cao Minh Đạt,Bí mật tam giác vàng,actor,Nudon Charawat (Chó Điên)
Cao Minh Đạt,Tình yêu còn lại,actor,Phong
Cao Minh Đạt,Ký ức mong manh,actor,Thụ
Cao Minh Đạt,Nơi ngọn gió dừng chân,actor,Ông Hoàng Nam
Cao Minh Đạt,Hạnh phúc của người khác,actor,Thiện Minh
Cao Minh Đạt,Bánh mì ông Màu,actor,Quốc Cường
Cao Minh Đạt,Lẵng hoa tình yêu,actor,Thắng
Cao Minh Đạt,Nghiệt oan,actor,Cường
Cao Minh Đạt,Blouse trắng,actor,Bác sĩ Tạo
Cao Minh Đạt,Mẹ rơm,actor,Khoản
Cao Minh Đạt,Vòng xoáy tình yêu,actor,Khiêm
Cao Minh Đạt,Vua bánh mì (phim truyền hình Việt Nam),actor,Thành Đạt
Cao Minh Đạt,Công nghệ thời trang,actor,Quang Trường
Cao Minh Đạt,Lục Vân Tiên (phim truyền hình),actor,Trịnh Hâm
Cao Minh Đạt,Đôi mắt của trái tim,actor,Đức Thụ
Cao Minh Đạt,Ba lẻ một,actor,Trung
Cao Minh Đạt,Hoa thiên điểu (phim truyền hình),actor,Hoàng Dũng
Thanh Vân Hugo,Hoa nở trái mùa,actor,Gia Tuệ
Thanh Vân Hugo,"Zippo, mù tạt và em",actor,Mai
Quốc AnhB Trần,Hoa nở trái mùa,actor,Lê Đạt
Hương Dung,Hoa nở trái mùa,actor,Bà Bích
Hương Dung,Thương ngày nắng về,actor,Mẹ ông Mậu
Hương Dung,12A và 4H,actor,Bà Bích
Hương Dung,Dòng sông phẳng lặng (phim truyền hình),actor,Chị Hạnh
Hương Dung,Chủ tịch tỉnh (phim truyền hình),actor,Bà Nguyệt
Hương Dung,Người phán xử (phim truyền hình Việt Nam),actor,Bà Hà
Hương Dung,Mê cung (phim truyền hình),actor,Bà Hoàn
Hương Dung,Điều bí mật,actor,Bà Nguyệt
Hương Dung,Tình xa,actor,Phó đoàn
Hương Dung,Chuyện phố phường,actor,Bà Thành
Hương Dung,Chạy án,actor,Bà Dung
Hương Dung,Cầu vồng tình yêu,actor,Bà Ngọc
Hương Dung,Vị tướng tình báo và hai bà vợ,actor,Bà chủ Hoàng
Thu Hương,Hoa nở trái mùa,actor,Dì Liên Hoa
Thu Hương,Cả một đời ân oán,actor,Cô của Tú
Thu Hương,Lửa ấm,actor,Vợ Hách
Thu Hương,Hành trình công lý,actor,Bà Chút
Thu Hương,12A và 4H,actor,Hằng
Thu Hương,Con nhện xanh,actor,Vợ Chu Ngọc
Thu Hương,Cuồng phong (phim truyền hình),actor,My
Thu Hương,Thái sư Trần Thủ Độ (phim truyền hình),actor,Vợ Trần Thừa
Thu Hương,Mặt nạ gương,actor,Bà Bình
Thu Hương,Gặp em ngày nắng,actor,Bà Bông
Thu Hương,Đèn âm hồn,actor,Bà bán mít
Thu Hương,Lối nhỏ vào đời,actor,Vợ ông Thành
Thu Hương,Ám ảnh xanh,actor,Thiếu tá Út Thêm
Thu Hương,Chạy án,actor,Minh Lý
Thu Hương,Cầu vồng tình yêu,actor,Ngân
Thu Hương,Của để dành,actor,Chủ nợ
Trung Cường,Hoa nở trái mùa,actor,Ông Đại
Trung Cường,Yêu thì ghét thôi,actor,Ông Quyết
Trung Cường,Đấu trí (phim truyền hình Việt Nam),actor,Giáo sư Lực
Trung Cường,Ghét thì yêu thôi,actor,Ông Quyết
Hải Yến,Hoa nở trái mùa,actor,Mẹ Tuệ
Hải Yến,Hello cô Ba,actor,Cô gái đi coi bói
Hải Yến,Năm sau con lại về,actor,bạn của Thiện
Hải Yến,Luật đời,actor,Nguyệt
Hải Yến,Lời thì thầm từ quá khứ,actor,Bà Thu
Hải Yến,Hello Cô Ba,actor,Cô gái đi coi bói
Bé Coca,Hoa nở trái mùa,actor,Con gái Hoài
Mai Anh,Hoa nở trái mùa,actor,Nga
Mai Anh,Khi đàn chim trở về,actor,Lâm Tặc
Huyền Trang,Hoa nở trái mùa,actor,Tuyết
Huyền Trang,Đường lên Điện Biên,actor,Hà
Huyền Trang,"Zippo, mù tạt và em",actor,Dì Vân
Huyền Trang,Lều chõng (phim truyền hình),actor,Kim
Huyền Trang,Chạm tay vào nỗi nhớ,actor,Anh Thư
Huyền Trang,Mặt nạ gương,actor,Ngân (Châu Thanh Loan)
Huyền Trang,Cô gái nhà người ta,actor,Bà Hồng
Huyền Trang,Biệt dược đen,actor,Kiều Phượng (Geisha 02)
Huyền Trang,Chiều ngang qua phố cũ,actor,Xuân
Huyền Trang,Lối nhỏ vào đời,actor,Mẹ Dũng
Huyền Trang,Lều chõng (phim),actor,Kim
Huyền Trang,Cầu thang nhà A6,actor,Hạnh
Huyền Trang,Cầu vồng tình yêu,actor,Phương Nam
Huyền Trang,Ngự lâm không kiếm,actor,Diễm Mai
Hữu Độ,Hoa nở trái mùa,actor,Ông Tiến
Hữu Độ,Luật đời,actor,Bí thư Hải
Hữu Độ,Mùa ổi,actor,bố Loan
Hữu Độ,Chiến dịch trái tim bên phải,actor,bố Hoàng
Hữu Độ,Chạy án,actor,Bộ trưởng
Hữu Độ,Vị tướng tình báo và hai bà vợ,actor,Trung tướng
Hữu Độ,Ngọt ngào và man trá,actor,Ông Hoàng Tô
Mạnh Hà,Hoa nở trái mùa,actor,Thắng
Mạnh Hà,Giọt nước rơi,actor,Hùng
Mạnh Hà,Sinh mệnh (phim),actor,anh nuôi
Mạnh Hà,Chạy án,actor,Hải
Dương Mạc Yến My,Hoa nở trái mùa,actor,Thu
Dương Mạc Yến My,Những công dân tập thể,actor,Thi Uyên
Diễm Hương,Đường lên Điện Biên,actor,Hòa
Diễm Hương,Tình yêu và tham vọng,actor,Hường
Diễm Hương,Tình yêu không hẹn trước,actor,Ngọc
Diễm Hương,Những nhân viên gương mẫu,actor,Nguyệt
Diễm Hương,Khi đàn chim trở về,actor,Lan
Diễm Hương,Những công dân tập thể,actor,Đông
Mạnh Hưng,Đường lên Điện Biên,actor,Hào
Mạnh Hưng,Thầu Chín ở Xiêm,actor,Đặng Thái Truyền
Mạnh Hưng,Những người viết huyền thoại,actor,Long
Mạnh Hưng,Yêu thì ghét thôi,actor,Khanh
Mạnh Hưng,Đừng bắt em phải quên,actor,Dũng
Mạnh Hưng,Hướng dương ngược nắng,actor,"Hải ""bóng bẩy"""
Mạnh Hưng,Mùa hoa tìm lại,actor,Đinh Văn Hoàn
Mạnh Hưng,Ghét thì yêu thôi,actor,Khanh
Mạnh Hưng,Dưới bóng cây hạnh phúc,actor,Trần Thành Đạt
Mạnh Hưng,Những người viết huyền thoại (phim),actor,Long
Mạnh Hưng,Những nhân viên gương mẫu,actor,Thanh
Mạnh Hưng,Hoa hồng trên ngực trái,actor,Hùng
Quách Xuân Thông,Đường lên Điện Biên,actor,Thân
Quách Xuân Thông,Đấu trí (phim truyền hình Việt Nam),actor,An Invest
Quách Xuân Thông,Những cô gái trong thành phố,actor,Long
Nguyễn Thanh Hương,Đường lên Điện Biên,actor,Cúc
Khương Đức Thuận,Đường lên Điện Biên,actor,Lăng Vũ
Mai Ngọc Căn,Đường lên Điện Biên,actor,Ông bố bản Pía
Mai Ngọc Căn,Lều chõng (phim truyền hình),actor,Cụ Năm
Mai Ngọc Căn,Lý Công Uẩn: Đường tới thành Thăng Long,actor,Đinh Điền
Mai Ngọc Căn,Con nhện xanh,actor,Tổng biên tập
Mai Ngọc Căn,Mùa lá rụng,actor,Ông Thống
Mai Ngọc Căn,Lều chõng (phim),actor,Cụ Năm
Mai Ngọc Căn,Đất và người,actor,Hào
Mai Ngọc Căn,Xuôi ngược đường trần,actor,Ông Tiếng
Bùi Sỹ Tự,Đường lên Điện Biên,actor,Mờ
Nguyễn Đăng Khoa,Đường lên Điện Biên,actor,Tấn
Nguyễn Năng Tùng,Đường lên Điện Biên,actor,Côi
Đoàn Khánh Ly,Đường lên Điện Biên,actor,Thái
Nguyễn Văn Lộc,Đường lên Điện Biên,actor,Sính
Nguyễn Trọng,Đường lên Điện Biên,actor,Lâm
Lâm Na Anh,Đường lên Điện Biên,actor,Thắm
Phạm Hương Anh,Đường lên Điện Biên,actor,May
Đoàn Nam,Đường lên Điện Biên,actor,Tiến
Vũ Ba Duy,Đường lên Điện Biên,actor,Y sĩ
Hương Vũ,Đường lên Điện Biên,actor,Bà Mế
Thanh Xuân,Đường lên Điện Biên,actor,Diên
Tiến Mộc,Đường lên Điện Biên,actor,Ông Páo
Tiến Mộc,Thương ngày nắng về,actor,Ông Tiến
Tiến Mộc,Về nhà đi con,actor,Bố của Bà Bích
Tiến Mộc,Quỳnh búp bê,actor,
Tiến Mộc,Người phán xử (phim truyền hình Việt Nam),actor,Sơn Tư
Tiến Mộc,Lặng yên dưới vực sâu,actor,Ông Páo
Tiến Mộc,Khi đàn chim trở về,actor,Ông Hóa
Lê Xuân Khôi,Đường lên Điện Biên,actor,Đà
Lê Xuân Khôi,Lý Công Uẩn: Đường tới thành Thăng Long,actor,Đỗ Ất
Nông Dũng Nam,Đường lên Điện Biên,actor,Vận
Nông Dũng Nam,Ngược chiều nước mắt,actor,Bình
Nông Dũng Nam,Thầu Chín ở Xiêm,actor,Võ Tùng
Nông Dũng Nam,Lý Công Uẩn: Đường tới thành Thăng Long,actor,Đào Thiên Hổ
Nông Dũng Nam,Đấu trí (phim truyền hình Việt Nam),actor,Thiếu tá Trần Anh Phi
Nông Dũng Nam,Độc đạo,actor,Thượng tá Vĩnh
Nguyễn Quang Duy,Đường lên Điện Biên,actor,Lực
Nguyễn Thị Lan,Đường lên Điện Biên,actor,Lý
Tạ Hương Lan,Đường lên Điện Biên,actor,Chờ
Vân Thường,Đường lên Điện Biên,actor,Mận
Trịnh Thị Huyền,Đường lên Điện Biên,actor,Mây
Bùi Thị Oanh,Đường lên Điện Biên,actor,Lúa
Phạm Thị Vân Anh,Đường lên Điện Biên,actor,Hạnh
Phan Trí Tuệ,Đường lên Điện Biên,actor,Dân
Phan Trí Tuệ,Thái sư Trần Thủ Độ (phim truyền hình),actor,Đỗ Bảo Dương
Nguyễn Văn Quan,Đường lên Điện Biên,actor,Bao
Nguyễn Việt Cường,Đường lên Điện Biên,actor,Diu
Nguyễn Huy,Đường lên Điện Biên,actor,Thế
Nguyễn Huy,Võ lâm truyền kỳ (phim),actor,Cậu bé nghiện game
Nguyễn Huy,Hãy nói lời yêu,actor,Huy
Đinh Hoàng Yến,Đường lên Điện Biên,actor,Dâu
Nguyễn Hoàng Tùng,Đường lên Điện Biên,actor,Thăng
Nguyễn Hoàng Tùng,Chạy án,actor,Đỗ Kim
Xuân Nông,Đường lên Điện Biên,actor,Cầm Vờ
Nguyễn Mai Hương,Đường lên Điện Biên,actor,Mai
Nguyễn Ngọc Bích,Đường lên Điện Biên,actor,Mẹ Hơn
Nguyễn Đức Huy,Đường lên Điện Biên,actor,Hơn
Trần Minh Phước,Đường lên Điện Biên,actor,Nhớn
Cầm Văn Chung,Đường lên Điện Biên,actor,Tôn
Lã Thanh Huyền,"Zippo, mù tạt và em",actor,Lam
Lã Thanh Huyền,Tình yêu và tham vọng,actor,Đỗ Tuệ Lâm
Lã Thanh Huyền,Thái sư Trần Thủ Độ (phim truyền hình),actor,Trần Thị Dung
Lã Thanh Huyền,"Chồng cũ, vợ cũ, người yêu cũ",actor,Cẩm Giang
Lã Thanh Huyền,Người trở về,actor,Mây
Minh Hương,"Zippo, mù tạt và em",actor,Hoài
Minh Hương,Vệt nắng cuối trời,actor,Tường Vy
Minh Hương,11 tháng 5 ngày,actor,Thu
Kiều My,"Zippo, mù tạt và em",actor,Hoài (lúc trẻ)
Kiều My,Cả một đời ân oán,actor,Chi
Kiều My,Đừng bắt em phải quên,actor,My
Kiều My,Cô gái nhà người ta,actor,Trâm
Kiều My,Dưới bóng cây hạnh phúc,actor,Tuyết
Kiều My,Ngày mai bình yên,actor,Mai Khôi
Kiều My,Ngày mai bình yên (phim truyền hình 2021),actor,Mai Khôi
Vinh Kiên,"Zippo, mù tạt và em",actor,Duy (lúc trẻ)
Vinh Kiên,"Mẹ ơi, bố đâu rồi?",actor,Linh
Vinh Kiên,Chiều ngang qua phố cũ,actor,Tuấn
Hoàng Hạnh,"Zippo, mù tạt và em",actor,Mai (trẻ) === Diễn viên phụ ===
Vân Anh,"Zippo, mù tạt và em",actor,Thanh
Vân Anh,Sống chung với mẹ chồng,actor,Nhật
Vân Anh,Chủ tịch tỉnh (phim truyền hình),actor,Trâm
Vân Anh,Điều bí mật,actor,Huyền
Vân Anh,Hướng dương ngược nắng,actor,Bà Hoa
Vân Anh,Tết này ai đến xông nhà,actor,Hoa
Vân Anh,Xin hãy tin em (phim truyền hình),actor,Phương
Vân Anh,Khi đàn chim trở về,actor,Vân
Quế Hằng,"Zippo, mù tạt và em",actor,Mẹ Sơn
Quế Hằng,Sống chung với mẹ chồng,actor,Mẹ Sơn
Quế Hằng,Lựa chọn số phận,actor,Bà Hà
Quế Hằng,Ngự lâm không kiếm,actor,Bà Cúc
Quế Hằng,Hoa hồng trên ngực trái,actor,Bà Mỹ Kha === Diễn viên phụ ===
Quế Hằng,Ngày hè sôi động,actor,Bà Phượng
Trọng Trinh,"Zippo, mù tạt và em",director,Bố Huy
Trọng Trinh,Tuổi thanh xuân,actor,Bố của Linh
Trọng Trinh,Cả một đời ân oán,director,Ông Chính
Trọng Trinh,Chạy trốn thanh xuân,actor,Ông Trường
Trọng Trinh,Tình yêu và tham vọng,actor,Ông Quân
Trọng Trinh,Em và Trịnh,actor,Ông Ngô Đốc Khánh
Trọng Trinh,Nàng dâu order,actor,Ông Phú
Trọng Trinh,Khúc hát mặt trời,actor,Ông Khải
Trọng Trinh,Lửa ấm,actor,Ông Văn
Trọng Trinh,Hành trình công lý,actor,Ông Dũng
Trọng Trinh,12A và 4H,actor,Chú Đăng
Trọng Trinh,Sang sông,director,Đồng đội của Thiện
Trọng Trinh,Tình yêu không hẹn trước,director,
Trọng Trinh,Tình khúc bạch dương,actor,Tiến
Trọng Trinh,Gió qua miền tối sáng,actor,Hưng
Trọng Trinh,Thông gia ngõ hẹp,actor,Ông Việt Khôi
Trọng Trinh,Nơi giấc mơ tìm về,actor,Ông Sang
Trọng Trinh,Mátxcơva - Mùa thay lá,director,Ông Trung
Trọng Trinh,Con đường sáng (phim dài tập),actor,Đào Khanh
Trọng Trinh,Cầu vồng tình yêu,director,Hoàng Sơn
Trọng Trinh,Những công dân tập thể,actor,Lung
Trọng Trinh,Ngày hè sôi động,director,
Nguyệt Hằng,"Zippo, mù tạt và em",actor,Mẹ Huy
Nguyệt Hằng,Người phán xử (phim truyền hình Việt Nam),actor,Mẹ Bích Ngọc
Nguyệt Hằng,Đấu trí (phim truyền hình Việt Nam),actor,Đinh Thị Ngọc Bằng
Nguyệt Hằng,Vệt nắng cuối trời,actor,Nguyễn Tuệ Lâm
Nguyệt Hằng,Mê cung (phim truyền hình),actor,Bà Thu
Nguyệt Hằng,Đừng làm mẹ cáu,actor,Bà Vân
Nguyệt Hằng,Hàng xóm (phim),actor,Hằng
Nguyệt Hằng,Biệt dược đen,actor,Bà Liễu
Nguyệt Hằng,Độc đạo,actor,Bà Mộc
Nguyệt Hằng,Xin hãy tin em (phim truyền hình),actor,Thủy
Hải Anh,"Zippo, mù tạt và em",actor,Sếp Lục
Hải Anh,Quỳnh búp bê,actor,Thịnh
Hải Anh,Yêu thì ghét thôi,actor,Tăng
Hải Anh,Lời thì thầm từ quá khứ,actor,Chủ quán bar
Hải Anh,Tình khúc bạch dương,actor,Bình
Hải Anh,Ghét thì yêu thôi,actor,Tăng === Diễn viên phụ ===
Hải Anh,Đèn âm hồn,actor,Sùng
Hải Anh,Cầu vồng tình yêu,actor,Sơn Tùng
Hải Anh,Vòng nguyệt quế (phim truyền hình),actor,Đạo diễn Sơn
Hải Anh,Hoa cỏ may,actor,Thái
Hải Anh,Ngày hè sôi động,actor,Hoàn
Kiên Hoàng,"Zippo, mù tạt và em",actor,Phúc
Kiên Hoàng,Cả một đời ân oán,actor,Huy
Kiên Hoàng,Đi qua mùa hạ,actor,Nghĩa
Kang Tae-oh,Tuổi thanh xuân,actor,Lee Junsu (DJ Minh Trí lồng tiếng Việt phần 1
Shin Jae-ha,Tuổi thanh xuân,actor,Jiyong
Shin Hye-sun,Tuổi thanh xuân,actor,Miso
Lee Kyu-bok,Tuổi thanh xuân,actor,Sungjae
Roh Haeng-ha,Tuổi thanh xuân,actor,Junhee (Nguyễn Hương Giang lồng tiếng)
Lee Ah-hyun,Tuổi thanh xuân,actor,Mẹ của Junsu
Thanh Dương,Tuổi thanh xuân,actor,Chú của Khánh
Thanh Dương,Mùa hoa tìm lại,actor,Ông Vui === Diễn viên phụ ===
Thanh Dương,Yêu hơn cả bầu trời,actor,Bố Thiên
Thanh Dương,Kẻ ăn hồn,actor,ông Tám Kheo
Thanh Dương,Mùa xuân ở lại,actor,Thầy Giảng
Thanh Dương,Cầu vồng tình yêu,actor,Trưởng phòng
Thanh Dương,Trò đời,actor,Ông Phán Dây Thép
Thanh Dương,Của để dành,actor,Anh xe thồ
Ngọc Dung,Tuổi thanh xuân,actor,Dì của Khánh
Ngọc Dung,Chuyện phố phường,actor,Cư
Ngọc Dung,Khi đàn chim trở về,actor,Xuân
Ngọc Dung,Xuôi ngược đường trần,actor,Tuyết
Minh Tít,Tuổi thanh xuân,actor,Quang
Minh Tít,Nàng dâu order,actor,Kiệt === Diễn viên phụ ===
Chae Song-hwa,Tuổi thanh xuân,actor,Tiffany
Kim Min-jae 1996,Tuổi thanh xuân,actor,Kay
Tiến Đạt,Tuổi thanh xuân,actor,Bố của Phong
Tiến Đạt,Tình mẫu tử (phim truyền hình Việt Nam),actor,Mừng
Tiến Đạt,Nhà có nhiều cửa sổ,actor,Ông Thái
Tiến Đạt,Con nhện xanh,actor,Chu Ngọc
Tiến Đạt,Cuồng phong (phim truyền hình),actor,Ông Ba
Tiến Đạt,Giao mùa,actor,Ông Thành
Tiến Đạt,Cô gái nhà người ta,actor,Lão Tài
Tiến Đạt,Lời nguyền (phim truyền hình),actor,Vĩnh Phúc (lúc nhỏ)
Tiến Đạt,Chạy án,actor,Tony Nguyễn
Tiến Đạt,Những nhân viên gương mẫu,actor,Ông Đức
Lý Chí Huy,Tuổi thanh xuân,actor,Sơn
Lý Chí Huy,Hương vị tình thân,actor,Hưng
Lý Chí Huy,Đấu trí (phim truyền hình Việt Nam),actor,Trịnh Quang Đông
Lý Chí Huy,Lối nhỏ vào đời,actor,Phong
Lý Chí Huy,Nhà trọ Balanha,actor,Hoàng
Lan Hương diễn viên sinh 1963,Ngược chiều nước mắt,actor,Bà Lâm
Lan Hương diễn viên sinh 1963,Thái sư Trần Thủ Độ (phim truyền hình),actor,Đàm hoàng hậu
Hà Việt Dũng,Ngược chiều nước mắt,actor,Sơn
Hà Việt Dũng,Bão ngầm,actor,"Đại úy, Thiếu tá Đào Hải Triều (Hùng ""nhọ"", Tuấn)"
Hà Việt Dũng,Đồng tiền quỷ ám,actor,Huỳnh Bảo Lâm
Hà Việt Dũng,Kẻ ngược dòng,actor,Bảy Dũng
Hà Việt Dũng,Cuộc chiến không giới tuyến,actor,Mai Văn Đoàn
Hà Việt Dũng,Những nẻo đường gần xa,actor,Khoa
Hà Việt Dũng,Độc đạo,actor,Thượng tá Lê Hoàng Long
Phan Minh Huyền,Ngược chiều nước mắt,actor,Trang
Phan Minh Huyền,Chạy trốn thanh xuân,actor,Châu
Phan Minh Huyền,Tình yêu và tham vọng,actor,Trịnh Minh Phương
Phan Minh Huyền,Hồ sơ cá sấu,actor,Trịnh Lệ Thu
Phan Minh Huyền,Chúng ta của 8 năm sau,actor,Mai Dương (lúc lớn)
Phan Minh Huyền,Điều bí mật,actor,Linh
Phan Minh Huyền,Lời thú nhận của Eva,actor,San San
Phan Minh Huyền,Lời thì thầm từ quá khứ,actor,Lan
Phan Minh Huyền,Giao mùa,actor,Trúc Mai
Phan Minh Huyền,Tình khúc bạch dương,actor,Đan
Hoàng Thu Trang Trang Cherry,Ngược chiều nước mắt,actor,Châu
Bùi Minh Phương,Ngược chiều nước mắt,actor,Mẹ Mai
Bùi Minh Phương,Cả một đời ân oán,actor,Bà Lê Thị Mai
Bùi Minh Phương,Tình yêu và tham vọng,actor,Bà Phương
Bùi Minh Phương,Thương ngày nắng về,actor,Bà Mùi
Bùi Minh Phương,Sống chung với mẹ chồng,actor,Bà Điều
Bùi Minh Phương,Quỳnh búp bê,actor,Mẹ Lan
Bùi Minh Phương,Ranh giới (phim 2002),actor,Mẹ Phương
Bùi Minh Phương,Thái sư Trần Thủ Độ (phim truyền hình),actor,Phạm Thành Phụ
Bùi Minh Phương,Lựa chọn số phận,actor,Mẹ Tình
Bùi Minh Phương,Anh có phải đàn ông không,actor,Mẹ của Dũng
Bùi Minh Phương,Lặng yên dưới vực sâu,actor,Bà Máy
Bùi Minh Phương,Nơi giấc mơ tìm về,actor,Bà Lý
Bùi Minh Phương,Đất và người,actor,Son
Bùi Minh Phương,Trò đời,actor,Bà cố Hồng
Bùi Minh Phương,Mùa hè rớt,actor,Lan
Phạm Thúy Phương,Ngược chiều nước mắt,actor,Mẹ Phương
Minh Vương ca sĩ sinh 1984,Ngược chiều nước mắt,actor,Quản lý Cà Phê
Nguyễn Huyền Trang,Ngược chiều nước mắt,actor,Mẹ Hiệp
Nguyễn Huyền Trang,Hành trình công lý,actor,Tống Thanh Hà
Nguyễn Huyền Trang,Đấu trí (phim truyền hình Việt Nam),actor,Lê Hải Trúc
Nguyễn Huyền Trang,Những nẻo đường gần xa,actor,Diễm
Nguyễn Huyền Trang,Dưới bóng cây hạnh phúc,actor,Diễm Hương
An Ninh,Ngược chiều nước mắt,actor,Bố Hiệp
An Ninh,Bão ngầm,actor,Thượng tá Đỗ Mạnh Trung
An Ninh,Lửa ấm,actor,Bố Kha
An Ninh,Trái tim có nắng,actor,Ông Phát
Hoàng Xuân,Ngược chiều nước mắt,actor,Mẹ Lực
Hoàng Xuân,Nhà có nhiều cửa sổ,actor,Thảo
Hoàng Xuân,Đấu trí (phim truyền hình Việt Nam),actor,Bà Yến
Hoàng Xuân,Đừng bắt em phải quên,actor,Hoa
Hoàng Xuân,Biệt dược đen,actor,Bà Nga
Hoàng Xuân,Cầu vồng tình yêu,actor,Ngọc Liên
Hoàng Xuân,Vị tướng tình báo và hai bà vợ,actor,Marie Cẩm Nhung
Bé Chu Diệp Anh,Ngược chiều nước mắt,actor,Bé Mây
Đình Tú,Ngược chiều nước mắt,actor,Sáng
Đình Tú,Cả một đời ân oán,actor,Lâm
Đình Tú,Đừng nói khi yêu,actor,Trần Minh Tú
Đình Tú,Nàng dâu order,actor,Long
Đình Tú,Yêu thì ghét thôi,actor,Du
Đình Tú,Những ngày không quên,actor,Khoa
Đình Tú,Dưới bầu trời xa cách,actor,Linh
Đình Tú,Lặng yên dưới vực sâu,actor,Vừ
Đình Tú,Đi qua mùa hạ,actor,Phương
Đình Tú,Cô gái nhà người ta,actor,Khoa
Đình Tú,Gặp em ngày nắng,actor,Huy
Đình Chiến,Ngược chiều nước mắt,actor,Sếp Thành;
Đình Chiến,Sinh tử,actor,"Bùi Chí Thành, Chủ tịch UBND huyện Thanh Giang"
Đình Chiến,Lửa ấm,actor,Bác xe ôm
Đình Chiến,Sang sông,actor,Kiểm
Đình Chiến,Anh có phải đàn ông không,actor,Ông Chức
Đình Chiến,Cô gái nhà người ta,actor,Ông Vĩnh ===Các diễn viên khác===
Đình Chiến,Những nẻo đường gần xa,actor,Thầy Thạch
Đình Chiến,Đầu bếp và đại gia,actor,Bếp béo
Đình Chiến,Bão qua làng,actor,Khuất
Đình Chiến,Khi đàn chim trở về,actor,Ông Kín
Trần Trung,Ngược chiều nước mắt,actor,Minh
Trần Trung,Sóng ở đáy sông,actor,Núi lúc nhỏ
Ngô Thủy Tiên,Ngược chiều nước mắt,actor,Bích
Ngô Thủy Tiên,Về nhà đi con,actor,Liễu
Mạnh Cường,Cả một đời ân oán,actor,Ông Vũ Minh Quang
Mạnh Cường,Tình yêu và tham vọng,actor,Kỳ Lân === Diễn viên phụ ===
Mạnh Cường,Con nhện xanh,actor,Đỗ Hùng
Mạnh Cường,Luật đời,actor,Kiên
Mạnh Cường,Thái sư Trần Thủ Độ (phim truyền hình),actor,Đàm Dĩ Mông
Mạnh Cường,Người Hà Nội (phim),actor,Hùng
Mạnh Cường,Đèn âm hồn,actor,Vận
Mạnh Cường,Dưới bóng cây hạnh phúc,actor,Ông Huấn
Mạnh Cường,Những nhân viên gương mẫu,actor,Ông Nguyên
Mạnh Cường,11 tháng 5 ngày,actor,Ông Vinh
Mạnh Cường,Không còn gì để nói,actor,Cường
Mạnh Cường,Hai phía chân trời,actor,Lê
Mạnh Cường,Những công dân tập thể,actor,Nhai
Mạnh Cường,Xích lô (phim),actor,Người Đàn Ông Trong Quán Rượu
Minh Vượng,Cả một đời ân oán,actor,Bà Hến
Minh Vượng,Nàng dâu order,actor,Bà Loan
Minh Vượng,Ảo ảnh trắng,actor,Bà đồng Và một số diễn viên khác
Minh Vượng,Cửa hàng Lopa,actor,Đoành Tũn
Minh Vượng,Cỏ lau,actor,Vợ của Nhỉ
Hồng Diễm,Cả một đời ân oán,actor,Nguyễn Ngọc Dung
Hồng Diễm,Những ngày không quên,actor,Khuê
Hồng Diễm,Cầu vồng tình yêu,actor,Mộc Miên
Hồng Diễm,Hoa hồng trên ngực trái,actor,Khuê
Lê Hạ Anh,Cả một đời ân oán,actor,Ngân
Lê Hạ Anh,Tình mẫu tử (phim truyền hình Việt Nam),actor,Trang Đài
Lê Hạ Anh,Tiệm bánh Hoàng tử bé 2,actor,Pink
Lê Hạ Anh,Lưới trời (phim 2020),actor,Mỹ Tú
Lê Hạ Anh,Kế hoạch hoàn hảo,actor,Bảo Ngọc / Diễm Quỳnh
Lê Hạ Anh,Mưa đỏ (phim),actor,Hồng
Lương Thanh,Cả một đời ân oán,actor,Thủy (Nguyên An thật)
Lương Thanh,Đừng nói khi yêu,actor,Quỳnh Trang
Lương Thanh,Yêu thì ghét thôi,actor,Nguyệt
Lương Thanh,Biệt dược đen,actor,Trung úy Lê Thùy Dương
Lương Thanh,Dưới bóng cây hạnh phúc,actor,Tơ (Vương) ===Diễn viên phụ===
Lương Thanh,11 tháng 5 ngày,actor,Thục Anh
Lương Thanh,Hoa hồng trên ngực trái,actor,Trà
Lương Thanh,Những cô gái trong thành phố,actor,Mai === Diễn viên phụ ===
Thùy Anh,Cả một đời ân oán,actor,Tú (Nguyên An giả)
Thùy Anh,Tình yêu và tham vọng,actor,Ánh
Thùy Anh,Đừng nói khi yêu,actor,Trịnh Phương Ly
Thùy Anh,Chúng ta của 8 năm sau,actor,Như Ý
Thùy Anh,Đập cánh giữa không trung,actor,Huyền
Thùy Anh,Rừng thế mạng,actor,Khanh
Thùy Anh,Nhà trọ Balanha,actor,Lan
Thiện Tùng,Cả một đời ân oán,actor,Hòa
Thiện Tùng,Lều chõng (phim truyền hình),actor,Khắc Mẫn
Thiện Tùng,Lý Công Uẩn: Đường tới thành Thăng Long,actor,Lê Long Việt
Thiện Tùng,Thương nhớ ở ai,actor,Ngô Quất
Thiện Tùng,Yêu hơn cả bầu trời,actor,Tùng
Thiện Tùng,Người trở về,actor,Phán
Thiện Tùng,Con đường sáng (phim dài tập),actor,Nguyễn Minh Vân
Thiện Tùng,Lều chõng (phim),actor,Khắc Mẫn
Thiện Tùng,Trò đời,actor,Phan Vũ
Thiện Tùng,Khi đàn chim trở về,actor,Huy
Thiện Tùng,Rượu cần đêm mưa,actor,Lân
Đan Lê,Cả một đời ân oán,actor,Ngọc
Đan Lê,Ngày ấy mình đã yêu,actor,Nana
Đan Lê,Người phán xử (phim truyền hình Việt Nam),actor,Diễm My
Đan Lê,Con đường sáng (phim dài tập),actor,Minh Phụng/Minh Vân
Đan Lê,Cầu vồng tình yêu,actor,Ngọc Linh
Phan Thắng,Cả một đời ân oán,actor,Trường
Phan Thắng,Chạy trốn thanh xuân,actor,Tuấn
Phan Thắng,Tình yêu và tham vọng,actor,Đông
Phan Thắng,Cuộc chiến không giới tuyến,actor,Đại úy Nguyễn Tuấn Anh
Phan Thắng,Đấu trí (phim truyền hình Việt Nam),actor,Trung uý Phan Quang Chiến
Phan Thắng,Mê cung (phim truyền hình),actor,Thượng úy Lê Thanh Bình
Anh Thơ,Cả một đời ân oán,actor,Út
Anh Thơ,Em là bà nội của anh,actor,thành viên nhóm Beauty & The Beast 1
Anh Thơ,Cuộc đời vẫn đẹp sao (phim truyền hình),actor,Tạ Kim Hòa
Anh Thơ,Nhà trọ Balanha,actor,Bà Đồng
Anh Thơ,11 tháng 5 ngày,actor,Hoan
Anh Thơ,Những cô gái trong thành phố,actor,Cô Mai
Thanh Quý,Cả một đời ân oán,actor,Bà Hảo === Diễn viên phụ ===
Thanh Quý,Nàng dâu order,actor,Bà Ngoan
Thanh Quý,Mùa lá rụng,actor,Lý
Thanh Quý,Luật đời,actor,Bà Phụng
Thanh Quý,Đầm lầy bạc,actor,Đặng Ngọc Hương
Thanh Quý,Người phán xử (phim truyền hình Việt Nam),actor,Hồ Thu
Thanh Quý,Cuộc đời vẫn đẹp sao (phim truyền hình),actor,Bà Nguyễn Thị Tình
Thanh Quý,Gặp em ngày nắng,actor,Bà Quý
Thanh Quý,Người Hà Nội (phim),actor,Diễm
Thanh Quý,"Không ngại cưới, chỉ cần một lý do",actor,Bà Giàu
Thanh Quý,Tết này ai đến xông nhà,actor,Mẹ Linh
Thanh Quý,Chuyện phố phường,actor,Bà Hương
Thanh Quý,Hoa hồng trên ngực trái,actor,Bà Kim
Hoàng Lân,Cả một đời ân oán,actor,Bà Chính
Dương Đức Quang,Cả một đời ân oán,actor,Ông Thành
Dương Đức Quang,Sinh tử,actor,"Nguyễn Văn, Viện trưởng Viện Kiểm sát Nhân dân tỉnh Việt Thanh"
Dương Đức Quang,Đấu trí (phim truyền hình Việt Nam),actor,Ông Quang
Dương Đức Quang,Mê cung (phim truyền hình),actor,Giám đốc Sở Phan Thanh Hồng
Dương Đức Quang,Biệt dược đen,actor,Đại tá Lê Hải Sơn
Dương Đức Quang,Hãy nói lời yêu,actor,Bác sĩ
Dương Đức Quang,Khi đàn chim trở về,actor,Bình
Chí Bách,Cả một đời ân oán,actor,Nguyên (lúc nhỏ)
Chí Bách,Thương ngày nắng về,actor,Quân
Phương Lâm,Cả một đời ân oán,actor,Bà Hán
Phương Lâm,Gia đình mình vui bất thình lình,actor,Bà Mai
Nhật Quang,Cả một đời ân oán,actor,Tùng
Nhật Quang,Đấu trí (phim truyền hình Việt Nam),actor,Khánh
Nhật Quang,Ghét thì yêu thôi,actor,Kiên
Thúy An,Cả một đời ân oán,actor,Linh
Thúy An,Người phán xử (phim truyền hình Việt Nam),actor,"Hương ""phố"""
Thúy An,Đấu trí (phim truyền hình Việt Nam),actor,Lâm Thị Ngọc Thảo
Thúy An,Ma làng,actor,Phạm Thị Lở
Thúy An,Dollars trắng,actor,Maia
Thúy An,Trò đời,actor,Vỹ Cầm
Thúy An,Những cô gái trong thành phố,actor,Ly
Hằng Nga,Cả một đời ân oán,actor,Nga
Hằng Nga,Quỳnh búp bê,actor,
Hằng Nga,Lửa ấm,actor,Mai Anh
Hằng Nga,Lối nhỏ vào đời,actor,Hà
Hằng Nga,Cầu vồng tình yêu,actor,Lành
Hằng Nga,Những cô gái trong thành phố,actor,Lành
Bé Su,Cả một đời ân oán,actor,Nguyên An (lúc nhỏ)
Xuân Khôi,Cả một đời ân oán,actor,Thật
Xuân Khôi,Bão ngầm,actor,"Tuân ""sứt"""
Trọng Lân,Cả một đời ân oán,actor,Kiên
Trọng Lân,Hồ sơ cá sấu,actor,Hoàng Khắc Dũng
Trọng Lân,Quỳnh búp bê,actor,Phong
Trọng Lân,Người phán xử (phim truyền hình Việt Nam),actor,Bá Anh
Trọng Lân,Cô gái nhà người ta,actor,Cường
Trọng Lân,Hoa hồng trên ngực trái,actor,Hưởng
Minh Nguyệt,Cả một đời ân oán,actor,Bà Minh
Minh Nguyệt,Hương vị tình thân,actor,Bà Nhàn
Minh Nguyệt,Về nhà đi con,actor,Mẹ của Bà Bích === Ngoại truyện ===
Minh Nguyệt,Một lần đi bụi,actor,Thảo
Minh Nguyệt,Thái sư Trần Thủ Độ (phim truyền hình),actor,Vợ Trần Tự Khánh
Minh Nguyệt,Lặng yên dưới vực sâu,actor,Bà Và
Minh Nguyệt,Những nẻo đường gần xa,actor,Khánh Hà
Minh Nguyệt,Bánh đúc có xương,actor,Em họ Kiên
Minh Nguyệt,Cầu vồng tình yêu,actor,Bà Muôn
Thanh Hiền,Cả một đời ân oán,actor,Mai (Y tá)
Thanh Hiền,Thời gian để yêu (phim truyền hình),actor,Thủy
Thanh Hiền,Dập tắt lửa lòng,actor,Thảo
Thanh Hiền,Thử thách cuộc đời,actor,Trâm
Thanh Hiền,Ải mỹ nhân,actor,Bà Năm
Thanh Hiền,Cô Thắm về làng (phim truyền hình),actor,Kiều
Thanh Hiền,Tình mẫu tử (phim truyền hình Việt Nam),actor,Điểu
Thanh Hiền,Mẹ ghẻ (phim truyền hình),actor,Thu
Thanh Hiền,Canh bạc tình yêu,actor,Bà Tư Lành
Thanh Hiền,Ăn tết miệt vườn,actor,Ngoại Trung
Thanh Hiền,Lật mặt 7: Một điều ước,actor,Bà Hai
Thanh Hiền,Rồi 30 năm sau,actor,Bà Tư
Thanh Hiền,Mẹ rơm,actor,Bà Trác
Thanh Hiền,Vợ quan,actor,Thùy Dương
Thanh Hiền,Hai người vợ,actor,Bà Nội Tín
Thanh Hiền,Bồ công anh trước gió,actor,Bà Năm
Thanh Hiền,Đất mặn (phim truyền hình),actor,Hồng Nhiên
Thanh Hiền,Những cô gái trong thành phố,actor,Mẹ Mai
Hoàng Linh,Cả một đời ân oán,actor,Bình (lúc nhỏ)
Hồng Nhung,Cả một đời ân oán,actor,Thủy (lúc nhỏ)
Hồng Nhung,Bếp hát,actor,Bà Mai
Hồng Nhung,Giải cứu thần chết,actor,Cô chủ nhiệm
Hồng Nhung,Cuộc chiến không giới tuyến,actor,Lý Thị Chà
Hồng Nhung,Hướng dương ngược nắng,actor,Minh (lúc nhỏ)
Hồng Nhung,Chuyện nhà Mộc,actor,Thơm
Hồng Nhung,Những cô gái trong thành phố,actor,Bống
Hà Anh,Cả một đời ân oán,actor,Ngân (lúc nhỏ)
Hà Anh,Long thành cầm giả ca (phim),actor,Cầm / Gái lúc nhỏ
Hà Anh,Nhà có nhiều cửa sổ,actor,Ngọc hồi bé
Hà Anh,Cuộc chiến không giới tuyến,actor,Măng
Hà Anh,Gió qua miền tối sáng,actor,Trà
Hà Anh,Bánh đúc có xương,actor,Hoài Anh ===Diễn viên phụ===
Hà Anh,Những cô gái trong thành phố,actor,Trâm Anh
Thiên Hà,Cả một đời ân oán,actor,Chi (lúc nhỏ) === Khách mời ===
Thu Nga,Cả một đời ân oán,actor,Thương
Hà Hương,Cả một đời ân oán,actor,Nguyệt
Hà Hương,Bão ngầm,actor,"Xuân ""mẫu hậu"""
Hà Hương,Niệm khúc cuối,actor,Thủy Mây
Hà Hương,Hai bến một dòng sông,actor,Hà
Hà Hương,Tình xa,actor,Vì Thị Sa
Kiều Anh,Cả một đời ân oán,actor,Nhung
Kiều Anh,Hồ sơ cá sấu,actor,Trịnh An Nguyệt
Kiều Anh,Ầu ơ ví dầu,actor,Nhân tình của Ông Hai Nhật
Kiều Anh,Một lần đi bụi,actor,Linh
Kiều Anh,Luật đời,actor,Diệu
Kiều Anh,Tình khúc bạch dương,actor,Hoa
Kiều Anh,Chạy án,actor,Giáng Hương
Kiều Anh,Hai phía chân trời,actor,Liên
Kiều Anh,Những công dân tập thể,actor,Dương
Vũ Diệu Thảo,Cả một đời ân oán,actor,Thảo
Vũ Diệu Thảo,Phía trước là bầu trời,actor,Thảo
Trang Nhung,Cả một đời ân oán,actor,Thúy
Trang Nhung,Phía trước là bầu trời,actor,Thúy
Nguyễn Hoàng,Cả một đời ân oán,actor,Nghĩa
Nguyễn Hoàng,Khi đàn ông có bầu,actor,Dân chơi
Nguyễn Hoàng,Phía trước là bầu trời,actor,Nghĩa
Lưu Đê Ly,Chạy trốn thanh xuân,actor,An
Lưu Đê Ly,Người phán xử (phim truyền hình Việt Nam),actor,Bích Ngọc
Lưu Đê Ly,Ngự lâm không kiếm,actor,Diễm Trúc
Chiều Xuân,Chạy trốn thanh xuân,actor,Bà Phương
Chiều Xuân,Tết ở làng địa ngục,actor,Bà Phong
Chiều Xuân,Con nhện xanh,actor,Mai Thùy
Chiều Xuân,Lời thú nhận của Eva,actor,Bà Điệp
Chiều Xuân,Mẹ chồng tôi,actor,Thuận
Chiều Xuân,Người Hà Nội (phim),actor,Bạch Vân
Chiều Xuân,Mùa ổi,actor,vợ Luật sư
Chiều Xuân,Hàng xóm (phim),actor,Hương
Chiều Xuân,Yêu hơn cả bầu trời,actor,Mẹ Hải
Chiều Xuân,Kẻ ăn hồn,actor,bà Tám Kheo
Chiều Xuân,Đèn âm hồn,actor,Bà bán cá
Hoa Thúy,Chạy trốn thanh xuân,actor,Bà Thủy
Hoa Thúy,Chuyện của Pao,actor,bà Sim
Hoa Thúy,Cuồng phong (phim truyền hình),actor,Phượng
Hoa Thúy,Con đường sáng (phim dài tập),actor,Hải
Hoa Thúy,Xin hãy tin em (phim truyền hình),actor,Thắm
Hoa Thúy,Vòng nguyệt quế (phim truyền hình),actor,Vợ Phan Long
Hoa Thúy,Của để dành,actor,Người mẹ nhặt rác
Phạm Ngọc Anh,Chạy trốn thanh xuân,actor,Thùy
Phạm Ngọc Anh,Gia đình mình vui bất thình lình,actor,Mai
Phạm Ngọc Anh,Lửa ấm,actor,Vân
Phạm Ngọc Anh,Mùa xuân ở lại,actor,Trang
Phạm Ngọc Anh,11 tháng 5 ngày,actor,Linh
Đỗ Hiệp,Chạy trốn thanh xuân,actor,Xuân
Đỗ Hiệp,Lối nhỏ vào đời,actor,Lâm === Diễn viên phụ ===
Huyền Thạch,Chạy trốn thanh xuân,actor,Vy
Huyền Thạch,Kẻ sát nhân cô độc,actor,Trung úy Nghi
Huyền Thạch,Chiều ngang qua phố cũ,actor,Hằng
Lâm Đức Anh,Chạy trốn thanh xuân,actor,Đạt
Lâm Đức Anh,Đừng bắt em phải quên,actor,Bách
Lâm Đức Anh,Mùa hoa tìm lại,actor,Núi
Lâm Đức Anh,Những nẻo đường gần xa,actor,Bách
Lâm Đức Anh,Thông gia ngõ hẹp,actor,Ông Phúc lúc trẻ
Tạ Vũ Thu,Chạy trốn thanh xuân,actor,Bố Phi
Tạ Vũ Thu,Thái sư Trần Thủ Độ (phim truyền hình),actor,Lý Hạ
Tạ Vũ Thu,Đấu trí (phim truyền hình Việt Nam),actor,Thành Invest
Tạ Vũ Thu,Mê cung (phim truyền hình),actor,Tiền “trắng”
Tạ Vũ Thu,Độc đạo,actor,"Tuấn ""sắt"""
Tạ Vũ Thu,Nhà trọ Balanha,actor,Đạo diễn Mai Hồng Phong
Thuỳ Dương,Chạy trốn thanh xuân,actor,Nhung
Thuỳ Dương,Người phán xử (phim truyền hình Việt Nam),actor,Quyên
Thuỳ Dương,Mê cung (phim truyền hình),actor,Thanh Diệp
NSƯT Thu Hà,Chạy trốn thanh xuân,actor,Cô Tía chủ trọ
Nguyễn Ngọc Anh,Chạy trốn thanh xuân,actor,Dung
Nguyễn Ngọc Anh,Quỳnh búp bê,actor,
Nguyễn Ngọc Anh,Lửa ấm,actor,Diễm
Nguyễn Ngọc Anh,Hướng dương ngược nắng,actor,Bà Loan lúc trẻ
Nguyễn Ngọc Anh,Những nhân viên gương mẫu,actor,Hương
NSƯT Dương Đức Quang,Chạy trốn thanh xuân,actor,Bố Châu
Phạm Kiều Khanh,Chạy trốn thanh xuân,actor,Nhất Mai
Xuân Trường,Chạy trốn thanh xuân,actor,Ông Trung
Xuân Trường,Đừng nói khi yêu,actor,Ông Thành
Xuân Trường,Cuồng phong (phim truyền hình),actor,Đoàn Linh
Xuân Trường,Giọt nước rơi,actor,Tuân
Xuân Trường,Đấu trí (phim truyền hình Việt Nam),actor,Lại Thanh Vững
Xuân Trường,Mê cung (phim truyền hình),actor,Bác sĩ David Tâm
Xuân Trường,Mặt nạ gương,actor,Trung tá Lê Ngọc Anh
Xuân Trường,Lặng yên dưới vực sâu,actor,Ông Cáy === Diễn viên phụ ===
Xuân Trường,Gặp em ngày nắng,actor,Ông Quang
Xuân Trường,Biệt dược đen,actor,Nguyễn Quang Sáng (Bùi Quang Sáng)
Xuân Trường,Dưới bóng cây hạnh phúc,actor,Ông Mạnh
Xuân Trường,Nhà trọ Balanha,actor,Ông Cường
Xuân Trường,Vị tướng tình báo và hai bà vợ,actor,Lê Thanh Đạo
NSƯT Ngọc Tản,Chạy trốn thanh xuân,actor,Bà Ngoại An
NSƯT Trương Thu Hà,Chạy trốn thanh xuân,actor,Nhân
Hoàng Du Ka,Chạy trốn thanh xuân,actor,Xã hội đen
Hoàng Du Ka,Những ngày không quên,actor,Quất
Hoàng Du Ka,Hành trình công lý,actor,Em trai Quân
Hoàng Du Ka,Người phán xử (phim truyền hình Việt Nam),actor,Duy
Hoàng Du Ka,Mê cung (phim truyền hình),actor,Tùng cua
Hoàng Du Ka,Cuộc đời vẫn đẹp sao (phim truyền hình),actor,Đoàn Văn Sơn
Hoàng Du Ka,Cô gái nhà người ta,actor,Quất
Long Hoàng,Chạy trốn thanh xuân,actor,Đỗ
Tiến Việt,Chạy trốn thanh xuân,actor,Tâm
Tiến Việt,Yêu thì ghét thôi,actor,Chủ mặt bằng
Tiến Việt,Lửa ấm,actor,Định
Đỗ Kỷ,Sinh tử,actor,"Tổng biên tập Vũ Ngọc Phạm, Tổng biên tập Báo Việt Thanh"
Đỗ Kỷ,Tình yêu và tham vọng,actor,Ông Thọ
Đỗ Kỷ,Hồ sơ cá sấu,actor,ông Huynh
Đỗ Kỷ,Gia đình mình vui bất thình lình,actor,Tổ trưởng Tổ dân phố
Đỗ Kỷ,Long thành cầm giả ca (phim),actor,Nguyễn Đề
Đỗ Kỷ,Mùa lá rụng,actor,Tự
Đỗ Kỷ,Cuồng phong (phim truyền hình),actor,Ông Quân
Đỗ Kỷ,Thái sư Trần Thủ Độ (phim truyền hình),actor,Đỗ Kính Tu
Đỗ Kỷ,Người phán xử (phim truyền hình Việt Nam),actor,Vũ Bắc
Đỗ Kỷ,Đấu trí (phim truyền hình Việt Nam),actor,Ông Đường
Đỗ Kỷ,Trái tim có nắng,actor,Ông Đức
Đỗ Kỷ,Những nẻo đường gần xa,actor,Bố Yên
Đỗ Kỷ,Bánh đúc có xương,actor,Ông Duy
Đỗ Kỷ,Nơi giấc mơ tìm về,actor,Ông Kình
Văn Hát,Sinh tử,actor,"Đại tá Phạm Văn Viết, Giám đốc Công an tỉnh Việt Thanh"
Văn Hát,Những nẻo đường gần xa,actor,Bố Hân
Duy Hưng,Sinh tử,actor,Đại uý Nguyễn Đức Cường
Duy Hưng,Hồ sơ cá sấu,actor,"Đạo ""đá"""
Duy Hưng,Quỳnh búp bê,actor,Nghĩa
Duy Hưng,Người phán xử (phim truyền hình Việt Nam),actor,"Hoàng ""mặt sắt"""
Duy Hưng,Mê cung (phim truyền hình),actor,Việt sói (phần 2)
Duy Hưng,Mùa hoa tìm lại,actor,Nguyễn Bá Đồng
Duy Hưng,Độc đạo,actor,"Lê Khương (Khương ""Liều"")"
Duy Hưng,Nhà trọ Balanha,actor,Tấn
Huyền Sâm,Sinh tử,actor,Kiểm sát viên Đinh Thị Thu Hằng
Huyền Sâm,Thầu Chín ở Xiêm,actor,O Nho
Huyền Sâm,Nàng dâu order,actor,Bà Dung
Huyền Sâm,Mặt nạ gương,actor,Linh
Huyền Sâm,Hướng dương ngược nắng,actor,Bà Cúc lúc trẻ
Huyền Sâm,Yêu hơn cả bầu trời,actor,Vân
Huyền Sâm,Kẻ ăn hồn,actor,bà Lan (mẹ của Sang)
Huyền Sâm,Những nẻo đường gần xa,actor,Nhật
Huyền Sâm,Độc đạo,actor,Trâm
Huyền Sâm,Lối nhỏ vào đời,actor,Thanh
Huyền Sâm,11 tháng 5 ngày,actor,Tuệ
Tất Bình,Huyền sử thiên đô (phim),director,
Tất Bình,Sinh tử,actor,Nguyên Bí thư Tỉnh ủy Việt Thanh Trương Dĩ
Tất Bình,Áo lụa Hà Đông (phim),actor,Ông Phán
Tất Bình,Huyền sử thiên đô,director,
Tất Bình,Đấu trí (phim truyền hình Việt Nam),actor,Đinh Hoàng Bá
Tất Bình,Mặt nạ gương,actor,Ông Nguyễn Tiến Lãm === Diễn viên phụ ===
Tất Bình,Nơi giấc mơ tìm về,actor,Ông Chấn
Tất Bình,Ngọt ngào và man trá,actor,Giám đốc Kiên
Ngọc Trung,Sinh tử,actor,"Chu Văn Khiêm, Chánh Văn phòng UBND tỉnh Việt Thanh"
Ngọc Trung,Cuồng phong (phim truyền hình),actor,Nam
Ngọc Trung,Hoa cỏ may,actor,Bình (lúc nhỏ)
Minh Tiệp,Sinh tử,actor,"Lê Vịnh, Giám đốc Ngân hàng Bắc Dĩnh"
Minh Tiệp,Cuộc gọi lúc 0 giờ,actor,Hoài Phong
Minh Tiệp,Quỳnh búp bê,actor,Vũ
Minh Tiệp,Những ngày không quên,actor,Bạn trai Vy
Minh Tiệp,"Hà Nội, Hà Nội",actor,Dân
Minh Tiệp,Lập trình cho trái tim,actor,Hoàng Lâm King kong
Phú Kiên,Sinh tử,actor,"Nguyễn Mạnh Cường, Giám đốc Sở Tài chính"
Phú Kiên,Tình yêu và tham vọng,actor,Ông Dân
Phú Kiên,Cuộc chiến không giới tuyến,actor,Đại tá Nguyễn Đức An
Phú Kiên,Mùa lá rụng,actor,Cần
Phú Kiên,Luật đời,actor,Việt
Phú Kiên,Đấu trí (phim truyền hình Việt Nam),actor,Vũ Văn Vệ
Phú Kiên,Những nẻo đường gần xa,actor,Bố Hùng
Phú Kiên,Những cô gái trong thành phố,actor,Ngọc
Tuấn Cường,Sinh tử,actor,"Đỗ Quang Minh, Giám đốc Sở Xây dựng"
Tuấn Cường,Hồ sơ cá sấu,actor,ông Hiệu
Tuấn Cường,Gara hạnh phúc,actor,Thịnh
Tuấn Cường,Mùa hoa tìm lại,actor,Đại gia
Tuấn Cường,Đi qua mùa hạ,actor,Học
Tuấn Cường,Hãy nói lời yêu,actor,Luật sư
Đỗ Thanh Tùng,Sinh tử,actor,"Nguyễn Văn Toàn, Phó Giám đốc Sở, sau này là Quyền Giám đốc Sở Kế hoạch Đầu tư tỉnh Việt Thanh"
Đỗ Thanh Tùng,Thương ngày nắng về,actor,Lộc
Đỗ Thanh Tùng,Đấu trí (phim truyền hình Việt Nam),actor,Bùi Ngọc Kiên
Nhan Phúc Vinh,Tình yêu và tham vọng,actor,Trần Nguyên Minh
Nhan Phúc Vinh,Ngày ấy mình đã yêu,actor,Tùng
Nhan Phúc Vinh,Giấc mơ của mẹ,actor,Quang Minh
Nhan Phúc Vinh,Chạm vào quá khứ,actor,Hải Nam
Nhan Phúc Vinh,Giải cứu thần chết,actor,Thầy thể dục lúc trẻ
Nhan Phúc Vinh,Sao đổi ngôi (phim truyền hình Việt Nam),actor,Quốc Hưng/Mười Ba
Nhan Phúc Vinh,Đừng làm mẹ cáu,actor,Đức Quân
Nhan Phúc Vinh,Vẫn có em bên đời,actor,Tiến
Nhan Phúc Vinh,"Không ngại cưới, chỉ cần một lý do",actor,Bảo Phong
Nhan Phúc Vinh,Đảo của dân ngụ cư,actor,Miên
Đào Văn Bích,Tình yêu và tham vọng,actor,Đại Cán
Đào Văn Bích,Thái sư Trần Thủ Độ (phim truyền hình),actor,Mã Lượng
Đào Văn Bích,Mặt nạ gương,actor,Thầy Doanh
Phú Thăng,Tình yêu và tham vọng,actor,Ông Thái
Phú Thăng,Hồ sơ cá sấu,actor,ông Phi
Phú Thăng,Thương ngày nắng về,actor,Ông Khải
Phú Thăng,Hành trình công lý,actor,Trần Điền
Phú Thăng,Cuồng phong (phim truyền hình),actor,Ông Ngô
Phú Thăng,Chủ tịch tỉnh (phim truyền hình),actor,Cường
Phú Thăng,Người phán xử (phim truyền hình Việt Nam),actor,Bá Thế
Phú Thăng,Mùa hoa tìm lại,actor,Ông Cơ
Phú Thăng,Giao mùa,actor,Ông Túc
Phú Thăng,Biệt dược đen,actor,Bố Đạt
Phú Thăng,Dưới bóng cây hạnh phúc,actor,Bố Son
Phú Thăng,Đội đặc nhiệm nhà C21,actor,Bố Quang sọt
Phú Thăng,11 tháng 5 ngày,actor,Bố Thuận
Phú Thăng,Hợp đồng hôn nhân (phim truyền hình),actor,Bố Quỳnh
Thu Quế,Tình yêu và tham vọng,actor,Bà Thương
Thu Quế,Dòng sông phẳng lặng (phim truyền hình),actor,Thanh Ngân
Thu Quế,Nhà có ba chị em,actor,Tú
Thu Quế,Vị tướng tình báo và hai bà vợ,actor,Thoa
Nguyễn Trọng Lân,Tình yêu và tham vọng,actor,Thiên
Nguyễn Trọng Lân,Gia đình mình vui bất thình lình,actor,Khải
Nguyễn Trọng Lân,Gặp em ngày nắng,actor,Khách mời
Nguyễn Trọng Lân,"Không ngại cưới, chỉ cần một lý do",actor,Đình Đông
Nguyễn Trọng Lân,Thông gia ngõ hẹp,actor,Phan
Vũ Thu Hoài,Tình yêu và tham vọng,actor,Kathy
Vũ Thu Hoài,Yêu thì ghét thôi,actor,Trang === Vai phụ ===
Vũ Thu Hoài,Người phán xử (phim truyền hình Việt Nam),actor,Lê Thảo
Vũ Thu Hoài,Mê cung (phim truyền hình),actor,Linh
Vũ Thu Hoài,Mùa hoa tìm lại,actor,Trần Thị Thủy
Vũ Thu Hoài,Ghét thì yêu thôi,actor,Trang
Vũ Thu Hoài,Nhà trọ Balanha,actor,Mai
Vũ Thu Hoài,Chỉ có thể là yêu (phim truyền hình Việt Nam),actor,Trang
Vũ Thu Hoài,Cầu vồng tình yêu,actor,Mẫn
Vũ Thu Hoài,Chỉ có thể là yêu (phim Việt Nam),actor,Trang
Xuân Hồng,Tình yêu và tham vọng,actor,Hưng
Xuân Hồng,Thương ngày nắng về,actor,Ông Khải lúc trẻ
Xuân Hồng,Quỳnh búp bê,actor,Sỹ
Xuân Hồng,Đấu trí (phim truyền hình Việt Nam),actor,Trợ lý Cầm
Xuân Hồng,Mê cung (phim truyền hình),actor,Quản lý quán cà phê Rô-cơ
Xuân Hồng,Mặt nạ gương,actor,Tuấn
Xuân Hồng,Lựa chọn số phận,actor,Luật sư Quốc Hưng
Xuân Hồng,Hãy nói lời yêu,actor,Bạn Bình
Vũ Ngọc Châm,Tình yêu và tham vọng,actor,Diễm
Phí Thùy Linh,Tình yêu và tham vọng,actor,Âu
Phí Thùy Linh,Quỳnh búp bê,actor,Bà Chiến (Mẹ Quỳnh)
Phí Thùy Linh,Cô gái nhà người ta,actor,Bình
Phí Thùy Linh,Những cô gái trong thành phố,actor,Thương
Nguyễn Xuân Thắng,Tình yêu và tham vọng,actor,Gã mặt sẹo
Nguyễn Xuân Thắng,Hương vị tình thân,actor,Lão Tấn (lúc trẻ)
Raj Taneja,Tình yêu và tham vọng,actor,Ông David === Khách mời ===
Việt Anh (diễn viên),Hồ sơ cá sấu,actor,Đặng Trung
Việt Anh (diễn viên),Khúc hát mặt trời,actor,Lâm
Việt Anh (diễn viên),Sống chung với mẹ chồng,actor,Sơn
Việt Anh (diễn viên),Cuộc chiến không giới tuyến,actor,Trung tá Trần Đình Trung
Việt Anh (diễn viên),Người phán xử (phim truyền hình Việt Nam),actor,Phan Hải
Việt Anh (diễn viên),"Chồng cũ, vợ cũ, người yêu cũ",actor,Việt
Việt Anh (diễn viên),Chạy án,actor,Cao Thanh Lâm
Việt Anh (diễn viên),Song song (phim),actor,Biên tập viên Thời sự
Doãn Quốc Đam,Hồ sơ cá sấu,actor,"Trần Đình Cương (Cương ""chột"")"
Doãn Quốc Đam,Quỳnh búp bê,actor,Cảnh
Doãn Quốc Đam,Hành trình công lý,actor,Hoàng Minh Cường
Doãn Quốc Đam,Chạm tay vào nỗi nhớ,actor,Mễ
Doãn Quốc Đam,Giọt nước rơi,actor,Tú
Doãn Quốc Đam,Người phán xử (phim truyền hình Việt Nam),actor,Trần Tú
Doãn Quốc Đam,Đấu trí (phim truyền hình Việt Nam),actor,"Phan Đình Tuấn (Tuấn ""nháy"")"
Doãn Quốc Đam,Mê cung (phim truyền hình),actor,Fedora Quang Trung và Fotomat Quang Nhật (phần 1
Doãn Quốc Đam,Lặng yên dưới vực sâu,actor,Phống
Doãn Quốc Đam,Những nẻo đường gần xa,actor,Ông Dũng (chủ đại lý)
Doãn Quốc Đam,Độc đạo,actor,Lê Vũ Hồng
Doãn Quốc Đam,Khi đàn chim trở về,actor,Lâm voi
Bảo Anh (diễn viên),Hồ sơ cá sấu,actor,Trần Kim Vũ
Bảo Anh (diễn viên),Người phán xử (phim truyền hình Việt Nam),actor,"Bảo ""Ngậu"""
Bảo Anh (diễn viên),Biệt dược đen,actor,"Trung tá, Thượng tá Đỗ Thanh Tuyển"
Bảo Anh (diễn viên),Những nẻo đường gần xa,actor,Thầy Hải (huấn luyện viên đấu kiếm)
Bảo Anh (diễn viên),Độc đạo,actor,Thượng tá Dương Công Phùng
Đức Hùng,Hồ sơ cá sấu,actor,"Đỗ Duy Khánh (Khánh ""ma"")"
Đức Hùng,Hành trình công lý,actor,Vỹ
Đức Hùng,Mê cung (phim truyền hình),actor,Gia Phú (Phú “trọc”)
Đức Hùng,Tình khúc bạch dương,actor,Giám đốc Ngân hàng
Đức Hùng,Dưới bóng cây hạnh phúc,actor,Ông Ninh
Vĩnh Xương (diễn viên),Hồ sơ cá sấu,actor,Mạc Kiên
Vĩnh Xương (diễn viên),Đấu trí (phim truyền hình Việt Nam),actor,Đinh Hoàng Đức
Vĩnh Xương (diễn viên),Anh có phải đàn ông không,actor,Ông Triệu
Vĩnh Xương (diễn viên),Biệt dược đen,actor,Ông Nguyễn Hoàng Phi
Vĩnh Xương (diễn viên),Độc đạo,actor,"Phạm Quân (Quân ""già"")"
Vĩnh Xương (diễn viên),Cầu thang nhà A6,actor,Cháu ông Tình
Vĩnh Xương (diễn viên),Cuồng phong (phim truyền hình),actor,Liêm
Vĩnh Xương (diễn viên),Bão qua làng,actor,Chiến
Hoàng Phúc Anh,Hồ sơ cá sấu,actor,"Huy ""nổ"""
Hoàng Phúc Anh,Cuộc chiến không giới tuyến,actor,Đặng Minh Thông
Hoàng Phúc Anh,Người phán xử (phim truyền hình Việt Nam),actor,"Tùng ""còi"""
Phùng Đức Hiếu,Hồ sơ cá sấu,actor,Hiếu
Phùng Đức Hiếu,Chúng ta của 8 năm sau,actor,Tuấn
Bá Anh,Hồ sơ cá sấu,actor,Khoa
Bá Anh,Nàng dâu order,actor,Toàn (Sếp của Phong)
Bá Anh,Nhà có ba chị em,actor,Sinh
Bá Anh,Sóng ở đáy sông,actor,Ý
Bá Anh,Vị tướng tình báo và hai bà vợ,actor,Hào
Đào Thúy Hường,Hồ sơ cá sấu,actor,Hải My
Tô Dũng,Hương vị tình thân,actor,Phi
Tô Dũng,Gia đình mình vui bất thình lình,actor,Ông Toại hồi trẻ
Tô Dũng,Lửa ấm,actor,Đại uý Tô Minh Tiến
Tô Dũng,Cuộc chiến không giới tuyến,actor,"Trung úy, Thượng úy Lê Sỹ Hưng"
Tô Dũng,Đấu trí (phim truyền hình Việt Nam),actor,Đại uý Nguyễn Hữu Hào
Tô Dũng,Cuộc đời vẫn đẹp sao (phim truyền hình),actor,Tô Văn Điền
Tô Dũng,Anh có phải đàn ông không,actor,Thanh
Tô Dũng,Mùa xuân ở lại,actor,Ngọc
Tô Dũng,Hợp đồng hôn nhân (phim truyền hình),actor,Phong
Tô Dũng,Trò đời,actor,Lực
Tô Dũng,Mùi cỏ cháy,actor,Thăng
Vũ Việt Hoa,Hương vị tình thân,actor,Thiên Nga
Vũ Việt Hoa,Độc đạo,actor,Nguyễn Phương Diễm
Vũ Việt Hoa,Dưới bóng cây hạnh phúc,actor,Thu Hồng
Vũ Việt Hoa,Thông gia ngõ hẹp,actor,Khánh Linh
Vũ Việt Hoa,Nơi giấc mơ tìm về,actor,Phương
Lê Linh Hương,Hương vị tình thân,actor,Bà Bích lúc trẻ
Lê Linh Hương,Lối nhỏ vào đời,actor,Thủy
Trần Việt Bắc,Hương vị tình thân,actor,Hồng
Bùi Bài Bình,Hương vị tình thân,actor,"Bố Chiến ""chó"""
Bùi Bài Bình,Long thành cầm giả ca (phim),actor,Thùy Trung Hầu
Bùi Bài Bình,Những ngày không quên,actor,Ông Tiền
Bùi Bài Bình,Cuộc chiến không giới tuyến,actor,Thầy Lang Tâm
Bùi Bài Bình,Thái sư Trần Thủ Độ (phim truyền hình),actor,Tô Trung Từ
Bùi Bài Bình,Lặng yên dưới vực sâu,actor,Ông Dìn
Bùi Bài Bình,Cô gái nhà người ta,actor,Ông Tiền
Bùi Bài Bình,Mùa ổi,actor,Hòa
Bùi Bài Bình,Độc đạo,actor,"Tráng A Cừ (Lão ""Trưởng bản"" Cừ)"
Bùi Bài Bình,Ảo ảnh trắng,actor,Doãn
Bùi Bài Bình,Nhà có ba chị em,actor,Chủ Nhà Hàng
Bùi Bài Bình,Ma làng,actor,Phạm Thế Tòng
Bùi Bài Bình,Chiều ngang qua phố cũ,actor,Hà
Bùi Bài Bình,Lối nhỏ vào đời,actor,Ông Thành
Linh Huệ,Hương vị tình thân,actor,Bà Tâm
Linh Huệ,Gia đình mình vui bất thình lình,actor,Mẹ Phương
Linh Huệ,Những ngày không quên,actor,Bà Hòa
Linh Huệ,Chủ tịch tỉnh (phim truyền hình),actor,Hồng
Linh Huệ,Thái sư Trần Thủ Độ (phim truyền hình),actor,Vợ Tô Trung Từ
Linh Huệ,Đấu trí (phim truyền hình Việt Nam),actor,Vợ ông Thi
Linh Huệ,Gara hạnh phúc,actor,Bà Hạnh
Linh Huệ,Đừng bắt em phải quên,actor,Bà Dịu - lúc trẻ
Linh Huệ,Cô gái nhà người ta,actor,Bà Hòa
Linh Huệ,"Không ngại cưới, chỉ cần một lý do",actor,Bà Hòa
Linh Huệ,Gió qua miền tối sáng,actor,Hậu
Linh Huệ,Bánh đúc có xương,actor,Dì Hà
Linh Huệ,Hãy nói lời yêu,actor,Bà Ngần
Linh Huệ,Thông gia ngõ hẹp,actor,Bà Minh Nhật
Linh Huệ,Nơi giấc mơ tìm về,actor,Mẹ Mai Anh
Phụng Nghi,Hương vị tình thân,actor,Ngọc Diệp (lúc nhỏ)
Phụng Nghi,Cuộc chiến không giới tuyến,actor,Vải
Nguyễn Hà Anh,Hương vị tình thân,actor,Phương Nam (lúc nhỏ)
Nguyễn Hà Anh,11 tháng 5 ngày,actor,Tuệ Nhi (lúc nhỏ)
Nam Anh,Hương vị tình thân,actor,Kỳ Duyên
Đặng Minh Cúc,Hương vị tình thân,actor,Sâm
Đặng Minh Cúc,Cuộc chiến không giới tuyến,actor,Vừ Thị Sú
Đặng Minh Cúc,Cuộc đời vẫn đẹp sao (phim truyền hình),actor,Bình
Đặng Minh Cúc,Độc đạo,actor,Ly
Đào Hoàng Yến,Hương vị tình thân,actor,Nguyệt
Đào Hoàng Yến,Về nhà đi con,actor,Cô Xuyến
Đào Hoàng Yến,Những ngày không quên,actor,Cô Xuyến
Đào Hoàng Yến,Giọt nước rơi,actor,Mẹ Linh
Đào Hoàng Yến,Đấu trí (phim truyền hình Việt Nam),actor,Bà Loan
Đào Hoàng Yến,Dưới bóng cây hạnh phúc,actor,Mẹ Tuyết
Phùng Khánh Linh,Hương vị tình thân,actor,Liễu
Phùng Khánh Linh,Về nhà đi con,actor,Linh
Phùng Khánh Linh,Những ngày không quên,actor,Linh
Đào Hiền Thục Anh,Hương vị tình thân,actor,Dương
Đào Hiền Thục Anh,Nơi giấc mơ tìm về,actor,Lan Chi
Võ sư Vũ Hải,Hương vị tình thân,actor,Ông Nguyễn Văn Thắng
Minh Thu,Hương vị tình thân,actor,Bà Sa (lúc trẻ)
Minh Thu,Cuộc chiến không giới tuyến,actor,Vợ Hưng
Trương Hoàng,Hương vị tình thân,actor,Lâm
Trương Hoàng,Bão ngầm,actor,Trung úy Phan Tuấn Trình
Trương Hoàng,Thương ngày nắng về,actor,Đại
Trương Hoàng,Quỳnh búp bê,actor,
Trương Hoàng,Hành trình công lý,actor,Cảnh
Trương Hoàng,Đấu trí (phim truyền hình Việt Nam),actor,"Tráng ""ngựa"""
Trương Hoàng,Gara hạnh phúc,actor,Trọng
Trương Hoàng,Đừng bắt em phải quên,actor,Hiếu
Trương Hoàng,Biệt dược đen,actor,Trịnh Văn Tiến
Trương Hoàng,Độc đạo,actor,Nghĩa (K3)
Trương Hoàng,Lối nhỏ vào đời,actor,Khải
Thùy Linh,Hương vị tình thân,actor,Thám tử của Khánh Thy
Thùy Linh,12A và 4H,actor,Trinh
Thùy Linh,Bước nhảy xì tin,actor,Luyến
Thùy Linh,Những nẻo đường gần xa,actor,Nhà báo
Thùy Linh,Và anh sẽ trở lại,actor,Tráng Ly
Thùy Linh,Mátxcơva - Mùa thay lá,actor,Linh
Nguyễn Ngọc An Nhiên,Hương vị tình thân,actor,Khánh Thy (lúc nhỏ)
Nguyễn Ngọc An Nhiên,Chúng ta của 8 năm sau,actor,Bé Cam
Nguyễn Ngọc An Nhiên,Đừng làm mẹ cáu,actor,bé Hạnh An (Happy)
Xuân Hiển,Hương vị tình thân,actor,Lương
Mạnh Đạt,Hương vị tình thân,actor,Cường
Mạnh Đạt,Đấu trí (phim truyền hình Việt Nam),actor,Khang IT
Mạnh Đạt,Gara hạnh phúc,actor,Tú
Mạnh Đạt,Mặt nạ gương,actor,Trương Văn Trai
Mạnh Đạt,Hướng dương ngược nắng,actor,Người yêu Hải Anh
Trình Mỹ Duyên,Đừng nói khi yêu,actor,Nguyễn Phương Linh
Tú Oanh,Đừng nói khi yêu,actor,Bà Phượng
Tú Oanh,Nàng dâu order,actor,Osin nhà bà Loan
Tú Oanh,Gia đình mình vui bất thình lình,actor,Bà Trần Lê Ngọc Bích
Tú Oanh,Cuộc chiến không giới tuyến,actor,Cô Ngần
Tú Oanh,12A và 4H,actor,Cúc
Tú Oanh,Đấu trí (phim truyền hình Việt Nam),actor,Bà Hạnh
Quách Thu Phương,Đừng nói khi yêu,actor,Bà Thúy
Quách Thu Phương,Đấu trí (phim truyền hình Việt Nam),actor,Bà Liên
Quách Thu Phương,Đừng bắt em phải quên,actor,Ngân
Quách Thu Phương,Tết này ai đến xông nhà,actor,Cô gái 100USD
Quách Thu Phương,Của để dành,actor,Lan
Thái Dũng,Đừng nói khi yêu,actor,Phi
Nguyễn Hoàng Ngọc Huyền,Đừng nói khi yêu,actor,Tường San
Nguyễn Hoàng Ngọc Huyền,Chúng ta của 8 năm sau,actor,Nguyệt
Nguyễn Hoàng Ngọc Huyền,Những ngày không quên,actor,Jun
Nguyễn Hoàng Ngọc Huyền,Mặt nạ gương,actor,Nguyễn Ngọc Mai
Nguyễn Hoàng Ngọc Huyền,Lối nhỏ vào đời,actor,Khanh
Hoàng Hà (diễn viên),Chúng ta của 8 năm sau,actor,Mai Dương
Hoàng Hà (diễn viên),Cu li không bao giờ khóc,actor,người phục vụ tại Club Thiên Đường
Hoàng Hà (diễn viên),Khi đàn chim trở về,actor,Hoàng
Quỳnh Kool,Chúng ta của 8 năm sau,actor,Nguyệt (lúc lớn)
Quỳnh Kool,"Mẹ ơi, bố đâu rồi?",actor,Ly
Quỳnh Kool,Nàng dâu order,actor,Nguyệt Anh
Quỳnh Kool,Quỳnh búp bê,actor,Đào
Quỳnh Kool,Đừng bắt em phải quên,actor,Ngọc
Quỳnh Kool,Đừng làm mẹ cáu,actor,Minh Hạnh
Quỳnh Kool,Tình khúc bạch dương,actor,Trang
Quỳnh Kool,Nhà trọ Balanha,actor,Thiên Nhi === Nhân vật phụ ===
Trần Nghĩa (diễn viên),Chúng ta của 8 năm sau,actor,Tùng
Trần Nghĩa (diễn viên),Mắt biếc (phim),actor,Ngạn
Trần Nghĩa (diễn viên),Lặng yên dưới vực sâu,actor,Sứ
Trần Nghĩa (diễn viên),Nhà trọ Balanha,actor,Tùng Nhân
Trần Nghĩa (diễn viên),Đảo độc đắc - Tử mẫu Thiên linh cái,actor,Long
Trần Quốc Anh (B Trần),Chúng ta của 8 năm sau,actor,Tùng (lúc lớn)
Khôi Trần,Chúng ta của 8 năm sau,actor,Giang
Khôi Trần,Mười: Lời nguyền trở lại,actor,Lê Chánh
Khôi Trần,Tiệm ăn dì ghẻ,actor,Huy
Chu Diệp Anh,Chúng ta của 8 năm sau,actor,Lan Nhi
Chu Diệp Anh,Hướng dương ngược nắng,actor,Cami
Văn Phượng,Thầu Chín ở Xiêm,actor,O Hoàn
Văn Phượng,Thử thách cuộc đời,actor,Hương
Văn Phượng,Đồng tiền quỷ ám,actor,Xuân
Văn Phượng,Mẹ ghẻ (phim truyền hình),actor,Diệu lúc trẻ
Văn Phượng,Canh bạc tình yêu,actor,Lê Thị Khánh Băng (tập 1-15) / Lê Thị Khánh Linh (Phạm Thị Hoài Thương) (tập 66-102)
Ngọc Hùng,Con đường sáng (phim video),actor,Hùng Anh
Ngọc Hùng,Những đứa con biệt động Sài Gòn,actor,Giang Quân === Phần 1 ===
Ngọc Hùng,Vịt kêu đồng,actor,Hai Hên
Ngọc Hùng,Đồng quê (phim truyền hình),actor,Hai Nghĩa
Ngọc Hân,Con đường sáng (phim video),actor,Hồ Mến
Hoàng Ân,Con đường sáng (phim video),actor,Kê Ru
Ngọc Bình,Con đường sáng (phim video),actor,A Cả
Hữu Thành,Con đường sáng (phim video),actor,A Vỗ
Hữu Thành,Dấu chân du mục,actor,Ông Mộc
Hữu Thành,Bắc kim thang (phim),actor,ông nội
Hữu Thành,Cuộc chiến nhân tình,actor,Thầy Xuân
Thanh Thúy diễn viên sinh 1982,Tình yêu còn lại,actor,Lam
Thanh Thúy diễn viên sinh 1982,Lẵng hoa tình yêu,actor,Đào
Thanh Thúy diễn viên sinh 1982,Blouse trắng,actor,Bác sĩ Vân
Thanh Thúy diễn viên sinh 1982,Những cô gái chân dài,actor,học sinh
Thanh Thúy diễn viên sinh 1982,Cho em một ngày vui,actor,Minh Thùy
Ốc Thanh Vân,Tình yêu còn lại,actor,Trân
Ốc Thanh Vân,Lật Mặt 6: Tấm vé định mệnh,actor,Nhân viên công ty xổ số
Ốc Thanh Vân,Lật mặt 6: Tấm vé định mệnh,actor,Nhân viên công ty xổ số
Mỹ Dung,Tình yêu còn lại,actor,Nhã
Mỹ Dung,Gọi giấc mơ về,actor,Bà Tám
Mỹ Dung,Trận đồ bát quái,actor,Bà Nhàn
Mỹ Dung,Tình án,actor,Bà Ba
Mỹ Dung,Mặn hơn muối,actor,Bà Loan
Mỹ Dung,Tiệm ăn dì ghẻ,actor,Mẹ Nhi
Mạnh Hùng,Tình yêu còn lại,actor,Minh
Mạnh Hùng,Bão ngầm,actor,"Thiếu uý Tống Ngọc Long (Long ""đầu đinh"")"
Mạnh Hùng,Lối sống sai lầm,actor,Đạo
Mạnh Hùng,Cột mốc 23,actor,Người đàn ông ma
Mạnh Hùng,Người phán xử (phim truyền hình Việt Nam),actor,"Huy ""Bá"""
Mạnh Hùng,Đấu trí (phim truyền hình Việt Nam),actor,Ông Chính
Mạnh Hùng,Đất mặn (phim truyền hình),actor,Sáu Trung
Thành Đạt,Tình yêu còn lại,actor,Quân
Thành Đạt,Hương phù sa,actor,Năm Đô
Thành Đạt,Sóng tình (phim truyền hình),actor,Đạt
Thành Đạt,Cha rơi,actor,Lâm
Thành Đạt,Duyên định kim tiền,actor,Hoàng Kiết
Thành Đạt,Hương Phù Sa,actor,Năm Đô
Thanh Sâm,Tình yêu còn lại,actor,Mẹ Lam
Thanh Sâm,Giọt đắng,actor,Bà Định
Thanh Sâm,Cải ơi,actor,Mẹ của Thàn
Thanh Sâm,Cải ơi!,actor,Mẹ của Thàn
Quang Khải,Tình yêu còn lại,actor,Ông Phương
Quang Khải,Hoa nắng (phim truyền hình Việt Nam),actor,Ông Ninh
Quang Khải,Thử thách cuộc đời,actor,Ông Phước
Quang Khải,Nhiệm vụ đặc biệt,actor,Tướng Minh
Quang Khải,Luật trời,actor,Ông Lâm
Quang Khải,Nếu còn có ngày mai (phim truyền hình Việt Nam),actor,Ông Trung
Trí Quang,Taxi (phim truyền hình),actor,Tuấn
Trí Quang,Không lối thoát (phim truyền hình),actor,Hào
Trí Quang,Ám ảnh (phim truyền hình),actor,Trần Thanh
Trí Quang,Ký ức mong manh,actor,Phan
Trí Quang,Mật mã hoa hồng vàng,actor,An Khánh
Trí Quang,Công nghệ thời trang,actor,Phan Nghị
Trương Quỳnh Anh,Taxi (phim truyền hình),actor,Lan
Trương Quỳnh Anh,Trói buộc yêu thương,actor,Hà Phương/Mai Phương
Trương Quỳnh Anh,Hạnh phúc của người khác,actor,Linh/Trang
Trương Quỳnh Anh,Bánh mì ông Màu,actor,Kim Chi
Trương Quỳnh Anh,Thề không gục ngã,actor,Huệ Mẫn
Trương Quỳnh Anh,Tình án,actor,Bảng
Trương Quỳnh Anh,Bóng ma học đường,actor,Thiên Kim
Trương Quỳnh Anh,Gara hạnh phúc,actor,Sơn Ca lúc nhỏ
Quỳnh Anh,Taxi (phim truyền hình),actor,Lệ
Quỳnh Anh,Vật chứng mong manh,actor,Thúy
Quỳnh Anh,Hoa cỏ may,actor,Na (lúc nhỏ)
Đinh Y Nhung,Taxi (phim truyền hình),actor,Song Trúc
Đinh Y Nhung,Bão ngầm,actor,Hồng Liên
Đinh Y Nhung,Ký ức mong manh,actor,Khuê
Đinh Y Nhung,Vũ điệu giữa bầy sói,actor,Ngọc Bích
Đinh Y Nhung,Câu chuyện pháp đình,actor,Thơm
Đinh Y Nhung,Lật mặt 7: Một điều ước,actor,Ba Lành
Đinh Y Nhung,Nữ bác sĩ,actor,Thanh Hà
Đinh Y Nhung,Chúng ta phải hạnh phúc,actor,Nguyệt
Đinh Y Nhung,Huyền thoại bất tử,actor,Trang
Đinh Y Nhung,Thất sơn tâm linh,actor,Múi (Nữ tay sai)
Đinh Y Nhung,Công nghệ thời trang,actor,Hoàng Vy
Đinh Y Nhung,Mười: Lời nguyền trở lại,actor,Diệu
Nguyễn Đình Thơ,Cuộc gọi lúc 0 giờ,actor,Ông Tấn
Nguyễn Đình Thơ,Những nẻo đường phù sa,actor,Ông chủ Lê
Nguyễn Đình Thơ,Vị đắng tình yêu,actor,hiệu trưởng Quang Phúc
Nguyễn Đình Thơ,Xích lô (phim),actor,Ba Của Nhà Thơ
Nguyễn Đình Thơ,Hai Cũ,actor,Y sĩ Thạnh
Châu Thế Tâm,Cuộc gọi lúc 0 giờ,actor,Duy Khiêm
Châu Thế Tâm,Bão ngầm,actor,"Huy ""art"""
Châu Thế Tâm,Trận đồ bát quái,actor,Gia Vĩ
Châu Thế Tâm,Mẹ rơm,actor,Tuấn
Châu Thế Tâm,Tiệm ăn dì ghẻ,actor,Hải
Trịnh Kim Chi,Hoa nắng (phim truyền hình Việt Nam),actor,Bà Ngọc
Trịnh Kim Chi,Không lối thoát (phim truyền hình),actor,Bà Tư
Trịnh Kim Chi,Có hẹn với yêu thương,actor,Bà Hai
Trịnh Kim Chi,Đam mê nghiệt ngã (phim truyền hình Việt Nam),actor,Bà Lan
Trịnh Kim Chi,Trói buộc yêu thương,actor,Bà Thùy
Trịnh Kim Chi,Thử thách cuộc đời,actor,Bà Mỹ
Trịnh Kim Chi,Dâu bể đường trần,actor,Bà Đốc Phủ
Trịnh Kim Chi,Khúc tương tư,actor,Bà Biện
Trịnh Kim Chi,Mẹ ghẻ (phim truyền hình),actor,Bà Tuyết
Trịnh Kim Chi,Hello cô Ba,actor,Bà Nguyên Sa
Trịnh Kim Chi,Những nẻo đường phù sa,actor,Tuyết
Trịnh Kim Chi,Áo cưới thiên đường,actor,Thanh Lan
Trịnh Kim Chi,Chạm vào quá khứ,actor,Bà Trinh
Trịnh Kim Chi,Blouse trắng,actor,Bích
Trịnh Kim Chi,Nhiệm vụ đặc biệt,actor,Hương
Trịnh Kim Chi,Giấc mơ biển,actor,Bà Hương
Trịnh Kim Chi,Hello Cô Ba,actor,Bà Nguyên Sa
Tấn Phát,Hoa nắng (phim truyền hình Việt Nam),actor,Khương
Tấn Phát,Thứ ba học trò,actor,Thầy Tùng
Tấn Phát,Dương thế bao la sầu,actor,Linh Vũ
Tấn Phát,Sóng tình (phim truyền hình),actor,Trọng
Tấn Phát,Vòng xoáy tình yêu,actor,Quốc
Thanh Điền nghệ sĩ cải lương,Hoa nắng (phim truyền hình Việt Nam),actor,Ông Hưng
Thanh Điền nghệ sĩ cải lương,Gọi giấc mơ về,actor,Ông Hoàng
Thanh Điền nghệ sĩ cải lương,Ải mỹ nhân,actor,Hội đồng Thanh
Thanh Điền nghệ sĩ cải lương,Khúc tương tư,actor,Ông Biện
Thanh Điền nghệ sĩ cải lương,Chống lại số phận,actor,Ông Bân
Thanh Điền nghệ sĩ cải lương,Ăn tết miệt vườn,actor,Ông Định
Thanh Điền nghệ sĩ cải lương,Bên kia sông,actor,Tám Nghĩa
Hữu Phước,Hoa nắng (phim truyền hình Việt Nam),actor,Ông Cường
Hữu Phước,Cát đỏ,actor,Phước khùng
Hữu Phước,Xóm nước đen,actor,Lê Lưu Linh
Hữu Phước,Hoa hồng cho sớm mai,actor,Thiện
Anh Đào,Hoa nắng (phim truyền hình Việt Nam),actor,Uyên
Anh Đào,Đấu trí (phim truyền hình Việt Nam),actor,Thiếu uý Lê Phương Linh
Anh Đào,Hướng dương ngược nắng,actor,Thảo
Minh Hạnh,Cá cược cuộc đời,actor,Cô Bảy
Minh Hạnh,Dập tắt lửa lòng,actor,Bà Hội
Minh Hạnh,Gọi giấc mơ về,actor,Bà Lan
Minh Hạnh,Mẹ ghẻ (phim truyền hình),actor,Bà Sang
Minh Hạnh,Chuyện tình đảo ngọc,actor,Bà Thu
Đức Hải người mẫu,Cá cược cuộc đời,actor,Hoài Lê
Đức Hải người mẫu,Sắc đẹp và danh vọng,actor,Sinh Hùng
Trường Thịnh,Cá cược cuộc đời,actor,Minh Việt
Trường Thịnh,Dưới cờ đại nghĩa,actor,Năm Nghĩa
Trường Thịnh,Mỹ nhân Sài Thành,actor,Biên
Trường Thịnh,Mỹ nhân Sài thành,actor,Biên
Đoàn Mai Phương,Cá cược cuộc đời,actor,Bà Phương
Công Danh,Thời gian để yêu (phim truyền hình),actor,Khải
Công Danh,Thuyền giấy,actor,Thái
Công Danh,Lời nguyền Domino,actor,Nam
Công Danh,Mặn hơn muối,actor,Quân
Lương Mỹ,Thời gian để yêu (phim truyền hình),actor,Bà Vui
Lương Mỹ,Cô Thắm về làng (phim truyền hình),actor,Bà Mai
Lương Mỹ,Hot boy nổi loạn,actor,Mẹ Long
Lương Mỹ,"Hot boy nổi loạn và câu chuyện về thằng Cười, cô gái điếm và con vịt",actor,Mẹ Long
Hàn Thái Tú,Ông trùm (phim truyền hình Việt Nam),actor,Trương Hùng
Hàn Thái Tú,Vật chứng mong manh,actor,Tỷ Phú
Lý Hùng,Ông trùm (phim truyền hình Việt Nam),actor,Lê Mạnh
Lý Hùng,Thề không gục ngã,actor,An Hào
Lý Hùng,Mỹ nhân Sài Thành,actor,Bác sĩ Bách
Lý Hùng,Nghiệt oan,actor,Hùng
Lý Hùng,Tây Sơn hào kiệt,director,Nguyễn Huệ
Lý Hùng,Gara hạnh phúc,actor,Việt
Lý Hùng,Lời sám hối,actor,Ba Thiện
Lý Hùng,Mỹ nhân Sài thành,actor,Bác sĩ Bách
Lý Hùng,Dollars trắng,actor,Nguyễn Trực
Lý Hùng,Hai Cũ,actor,Thắng lúc nhỏ
Nguyễn Dương,Cổng mặt trời (phim truyền hình),director,
Nguyễn Dương,Bí mật tam giác vàng,director,
Nguyễn Dương,Ông trùm (phim truyền hình Việt Nam),director,Trí Tài
Nguyễn Dương,Xóm nước đen,actor,"Minh ""Đen"""
Nguyễn Dương,Khát vọng thượng lưu,director,Ông Quốc
Vũ Thanh,Ông trùm (phim truyền hình Việt Nam),actor,Cường Sói
Nikki Dương Nhật Vi,Ông trùm (phim truyền hình Việt Nam),actor,Mai Lâm
Nikki Dương Nhật Vi,Bay vào cõi mộng,actor,Bích Ngọc
Nikki Dương Nhật Vi,Khát vọng thượng lưu,actor,Ly
Nhật Kim Anh,Con gái bố già,actor,Kim Cương
Nhật Kim Anh,Gieo gió,actor,Hà Linh
Nhật Kim Anh,Nữ bác sĩ,actor,Nữ hộ sinh Kim Khuê
Nhật Kim Anh,Vong nhi,actor,Phương
Nhật Kim Anh,Tìm chồng cho vợ tôi,actor,Thảo
Nhật Kim Anh,Vua bánh mì (phim truyền hình Việt Nam),actor,Dung
Nhật Kim Anh,Long thành cầm giả ca (phim),actor,Cầm / Gái
Nhật Kim Anh,Lời sám hối,actor,Lệ Hằng
Nhật Kim Anh,Độc thân tuổi 30,actor,Hoàng Yến
Nhật Kim Anh,Lưới trời (phim 2020),actor,Út Hạnh
Võ Hiệp,Con gái bố già,actor,Thiết
Võ Hiệp,Dâu bể đường trần,actor,Ông Kim Phan
Võ Hiệp,Lạc giới,actor,ba của Hải
Võ Hiệp,Lời sám hối,actor,Hội Đồng Vĩnh
Hồ Bích Trâm,Con gái bố già,actor,Ruby
Hồ Bích Trâm,Muôn kiểu làm dâu,actor,Minh Châu
Hồ Bích Trâm,Bánh mì ông Màu,actor,Trúc Linh
Hồ Bích Trâm,Thuyền giấy,actor,Thắm
Hồ Bích Trâm,Lời nguyền lúc 0 giờ,actor,Bích Hà
Hồ Bích Trâm,Sài Gòn Yo!,actor,Con gái ông giáo sư
Hồ Bích Trâm,Giọt máu vô hình,actor,Uyên Thơ
Ly Na Trang,Dập tắt lửa lòng,actor,Bích
Kiều Khanh,Dập tắt lửa lòng,actor,Vân
Kiều Khanh,Mẹ ghẻ (phim truyền hình),actor,Tú
Kiều Khanh,Canh bạc tình yêu,actor,Lê Thị Khánh Hà
Kiều Khanh,Mùa cúc susi,actor,Quý
Kiều Khanh,Giấc mơ biển,actor,Điệp
Kiều Khanh,Ầu ơ ví dầu,actor,Hằng
Kiều Khanh,Tiệm ăn dì ghẻ,actor,Nhi
Thanh Nam,Dập tắt lửa lòng,actor,Ông Tư Trê
Thanh Nam,Ngũ hợi tấn hỷ,actor,Ông Minh Dương
Thanh Nam,Bánh mì ông Màu,actor,Ông Màu
Thanh Nam,Sông dài (phim),actor,Ông Hai Tuất
Thanh Nam,Sông dài (phim truyền hình),actor,Ông Hai Tuất
Thanh Nam,Em là bà nội của anh,actor,ông Bé
Thanh Nam,"Sài Gòn, anh yêu em",actor,ông Sáu Lương
Thanh Nam,Cha rơi,actor,Ba Trí
Thanh Nam,Làm rể Mười Xuân,actor,Ông Mười Xuân
Thanh Nam,Sui gia hay xui gia,actor,Ông Bảnh
Thanh Nam,Cầu thang nhà A6,actor,Tuệ
Bích Trâm,Không lối thoát (phim truyền hình),actor,Uyển Lan
Bích Trâm,Sui gia khắc khẩu,actor,Kiều
Bích Trâm,Dâu bể đường trần,actor,Ba Kiềm
Bích Trâm,Hạnh phúc của người khác,actor,Tú
Bích Trâm,Khúc tương tư,actor,Tuyết
Bích Trâm,Tình mẫu tử (phim truyền hình Việt Nam),actor,Thùy
Bích Trâm,Thề không gục ngã,actor,Minh Tuyết
Bích Trâm,Nhiệm vụ đặc biệt,actor,Mai
Bích Trâm,Bên kia sông,actor,Mai Phương
Bích Trâm,Mật mã chuông gió,actor,Du Hạ
Bích Trâm,Lời sám hối,actor,Thanh Thanh
Bích Trâm,Lưới trời (phim 2020),actor,Bà Đằng
Mỹ Linh,Không lối thoát (phim truyền hình),actor,Mai Anh
Mỹ Linh,Anh ba khía,actor,Út Mén
Mỹ Linh,Sui gia khắc khẩu,actor,Hạnh
Mỹ Linh,Dâu bể đường trần,actor,Bà Ngọc Lệ (lúc trẻ)
Mỹ Linh,Sông phố nhà ghe,actor,Út Lài
Mỹ Linh,Những người đã hết thời,actor,Hạnh
Mỹ Linh,Phía trước là bầu trời,actor,Bích
Lucy Như Thảo,Không lối thoát (phim truyền hình),actor,Tuyết
Lucy Như Thảo,Anh ba khía,actor,Thắm
Lucy Như Thảo,Sui gia khắc khẩu,actor,Chanh
Lucy Như Thảo,Dâu bể đường trần,actor,Bà Năm Kỉnh (lúc trẻ)
Lucy Như Thảo,Lời nguyền Domino,actor,Bà Hồng (lúc trẻ)
Phương Dung,Không lối thoát (phim truyền hình),actor,Bà Tám
Phương Dung,Anh ba khía,actor,Bà Chín
Phương Dung,Sui gia khắc khẩu,actor,Mộng Thu
Phương Dung,Có hẹn với yêu thương,actor,Bà Tám
Phương Dung,Muôn kiểu làm dâu,actor,Bà Vân
Phương Dung,Dâu bể đường trần,actor,Bà Hội đồng Thăng
Phương Dung,Vũ điệu đón xuân,actor,Bà Mơ
Phương Dung,Khúc tương tư,actor,Bà Bảy
Phương Dung,Ngày ấy mình đã yêu,actor,Mẹ Nam
Phương Dung,Chống lại số phận,actor,Bà Bân
Phương Dung,Bánh mì ông Màu,actor,Bà Dung
Phương Dung,Khi đàn ông có bầu,actor,Người giúp việc
Phương Dung,Ăn tết miệt vườn,actor,Má Điền
Phương Dung,Hoa hồng cho sớm mai,actor,Bà Lê
Phương Dung,Giọt máu vô hình,actor,Bà Liên Hoa
Phương Dung,"Taxi, em tên gì?",actor,mẹ của Hạ Mây
Phương Dung,Vua bánh mì (phim truyền hình Việt Nam),actor,Bà Cúc
Phương Dung,Lời sám hối,actor,Bà Phương
Phương Dung,Bụi hồng,actor,Diệu Thuần
Phi Nhung,Anh ba khía,actor,Bà Hai Lương
Phi Nhung,Hello cô Ba,actor,Vợ Tùng đồ cổ (†)
Phi Nhung,Nhà có 5 nàng tiên,actor,giám khảo cuộc thi hát
Phi Nhung,Hello Cô Ba,actor,Vợ Tùng đồ cổ (†)
Bùi Lê Kim Ngọc,Anh ba khía,actor,Trinh
Bùi Lê Kim Ngọc,Có hẹn với yêu thương,actor,Trúc
Bùi Lê Kim Ngọc,Dâu bể đường trần,actor,Bà Ánh Xuân (lúc trẻ)
Bùi Lê Kim Ngọc,Bí mật nghiệt ngã,actor,Bích Thủy
Bùi Lê Kim Ngọc,Nếu còn có ngày mai (phim truyền hình Việt Nam),actor,Diễm
Linh Tý,Anh ba khía,actor,Hai Tiền
Linh Tý,Sui gia khắc khẩu,actor,Minh Khang
Linh Tý,Có hẹn với yêu thương,actor,Thanh
Linh Tý,Dâu bể đường trần,actor,Đăng Minh Chiếu
Linh Tý,Hạnh phúc của người khác,actor,Sơn
Linh Tý,Lời nguyền lúc 0 giờ,actor,Kơ Mên
Sơn Hải,Anh ba khía,actor,Ông Bảy Tửu
Sơn Hải,Có hẹn với yêu thương,actor,Chín Thẹo
Sơn Hải,Bồ công anh trước gió,actor,Ông Hòa
Trọng Đức,Anh ba khía,actor,Út Đực
Thanh Hằng (nghệ sĩ cải lương),Sui gia khắc khẩu,actor,Tám Điệu
Thanh Hằng (nghệ sĩ cải lương),Nếu còn có ngày mai (phim truyền hình Việt Nam),actor,Bà Trung
Thúy Diễm,Sui gia khắc khẩu,actor,Ánh Xuân
Thúy Diễm,Dâu bể đường trần,actor,Cầm Thư
Thúy Diễm,Vũ điệu đón xuân,actor,Xuân
Thúy Diễm,Ải mỹ nhân,actor,Lụa
Thúy Diễm,Mẹ ghẻ (phim truyền hình),actor,Vĩnh Phương
Thúy Diễm,Chống lại số phận,actor,Hương
Thúy Diễm,Vật chứng mong manh,actor,Quỳnh
Thúy Diễm,Sóng tình (phim truyền hình),actor,Linh
Thúy Diễm,Vịt kêu đồng,actor,Tư Bông
Thúy Diễm,Cám (phim),actor,Bà Kế
Thúy Diễm,Sui gia hay xui gia,actor,Thanh
Thúy Diễm,Vũ khúc ánh trăng,actor,Lài
Thanh Duy,Sui gia khắc khẩu,actor,Bảo Nam
Thanh Duy,Có hẹn với yêu thương,actor,Phúc
Thanh Duy,Thử thách cuộc đời,actor,Nhân
Thanh Duy,Thẩm mỹ viện (phim truyền hình),actor,Hoàng Thái
Thanh Duy,Dấu chân du mục,actor,Thất
Thanh Duy,Dâu bể đường trần,actor,Kim Cẩm/Văn Sổi
Thanh Duy,Vũ điệu đón xuân,actor,Lân
Thanh Duy,Nơi ngọn gió dừng chân,actor,Đăng Khôi
Thanh Duy,Lưới trời (phim 2020),actor,Khang
Thanh Duy,Kế hoạch hoàn hảo,actor,Duy Nam
Trịnh Xuân Nhản,Sui gia khắc khẩu,actor,Phúc
Trịnh Xuân Nhản,Có hẹn với yêu thương,actor,Nam
Trịnh Xuân Nhản,Vũ điệu đón xuân,actor,Ông Khang
Trịnh Xuân Nhản,Lời nguyền Domino,actor,Khoa
Cẩm Như,Sui gia khắc khẩu,actor,Thoa
Cẩm Như,Có hẹn với yêu thương,actor,Bà chủ nhà trọ
Quỳnh Châu,Sui gia khắc khẩu,actor,Hồng
Quỳnh Châu,Lửa ấm,actor,Bác sĩ Yến
Quỳnh Châu,Biệt dược đen,actor,Nguyễn Minh Tuyết
Nguyễn Hải (diễn viên),Bão ngầm,actor,Thượng tá Trần Như Tuất
Nguyễn Hải (diễn viên),Quỳnh búp bê,actor,Lão Cấn
Nguyễn Hải (diễn viên),Con nhện xanh,actor,Lý Hân
Nguyễn Hải (diễn viên),Đấu trí (phim truyền hình Việt Nam),actor,Đặng Văn Nhất
Nguyễn Hải (diễn viên),Chạy án,actor,Lê Thanh
Nguyễn Hải (diễn viên),Đầm lầy bạc,actor,Trung
Trọng Hải,Nguyệt thực (phim truyền hình),director,
Trọng Hải,Bão ngầm,actor,"Đại tá, Thiếu tướng Trần Trọng Hà"
Trọng Hải,Nghề báo (phim truyền hình),actor,Lê Quân
Trọng Hải,Lật mặt 7: Một điều ước,actor,Sếp của Hai Khôn
Trọng Hải,Lật mặt (phim),actor,cảnh sát Tâm
Trọng Hải,Mẹ trùm,actor,Đại
Trọng Hải,Đường đua (phim năm 2009),director,
Trọng Hải,Lật mặt,actor,cảnh sát Tâm
Trọng Hải,Mưa đỏ (phim),actor,Tư lệnh Trần Bình
Trọng Hải,Lật mặt 2: Phim trường,actor,ông Quân
Hoàng Nhân,Bão ngầm,actor,Thào A Chư
Hoàng Nhân,Dưới cờ đại nghĩa,actor,Năm Bê
Hoàng Nhân,Tôi vào đời,actor,Họa sĩ
Hoàng Nhân,Ầu ơ ví dầu,actor,Ông Bảy
Hoàng Nhân,Vịt kêu đồng,actor,Tư Thuận
Hoàng Nhân,Đảo của dân ngụ cư,actor,Ahmed NSƯT Hữu Châu
Hoàng Nhân,Đợi tàu,actor,Du đãng
Hoàng Thanh Du,Bão ngầm,actor,Đại tá Mai Đức Nhẫn
Hoàng Thanh Du,Lựa chọn số phận,actor,Huỳnh Đại Long (Long “đại ca”)
Nguyễn Xuân Hiệp (diễn viên),Bão ngầm,actor,Thiếu tá Chu Việt Thắng
Lê Quang Hòa,Bão ngầm,actor,"Toàn ""khỉ đốm"" (Phí Hải Toàn)/Phí Hải Toán"
Lý Anh Tuấn,Bão ngầm,actor,"Lưu Tuấn Sơn (Sơn ""bạch tuộc"")"
Lý Anh Tuấn,Cô gái xấu xí,actor,Đăng Dương
Lý Anh Tuấn,Đồng tiền quỷ ám,actor,Hải Sắt
Thanh Bi,Bão ngầm,actor,Thiếu úy Đường Hải Yến
Lê Hải,Bão ngầm,actor,Bác sĩ Quách Tuấn Hùng
Lê Hải,Người đẹp Tây Đô,actor,Quý
Nguyễn Thị Loan (á hậu),Bão ngầm,actor,"Ngọc Lan (Lan ""thỏ"")"
Hoàng Hải Thu,Bão ngầm,actor,Mỹ Hà
Hoàng Hải Thu,Những nẻo đường gần xa,actor,Trang
Trần Anh Thư,Bão ngầm,actor,Hằng
Trần Anh Thư,Mê cung (phim truyền hình),actor,Thu Hương
Phạm Trung,Bão ngầm,actor,Trung uý Tường
Phan Đức Toàn,Bão ngầm,actor,"Tăng ""leng keng"""
Đặng Tam Thuận,Bão ngầm,actor,Thượng tá bộ đội biên phòng Tuân
Đặng Tam Thuận,Người phán xử (phim truyền hình Việt Nam),actor,"Thái ""Sẹo"""
Đặng Tam Thuận,Đấu trí (phim truyền hình Việt Nam),actor,"Thái ""mèo"""
Đặng Tam Thuận,Mê cung (phim truyền hình),actor,Trinh sát
Hồng Tơ,Có hẹn với yêu thương,actor,Ông Hạnh
Hồng Tơ,Khi đàn ông có bầu,actor,Người lượm banh tennis
Hồng Tơ,Duyên định kim tiền,actor,Ông Hương Sư Sắc
Bé Khang Vy,Có hẹn với yêu thương,actor,Bé Bơ
Minh Hoàng,Có hẹn với yêu thương,actor,Thầy Hiếu
Minh Hoàng,Thử thách cuộc đời,actor,Đức
Minh Hoàng,Những đứa con biệt động Sài Gòn,actor,Người Vô Danh
Minh Hoàng,Ầu ơ ví dầu,actor,Ông Huấn
Minh Hoàng,Vợ quan,actor,Ông Quang
Minh Hoàng,"Taxi, em tên gì?",actor,bố của Hạ Mây
Minh Hoàng,Kế hoạch hoàn hảo,actor,Bác sĩ Minh
Minh Hoàng,Tiệm ăn dì ghẻ,actor,Hiệp
Ngọc Thảo,Có hẹn với yêu thương,actor,Bà Chín
Ngọc Thảo,Miền đất phúc,actor,Sinh
Ngọc Thảo,Canh bạc tình yêu,actor,Hải
Ngọc Thảo,Bí mật nghiệt ngã,actor,Ông Tài
Ngọc Thảo,Rồi 30 năm sau,actor,Trúc Quỳnh
Ngọc Thảo,Tình thắm duyên xuân,actor,Ngọc Lan
Ngọc Thảo,Tiệm bánh Hoàng tử bé,actor,San San
Ngọc Thảo,Tiệm bánh Hoàng tử bé 2,actor,San San
Ngọc Thảo,Sông phố nhà ghe,actor,Ba Phát
Ngọc Thảo,Công ty thời trang,actor,Tuấn
Ngọc Thảo,Vua bánh mì (phim truyền hình Việt Nam),actor,Trà My
Tín Kiệt,Có hẹn với yêu thương,actor,Kiệt Mắt Đỏ
Ôn Bích Hằng,Có hẹn với yêu thương,actor,Bà Thắm
Ôn Bích Hằng,Hai người vợ,actor,Bà Năm
Thảo My,Có hẹn với yêu thương,actor,Lý
Quý Dũng,Có hẹn với yêu thương,actor,Sếp Tổng
Quý Dũng,Vũ điệu đón xuân,actor,Ông Hùng
Thúy Anh,Có hẹn với yêu thương,actor,Minh Anh
Thanh Phương (diễn viên),Miền đất phúc,actor,Lợi
Thanh Phương (diễn viên),Gia sư nữ quái,actor,trẻ làng
Minh Quyền,Miền đất phúc,actor,Lợi (lúc nhỏ)
Hoàng Chiêu Quân,Miền đất phúc,actor,Ngọc
Lệ Quyên,Miền đất phúc,actor,Ngọc (lúc nhỏ)
Hiếu Nghĩa,Miền đất phúc,actor,Tày (lúc nhỏ)
Lâm Ánh Ngọc,Miền đất phúc,actor,Phượng
Phước Hải,Miền đất phúc,actor,Sinh (lúc nhỏ)
Minh Sang,Miền đất phúc,actor,Ông Diệp
Minh Sang,Giọt đắng,actor,Ông Định
NSƯT Hoa Hạ,Miền đất phúc,actor,Bà Từ Ngũ
Lý Thanh Thảo,Miền đất phúc,actor,Chị Thảo
Lý Thanh Thảo,Dưới cờ đại nghĩa,actor,Hai Ngạn
Lý Thanh Thảo,Vòng xoáy tình yêu,actor,Đào
Chu Thiện,Miền đất phúc,actor,Anh Tài
Chu Thiện,Người đàn bà yếu đuối,actor,Đại
Thanh Nga,Miền đất phúc,actor,Chị Dương
Kim Huyền,Miền đất phúc,actor,Cô Mẫn
Kim Huyền,Câu chuyện pháp đình,actor,Nguyễn Thị Lài
Kim Huyền,Bí mật nghiệt ngã,actor,Bà Hai
Kim Huyền,Những ông bố độc thân,actor,Thu Liễu
Nguyên Hạnh,Miền đất phúc,actor,Ông Trần Hùng
Nguyên Hạnh,Người đẹp Tây Đô,actor,Ông Phú
Lê Bình (diễn viên),Miền đất phúc,actor,Ông Tư
Lê Bình (diễn viên),Dưới cờ đại nghĩa,actor,Giáo Hữu Nhơn
Lê Bình (diễn viên),Nếu còn có ngày mai (phim truyền hình Việt Nam),actor,Ông Ba Bò
Lê Bình (diễn viên),Tôi thấy hoa vàng trên cỏ xanh (phim),actor,ông Năm
Lê Bình (diễn viên),Hồn papa da con gái,actor,Ông bán cà phê
Lê Bình (diễn viên),Thời gian để yêu (phim truyền hình),actor,Ông Ẩn
Lê Bình (diễn viên),Thuyền giấy,actor,Ông Tư
Lê Bình (diễn viên),Thề không gục ngã,actor,Ông Thân
Lê Bình (diễn viên),Mỹ nhân Sài Thành,actor,Lý Tắc
Lê Bình (diễn viên),Áo cưới thiên đường,actor,Ông Hậu
Lê Bình (diễn viên),Tiền chùa,actor,Thầy bói Sáng
Lê Bình (diễn viên),Nụ hôn thần chết (phim),actor,Ông hốt rác
Lê Bình (diễn viên),Kẻ ngược dòng,actor,Chín Thìn
Lê Bình (diễn viên),Nụ hôn thần chết,actor,Ông hốt rác
Lê Bình (diễn viên),Vịt kêu đồng,actor,Ông Năm Na
Lê Bình (diễn viên),Đồng quê (phim truyền hình),actor,Thầy Cao Đệ
Lê Bình (diễn viên),Đợi tàu,actor,Ông Lộ
Lê Bình (diễn viên),Cây Huê xà,actor,ông Hai
Lê Bình (diễn viên),Mỹ nhân Sài thành,actor,Lý Tắc
Đan Trường,Thứ ba học trò,actor,Thầy giáo Nghiêm Tuấn
Đan Trường,Võ lâm truyền kỳ (phim),actor,Thắng
Bạch Công Khanh,Thứ ba học trò,actor,Duy Lâm
Bạch Công Khanh,Duyên kiếp,actor,Hai Lương
Bạch Công Khanh,Vali tình yêu,actor,Nam Phong
Bạch Công Khanh,Vua bánh mì (phim truyền hình Việt Nam),actor,Gia Bảo
Văn Anh Duy,Thứ ba học trò,actor,Duy Minh
Văn Anh Duy,Tiệm bánh Hoàng tử bé,actor,Hoà Quân
Văn Anh Duy,Tiệm bánh Hoàng tử bé 2,actor,Hòa Quân (Khách mời)
Hoàng Long,Thứ ba học trò,actor,Tuấn Phi
Hoàng Long,Lật mặt 7: Một điều ước,actor,Quân
Hoàng Long,Hướng dương ngược nắng,actor,Long
Hoàng Long,Nhà trọ Balanha,actor,Đạo diễn Bùi Tiến Huy
Angela Phương Trinh,Thứ ba học trò,actor,Kiều Ly
Angela Phương Trinh,Áo cưới thiên đường,actor,Linh
Angela Phương Trinh,"Taxi, em tên gì?",actor,Bình Chi
Angela Phương Trinh,Những ông bố độc thân,actor,Song Thư
Cao Hoàng,Thứ ba học trò,actor,Ba Duy Lâm và Duy Minh
Cao Hoàng,Vũ điệu giữa bầy sói,actor,Thượng tá Hùng
Cao Hoàng,Lời nguyền lúc 0 giờ,actor,Sơn Tài
Cao Hoàng,Kế hoạch hoàn hảo,actor,Hoài Bảo
Cao Hoàng,Tình yêu dối lừa,actor,Ông Hoàng
Hồng Thắm,Thứ ba học trò,actor,Mẹ kế Hoàng Huy
Hồng Thắm,Trận đồ bát quái,actor,Chị Hoài
Hồng Thắm,Em là bà nội của anh,actor,bà Bảo Tiên
Hồng Thắm,Sông phố nhà ghe,actor,Bà Chín Nụ
Hồng Thắm,Mẹ trùm,actor,Bà Văn
Hồng Thắm,Hoa hồng cho sớm mai,actor,Bà Hồng
Hồng Thắm,Giọt máu vô hình,actor,Bà Trâm
Hồng Thắm,Duyên định kim tiền,actor,Bà Hương Chủ Hạnh
My Ngân,Thứ ba học trò,actor,Thi Thi
Phương Mai,Đam mê nghiệt ngã (phim truyền hình Việt Nam),actor,Hải Yến
Phương Mai,Mỹ nhân Sài Thành,actor,Ngọc Lan
Phương Mai,Mỹ nhân Sài thành,actor,Ngọc Lan
Bảo Trúc,Đam mê nghiệt ngã (phim truyền hình Việt Nam),actor,Dung
Bảo Trúc,Muôn kiểu làm dâu,actor,Sếp Phượng
Bảo Trúc,Cột mốc 23,actor,Nhã Trang
Bảo Trúc,Hai người vợ,actor,Tuyết Ngân
Ngọc Thuận,Muôn kiểu làm dâu,actor,Thanh Bình
Ngọc Thuận,Dương thế bao la sầu,actor,Hai Cú
Ngọc Thuận,Âm tính,actor,Huy
Ngọc Thuận,Sóng tình (phim truyền hình),actor,Trình
Ngọc Thuận,Mẹ trùm,actor,Sinh
Ngọc Thuận,Hãy cùng em điệu Sarikakeo,actor,Trần Nam
Huỳnh Điệp Kiều Ngân,Muôn kiểu làm dâu,actor,Trúc Mây
Huỳnh Điệp Kiều Ngân,Bánh mì ông Màu,actor,Tinh Tinh
Huỳnh Điệp Kiều Ngân,Giã từ những đêm hoang,actor,Xuân
Huỳnh Điệp Kiều Ngân,Lời nguyền lúc 0 giờ,actor,HNê
Huỳnh Điệp Kiều Ngân,Lời nguyền (phim truyền hình),actor,Rạ
Chế Nguyễn Quỳnh Châu,Muôn kiểu làm dâu,actor,Hoàng My
Chế Nguyễn Quỳnh Châu,Sông dài (phim),actor,Bà Hai Nhếch (lúc trẻ)
Chế Nguyễn Quỳnh Châu,Sông dài (phim truyền hình),actor,Bà Hai Nhếch (lúc trẻ)
Khánh Ngô,Muôn kiểu làm dâu,actor,Hoàng Bách
Khánh Ngô,Làm rể Mười Xuân,actor,Quốc Thịnh
Mai Thanh Hà,Muôn kiểu làm dâu,actor,Bé Cherry
Mai Thanh Hà,Mẹ ghẻ (phim truyền hình),actor,Tuyết lúc trẻ
Mai Thanh Hà,Kẻ ngược dòng,actor,Mai Xỉu
Công Hậu,Nghiệp sinh tử,actor,Thầy Nhân/Phán Quan
Công Hậu,Gọi giấc mơ về,actor,Thầy Quang
Công Hậu,Đồng tiền quỷ ám,actor,Trịnh Lương
Công Hậu,Vó ngựa trời Nam,actor,Huyện Hứa Và một số diễn viên khác
Công Hậu,Tây Sơn hào kiệt,actor,Lê Chiêu Thống
Hoàng Sáng,Nghiệp sinh tử,actor,Ông Tơ
Ngô Tuấn,Nghiệp sinh tử,actor,Hắc Vô Thường
Quang Trung,Nghiệp sinh tử,actor,Bạch Vô Thường
Quang Trung,Chị trợ lý của anh,actor,Tuấn Mạnh
Quang Trung,Của để dành,actor,Bác sĩ
Quỳnh Lam,Dương thế bao la sầu,actor,Kiều Oanh/Kiều Nhi
Quỳnh Lam,Luật trời,actor,Bà Thảo / Ngọc Bích
Quỳnh Lam,Lời sám hối,actor,Mận
Quỳnh Lam,Lời nguyền (phim truyền hình),actor,Ngọc Hân
Việt Hương,Dương thế bao la sầu,actor,Bà Hội đồng Bùi
Việt Hương,Khi đàn ông có bầu,actor,Y tá Hương
Việt Hương,Tuyết nhiệt đới,actor,Thắm
Việt Hương,Nhà có 5 nàng tiên,actor,bà Mai
Việt Hương,Tía tui là cao thủ,actor,bà Nhã
Việt Hương,Tình thắm duyên xuân,actor,Bảy Nhị
Việt Hương,Ma da (phim),actor,bà Lệ
Khánh Trinh,Dương thế bao la sầu,actor,Phương Linh
Khánh Trinh,Nhà ông Hoàng có ma,actor,Cam
Luân Nguyễn,Dương thế bao la sầu,actor,Hai Hảo
Đông Dương,Dương thế bao la sầu,actor,Tư Trà
Đông Dương,Dấu chân du mục,actor,Cường
Đông Dương,Cuộc chiến nhân tình,actor,Dương
Đông Dương,Vali tình yêu,actor,Bình
Đông Dương,Nhà ông Hoàng có ma,actor,Tiến
Đông Dương,Tìm chồng cho vợ tôi,actor,Quân
Huỳnh Thảo Trang,Dương thế bao la sầu,actor,Hoa Sen
Huỳnh Thảo Trang,Nơi ngọn gió dừng chân,actor,Bà Hà
Hoàng Mập,Dương thế bao la sầu,actor,Trần Công
Hoàng Mập,Võ lâm truyền kỳ (phim),actor,Thủ lĩnh quân đội tím
Hoàng Mập,Nụ hôn thần chết (phim),actor,Hồn ma
Hoàng Mập,Cuộc chiến nhân tình,actor,Cá Mập
Hoàng Mập,Nụ hôn thần chết,actor,Hồn ma
Hoàng Mập,Vali tình yêu,actor,Thợ sửa khóa
Hoàng Ngọc Sơn,Dương thế bao la sầu,actor,Đức Quang
Lê Nguyên Bảo,Dương thế bao la sầu,actor,Sáu Lúa
Lê Nguyên Bảo,Giọt máu vô hình,actor,Nhật Hạ/Thanh Tú
Như Phúc,Gọi giấc mơ về,actor,Hải
Như Phúc,Vòng xoáy tình yêu,actor,Liễu
Khánh Trình,Gọi giấc mơ về,actor,Thanh
Nguyễn Hạnh,Gọi giấc mơ về,actor,Ông Hai
Đào Vân Anh,Gọi giấc mơ về,actor,Bà Hương
Đào Vân Anh,Bánh mì ông Màu,actor,Bà Lan
Đào Vân Anh,Nhiệm vụ đặc biệt,actor,Thủy
Đào Vân Anh,Chúng ta phải hạnh phúc,actor,Bà Tình
Đào Vân Anh,Công ty thời trang,actor,Kiều
Đào Vân Anh,Giọt máu vô hình,actor,Liên Chi
Đào Vân Anh,Tình yêu dối lừa,actor,Bà Nga
Đào Vân Anh,Tiệm ăn dì ghẻ,actor,Mẹ Cúc
Đào Vân Anh,Vị đắng tình yêu,actor,Lan
Lam Trường,Bếp hát,actor,Hoàng Quân
Trà My Idol,Bếp hát,actor,Tôn Nữ Bảo Ngọc
Lê Mi Lan,Bếp hát,actor,Nam Phương
Lân Nhã,Bếp hát,actor,Quang Long
Quang Đăng,Bếp hát,actor,Đức Thành
Lê Hoàng,Bếp hát,actor,David Khải
Lê Hoàng,Ai xuôi vạn lý,director,
Lê Hoàng,Những thiên thần áo trắng,director,
Lê Hoàng,Gái nhảy (phim),director,
Lê Hoàng,Nữ tướng cướp,director,
Đức Tuấn,Bếp hát,actor,Nguyễn Thái Sơn
Hà Okio,Bếp hát,actor,Hà Okio
Uyên Linh,Bếp hát,actor,Uyên Linh
Uyên Linh,Em là bà nội của anh,actor,giám khảo 3
Ya Suy,Bếp hát,actor,Ya Suy
Lâm Khiết Băng,Bếp hát,actor,Cháu gái bà nội Ấn Độ
Lâm Khiết Băng,Thuyền giấy,actor,Mộc Miên
Saetti Baggio,Bếp hát,actor,Cháu trai bà nội Ấn Độ
Saetti Baggio,Giải cứu thần chết,actor,Quang Anh
Saetti Baggio,Chạm tay vào nỗi nhớ,actor,Trung Quân
Nguyễn Minh Chung,Cô gái xấu xí,director,
Nguyễn Minh Chung,Bếp hát,actor,Con trai bà nội Ấn Độ
Nguyễn Minh Chung,Kính vạn hoa (phim),director,
Nguyễn Minh Chung,Kính vạn hoa (phim truyền hình),director,
Nguyễn Minh Chung,Váy hồng tầng 24,director,
Nguyễn Quang Dũng đạo diễn,Bếp hát,actor,Giám khảo
Nguyễn Quang Dũng đạo diễn,Nụ hôn thần chết (phim),actor,Thần chết DJ
Nguyễn Quang Dũng đạo diễn,Đẹp từng centimet,actor,đạo diễn Nguyễn Quang Dũng
Nguyễn Quang Dũng đạo diễn,Nụ hôn thần chết,actor,Thần chết DJ
Nick Đỗ Quốc Đạt,Bếp hát,actor,Linh
Ngô Thanh Hòa,Bếp hát,actor,Chef Thanh Hòa
Bé Bí Ngô,Bếp hát,actor,Con gái Lý Thùy Như
Chris Nguyễn,Bếp hát,actor,Ông Tám
Sỹ Phú,Bếp hát,actor,Nhân viên bưu điện
Minh Ngọc,Bếp hát,actor,Chef Khoa Trần
Trương Thanh Long,Trói buộc yêu thương,actor,Khánh
Trương Thanh Long,Những cô gái chân dài,actor,Khoa
Trương Thanh Long,Cỏ biếc,actor,Nam
Trương Thanh Long,Cái giá của hạnh phúc,actor,Hiền
Lý Bình,Trói buộc yêu thương,actor,Hiếu
Lý Bình,Bánh mì ông Màu,actor,Minh Quân
Hải Lê,Trói buộc yêu thương,actor,Tiến
Hải Lê,Sắc đẹp ngàn cân (phim 2017),actor,Bạn trai của Ngọc Minh
Huỳnh Nga,Trói buộc yêu thương,actor,Vân === Diễn viên phụ ===
Linh Trung,Trói buộc yêu thương,actor,Ông Hào
Linh Trung,Thử thách cuộc đời,actor,Ông Thành
Linh Trung,Canh bạc tình yêu,actor,Ông Bảy
Linh Trung,Hello cô Ba,actor,Ông già đi coi bói
Linh Trung,Bán chồng,actor,Ông Chín
Linh Trung,Hello Cô Ba,actor,Ông già đi coi bói
Xuân Hiệp,Trói buộc yêu thương,actor,Ông Hoàng
Xuân Hiệp,Mẹ trùm,actor,Đội Trưởng
Xuân Hiệp,Bán chồng,actor,Anh Nin
Xuân Hiệp,Vợ quan,actor,Ông Cương
Xuân Hiệp,Lưới trời (phim 2020),actor,Ông Minh
Trần Kim Hải,Trói buộc yêu thương,actor,Tân
Trần Kim Hải,Giã từ những đêm hoang,actor,Ba Đông
Trần Kim Hải,Lật mặt 7: Một điều ước,actor,Sáu Tâm
Trần Kim Hải,Lật Mặt 6: Tấm vé định mệnh,actor,Toàn
Trần Kim Hải,Lật mặt 6: Tấm vé định mệnh,actor,Toàn
Huỳnh Nhu,Trói buộc yêu thương,actor,Tùng
Huỳnh Nhu,Làm rể Mười Xuân,actor,Thanh Nghiệp
Mộc Linh,Trói buộc yêu thương,actor,Tiến
Mộc Linh,Dâu bể đường trần,actor,Bà Trình/Bà Ngọc Lệ
Lê Tích Kỳ,Trói buộc yêu thương,actor,Công
Trần Thanh Tâm,Trói buộc yêu thương,actor,Thủy
Lâm Bảo Châu,Trói buộc yêu thương,actor,Ben
Lâm Bảo Châu,Thương ngày nắng về,actor,Nguyên
Nicolai Đinh,Trói buộc yêu thương,actor,Marcel === Diễn viên khách mời ===
Quang Đáng,Trói buộc yêu thương,actor,ba Vũ
Quang Đáng,Canh bạc tình yêu,actor,Ông Bằng
Hà Trí Quang,Thử thách cuộc đời,actor,Long
Hà Trí Quang,Ký ức mong manh,actor,Quý
Hà Trí Quang,Dâu bể đường trần,actor,Ông Kim Phan (lúc trẻ)
Hà Trí Quang,Mẹ ghẻ (phim truyền hình),actor,Vĩnh Phong
Hà Trí Quang,Canh bạc tình yêu,actor,Nguyễn Văn Tấn
Hà Trí Quang,Sông dài (phim),actor,Đức Thịnh
Hà Trí Quang,Sông dài (phim truyền hình),actor,Đức Thịnh
Hà Trí Quang,Nhà có 5 nàng tiên,actor,Khanh
Hà Trí Quang,Nhà ông Hoàng có ma,actor,Hoàng Sơn
Hà Trí Quang,Tìm chồng cho vợ tôi,actor,Kiên
Hà Trí Quang,Lời sám hối,actor,Thiên Tân
Lyna Trang,Thử thách cuộc đời,actor,Ngọc
Lyna Trang,Trận đồ bát quái,actor,Mộng Điệp
Lyna Trang,Mẹ ghẻ (phim truyền hình),actor,Vĩnh Nga
Lyna Trang,Canh bạc tình yêu,actor,Tiểu Quyên
Lyna Trang,Ăn tết miệt vườn,actor,Đài Trang
Lyna Trang,Mẹ rơm,actor,Huệ
Lyna Trang,Khúc hát mặt trời,actor,Sam
Lyna Trang,Lời nguyền Domino,actor,Nhung
Bùi Công Danh,Thử thách cuộc đời,actor,Thắng
Bùi Công Danh,Mẹ ghẻ (phim truyền hình),actor,Ông Vũ
Bùi Công Danh,Chống lại số phận,actor,Hòa
Trúc Nhân,Cô gái đến từ hôm qua (phim),actor,với vai trò khách mời)
Lý Nhã Kỳ,Kiều nữ và đại gia,actor,Diễm Kiều
Chí Trung,Kiều nữ và đại gia,actor,Bình Bia
Chí Trung,Thái sư Trần Thủ Độ (phim truyền hình),actor,Cả Ất
Chí Trung,Ghét thì yêu thôi,actor,Quang “Quác”
Chí Trung,Độc đạo,actor,"Đặng Bá Hưng (Hưng ""Khẹc"")"
Chí Trung,Thông gia ngõ hẹp,actor,Ông Phúc
Chí Trung,Ghen (phim),actor,Khích
Chí Trung,Cửa hàng Lopa,actor,Hình
Chí Trung,Tết này ai đến xông nhà,actor,Quốc
Thái Thành,Kiều nữ và đại gia,actor,Thìn
Minh Béo,Ký ức mong manh,actor,Hải dớ
Minh Béo,Võ lâm truyền kỳ (phim),actor,Anh chàng mập
Diễm Kiều,Ký ức mong manh,actor,Má Vân
Diễm Kiều,Những nẻo đường phù sa,actor,Bà hương Bộ
Quốc Thuận,Thẩm mỹ viện (phim truyền hình),actor,Tuấn Mai
Quốc Thuận,Năm sau con lại về,actor,tài xế taxi
Quốc Thuận,Nhà có 5 nàng tiên,actor,Tân áo dài
Quốc Thuận,Bỗng dưng muốn khóc,actor,Ăn trộm
Quốc Thuận,Khát vọng thượng lưu,actor,Long Đạo Diễn
Quốc Thuận,Em là bà nội của anh,actor,ông chủ tiệm giày
Quốc Thuận,Cột mốc 23,actor,Bác sĩ Mạnh Linh
Trần Thùy Trang,Thẩm mỹ viện (phim truyền hình),actor,Tuyết Lê
Trần Thùy Trang,Bí mật nghiệt ngã,actor,Bà Trúc Lệ
Trần Thùy Trang,Đối mặt (phim truyền hình),actor,Phương Linh/Phương Nga
Trần Thùy Trang,Nhà ông Hoàng có ma,actor,Bà Ba Lệ
Trần Thùy Trang,Duyên định kim tiền,actor,Hai Liền
Trần Thùy Trang,Người chồng điên,actor,Phương Quỳnh
Thanh Hải,Thẩm mỹ viện (phim truyền hình),actor,Bửu Điền
Thanh Hải,Giọt đắng,actor,Tùng
Thanh Hải,Những thiên thần áo trắng,actor,Hùng
Thanh Hải,Đội đặc nhiệm nhà C21,actor,Tùng quắt
Thu Phương,Thẩm mỹ viện (phim truyền hình),actor,Xuyến
Thu Phương,Câu chuyện pháp đình,actor,Yến
Thu Phương,Lời thì thầm từ quá khứ,actor,Hương
Thu Phương,Đất mặn (phim truyền hình),actor,Năm Dung
Thu Phương,Chỉ có thể là yêu (phim truyền hình Việt Nam),actor,Thùy
Thu Phương,Chỉ có thể là yêu (phim Việt Nam),actor,Thùy
Minh Trí,Thẩm mỹ viện (phim truyền hình),actor,Đại Toàn
Minh Trí,Áo cưới thiên đường,actor,Tùng
Linh Sơn,Dấu chân du mục,actor,Sơn
Linh Sơn,Hot boy nổi loạn,actor,Đông
Linh Sơn,Chúng ta phải hạnh phúc,actor,Tam Tarzan === Diễn viên phụ ===
Linh Sơn,"Hot boy nổi loạn và câu chuyện về thằng Cười, cô gái điếm và con vịt",actor,Đông
Như Yến,Dấu chân du mục,actor,Lan
Minh Anh,Dấu chân du mục,actor,Hải Mã
Lê Quang Thuận,Dấu chân du mục,actor,Thượng Tá Công An
Lê Quang Thuận,Mẹ rơm,actor,Trường
Lê Quang Thuận,Đất mặn (phim truyền hình),actor,Năm Tất
Hoàng Đức,Đồng tiền quỷ ám,actor,Heng
David Trần,Dâu bể đường trần,actor,Hai Sáng
Thanh Nhàn,Dâu bể đường trần,actor,Phán Lược
Thanh Nhàn,Chủ tịch tỉnh (phim truyền hình),actor,Hương Lan
Chu Cường,Dâu bể đường trần,actor,Thầy Soạn
Như Lê,Dâu bể đường trần,actor,Hai Nguyệt
Phi Bảo,Dâu bể đường trần,actor,Ba Búa
Ngọc Hạnh,Dâu bể đường trần,actor,Bà Oanh
Ngọc Hạnh,Duyên định kim tiền,actor,Bà Huyện Trương Hà
Ngọc Hạnh,Lưới trời (phim 2020),actor,Bà Kiên
Bình Minh,Dâu bể đường trần,actor,Hai Hậu
Bình Minh,Blouse trắng,actor,Kiều
Trần Phương,Dâu bể đường trần,actor,Ông Kim Chinh (lúc trẻ)
Trần Phương,Ải mỹ nhân,actor,Tèo
Quỳnh Như,Dâu bể đường trần,actor,Xuân Lan
Quỳnh Như,Dưới cờ đại nghĩa,actor,Bé Sen
Quỳnh Như,Sóng tình (phim truyền hình),actor,Xuyến
Quỳnh Như,Lật Mặt 6: Tấm vé định mệnh,actor,Trinh
Quỳnh Như,Lật mặt 6: Tấm vé định mệnh,actor,Trinh
Khang Vy,Vũ điệu đón xuân,actor,Út Phụng
Nguyễn Quốc Trường Thịnh,Vũ điệu đón xuân,actor,Long
Nguyễn Quốc Trường Thịnh,Bí mật nghiệt ngã,actor,Duy
Nguyễn Quốc Trường Thịnh,Ăn tết miệt vườn,actor,Long
Nguyễn Quốc Trường Thịnh,Mẹ trùm,actor,Trường Ca
Nguyễn Quốc Trường Thịnh,Vợ quan,actor,Thái Công Tử
Nguyễn Quốc Trường Thịnh,Bồ công anh trước gió,actor,Quang Vinh
Nguyễn Quốc Trường Thịnh,Tình yêu dối lừa,actor,Khải Quốc
Tính Phong,Vũ điệu đón xuân,actor,Ông Hùng (lúc trẻ)
Huỳnh Trang Nhi,Vũ điệu đón xuân,actor,Bà Tuyết
Huỳnh Trang Nhi,Lụa (phim truyền hình),actor,Bà Khuê
Huỳnh Trang Nhi,Nếu còn có ngày mai (phim truyền hình Việt Nam),actor,Bà Thoa
Huỳnh Trang Nhi,Vợ quan,actor,Bà Kiều
Huỳnh Trang Nhi,Tình yêu dối lừa,actor,Bà Hằng
Bùi Thanh Châu,Vũ điệu đón xuân,actor,Hoa
Dương Trí Nghĩa,Vũ điệu đón xuân,actor,Nam
Anh Tài,Nơi ngọn gió dừng chân,actor,Hoàng Thiên
Anh Tài,Ngày ấy mình đã yêu,actor,Long
Anh Tài,Bánh mì ông Màu,actor,Thế Tùng === Phần 2 ===
Anh Tài,Luật trời,actor,Đức Tiến
Anh Tài,Sui gia hay xui gia,actor,Minh
Anh Tài,Tình yêu dối lừa,actor,Việt Bách
Anh Tài,Tiệm ăn dì ghẻ,actor,Tân
Trương Mỹ Nhân,Nơi ngọn gió dừng chân,actor,Hải Yến
Trương Mỹ Nhân,Duyên kiếp,actor,Huệ
Trương Mỹ Nhân,Vua bánh mì (phim truyền hình Việt Nam),actor,Lan Anh
Ngô Phương Anh,Nơi ngọn gió dừng chân,actor,Ánh Tuyết
Ngô Phương Anh,Chống lại số phận,actor,Tiểu Liên
Ngô Phương Anh,Bánh mì ông Màu,actor,Hoàng Hảo
Ngô Phương Anh,Duyên kiếp,actor,Hạnh Thúy
Ngô Phương Anh,Chúng ta phải hạnh phúc,actor,Lê tồ
Ngô Phương Anh,Tình yêu dối lừa,actor,Hoàng Vân
Vũ Ngọc Ánh,Nơi ngọn gió dừng chân,actor,Hoàng Oanh
Vũ Ngọc Ánh,Ngũ hợi tấn hỷ,actor,Diễm Lệ
Vũ Ngọc Ánh,Bánh mì ông Màu,actor,Thùy Nga
Vũ Ngọc Ánh,Thuyền giấy,actor,Phương Vy
Vũ Ngọc Ánh,Nữ sinh (phim truyền hình),actor,Cúc Hương
Vũ Ngọc Ánh,Tình thắm duyên xuân,actor,Anna Tiểu Phụng
Vũ Ngọc Ánh,Mẹ rơm,actor,Thược
Vũ Ngọc Ánh,Bồ công anh trước gió,actor,Mộng Điệp
Vũ Ngọc Ánh,Người chồng điên,actor,Hương Trà
Thành Khôn,Nơi ngọn gió dừng chân,actor,Xuân Phong
Thành Khôn,Giã từ những đêm hoang,actor,Thái
Thành Khôn,Lụa (phim truyền hình),actor,Đạt
Thành Khôn,Lời nguyền lúc 0 giờ,actor,Đông Quân
Thành Khôn,Tình thắm duyên xuân,actor,Hoài Nam
Thành Khôn,Mẹ rơm,actor,Ngót
Thành Khôn,Giọt máu vô hình,actor,Minh Nghĩa (lúc trẻ)
Thành Khôn,Tình yêu dối lừa,actor,Gia Bảo
Thư Đình,Nơi ngọn gió dừng chân,actor,Mỹ Hoa
Đinh Hữu Tài,Nơi ngọn gió dừng chân,actor,Dương Tùng
Đinh Hữu Tài,Thương con cá rô đồng,actor,Lực
Đinh Hữu Tài,Mùa cúc susi,actor,Hai Giàu
Đinh Hữu Tài,Rồi 30 năm sau,actor,Phi
Đinh Hữu Tài,Luật trời,actor,Tâm
Đinh Hữu Tài,Bán chồng,actor,Cường
Đinh Hữu Tài,Hai người vợ,actor,Tín
Thu Hòa,Giọt đắng,actor,Thương
Xuân Thùy,Giọt đắng,actor,Ngọc
Thành Được,Giọt đắng,actor,Trung
Thành Được,Mỹ nhân Sài Thành,actor,Thành
Thành Được,Thương con cá rô đồng,actor,Mạnh
Thành Được,Gieo gió,actor,Hùng Phi
Thành Được,Mỹ nhân Sài thành,actor,Thành
Thành Được,Đôi mắt của trái tim,actor,Hồ Kha
Linh Trang,Giọt đắng,actor,Hằng
Linh Trang,Ầu ơ ví dầu,actor,Emy Lê
Siu Black,Giọt đắng,actor,Bà Mai
Siu Black,Giải cứu thần chết,actor,Cô giáo dạy thanh nhạc
Siu Black,Huyền thoại bất tử,actor,bà Mai
NSƯT Xuân Va,Giọt đắng,actor,Bà Thư
NSƯT Xuân Va,Người đàn bà yếu đuối,actor,Bà Bảy
Hà Kiều Anh,Lối sống sai lầm,actor,Vân
Hà Kiều Anh,Áo lụa Hà Đông (phim),actor,Nhài
Hà Kiều Anh,Con gái vị thẩm phán,actor,Nhã Nam
My Trần,Hạnh phúc của người khác,actor,Hà
NSƯT Mỹ Uyên,Hạnh phúc của người khác,actor,Bà Quỳnh
NSƯT Mỹ Uyên,Câu chuyện pháp đình,actor,Trần Hồng Phúc
NSƯT Mỹ Uyên,Người đàn bà yếu đuối,actor,Thọ
NSƯT Mỹ Uyên,"Taxi, em tên gì?",actor,bà Quyên
Lân Bích,Hạnh phúc của người khác,actor,Ba Trang
Lân Bích,Vật chứng mong manh,actor,Ông Bình
Lân Bích,Xóm nước đen,actor,Hai Nhất
Lân Bích,Người đàn bà yếu đuối,actor,Quảng
Lân Bích,Con gái vị thẩm phán,actor,Đức Nhã
Lân Bích,Độc thân tuổi 30,actor,Ông Minh
Lân Bích,Đôi mắt của trái tim,actor,Ông Kiên
Lân Bích,Biển lửa,actor,Minh
Triệu Ngọc,Hạnh phúc của người khác,actor,Hồng
Hữu Thanh Tùng,Hạnh phúc của người khác,actor,Nam
Lam Tuyền,Hạnh phúc của người khác,actor,Bà Nhung
Lam Tuyền,Canh bạc tình yêu,actor,Bà Sơn
Lam Tuyền,Sông dài (phim),actor,Bà Ba Dần
Lam Tuyền,Sông dài (phim truyền hình),actor,Bà Ba Dần
Thiên Nhã,Hạnh phúc của người khác,actor,Xoan
Đan Thy,Ải mỹ nhân,actor,Bà Hai
Trương Hải Vân,Ải mỹ nhân,actor,Bà Ba
Uyên Trinh,Ải mỹ nhân,actor,Bà Lặt
Uyên Trinh,Sông dài (phim),actor,Bà Thảo
Uyên Trinh,Sông dài (phim truyền hình),actor,Bà Thảo
Bích Duyên,Ải mỹ nhân,actor,Sen
Đào Đức,Trận đồ bát quái,actor,Ông Hưng
Kỳ Thiên Cảnh,Trận đồ bát quái,actor,Đại
Nguyễn Minh Tuấn,Trận đồ bát quái,actor,Tịnh Biên
Nguyên Thảo,Trận đồ bát quái,actor,Lụa
Nguyên Thảo,Tết ở làng địa ngục,actor,Thị Thập
Diễm Phương,Khúc tương tư,actor,Thanh Loan
Tam Triều Dâng,Ngày ấy mình đã yêu,actor,Dung
Tam Triều Dâng,Nước mắt loài cỏ dại,actor,Dạ Thảo
Tam Triều Dâng,Tiệm bánh Hoàng tử bé,actor,Cà Ri
Hà Phương Thu,Cô Thắm về làng (phim truyền hình),actor,Hana ====Xuất hiện phần 2====
Nhật Cường,Cô Thắm về làng (phim truyền hình),actor,Cậu Hai
Nhật Cường,Năm sau con lại về,actor,Lâm Cà Tủn
Nhật Cường,Võ lâm truyền kỳ (phim),actor,Thủ lĩnh quân đội bạc
Nhật Cường,Hoán đổi thân xác,actor,quản lý Baby - vì muốn siêu mẫu Victoria Nguyễn của mình trở thành ca sĩ nổi tiếng nên đã tìm mua giọng hát của Trương Thế Vinh
Kiều Ngân,Cô Thắm về làng (phim truyền hình),actor,Phương
Đàm Phương Linh,Ngũ hợi tấn hỷ,actor,Xuân Mai
Đàm Phương Linh,Chống lại số phận,actor,Mai Trinh
Đàm Phương Linh,Bánh mì ông Màu,actor,Tú Quyên
Đàm Phương Linh,Em là bà nội của anh,actor,nữ MC chương trình ca nhạc
Đàm Phương Linh,Hoa hồng cho sớm mai,actor,Mỹ
Đàm Phương Linh,Bồ công anh trước gió,actor,Minh Tú
Đàm Phương Linh,Tình yêu dối lừa,actor,Minh Thư
Hồng Thanh,Ngũ hợi tấn hỷ,actor,Tuấn
An Vy,Ngũ hợi tấn hỷ,actor,Ngọc Mỹ
Lương Ánh Ngọc,Tình mẫu tử (phim truyền hình Việt Nam),actor,Phương
Duy Trần,Tình mẫu tử (phim truyền hình Việt Nam),actor,Lộc
Quách Tĩnh,Tình mẫu tử (phim truyền hình Việt Nam),actor,Ông Sáu
Quách Tĩnh,Sông phố nhà ghe,actor,Ông Hai Huỳnh
Quách Tĩnh,Cơn giông (phim năm 2021),actor,Sáu Thiên
Quách Tĩnh,Hãy cùng em điệu Sarikakeo,actor,Ông Dết
Duy Anh,Tình mẫu tử (phim truyền hình Việt Nam),actor,Bé Đức
Duy Anh,Ma da (phim),actor,Hiếu
Phúc An,Mẹ ghẻ (phim truyền hình),actor,Quyên
Phúc An,Canh bạc tình yêu,actor,Phượng
Phúc An,Mật mã hoa hồng vàng,actor,An Duyên
Phúc An,Nghề báo (phim truyền hình),actor,Cô Nguyệt
Phúc An,Sông dài (phim),actor,Bảo Trân
Phúc An,Người lắng nghe: Lời thì thầm,actor,vợ ông Nam
Phúc An,Sông dài (phim truyền hình),actor,Bảo Trân
Phúc An,Mẹ trùm,actor,Bà Vân
Phúc An,Đối mặt (phim truyền hình),actor,Kim Anh
Phúc An,Giọt máu vô hình,actor,Mỹ Ngọc
Phúc An,Vợ quan,actor,Bà Tràng
Phúc An,Kế hoạch hoàn hảo,actor,Hồng Nhung
Đoàn Thanh Phượng,Mẹ ghẻ (phim truyền hình),actor,Vy
Huỳnh Quý,Mẹ ghẻ (phim truyền hình),actor,Phúc lúc trẻ
Huỳnh Quý,Canh bạc tình yêu,actor,Nguyễn Tuấn Khởi
Huỳnh Quý,Ăn tết miệt vườn,actor,Trung
Huỳnh Quý,Tình thắm duyên xuân,actor,Trọng Tuấn
Huỳnh Quý,Hoa hồng cho sớm mai,actor,Tý
Huỳnh Quý,Tình yêu dối lừa,actor,Huy
Hồ Giang Bảo Sơn,Mẹ ghẻ (phim truyền hình),actor,Ông Quý lúc trẻ
Hồ Giang Bảo Sơn,Sông dài (phim),actor,Ông Hai Tuất (lúc trẻ)
Hồ Giang Bảo Sơn,Sông dài (phim truyền hình),actor,Ông Hai Tuất (lúc trẻ)
Hồ Giang Bảo Sơn,Lưới trời (phim 2020),actor,Long
Hồ Giang Bảo Sơn,Mặn hơn muối,actor,Nghĩa
Lê Nam trong,Mẹ ghẻ (phim truyền hình),actor,Ông Phúc
Đặng Trà Xuân Minh,Canh bạc tình yêu,actor,Đặng Trà Xuân Minh
Phương Hằng (diễn viên),Canh bạc tình yêu,actor,Trương Mỹ Ngọc
Phương Hằng (diễn viên),Thời gian để yêu (phim truyền hình),actor,Nở
Phương Hằng (diễn viên),Thứ ba học trò,actor,Bảo Như
Phương Hằng (diễn viên),Thử thách cuộc đời,actor,Vy
Quốc Thảo,Canh bạc tình yêu,actor,Trương Phát Thuận
Quốc Thảo,Người đẹp Tây Đô,actor,Trần Duy
Quốc Thảo,Vợ quan,actor,Ông Minh
Giang Thúy Viên,Canh bạc tình yêu,actor,Nguyễn Thị Thuỳ Dương
Tuyết Hương,Canh bạc tình yêu,actor,Bà Bảy
Ngọc Lý,Canh bạc tình yêu,actor,Bà Năm
Hoàng Thanh,Canh bạc tình yêu,actor,Ông Sơn
Hoàng Thanh,Khúc hát mặt trời,actor,Ông Thanh
Hoàng Thanh,Giọt máu vô hình,actor,Luật sư Phúc
Hoàng Thanh,Vợ quan,actor,Bác sĩ Việt
Bích Vân,Canh bạc tình yêu,actor,Bà Thoa
Đoàn Minh Tài,Chống lại số phận,actor,Huy
Đoàn Minh Tài,Bánh mì ông Màu,actor,Minh Quang
Đoàn Minh Tài,Sao đổi ngôi (phim truyền hình Việt Nam),actor,Quốc Hào
Đoàn Minh Tài,Vợ quan,actor,Tài Euro
Đoàn Minh Tài,Vẫn có em bên đời,actor,An
Lê Hiền,Chống lại số phận,actor,Bà Phụng
Lê Hiền,Giọt máu vô hình,actor,Mỹ Hòa
Thủy Phạm,Chống lại số phận,actor,Bích
Thủy Phạm,Lời nguyền Domino,actor,Ngọc Mai
Thủy Phạm,Hoa hồng cho sớm mai,actor,Bình Minh
Thủy Phạm,Giọt máu vô hình,actor,Thanh
Thủy Phạm,Mặn hơn muối,actor,Phương
Thủy Phạm,Cơn giông (phim năm 2021),actor,Thủy
Bảo Xuyên,Chống lại số phận,actor,Bé Na
Lưu Đức Nghĩa,Chống lại số phận,actor,Tài (lúc nhỏ)
Hoài An trong,Bánh mì ông Màu,actor,Bà Vân
Khương Dừa,Bánh mì ông Màu,actor,Minh Dừa === Phần 1 ===
Trương Phú Shin,Bánh mì ông Màu,actor,Bé Ken
Quang Tuấn,Bánh mì ông Màu,actor,Minh Quang
Quang Tuấn,Thuyền giấy,actor,Thanh Bình
Quang Tuấn,Âm tính,actor,Tuấn
Quang Tuấn,Câu chuyện pháp đình,actor,Minh Và một số diễn viên khác
Quang Tuấn,Trái đắng,actor,Cường
Quang Tuấn,Rồi 30 năm sau,actor,Chẩm/Duy Long
Quang Tuấn,Tết ở làng địa ngục,actor,Ông Thập
Quang Tuấn,Khúc hát mặt trời,actor,Quân
Quang Tuấn,Nếu còn có ngày mai (phim truyền hình Việt Nam),actor,Quân
Quang Tuấn,Thất sơn tâm linh,actor,Lưu Huỳnh (Gã thầy bùa)
Quang Tuấn,Tình khúc bạch dương,actor,Lâm
Quang Tuấn,Cải ơi,actor,Thàn
Quang Tuấn,Mặn hơn muối,actor,Khoa
Quang Tuấn,Tiệm ăn dì ghẻ,actor,Minh
Quang Tuấn,Nghề siêu dễ (phim 2022),actor,Mèo Giang Hồ
Quang Tuấn,Cải ơi!,actor,Thàn
Yeye Nhật Hạ,Bánh mì ông Màu,actor,Tú Quyên
Yeye Nhật Hạ,Rồi 30 năm sau,actor,Ngọc Hân
Yeye Nhật Hạ,Vợ quan,actor,Huỳnh Nhi
Phạm Văn Mách,Hello cô Ba,actor,Văn Giàu
Phạm Văn Mách,Hello Cô Ba,actor,Văn Giàu
Trần Như Thục,Hello cô Ba,actor,Đàn em của Trung Ninja
Trần Như Thục,Hello Cô Ba,actor,Đàn em của Trung Ninja
Kim Lài,Hello cô Ba,actor,Bà hàng xóm
Kim Lài,Hello Cô Ba,actor,Bà hàng xóm
Cường Mập,Hello cô Ba,actor,Vệ sĩ của Cô Ba
Cường Mập,Hello Cô Ba,actor,Vệ sĩ của Cô Ba
Phi Nga,Hello cô Ba,actor,Bà hàng xóm
Phi Nga,Duyên kiếp,actor,Bà Sáu
Phi Nga,Ăn tết miệt vườn,actor,Mẹ Mai
Phi Nga,Nhà có 5 nàng tiên,actor,bà Hạnh
Phi Nga,Kế hoạch hoàn hảo,actor,Kim Ngân
Phi Nga,Vĩ tuyến 17 ngày và đêm,actor,Chị Lành
Phi Nga,Hello Cô Ba,actor,Bà hàng xóm
Vĩnh Thuyên Kim,Bay vào cõi mộng,actor,Thiên Kim
Kiều Oanh,Bay vào cõi mộng,actor,Giáo sư Thủy Linh
Kiều Oanh,Những nẻo đường phù sa,actor,Sáu
Kiều Oanh,Mùa ổi,actor,bạn của Huệ
Tommy Ngô,Bay vào cõi mộng,actor,Tony Đô
Lynda Trang Đài,Bay vào cõi mộng,actor,Linda
Khánh Phương,Bay vào cõi mộng,actor,Lâm công tử
Hải Băng,Bay vào cõi mộng,actor,Thúy ngầu
Whitney Huỳnh,Bay vào cõi mộng,actor,Thiên Ngân
Thu Tuyết,Bay vào cõi mộng,actor,Bà Chín còi tàu
Thu Tuyết,Khát vọng thượng lưu,actor,Bà Kim
Bùi Tấn Trường,Bay vào cõi mộng,actor,Anh chàng bán dừa
Lê Trác Long,Bay vào cõi mộng,actor,Bạn của Thiên Kim
Bảo Ngọc,Bay vào cõi mộng,actor,My
Mã Hiểu Đông,Thuyền giấy,actor,Hoài Phong
Mã Hiểu Đông,Kẻ sát nhân cô độc,actor,Hoàng
Mã Hiểu Đông,Lụa (phim truyền hình),actor,Minh
Mã Hiểu Đông,Độc thân tuổi 30,actor,Trần Tình
Quốc Dũng,Thuyền giấy,actor,Bảo
Quốc Dũng,Hot boy nổi loạn,actor,Khách làng chơi 3
Quốc Dũng,"Hot boy nổi loạn và câu chuyện về thằng Cười, cô gái điếm và con vịt",actor,Khách làng chơi 3
Bé Nhật Thanh,Thuyền giấy,actor,Cu Bi
Hà Kim,Mật mã hoa hồng vàng,actor,An Bình (Triết)
Hà Kim,Lời nguyền Domino,actor,Quang
Hà Kim,Cuộc chiến nhân tình,actor,Minh
Hà Kim,Vali tình yêu,actor,Long
Trần Quý,Mật mã hoa hồng vàng,actor,Trung Râu
Trần Quý,Lời nguyền Domino,actor,Đông Đại
Trần Quý,Sắc đẹp ngàn cân (phim 2017),actor,Quản lý ca sĩ Pink
Bella Mai,Mật mã hoa hồng vàng,actor,Bích
Bella Mai,Lụa (phim truyền hình),actor,Huyền Anh
Bella Mai,Lời nguyền Domino,actor,Cúc
Bella Mai,Nếu còn có ngày mai (phim truyền hình Việt Nam),actor,Duyên
Bella Mai,Mặn hơn muối,actor,Nguyệt
Trung Dũng (diễn viên),Dưới cờ đại nghĩa,actor,Mười Trí (Huỳnh Văn Trí)
Trung Dũng (diễn viên),Vua bánh mì (phim truyền hình Việt Nam),actor,Vinh
Trung Dũng (diễn viên),Huyền sử thiên đô (phim),actor,Lê Long Đĩnh
Trung Dũng (diễn viên),Vó ngựa trời Nam,actor,Nguyễn Bình
Trung Dũng (diễn viên),Chạm vào quá khứ,actor,Trung
Trung Dũng (diễn viên),Câu chuyện pháp đình,actor,Hoàng
Trung Dũng (diễn viên),Võ lâm truyền kỳ (phim),actor,Công an
Trung Dũng (diễn viên),Người đàn bà yếu đuối,actor,Dũng
Trung Dũng (diễn viên),Lạc giới,actor,Trung
Trung Dũng (diễn viên),Giọt máu vô hình,actor,Ông Khải Hoàng
Trung Dũng (diễn viên),Lật Mặt 6: Tấm vé định mệnh,actor,Khanh
Trung Dũng (diễn viên),Lật mặt 6: Tấm vé định mệnh,actor,Khanh
Trung Dũng (diễn viên),Huyền sử thiên đô,actor,Lê Long Đĩnh
Trung Dũng (diễn viên),Lưới trời (phim 2020),actor,Hoàng Hải
Trung Dũng (diễn viên),Kế hoạch hoàn hảo,actor,Kim Long / Phi Long
Trung Dũng (diễn viên),Tình yêu dối lừa,actor,Ông Hoàng Nam
Trung Dũng (diễn viên),Dollars trắng,actor,Lê Nguyên Anh
Trung Dũng (diễn viên),Đam mê (phim),actor,Tư Dược
Trung Dũng (diễn viên),Cơn giông (phim năm 2021),actor,Bằng
Trương Minh Quốc Thái,Dưới cờ đại nghĩa,actor,Bảy Viễn (Lê Văn Viễn)
Trương Minh Quốc Thái,Duyên kiếp,actor,Hai Thiện
Trương Minh Quốc Thái,Tình án,actor,Chí Cao
Trương Minh Quốc Thái,Câu chuyện pháp đình,actor,Trần Trọng Nhân
Trương Minh Quốc Thái,Rồi 30 năm sau,actor,Hai Thức/Ông Lâm
Trương Minh Quốc Thái,Người đàn bà yếu đuối,actor,Phát
Trương Minh Quốc Thái,Công ty thời trang,actor,Hiển
Trương Minh Quốc Thái,Vợ quan,actor,Thiếu Phong
Trương Minh Quốc Thái,Những người viết huyền thoại,actor,Nghĩa
Trương Minh Quốc Thái,Vua bánh mì (phim truyền hình Việt Nam),actor,Văn Tài
Trương Minh Quốc Thái,Lửa ấm,actor,Thiếu tá Trương Quốc Minh
Trương Minh Quốc Thái,Công nghệ thời trang,actor,Lê Văn
Trương Minh Quốc Thái,Đồng tiền xương máu,actor,Hòa
Trương Minh Quốc Thái,Hoa thiên điểu (phim truyền hình),actor,Đinh Hùng
Trương Minh Quốc Thái,Cỏ biếc,actor,Hai Quốc
Trương Minh Quốc Thái,Đất mặn (phim truyền hình),actor,Tư Dương
Trương Minh Quốc Thái,Những người viết huyền thoại (phim),actor,Nghĩa
Trương Minh Quốc Thái,Người trở về,actor,Quang
Trương Minh Quốc Thái,Thạch Thảo (phim),actor,Sơn (bố Thảo)
Lê Văn Nghĩa,Dưới cờ đại nghĩa,actor,Tám Mạnh
Christian Trung,Dưới cờ đại nghĩa,actor,Bazin
Christian Trung,Võ lâm truyền kỳ (phim),actor,Ông giám đốc
Nguyễn Văn Trân (Bảy Trân),Dưới cờ đại nghĩa,actor,Bảy Chơn (Nguyễn Văn Chơn)
Võ Thành Tâm,Dưới cờ đại nghĩa,actor,Ba Dương (Dương Văn Dương)
Võ Thành Tâm,Câu chuyện pháp đình,actor,Hiếu
Võ Thành Tâm,Nhiệm vụ đặc biệt,actor,Thanh
Võ Thành Tâm,Tuyết nhiệt đới,actor,Lương
Võ Thành Tâm,Lật mặt (phim),actor,Đức
Võ Thành Tâm,Cột mốc 23,actor,Quân
Võ Thành Tâm,Con gái vị thẩm phán,actor,Hải Mamut
Võ Thành Tâm,Thái sư Trần Thủ Độ (phim truyền hình),actor,Trần Tỵ
Võ Thành Tâm,Dollars trắng,actor,Thanh Hà
Võ Thành Tâm,Biệt thự trắng,actor,Thế Thành
Võ Thành Tâm,Sinh mệnh (phim),actor,Linh gấu
Võ Thành Tâm,Lật mặt,actor,Đức
Võ Thành Tâm,Con đường sáng (phim dài tập),actor,Hai Văn (Phan Văn Đáng)
Võ Thành Tâm,Lật mặt: 48h,actor,"Hiền, Võ Thành Tâm cho biết để chuẩn bị cho vai diễn"
Thanh Minh,Dưới cờ đại nghĩa,actor,Hai Vĩnh (Mai Văn Vĩnh)
Đại Nghĩa (diễn viên),Dưới cờ đại nghĩa,actor,Lâm Ngọc Đường
Đại Nghĩa (diễn viên),Giao lộ định mệnh,actor,Bảo
Đại Nghĩa (diễn viên),Cô dâu đại chiến,actor,Khải
Đại Nghĩa (diễn viên),Cô dâu đại chiến 2,actor,Giáo sư
Đại Nghĩa (diễn viên),Em là của em,actor,Cha của Hoàng
Đại Nghĩa (diễn viên),Tiệm bánh Hoàng tử bé,actor,chú Bảo
Đại Nghĩa (diễn viên),Tiệm bánh Hoàng tử bé 2,actor,ông Bỉu
Đại Nghĩa (diễn viên),Sắc đẹp ngàn cân (phim 2017),actor,Bác sĩ Thái
Võ Hoàng Thục,Dưới cờ đại nghĩa,actor,Năm Tài (Lại Hữu Tài)
Chí Bửu,Dưới cờ đại nghĩa,actor,Hai Lực
Chí Bửu,Đợi tàu,actor,Tuấn
Võ Thế Vỹ,Dưới cờ đại nghĩa,actor,Maurice Thiên
Võ Thế Vỹ,Người đẹp Tây Đô,actor,Lực
Võ Thế Vỹ,Xích lô (phim),actor,Sách Vũ Công 2
NSƯT Minh Châu,Dưới cờ đại nghĩa,actor,Đội Cầu
Minh Quang,Dưới cờ đại nghĩa,actor,Tư Sang
Quốc Thịnh,Dưới cờ đại nghĩa,actor,Tám Tâm
Quốc Thịnh,Những nẻo đường phù sa,actor,Nhã
Mai Dũng,Dưới cờ đại nghĩa,actor,Hai Quận
Mai Dũng,Xuân ấm tình người,actor,Bắc Đẩu
Lê Tứ,Dưới cờ đại nghĩa,actor,Giáo chủ Huỳnh Phú Sổ
Ngọc Điệp,Dưới cờ đại nghĩa,actor,Mến
Dương Văn Dương,Dưới cờ đại nghĩa,actor,Mẹ của Ba Dương (Dương Văn Dương)
Tuyết Trinh,Dưới cờ đại nghĩa,actor,Lượm
Tuyết Trinh,Khát vọng thượng lưu,actor,Diễm
Tuyết Trinh,Quê nhà,actor,Bà Trà
Lê Quang,Dưới cờ đại nghĩa,actor,Nam Tra
Lê Quang,Người đẹp Tây Đô,actor,Năm Cọp
Lê Quang,Vật chứng mong manh,actor,Cổn Chột
Lê Quang,Câu chuyện pháp đình,actor,Bảy
NSƯT Nguyễn Phương Điền,Dưới cờ đại nghĩa,actor,Chín Mập
Thái Hòa (diễn viên),Dưới cờ đại nghĩa,actor,Ba Nhỏ
Thái Hòa (diễn viên),Long Ruồi,actor,Tèo / Long Ruồi
Thái Hòa (diễn viên),Lửa Phật,actor,Hiền
Thái Hòa (diễn viên),Quả tim máu,actor,Cu Hù
Thái Hòa (diễn viên),Để Mai tính,actor,Hội
Thái Hòa (diễn viên),Cưới ngay kẻo lỡ,actor,Bích Trâm / Hùng
Thái Hòa (diễn viên),Để Mai tính 2,actor,Phạm Hương Hội - một doanh nhân thành đạt
Thái Hòa (diễn viên),Hồn papa da con gái,actor,Hải
Thái Hòa (diễn viên),Sống trong bóng đêm,actor,Lô
Thái Hòa (diễn viên),Võ lâm truyền kỳ (phim),actor,Thủ lĩnh quân đội cam
Thái Hòa (diễn viên),Mẹ rơm,actor,Mô gù
Thái Hòa (diễn viên),Cha rơi,actor,Toàn
Thái Hòa (diễn viên),Huyền thoại bất tử,actor,Nam
Thái Hòa (diễn viên),Để mai tính,actor,Hội
Thái Hòa (diễn viên),Địa đạo: Mặt trời trong bóng tối,actor,Bảy Theo
Thái Hòa (diễn viên),Tiệc trăng máu,actor,Phan Bất Bình
Thái Hòa (diễn viên),Cái giá của hạnh phúc,actor,Đinh Công Thoại
Thái Hòa (diễn viên),Tử chiến trên không,actor,Long
Bá Tâm,Dưới cờ đại nghĩa,actor,Ba Bay
Trương Quang Thịnh,Dưới cờ đại nghĩa,actor,Năm Cò
Trương Quang Thịnh,Câu chuyện pháp đình,actor,Nghĩa
Hoàng Minh,Dưới cờ đại nghĩa,actor,Chuyền
Hoàng Minh,Em là bà nội của anh,actor,thành viên nhóm Beauty & The Beast 3
Mạnh Dung,Dưới cờ đại nghĩa,actor,Ông Năm Rừng Sác
Mạnh Dung,Nghiệt oan,actor,Ông Thành
Mạnh Dung,"Cá Rô, em yêu anh!",actor,Ông Cảnh
Mạnh Dung,Sống trong bóng đêm,actor,Ông Hai Gạo
Mạnh Dung,Lật mặt 7: Một điều ước,actor,Ông Tám Tàng (ba của Tư Thắm)
Mạnh Dung,Vợ quan,actor,Ông Bảy Thân
Mạnh Dung,Nhà gia tiên,actor,ông Cụ Tổ
Mạnh Dung,Lật Mặt 6: Tấm vé định mệnh,actor,Ba của Toàn
Mạnh Dung,Lật mặt 6: Tấm vé định mệnh,actor,Ba của Toàn
Lê Diễn,Dưới cờ đại nghĩa,actor,Sáu Đúng
Thanh Thúy,Dưới cờ đại nghĩa,actor,Bà Hoa
Tiến Vang,Dưới cờ đại nghĩa,actor,Năm Ri
Dương Tấn Bình,Dưới cờ đại nghĩa,actor,Ba Búa
Huỳnh Văn Nghệ,Dưới cờ đại nghĩa,actor,Tám Nghệ (Huỳnh Văn Nghệ)
Xuân Hòa,Nghề báo (phim truyền hình),actor,Linh Sương
Xuân Hòa,Áo cưới thiên đường,actor,Hiền
Xuân Hòa,Nữ bác sĩ,actor,Ngọc Hà
Đức Thịnh đạo diễn,Nghề báo (phim truyền hình),actor,Phúc Trần
Đức Thịnh đạo diễn,Tiệc trăng máu,actor,Tuấn Mạnh
Kim Hoàn,Nghề báo (phim truyền hình),actor,Lê Mão
Kim Hoàn,Đất và người,actor,Ngũ
Xuân Đào,Nghề báo (phim truyền hình),actor,Dạ Lan
Lý Thu Trang,Nghề báo (phim truyền hình),actor,Bé My
Huỳnh Thụ Đường,Thề không gục ngã,actor,Lý Bỉnh Khôn
Trần Y Linh,Thề không gục ngã,actor,Judy
Sỹ Toàn,Thề không gục ngã,actor,Trương Tam
Sỹ Toàn,Cuộc chiến không giới tuyến,actor,Thào A Hề
Sỹ Toàn,Tiệm ăn của quỷ,actor,Luân
Sỹ Toàn,Tử chiến trên không,actor,Bảy
Lo Keng Sinh,Thề không gục ngã,actor,Ông Trần
Kim Cương,Lẩn khuất một tên người,actor,Thùy
Huỳnh Trường Thịnh,Lẩn khuất một tên người,actor,Tùng
Huỳnh Trường Thịnh,Mỹ nhân Sài Thành,actor,Trung
Huỳnh Trường Thịnh,Mùa cúc susi,actor,Tư Đôn
Huỳnh Trường Thịnh,Giã từ những đêm hoang,actor,Lâm Sói
Huỳnh Trường Thịnh,Kẻ sát nhân cô độc,actor,Thượng úy Luân
Huỳnh Trường Thịnh,Mỹ nhân Sài thành,actor,Trung
Huỳnh Trường Thịnh,Kế hoạch hoàn hảo,actor,Minh Đạt
Đinh Mạnh Phúc,Lẩn khuất một tên người,actor,Sáu Thái
Đinh Mạnh Phúc,Luật trời,actor,Ông Lâm (lúc trẻ)
Đinh Mạnh Phúc,Vong nhi,actor,bác sĩ Nam
Đinh Mạnh Phúc,Kế hoạch hoàn hảo,actor,Hùng Cường
Dương Mỹ Linh,Mỹ nhân Sài Thành,actor,Bạch Trà
Dương Mỹ Linh,Mỹ nhân Sài thành,actor,Bạch Trà
Khắc Cường,Mỹ nhân Sài Thành,actor,Mã Công Thành
Khắc Cường,Mỹ nhân Sài thành,actor,Mã Công Thành
Bryan David,Mỹ nhân Sài Thành,actor,George
Bryan David,Mỹ nhân Sài thành,actor,George
Hoài Thu,Mỹ nhân Sài Thành,actor,Bà Ngọc
Hoài Thu,Mỹ nhân Sài thành,actor,Bà Ngọc
Trần Thúy Phượng,Mỹ nhân Sài Thành,actor,Tuyết Lê
Trần Thúy Phượng,Mỹ nhân Sài thành,actor,Tuyết Lê
Robert Dũng,Mỹ nhân Sài Thành,actor,Trung tá Andre
Robert Dũng,Những đứa con biệt động Sài Gòn,actor,Hoàng Vũ
Robert Dũng,Mỹ nhân Sài thành,actor,Trung tá Andre
Sơn Thái,Mỹ nhân Sài Thành,actor,Tư Kều
Sơn Thái,Mỹ nhân Sài thành,actor,Tư Kều
Bùi Vũ Long,Mỹ nhân Sài Thành,actor,Long
Bùi Vũ Long,Mỹ nhân Sài thành,actor,Long
Hồ Kim Chi,Mỹ nhân Sài Thành,actor,Diễm Ngọc
Hồ Kim Chi,Mỹ nhân Sài thành,actor,Diễm Ngọc
Thạch Thu Huyền,Nước mắt loài cỏ dại,actor,Bà Ngọc
Thạch Thu Huyền,Mê cung (phim truyền hình),actor,Lưu Ly (con gái Cường Lâm)
Thạch Thu Huyền,Hướng dương ngược nắng,actor,Hạnh
Thạch Thu Huyền,Mùa hoa tìm lại,actor,Hoa
Thạch Thu Huyền,Dưới bóng cây hạnh phúc,actor,Nhài
Thạch Thu Huyền,Chỉ có thể là yêu (phim truyền hình Việt Nam),actor,Tú Linh
Thạch Thu Huyền,Chỉ có thể là yêu (phim Việt Nam),actor,Tú Linh
Xuân Phúc,Nước mắt loài cỏ dại,actor,Khang
Xuân Phúc,Sắc đẹp ngàn cân (phim 2017),actor,Bạn trai của Hà My
Xuân Phúc,Đấu trí (phim truyền hình Việt Nam),actor,Đại uý Dương Văn Phong
Xuân Phúc,Trái tim có nắng,actor,Phong
Xuân Phúc,Tử chiến trên không,actor,Phong
Yến Nhi,Nước mắt loài cỏ dại,actor,Bà Kiều
Yến Nhi,Câu chuyện pháp đình,actor,Hôm (lúc nhỏ)
Yến Nhi,Nếu còn có ngày mai (phim truyền hình Việt Nam),actor,Bà Dần
Võ Đăng Khoa,Nước mắt loài cỏ dại,actor,Việt
Thủ Tín,Nước mắt loài cỏ dại,actor,Ông Tư Đua
Thủ Tín,Mặn hơn muối,actor,Ông Khiêm
Huỳnh Như Đan,Thương con cá rô đồng,actor,Nhớ
Huỳnh Như Đan,Tết ở làng địa ngục,actor,Cô Mây
Huỳnh Như Đan,Vong nhi,actor,Như
Huỳnh Như Đan,Kế hoạch hoàn hảo,actor,Mỹ Hạnh
Quang Thái,Thương con cá rô đồng,actor,Lắm
Quang Thái,Ăn tết miệt vườn,actor,Điền
Quang Thái,Lời nguyền lúc 0 giờ,actor,Kỳ Phương
Quang Thái,Mẹ trùm,actor,Nghĩa
Tuấn Anh,Thương con cá rô đồng,actor,Khang
Trang Tuyền,Thương con cá rô đồng,actor,Nhung
Huyền Diệu,Thương con cá rô đồng,actor,Thương lúc nhỏ
Thảo Nguyên,Thương con cá rô đồng,actor,Nhớ lúc nhỏ
Thảo Nguyên,Câu chuyện pháp đình,actor,Nhi
Đình Lộc,Thương con cá rô đồng,actor,Lắm lúc nhỏ
Đình Lộc,Vong nhi,actor,bé Minh
Lê Mạnh Phương,Thương con cá rô đồng,actor,Hải Đen
Lê Mạnh Phương,Mùa cúc susi,actor,Ba Sang
Lê Mạnh Phương,Lời nguyền (phim truyền hình),actor,Vĩnh Phúc
Lê Mạnh Phương,Mưa đỏ (phim),actor,Chính ủy Tân
Thư Nguyễn,Thương con cá rô đồng,actor,Quỳnh
Thư Nguyễn,Duyên kiếp,actor,Hồng
Cao Phương Thúy,Thương con cá rô đồng,actor,Thúy Vy
Quách Hồ Ninh,Duyên kiếp,actor,Ông Tình
Quách Hồ Ninh,Bên kia sông,actor,Ngọc Đen
Kim Hiền (diễn viên),Nàng men chàng bóng,actor,
Kim Hiền (diễn viên),Thiên mệnh anh hùng,actor,Hoa Hạ
Kim Hiền (diễn viên),Ký ức mong manh,actor,Hằng
Kim Hiền (diễn viên),Anh chàng vượt thời gian,actor,Trúc Lam/Tố Hương
Kim Hiền (diễn viên),Ngũ quái Sài Gòn,actor,Thúy Bụi
Kim Hiền (diễn viên),Đam mê (phim),actor,Hà Chi
Thanh Thủy (diễn viên),Nàng men chàng bóng,actor,
Thanh Thủy (diễn viên),Duyên định kim tiền,actor,Bà Cai Tổng Luông
Thanh Thủy (diễn viên),Gió qua miền tối sáng,actor,Thoa
Thanh Thủy (diễn viên),Cầu thang nhà A6,actor,Thủy
Việt Anh (nghệ sĩ),Nàng men chàng bóng,actor,
Đức Tiến,Nàng men chàng bóng,actor,
Đức Tiến,Chuyện tình đảo ngọc,actor,Sơn
Đức Tiến,Vòng xoáy tình yêu,actor,Vũ
Avin Lu nghệ danh của Lương Anh Vũ,Em và Trịnh,actor,Trịnh Công Sơn (thời trẻ)
Trần Lực,Em và Trịnh,actor,Trịnh Công Sơn (thời trung niên)
Trần Lực,Long thành cầm giả ca (phim),actor,Nguyễn Khản
Trần Lực,Mẹ chồng tôi,actor,Lực
Trần Lực,Mùa ổi,actor,chồng Thùy
Trần Lực,Tết này ai đến xông nhà,director,
Trần Lực,Chiến dịch trái tim bên phải,actor,Quyền
Trần Lực,Mưa đỏ (phim),actor,Trưởng đoàn đàm phán của Việt Nam Dân chủ Cộng hòa
Trần Lực,Con đường sáng (phim dài tập),actor,Quan phủ (tập 2)
Trần Lực,Chuyện nhà Mộc,director,
Phạm Quỳnh Anh,Em và Trịnh,actor,Dao Ánh (thời trung niên)
Phạm Quỳnh Anh,Người lắng nghe: Lời thì thầm,actor,Phương Vy
Phạm Quỳnh Anh,Thần tượng (phim),actor,mẹ của Trí
Phạm Quỳnh Anh,Chàng trai năm ấy,actor,Phạm Quỳnh Băng
Thanh Thúy ca sĩ sinh 1943,Em và Trịnh,actor,này là một cô gái khoảng 17 tuổi
Bùi Lan Hương,Em và Trịnh,actor,ca sĩ Khánh Ly
Nakatani Akari,Em và Trịnh,actor,Yoshii Michiko
Hà Quốc Hoàng,Em và Trịnh,actor,Bửu Ý
Nguyễn Lê Việt Hưng,Em và Trịnh,actor,Định Công
Nguyễn Lê Việt Hưng,Tiệm ăn của quỷ,actor,Hào
Din Phạm,Em và Trịnh,actor,Văn Đỗ
Hồng Nga,Khi đàn ông có bầu,actor,Bà Việt
Hồng Nga,Công ty thời trang,actor,Bà Tâm
Trương Ngọc Ánh,Khi đàn ông có bầu,actor,Kiều
Trương Ngọc Ánh,Công ty thời trang,actor,Thanh Nhiên
Trương Ngọc Ánh,Áo lụa Hà Đông (phim),actor,Dần
Trương Ngọc Ánh,Lục Vân Tiên (phim truyền hình),actor,Võ Thể Loan
Trương Ngọc Ánh,Đồng tiền xương máu,actor,Lan Anh
Bảo Chung,Khi đàn ông có bầu,actor,Bảo
Hữu Nghĩa,Khi đàn ông có bầu,actor,Nghĩa
Trọng Phúc,Khi đàn ông có bầu,actor,Ca sĩ Trọng Phúc
Hữu Lộc,Khi đàn ông có bầu,actor,Công nhân vệ sinh (†)
Hữu Lộc,Võ lâm truyền kỳ (phim),actor,Thủ lĩnh quân đội đỏ
Mỹ Chi,Khi đàn ông có bầu,actor,Bà bầu đi đường
Phong Phú,Khi đàn ông có bầu,actor,Bạn của Duyên
Thiệu Ánh Dương,Những nẻo đường phù sa,actor,Khởi
Thiệu Ánh Dương,Người đẹp Tây Đô,actor,Hai Niệm
Thiệu Ánh Dương,Vị đắng tình yêu,actor,thanh viên càn quấy
Tấn Thành,Những nẻo đường phù sa,actor,Robert Trần
Thành Trí,Những nẻo đường phù sa,actor,Hương quản Lịnh
Thành Trí,Người đẹp Tây Đô,actor,Ông hội đồng
Bá Nguyên,Những nẻo đường phù sa,actor,Châu
Giỏi Tý,Những nẻo đường phù sa,actor,Ông chủ Quận
Phạm Thị Ngọc Trinh,Lẵng hoa tình yêu,actor,Thảo
Phạm Thị Ngọc Trinh,Thạch Thảo (phim),actor,Trinh (mẹ Thảo)
Quỳnh Phượng,Lẵng hoa tình yêu,actor,Linh
Hoàng Nga,Lẵng hoa tình yêu,actor,Mai
Mai Phương Thúy,Âm tính,actor,Minh
Kim Thoa,Âm tính,actor,Lê
Kim Thoa,Chuyện phố phường,actor,Bà Thảo
Quế Phương,Tình án,actor,Thanh Túy
Mai Văn Hiệp,Vó ngựa trời Nam,actor,Cha Nghệ
Thu Minh,Anh chàng vượt thời gian,actor,Quý phi Lệ Liễu
Khánh Nam danh hài,Nghiệt oan,actor,Tài
Khánh Nam danh hài,Ầu ơ ví dầu,actor,Ông Hai Nhật (†)
Uyên Thảo,Nghiệt oan,actor,Thu
Lâm Minh Nhật,Nghiệt oan,actor,Lâm Minh
Phương Mỹ,Nghiệt oan,actor,Mai
Long Điền,Nghiệt oan,actor,Hoàng
Ngọc Châu,Sông dài (phim),actor,Bà Mười Một (lúc trẻ)
Ngọc Châu,Sông dài (phim truyền hình),actor,Bà Mười Một (lúc trẻ)
Lê Chi Na,Mùa cúc susi,actor,Yến (bạn gái Tư Đôn)
Quỳnh Lương,Vũ điệu giữa bầy sói,actor,Thuyền Quyên (Quỳnh)
Quỳnh Lương,Chị chị em em 2,actor,Bảy Hột Điều
Quỳnh Lương,Gara hạnh phúc,actor,Tiên
Quỳnh Lương,Đừng làm mẹ cáu,actor,Hải Vy
Quỳnh Lương,Lối nhỏ vào đời,actor,Hoài
Lee Nghĩa,Vũ điệu giữa bầy sói,actor,Thảo Cụt (Sang “ghẻ”)
Trương Minh Thảo,Vũ điệu giữa bầy sói,actor,Huỳnh Lân
Ngô Thành Tá,Vũ điệu giữa bầy sói,actor,Bảo Thắng
Ngô Thành Tá,Mẹ trùm,actor,Đỉnh
Nguyễn Thùy Dương,Vũ điệu giữa bầy sói,actor,Mai Phương
Nguyễn Thùy Dương,Tiệm bánh Hoàng tử bé 2,actor,Sao Các vai phụ
Nguyễn Thùy Dương,Đấu trí (phim truyền hình Việt Nam),actor,Nguyễn Lê Quyên
Nguyễn Thùy Dương,"Không ngại cưới, chỉ cần một lý do",actor,
Song Dương,Vũ điệu giữa bầy sói,actor,Vân Anh
Song Dương,Mẹ trùm,actor,Ngọc
Nguyễn Tuấn Anh,Vũ điệu giữa bầy sói,actor,Minh Khôi
Nguyễn Tuấn Anh,Gia đình mình vui bất thình lình,actor,Tuấn
Nguyễn Tuấn Anh,Vali tình yêu,actor,Phụng
Phan Hoàng Kim,Vũ điệu giữa bầy sói,actor,Vân Nhi
Lý Hồng Ân,Vũ điệu giữa bầy sói,actor,Cẩm Tú
Lý Hồng Ân,Người lắng nghe: Lời thì thầm,actor,Thuỳ Dương
Lý Hồng Ân,Kẻ ăn hồn,actor,Cô Minh
Tăng Huỳnh Như,Giã từ những đêm hoang,actor,Quỳnh
Tăng Huỳnh Như,Xuân ấm tình người,actor,Ánh Mai
Tuyết Quyên,Giã từ những đêm hoang,actor,Phượng
Nguyễn Đức Thịnh,Giã từ những đêm hoang,actor,Tư Phước
Ngô Thái Hiển,Giã từ những đêm hoang,actor,Long
Trần Ngọc Vàng,Giấc mơ của mẹ,actor,Kiên Cường
Trần Ngọc Vàng,Tử chiến trên không,actor,Khanh
Bảo Vy,Giấc mơ của mẹ,actor,Bé An
Việt Trinh,Người đẹp Tây Đô,actor,Bạch Cúc
Tú Trinh,Người đẹp Tây Đô,actor,Bà hội đồng
Tú Trinh,Lật mặt 7: Một điều ước,actor,Cô Thanh
Tú Trinh,Áo lụa Hà Đông (phim),actor,Bà Tám
Robert Hải,Người đẹp Tây Đô,actor,Norret
Ngọc Đặng,Người đẹp Tây Đô,actor,Già Canh
Ngọc Đặng,Áo lụa Hà Đông (phim),actor,Ông Thoòng
Ngọc Đặng,Vị đắng tình yêu,actor,ông ngoại Phương
Quang Hải,Người đẹp Tây Đô,actor,Trung
Nguyên Trinh,Người đẹp Tây Đô,actor,Bà Phú
Việt Trường,Người đẹp Tây Đô,actor,Đe
Hương Hà,Người đẹp Tây Đô,actor,Sam
Bằng Lăng,Áo cưới thiên đường,actor,Kim
Bằng Lăng,Cải ơi,actor,Diễm Thương
Bằng Lăng,Cải ơi!,actor,Diễm Thương
Phi Long,Áo cưới thiên đường,actor,Thái
Phi Long,Lời sám hối,actor,Hoàng Xiên
WanBi Tuấn Anh,Áo cưới thiên đường,actor,Thành Phúc
Tiết Cương,Vật chứng mong manh,actor,Thảo Phương
Tiết Cương,Sống trong bóng đêm,actor,Lơ
Tiết Cương,Lật mặt 7: Một điều ước,actor,Cương
Tiết Cương,Võ lâm truyền kỳ (phim),actor,Bác sĩ phụ khoa
Tiết Cương,Lật mặt (phim),actor,Thắng
Tiết Cương,Cột mốc 23,actor,Thám tử tư
Tiết Cương,Lật Mặt 6: Tấm vé định mệnh,actor,anh Năm
Tiết Cương,Lật mặt 6: Tấm vé định mệnh,actor,anh Năm
Tiết Cương,Cây Huê xà,actor,Thành
Tiết Cương,Lật mặt,actor,Thắng
Tiết Cương,Lật mặt 2: Phim trường,actor,Tâm
Tiết Cương,Đảo độc đắc - Tử mẫu Thiên linh cái,actor,ba Linh
Phương Bằng,Vật chứng mong manh,actor,Tài Bún
Phương Bằng,Vòng xoáy tình yêu,actor,Ba đen
Phương Bằng,Tiệm ăn dì ghẻ,actor,Bảy sẹo
Lâm Tuấn,Vật chứng mong manh,actor,Rebel
Thanh Cường,Vật chứng mong manh,actor,Sáu Cụt
Đức Trung,Vật chứng mong manh,actor,Đoàn
Đức Trung,12A và 4H,actor,Ông Trung
Đức Trung,Mùa lá rụng,actor,Tổng biên tập
Đức Trung,Luật đời,actor,Viện trưởng
Đức Trung,Khi đàn chim trở về,actor,Sơn
Đức Trung,Bí thư Tỉnh ủy (phim truyền hình Việt Nam),actor,Ông Ẩn
Đức Trung,Những cô gái trong thành phố,actor,Bạn Tùng
Nhan Sỹ Toàn,Vật chứng mong manh,actor,Tứ
Huyền Trâm,Chạm vào quá khứ,actor,An Thi
Tâm Tít,Chạm vào quá khứ,actor,Kiều
Tâm Tít,Sao đổi ngôi (phim truyền hình Việt Nam),actor,Thảo Dung
Thiên Tú,Mẹ con Đậu Đũa,actor,Đậu Đũa
Thiên Tú,Tết ở làng địa ngục,actor,Thị Tam
Tuyết Dung,Mẹ con Đậu Đũa,actor,Bác sĩ Hương
Mỹ Khanh,Mẹ con Đậu Đũa,actor,Mẹ Hoài Linh
Phương Uyên,Mẹ con Đậu Đũa,actor,Du
Quỳnh Giao,Mẹ con Đậu Đũa,actor,Y tá trợ lý
Quỳnh Giao,Lời sám hối,actor,Ngót
Quỳnh Giao,Biệt thự trắng,actor,Tuyết
Kim Phụng,Mẹ con Đậu Đũa,actor,Hoài Linh
Kim Phụng,Bí thư Tỉnh ủy (phim truyền hình Việt Nam),actor,Ông Đình
Quang Hạnh,Mẹ con Đậu Đũa,actor,Y tá trạm xã
Ngọc Kỷ,Mẹ con Đậu Đũa,actor,Con ông Tất
Kim Ngọc,Mẹ con Đậu Đũa,actor,Vợ ông Tất
Kim Ngọc,Lửa ấm,actor,Kha
Kim Ngọc,Vòng nguyệt quế (phim truyền hình),actor,Chủ nhà trọ
Trương Trí,Mẹ con Đậu Đũa,actor,Cha Hoài Linh
Mạc Minh Tâm,Mẹ con Đậu Đũa,actor,Đương
Phước Ngọc,Mẹ con Đậu Đũa,actor,Mẹ bé Ăn
Vĩnh Long,Mẹ con Đậu Đũa,actor,Bé Ăn
Trần Thị Bé,Đời cát,actor,Hảo
Đỗ Nguyễn Lan Hà,Đời cát,actor,bé Gianh
Văn Thanh,Đời cát,actor,ông Quýnh
Tiểu Hoa,Đời cát,actor,bà Quýnh
Tạ Ngọc Bảo,Tôi vào đời,actor,Đạt
Tiểu Phụng,Tôi vào đời,actor,Hồng
Tiểu Phụng,Ầu ơ ví dầu,actor,Vợ Ba Phải
Tiểu Phụng,Người đàn bà yếu đuối,actor,Lộc
Trần Yến Chi,Tôi vào đời,actor,Thùy
Bà Năm Cần Thơ,Tôi vào đời,actor,Bà Tư Phước
Nguyễn Quốc Thịnh,Tôi vào đời,actor,Tên cướp xe
Bà Huỳnh Thị Trơn,Tôi vào đời,actor,Bà mẹ Tư Và một số diễn viên khác
Trần Kim Ngân,Blouse trắng,actor,Y tá Bình
Trần Kim Ngân,Người đàn bà yếu đuối,actor,Ngọc
Chí Thiện sinh năm 1988,Giải cứu thần chết,actor,Thần chết Teen
Ca sĩ Thủy Hương,Giải cứu thần chết,actor,Cô chủ nhiệm lúc trẻ
Trinh Hoan,Giải cứu thần chết,actor,Công an
Trinh Hoan,Nụ hôn thần chết (phim),actor,Công an
Trinh Hoan,Nụ hôn thần chết,actor,Công an
Đoàn Minh Tuấn,Giải cứu thần chết,actor,Công an
Đoàn Minh Tuấn,Nụ hôn thần chết (phim),actor,Công an
Đoàn Minh Tuấn,Hot boy nổi loạn,actor,Hưng
Đoàn Minh Tuấn,Em là bà nội của anh,actor,công an
Đoàn Minh Tuấn,"Hot boy nổi loạn và câu chuyện về thằng Cười, cô gái điếm và con vịt",actor,Hưng
Đoàn Minh Tuấn,Đẹp từng centimet,actor,ba của Ly
Đoàn Minh Tuấn,Nụ hôn thần chết,actor,Công an
Lâm Bảo Như,Câu chuyện pháp đình,actor,Nam An
Lâm Bảo Như,Công nghệ thời trang,actor,Mi Khánh
Võ Thành Nhân,Câu chuyện pháp đình,actor,Mạnh
Nguyễn Trí Thảo,Câu chuyện pháp đình,actor,Liêm (lúc nhỏ)
Cao Thy Phong,Câu chuyện pháp đình,actor,Hôm
Ánh Hồng,Câu chuyện pháp đình,actor,Trâm
Văn Nỷ,Câu chuyện pháp đình,actor,Ông Đạt
Nguyên Khôi,Nhiệm vụ đặc biệt,actor,Cường
Văn Đua,Nhiệm vụ đặc biệt,actor,Đức
Văn Đua,Ầu ơ ví dầu,actor,Ông Văn
Linh Chi,Nhiệm vụ đặc biệt,actor,bé Duyên
Linh Chi,Đi qua mùa hạ,actor,Linh
Linh Chi,Những công dân tập thể,actor,Tuyền
Minh Nhật,Nhiệm vụ đặc biệt,actor,bé Hoàng Phần 1
Nguyễn Minh Cường,Nhiệm vụ đặc biệt,actor,Mạnh
Nam Yên,Nhiệm vụ đặc biệt,actor,Lâm
Hoài Ân,Nhiệm vụ đặc biệt,actor,Hòa Phần 2
Cao Dũng,Nhiệm vụ đặc biệt,actor,Khánh
Thái Minh Châu,"Cá Rô, em yêu anh!",actor,Lê
NSƯT Nguyễn Văn Phúc,"Cá Rô, em yêu anh!",actor,Ông Lộc
Quỳnh Thư,"Cá Rô, em yêu anh!",actor,Thái Hà
Quỳnh Thư,Sắc đẹp và danh vọng,actor,Mỹ Linh
Bích Huyền,Sống trong bóng đêm,actor,Hương
Bích Huyền,Phía cuối cầu vồng,actor,Lim
Bích Huyền,Đội đặc nhiệm nhà C21,actor,Em gái Minh tổ cú
Bích Huyền,Vòng nguyệt quế (phim truyền hình),actor,Hân
Nam Thư,Sống trong bóng đêm,actor,Thu
Nam Thư,Nhà có 5 nàng tiên,actor,người đi đường
Nam Thư,Lật mặt (phim),actor,vợ Thắng
Nam Thư,"Taxi, em tên gì?",actor,bà bầu
Nam Thư,Lật mặt,actor,vợ Thắng
Thành Tâm,Sống trong bóng đêm,actor,Nâu
Phạm Nhật Hoàng,Sống trong bóng đêm,actor,Lem
Ngô Công Lý,Kẻ sát nhân cô độc,actor,Lê Minh Trọng
Ngô Công Lý,Lụa (phim truyền hình),actor,Ông Hưng
Huy Khang,Người lắng nghe: Lời thì thầm,actor,con ông Nam
Châu Hà Yến Nhi,Người lắng nghe: Lời thì thầm,actor,mẹ Tường Minh
Khắc Minh,Bí mật nghiệt ngã,actor,Hải Đăng
Đình Duy,Ăn tết miệt vườn,actor,Chiến
Lâm Thắng,Ăn tết miệt vườn,actor,Lân
Hiền Nguyễn,Ăn tết miệt vườn,actor,Thảo
Đạt Nguyễn,Lụa (phim truyền hình),actor,Thành Trung
Lâm Thanh Sơn,Lụa (phim truyền hình),actor,Thiện
Nguyễn Hùng Linh,Lụa (phim truyền hình),actor,Nam (phó tổng)
Phạm Hy,Lụa (phim truyền hình),actor,Toàn
Sỹ Đạt,Nữ sinh (phim truyền hình),actor,Hùng chĩa
Trần Anh Hiếu,Nữ sinh (phim truyền hình),actor,Hoàng Hòa
Ngọc Xuân,Nữ sinh (phim truyền hình),actor,Kim Khánh
Ngọc Xuân,Tử chiến trên không,actor,Hạnh
Miu Lê,Những thiên thần áo trắng,actor,July Miu
Miu Lê,Nhà có 5 nàng tiên,actor,Tiên Vân
Miu Lê,Em là bà nội của anh,actor,Thanh Nga (bà Đại lúc trẻ lại)
Đỗ Tùng Lâm,Những thiên thần áo trắng,actor,Nam
Trương Minh Cường,Những thiên thần áo trắng,actor,Thầy vật lý
Trương Minh Cường,Lật mặt 7: Một điều ước,actor,Hai Khôn
Nguyễn Trần Diệu Thúy,Bên kia sông,actor,Minh Khuê
Nguyễn Trần Diệu Thúy,Huyền thoại 1C,actor,Lê
Ái Ái,Tuyết nhiệt đới,actor,Hằng lúc nhỏ
Lương Mạnh Hải,Tuyết nhiệt đới,actor,Hải
Lương Mạnh Hải,Bỗng dưng muốn khóc,actor,Bảo Nam
Lương Mạnh Hải,Hot boy nổi loạn,actor,Lam
Lương Mạnh Hải,"Hot boy nổi loạn và câu chuyện về thằng Cười, cô gái điếm và con vịt",actor,Lam
Lương Mạnh Hải,Đẹp từng centimet,actor,Quang Hy
Đức Nghĩa,Tuyết nhiệt đới,actor,Nghĩa
Tí Đô,Tuyết nhiệt đới,actor,Nghĩa lúc nhỏ
Thanh Hoài,Tuyết nhiệt đới,actor,Ngọc
Thanh Hoài,Thái sư Trần Thủ Độ (phim truyền hình),actor,Đàm Quý phi
Duy Tân,Tuyết nhiệt đới,actor,Mạnh
Thành Luân,Tuyết nhiệt đới,actor,Tuấn
Trọng Tuấn,Tuyết nhiệt đới,actor,Thắng
Huy Hoàng,Tuyết nhiệt đới,actor,Tí
Như Cầm,Tuyết nhiệt đới,actor,Thùy
Như Cầm,Những cô gái chân dài,actor,học sinh
Như Thùy,Tuyết nhiệt đới,actor,Bé Điệu
Thanh Yến,Tuyết nhiệt đới,actor,Gái Lớn
Bé Tuyền,Tuyết nhiệt đới,actor,Gái Nhỏ
Jose Fernandez,Tuyết nhiệt đới,actor,Dượng Hải
Emma Fernandez,Tuyết nhiệt đới,actor,Em Hải
Đỗ Văn Toàn,Tuyết nhiệt đới,actor,Bác Ngọc
Nguyễn Vinh Sơn,Đất phương Nam,director,
Nguyễn Vinh Sơn,Tuyết nhiệt đới,actor,Ông Hòa
Nguyễn Vinh Sơn,Trăng nơi đáy giếng,director,
Nguyễn Ngọc Thụy,Tuyết nhiệt đới,actor,Minh
Trịnh Tài,Bắc kim thang (phim),actor,Thiện Tâm
Trịnh Tài,Mặn hơn muối,actor,Thịnh
Duy Phương,Bắc kim thang (phim),actor,bố Thiện Tâm
Duy Phương,Hai Cũ,actor,Thầy đội / Mã tá Lộ
Phạm Thanh Yến,Cát đỏ,actor,Bà Lan
Thu Cúc,Cát đỏ,actor,Mẹ Hai Ngò
Bé Thủy Tiên,Cát đỏ,actor,Tò
Bé Thái Đôn,Cát đỏ,actor,Tí
Bé Thảo,Cát đỏ,actor,Ú
Yến Vi,Cát đỏ,actor,Bạn Hạnh
Trọng Thành,Cát đỏ,actor,Ông Bảy
Huỳnh Thị Thảo Hiền,Cát đỏ,actor,Y tế 1
Đinh Thị Ngọc Liên,Cát đỏ,actor,Y tế 2
Quách Ngọc Tuyên,Lật mặt 7: Một điều ước,actor,Tư Hậu
Quách Ngọc Tuyên,Nhà có 5 nàng tiên,actor,người đi đường
Quách Ngọc Tuyên,Lật mặt (phim),actor,Đệ tử
Quách Ngọc Tuyên,Lạc giới,actor,công an
Quách Ngọc Tuyên,Lật Mặt 6: Tấm vé định mệnh,actor,Đàn em của Hai Gà
Quách Ngọc Tuyên,Lật mặt 6: Tấm vé định mệnh,actor,Đàn em của Hai Gà
Quách Ngọc Tuyên,Vua bánh mì (phim truyền hình Việt Nam),actor,Phúc
Quách Ngọc Tuyên,Lật mặt,actor,Đệ tử
Lý Hải,Lật mặt 7: Một điều ước,director,Ba Dẹo
Lý Hải,Lật mặt (phim),director,Khải
Lý Hải,Lật Mặt 6: Tấm vé định mệnh,director,Hai Gà
Lý Hải,Lật mặt 6: Tấm vé định mệnh,director,Hai Gà
Lý Hải,Lật mặt,director,Khải
Lý Hải,Lật mặt 2: Phim trường,director,Trung
Lý Hải,Lật mặt: 48h,director,
Tín Nguyễn,Lật mặt 7: Một điều ước,actor,Tư Thắm
Lê Thu,Lật mặt 7: Một điều ước,actor,Thy
Lê Thu,Mảnh đời của Huệ (phim),actor,Tuyết
Lê Thu,Mảnh đời của Huệ,actor,Tuyết
Vũ Hồng Thái,Lật mặt 7: Một điều ước,actor,Huy
Vũ Hồng Thái,Hành trình công lý,actor,Phạm Đức Khang
Ceri Thu Hà,Lật mặt 7: Một điều ước,actor,Thanh Vy
Tạ Lâm,Lật mặt 7: Một điều ước,actor,Hiền
Tạ Lâm,Lật Mặt 6: Tấm vé định mệnh,actor,Yến
Tạ Lâm,Lật mặt 6: Tấm vé định mệnh,actor,Yến
Bảo Tiên,Lật mặt 7: Một điều ước,actor,Ly
Linh Barbie,Lật mặt 7: Một điều ước,actor,Nữ y tá tại viện dưỡng lão
Linh Barbie,Lật Mặt 6: Tấm vé định mệnh,actor,Con gái ông chủ tiệm vé số
Linh Barbie,Lật mặt 6: Tấm vé định mệnh,actor,Con gái ông chủ tiệm vé số
Lê Bống,Lật mặt 7: Một điều ước,actor,Tiktoker
Rio Hạo Nhiên,Lật mặt 7: Một điều ước,actor,Hai Khôn lúc nhỏ
Cherry Hải My,Lật mặt 7: Một điều ước,actor,Ba Lành lúc nhỏ
Mio Phi Phong,Lật mặt 7: Một điều ước,actor,Tư Hậu lúc nhỏ
Sunny Tuệ Minh,Lật mặt 7: Một điều ước,actor,Năm Thảo lúc nhỏ
Hồng Trang,Lật mặt 7: Một điều ước,actor,Vân
Hồng Trang,Vong nhi,actor,bác sĩ khám thai
Lương Bích Hữu,Án mạng lầu 4,actor,Đình Đình
Quế Minh Hân Sachi,Án mạng lầu 4,actor,Thanh
Minh Nhựt,Giấc mơ biển,actor,Tuấn
Xuân Nghi,Giấc mơ biển,actor,Lan Chi
Sao Mai,Lời nguyền lúc 0 giờ,actor,Ngọc Tuyết
Sao Mai,Chúng ta phải hạnh phúc,actor,Hiền
Sao Mai,Vợ quan,actor,Huệ
Minh Đăng,Lời nguyền lúc 0 giờ,actor,Mãnh
Minh Đăng,Rồi 30 năm sau,actor,Ba Thành
Minh Đăng,Hoa hồng cho sớm mai,actor,Phong
Minh Đăng,Giọt máu vô hình,actor,Trung Kiên (lúc trẻ)
Minh Đăng,Kế hoạch hoàn hảo,actor,Khang
Mai Tâm Như,Lời nguyền lúc 0 giờ,actor,Mai Trâm
Mai Tâm Như,Chúng ta phải hạnh phúc,actor,Kỳ
Thanh Bình diễn viên sinh 1985,Rồi 30 năm sau,actor,Hai Nhẫn
Dương Cường,Rồi 30 năm sau,actor,Thiện Sỹ
Thanh Tuấn,Rồi 30 năm sau,actor,Nam
Bé Shin,Rồi 30 năm sau,actor,Chẩm (lúc nhỏ)
Tấn Hùng,Rồi 30 năm sau,actor,Ất
Bích Hồng,Rồi 30 năm sau,actor,Chị Tư
Huỳnh Phú,Rồi 30 năm sau,actor,Ông Đại
Huỳnh Phú,Kẻ ăn hồn,actor,ông Chấn (bố của Khảm)
Ngô Kim Loan,Rồi 30 năm sau,actor,Bà Bảy
Tiến Luật,Năm sau con lại về,actor,ông chồng đi đường
Tiến Luật,Mật mã chuông gió,actor,Thanh
Tiến Luật,Nghề siêu dễ (phim 2022),actor,Hoàng Vũ Sư
Tiến Luật,Song song (phim),actor,ông Sơn
Nguyễn Thị Quỳnh Hoa,Sài Gòn Yo!,actor,Kim
Hà Hiền,Sài Gòn Yo!,actor,Do-Boy
Elly Trần,Sài Gòn Yo!,actor,Hoa
Elly Trần,Bóng ma học đường,actor,Nana Ly
Elly Trần,Khát vọng thượng lưu,actor,An
Việt Max,Sài Gòn Yo!,actor,Việt Max
Việt Max,Sút,director,
Nguyễn Văn Phúc,Sài Gòn Yo!,actor,Giám khảo trường múa
Quân Rapsoul,Sài Gòn Yo!,actor,MC trong giải Samsung
Tronie Ngô,Sài Gòn Yo!,actor,Thành viên nhóm Saigon Fresh
Mai Ngô,Sài Gòn Yo!,actor,Thành viên nhóm Saigon Fresh
Mai Ngô,Thạch Thảo (phim),actor,cô giáo Mi Ngor
Xuân Trang,Tiền chùa,actor,Phil Trần
Thiện Đỗ,Tiền chùa,actor,Người ăn xin đánh đàn
Dư Hải Lâm,Tiền chùa,actor,Người ăn xin ca hát
Vũ Long,Võ lâm truyền kỳ (phim),actor,Thủ lĩnh làng Trâu
Thanh Bạch,Võ lâm truyền kỳ (phim),actor,Bác sĩ trưởng khoa
Thanh Bạch,Nhà có 5 nàng tiên,actor,ông quản lý chợ
Tommy Quân Trần,Nụ hôn thần chết (phim),actor,Thần chết Đan
Tommy Quân Trần,Nụ hôn thần chết,actor,Thần chết Đan
Wanbi Tuấn Anh,Bóng ma học đường,actor,Minh Quân
Thiên Minh,Bóng ma học đường,actor,Ngô Vinh
Hiền Mai,Bóng ma học đường,actor,mẹ của Thiên Kim
Ngọc Oanh,Hoán đổi thân xác,actor,Victoria Nguyễn - siêu mẫu xinh đẹp
Bạch Long nghệ sĩ cải lương,Hoán đổi thân xác,actor,bác sĩ 2
Ba Luân,Hoán đổi thân xác,actor,đàn em cà lăm của BangBang
Dung Nhon,Hoán đổi thân xác,actor,đàn em mập của BangBang
Bá Nhân,Hoán đổi thân xác,actor,gay 1
Thanh Khang,Hoán đổi thân xác,actor,gay 2
Tân Trực,Hoán đổi thân xác,actor,bảo vệ VNC 1
Quang Khang,Hoán đổi thân xác,actor,bảo vệ VNC 2
Thành Tài,Hoán đổi thân xác,actor,đạo diễn catwalk
Bé Vỹ,Hoán đổi thân xác,actor,Trương Thế Vinh (lúc nhỏ)
Công Huy,Hoán đổi thân xác,actor,bé mập
Long Ho,Hoán đổi thân xác,actor,bảo vệ
Cát Trắng,Hoán đổi thân xác,actor,trọng tài
Hoài Lâm,Tía tui là cao thủ,actor,Dũng
Hoài Lâm,Cha rơi,actor,Tuấn
Thùy Lâm,Tây Sơn hào kiệt,actor,Ngọc Hân
Thế Anh,Tây Sơn hào kiệt,actor,Nguyễn Hữu Chỉnh
Thế Anh,Không nơi ẩn nấp,actor,Luyến
Đoàn Dũng,Tây Sơn hào kiệt,actor,Tôn Sĩ Nghị
Đoàn Dũng,Cỏ biếc,actor,Hai Dư
Đoàn Dũng,Biển lửa,actor,Toàn
Đoàn Dũng,Vĩ tuyến 17 ngày và đêm,actor,Vệ
Mộng Vân,Tây Sơn hào kiệt,actor,Hoàng hậu Ý Bình
Lý Huỳnh,Tây Sơn hào kiệt,director,Nguyễn Nhạc
Lý Huỳnh,Hai Cũ,actor,Hai Cũ
Nguyễn Văn Giang,Tây Sơn hào kiệt,actor,Hứa Thế Hanh
Hoàng Thùy Linh,Thần tượng (phim),actor,Thùy Linh
Hoàng Thùy Linh,Mê cung (phim truyền hình),actor,Lê Lam Anh
Hoàng Thùy Linh,"Không ngại cưới, chỉ cần một lý do",actor,Hoàng Yến
Vĩnh Thụy,Thần tượng (phim),actor,Minh
Vĩnh Thụy,Chuyện tình đảo ngọc,actor,Biển
Chi Pu,Thần tượng (phim),actor,Minh Tú
Chi Pu,Chị chị em em,actor,Nhi
Chi Pu,Giọt nước rơi,actor,Linh
Chi Pu,Vẫn có em bên đời,actor,Trang
Chi Pu,Mười: Lời nguyền trở lại,actor,Linh
Cường Seven,Thần tượng (phim),actor,Cường
Mai Hoa (diễn viên),Xóm nước đen,actor,Phượng
Trương Thị Trắc,Xóm nước đen,actor,Má Lành
Đặng Vinh Quang,Xóm nước đen,actor,Tám Ru
Hiếu Liêm,Xóm nước đen,actor,Tuấn Suzu
Lê Thiện (nghệ sĩ),Xóm nước đen,actor,Bà Sáu
Lê Thiện (nghệ sĩ),Vua bánh mì (phim truyền hình Việt Nam),actor,Bà Ngà
Nguyễn Văn Bổn,Xóm nước đen,actor,Ông Mười
Trí Thức,Xóm nước đen,actor,Cu Sâm
Minh Hiền,Xóm nước đen,actor,Đại úy Liêm
Văn Bé,Xóm nước đen,actor,Ông Sáu
Thanh Thủy (diễn viên sinh năm 1963),Bỗng dưng muốn khóc,actor,Mẹ Nam
Trần Vân Anh,Bỗng dưng muốn khóc,actor,Ngọc Diệp
Tường Vi (diễn viên),Bỗng dưng muốn khóc,actor,Loan
Tường Vi (diễn viên),Nguyệt thực (phim truyền hình),actor,Thủy
Tường Vi (diễn viên),Cô Thắm về làng (phim truyền hình),actor,Thắm (vai diễn đáng chú ý trong phim) & Út Đượm (hoán đổi thân xác trong phần 4)
Tường Vi (diễn viên),Bánh mì ông Màu,actor,Thanh Hà
Tường Vi (diễn viên),Giải cứu thần chết,actor,Xuân điệu
Tường Vi (diễn viên),"Cá Rô, em yêu anh!",actor,Phù Sa
Tường Vi (diễn viên),Hoa hồng cho sớm mai,actor,Hằng
Tường Vi (diễn viên),Làm rể Mười Xuân,actor,Thanh Đào
Lưu Minh Tuấn,Bỗng dưng muốn khóc,actor,Khánh
Chí Thiện (ca sĩ),Bỗng dưng muốn khóc,actor,Duy
Trọng Nghĩa,Bỗng dưng muốn khóc,actor,Nghĩa
Trọng Nghĩa,Mùa lá rụng,actor,Dư
Đỗ Trung Quân,Bỗng dưng muốn khóc,actor,Thầy giáo dạy toán
Thủy Tiên (ca sĩ),Bỗng dưng muốn khóc,actor,Yến
Ngọc Yến,Bỗng dưng muốn khóc,actor,Bà Hoa
Ngọc Yến,Hot boy nổi loạn,actor,chủ nhà trọ
Ngọc Yến,"Hot boy nổi loạn và câu chuyện về thằng Cười, cô gái điếm và con vịt",actor,chủ nhà trọ
Ánh Loan,Bỗng dưng muốn khóc,actor,Lê Mai
Nhật Trung (đạo diễn),Gia đình là số 1 - Phần 2 (phim truyền hình 2019),director,
Nhật Trung (đạo diễn),Bỗng dưng muốn khóc,actor,Ăn trộm
Nhật Trung (đạo diễn),Gia đình là số 1 (phim truyền hình 2017),director,
Nhật Trung (đạo diễn),Gia đình là số 1,director,
Nhật Trung (đạo diễn),Sui gia hay xui gia,director,
Minh Thuận (ca sĩ),Bỗng dưng muốn khóc,actor,Thanh niên áo đỏ
Nam Trung,Bỗng dưng muốn khóc,actor,Bạn cùng nhà Hiều
Đăng Khoa,Bỗng dưng muốn khóc,actor,Bạn cùng nhà Hiều
Đăng Khoa,Người Hà Nội (phim),actor,Tùng
Cao Thùy Dương,Chuyện tình đảo ngọc,actor,Thiên Kim
Arron Toronto,Chuyện tình đảo ngọc,actor,Joel
Chung Thục Quyên,Chuyện tình đảo ngọc,actor,Thủy Tiên
Chung Thục Quyên,Gieo gió,actor,Tú Anh
Lê Bảo Ngọc,Chuyện tình đảo ngọc,actor,Hồng My
NSƯT Kim Phương,Khát vọng thượng lưu,actor,Mẹ Lê
NSƯT Kim Phương,Gieo gió,actor,Bà Liêm
NSƯT Kim Phương,Chị chị em em 2,actor,bà Ba Phò
NSƯT Kim Phương,Tìm chồng cho vợ tôi,actor,Bà Đại
Bé Suri Nhã Vy,Mẹ rơm,actor,Hạt dẻ
Huỳnh Hồng Loan,Mẹ rơm,actor,Loan/Út Nhỏ
Huỳnh Hồng Loan,Hành trình công lý,actor,Diệu
Huỳnh Hồng Loan,Tình khúc bạch dương,actor,Vân (lúc trẻ)
Huỳnh Hồng Loan,Tiệm ăn dì ghẻ,actor,Cúc
Như Ngọc Lily Chen,Mẹ rơm,actor,Liễu === Diễn viên phụ ===
Dương Yến Ngọc,Những cô gái chân dài,actor,Bảo Ngọc
Tống Bạch Thủy,Những cô gái chân dài,actor,Hà
Hải Đông,Những cô gái chân dài,actor,Đông Hải
Hồ Vĩnh Khoa,Hot boy nổi loạn,actor,Khôi
Hồ Vĩnh Khoa,"Hot boy nổi loạn và câu chuyện về thằng Cười, cô gái điếm và con vịt",actor,Khôi
Lê Tuấn,Hot boy nổi loạn,actor,Ma cô
Lê Tuấn,"Hot boy nổi loạn và câu chuyện về thằng Cười, cô gái điếm và con vịt",actor,Ma cô
Lê Tuấn,Hai bến một dòng sông,actor,Bất
Lê Tuấn,Cầu thang nhà A6,actor,Kiểm
Lê Tuấn,Không còn gì để nói,actor,Tuấn
Mỹ Phượng,Hot boy nổi loạn,actor,Chủ quán vịt lộn
Mỹ Phượng,"Hot boy nổi loạn và câu chuyện về thằng Cười, cô gái điếm và con vịt",actor,Chủ quán vịt lộn
Ngọc Đáng,Hot boy nổi loạn,actor,Dì Sáu tiệm sách
Ngọc Đáng,"Hot boy nổi loạn và câu chuyện về thằng Cười, cô gái điếm và con vịt",actor,Dì Sáu tiệm sách
Lý Minh Thắng,Hot boy nổi loạn,actor,Khách làng chơi 2
Lý Minh Thắng,"Sài Gòn, anh yêu em",director,
Lý Minh Thắng,"Hot boy nổi loạn và câu chuyện về thằng Cười, cô gái điếm và con vịt",actor,Khách làng chơi 2
Nguyễn Lê Dũng,Hot boy nổi loạn,actor,Người ngủ ở chợ
Nguyễn Lê Dũng,"Hot boy nổi loạn và câu chuyện về thằng Cười, cô gái điếm và con vịt",actor,Người ngủ ở chợ
Thành Vinh,Hot boy nổi loạn,actor,Điếm trai
Thành Vinh,"Hot boy nổi loạn và câu chuyện về thằng Cười, cô gái điếm và con vịt",actor,Điếm trai
Phan Thế Tài,Hot boy nổi loạn,actor,Hàng xóm
Phan Thế Tài,"Hot boy nổi loạn và câu chuyện về thằng Cười, cô gái điếm và con vịt",actor,Hàng xóm
Đại Bình,Hot boy nổi loạn,actor,Bị cướp 2
Đại Bình,"Hot boy nổi loạn và câu chuyện về thằng Cười, cô gái điếm và con vịt",actor,Bị cướp 2
Sơn Tùng M-TP,Chàng trai năm ấy,actor,Đình Phong
Nguyễn Hồng Ân,Chàng trai năm ấy,actor,nữ diễn viên
Gee Trương,Chàng trai năm ấy,actor,cô gái bán trà sữa
Trọng Hiếu,Em là bà nội của anh,actor,ông Bé lúc 20 tuổi
Trọng Hiếu,Luật trời,actor,Ông Hùng
Hoàng Rapper,Em là bà nội của anh,actor,thanh niên xe bus 3
Huỳnh Lập,Em là bà nội của anh,actor,thanh niên xe bus 4
Huỳnh Lập,"Sài Gòn, anh yêu em",director,Mỹ Mỹ
Huỳnh Lập,Ai chết giơ tay,director,
Huỳnh Lập,Nhà gia tiên,director,Gia Minh
Thảo Trang,Em là bà nội của anh,actor,ca sĩ Bánh Bao
Tăng Nhật Tuệ,Em là bà nội của anh,actor,quản lý Bánh Bao
Tăng Nhật Tuệ,Tiệm bánh Hoàng tử bé,actor,Tăng
Tăng Nhật Tuệ,Tiệm bánh Hoàng tử bé 2,actor,Hoan
Tăng Nhật Tuệ,Ranh giới (phim 2002),actor,Nam
Tăng Nhật Tuệ,Men say,actor,Đơn Hùng
Trần Kim Nhã,Em là bà nội của anh,actor,nữ sinh xinh đẹp
Nguyễn Quang Dũng,Em là bà nội của anh,actor,giám khảo 1
Nguyễn Hải Phong,Em là bà nội của anh,actor,giám khảo 2
C-Tut Lâm,Em là bà nội của anh,actor,nhạc công guitar
Ba Tây,Em là bà nội của anh,actor,nhạc công trống
Ba Tây,Thất sơn tâm linh,actor,Bắp
Ba Tây,Tiệm ăn của quỷ,actor,Tùng
Ba Tây,Tử chiến trên không,actor,Cơ
Huỳnh Công Nhớ,Em là bà nội của anh,actor,ông Bé lúc 14 tuổi
Triển Lương,Em là bà nội của anh,actor,hair stylist
Minh Ku,Em là bà nội của anh,actor,thanh niên xe bus 1
Bảo Suzu,Em là bà nội của anh,actor,thanh niên xe bus 2
Bé Khải Minh,Em là bà nội của anh,actor,bé Quang 1 tuổi
Bé Thanh Tuấn,Em là bà nội của anh,actor,bé Quang 2 tuổi
Bé Thanh Hoàng,Em là bà nội của anh,actor,bé Quang 10 tuổi
Quốc Thắng,Em là bà nội của anh,actor,người đưa thư
Lệ Hằng,Em là bà nội của anh,actor,y tá xin truyền máu
Lệ Hằng,Xin hãy tin em (phim truyền hình),actor,"Hoài ""thát-chơ"""
Lệ Hằng,Chuyện phố phường,actor,Ban
Lệ Hằng,Vua bãi rác,actor,Liên ca-ve
Jenny Trang Lê,Em là bà nội của anh,actor,y tá trực bệnh viện
Nguyễn Hân,Em là bà nội của anh,actor,DJ nữ
Thành Phước,Em là bà nội của anh,actor,thầy dạy khiêu vũ
Lê Khoa,Em là bà nội của anh,actor,thành viên nhóm Beauty & The Beast 2
Gia Cát,Em là bà nội của anh,actor,guitarist
Minh Chính,Em là bà nội của anh,actor,bà chủ tiệm gà hầm
Nhóm Unlimited,Em là bà nội của anh,actor,nhóm Unlimited
Mỹ Tâm,Chị trợ lý của anh,director,Khả Doanh
Mai Tài Phến,Chị trợ lý của anh,actor,Phúc Nam
Huỳnh Tuyết Anh,Chị trợ lý của anh,actor,Hằng
Trương Quốc Bảo,Chị trợ lý của anh,actor,Khôi
Đức Phúc,Chị trợ lý của anh,actor,trợ lý của Phúc Nam
Phan Mạnh Quỳnh,Chị trợ lý của anh,actor,đồng nghiệp của giám đốc nhân sự trong công ty của Phúc Nam
Alex Fox,Chị trợ lý của anh,actor,bạn thân của Phúc Nam
Tùng Châu,Chị trợ lý của anh,actor,thành viên ekip quay quảng cáo
Dũng Yoko,Chị trợ lý của anh,actor,thành viên phỏng vấn Khả Doanh
Phan Như Thảo,Sắc đẹp và danh vọng,actor,Ngọc Bình
Quỳnh Thy,Sắc đẹp và danh vọng,actor,Bạch Lan
NS Bảo Anh,Sắc đẹp và danh vọng,actor,Ông Đông (bố Huỳnh Thông)
Mỹ Hòa,Lật mặt (phim),actor,Huế
Mỹ Hòa,Lật Mặt 6: Tấm vé định mệnh,actor,Nhân viên công ty xổ số
Mỹ Hòa,Lật mặt 6: Tấm vé định mệnh,actor,Nhân viên công ty xổ số
Mỹ Hòa,Lật mặt,actor,Huế
Johan Wicklund,"Sài Gòn, anh yêu em",actor,James Halwkin
Đoan Trang,"Sài Gòn, anh yêu em",actor,Tôn Nữ Yên Khuê
Brian Trần,"Sài Gòn, anh yêu em",actor,Lincoln Đức Nguyễn
Cường Đinh,"Sài Gòn, anh yêu em",actor,Duy Khánh
Mỹ Tiên,"Sài Gòn, anh yêu em",actor,khách hàng của Mỹ Tuyền
Nhung Kate,Cô hầu gái,actor,Linh
Nhung Kate,Con mắt bão,actor,Lựu
Jean Michel Richaud,Cô hầu gái,actor,Sebastien Laurent
Rosie Fellner,Cô hầu gái,actor,Madeleine
Phương Bella,Tiệm bánh Hoàng tử bé,actor,Lucy
Phương Bella,Tiệm bánh Hoàng tử bé 2,actor,Lucy (Khách mời)
Kelbin Lei,Tiệm bánh Hoàng tử bé,actor,Kevin
Âu Thành Cát,Tiệm bánh Hoàng tử bé,actor,Andrei === Diễn viên phụ ===
Âu Thành Cát,Tiệm bánh Hoàng tử bé 2,actor,Andrei (Khách mời)
Diễm Châu,Tiệm bánh Hoàng tử bé,actor,Maika
Diễm Châu,Tiệm bánh Hoàng tử bé 2,actor,Maika
Diễm Châu,Cột mốc 23,actor,Hoa
Thái Quốc,Tiệm bánh Hoàng tử bé,actor,Tráng
Thái Quốc,Tiệm bánh Hoàng tử bé 2,actor,ông Tráng
Duy Nhân,Tiệm bánh Hoàng tử bé,actor,Đào
Huy Ma,Tiệm bánh Hoàng tử bé,actor,Subin
Huy Ma,Tiệm bánh Hoàng tử bé 2,actor,Subin
Huy Ma,Đoạt hồn,actor,Vinh
Công Dương,Tiệm bánh Hoàng tử bé 2,actor,Kim
Công Dương,Nhà trọ Balanha,actor,Gia Lâm
Giang Thanh,Gieo gió,actor,Mỹ Kỳ
Lê Huỳnh Thúy Ngân,Sao đổi ngôi (phim truyền hình Việt Nam),actor,Mỹ Hạnh
Nguyễn Hoài Nam,Nữ bác sĩ,actor,Luận
NSƯT Khương Đức Thuận,Những đứa con biệt động Sài Gòn,actor,Trần Cao Dũng
NSƯT Hai Nhất,Những đứa con biệt động Sài Gòn,actor,Bảy Xoài
Trần Minh,Những đứa con biệt động Sài Gòn,actor,Hai Quý
Trúc Phương,Những đứa con biệt động Sài Gòn,actor,Thuý kiếm
Văn Luật,Những đứa con biệt động Sài Gòn,actor,Sứ
Lệ Hà,Những đứa con biệt động Sài Gòn,actor,Minh Thư
Thục Châu,Những đứa con biệt động Sài Gòn,actor,Thanh Hằng
Phương Hạnh,Những đứa con biệt động Sài Gòn,actor,Tuyết Nhung
Phương Hạnh,Gia đình mình vui bất thình lình,actor,Bà Ngọc
Phương Hạnh,Lửa ấm,actor,Bà Thoa
Phương Hạnh,Hành trình công lý,actor,Bà Nga
Phương Hạnh,Chủ tịch tỉnh (phim truyền hình),actor,Bà Huệ
Phương Hạnh,Điều bí mật,actor,Vợ ông Hải
Phương Hạnh,Mùa hoa tìm lại,actor,Bà Thảo
Phương Hạnh,Anh có phải đàn ông không,actor,Bà Hoa
Phương Hạnh,Nơi giấc mơ tìm về,actor,Bà Tâm
Phương Hạnh,Nhà trọ Balanha,actor,Bà Hiền
Phương Hạnh,11 tháng 5 ngày,actor,Mẹ Thuận
Phương Hạnh,Hợp đồng hôn nhân (phim truyền hình),actor,Mẹ Quỳnh
Phương Hạnh,Hoa hồng trên ngực trái,actor,Bà Ngọc
Takei Emi,Người cộng sự,actor,Y tá Akane
Ashida Mana,Người cộng sự,actor,Suzuki Sakura
Toake Yukiyo,Người cộng sự,actor,Ooiwa Machi
Nakamaru Yuichi,Người cộng sự,actor,Trợ lý của Tetsuya
Emoto Akira,Người cộng sự,actor,Okuma Shigenobu
Lê Na,"Mẹ ơi, bố đâu rồi?",actor,Dương
Lê Na,Về nhà đi con,actor,Ánh
Lê Na,Biệt dược đen,actor,Nguyễn Vân Thùy (Hoa Lê Trắng/Kira 02)
Mạnh Quân,"Mẹ ơi, bố đâu rồi?",actor,Thiện
Mạnh Quân,Về nhà đi con,actor,Quân
Mạnh Quân,Lều chõng (phim truyền hình),actor,Trần Đằng Long
Mạnh Quân,Lửa ấm,actor,Thượng uý Nguyễn Mạnh Hoàng === Diễn viên phụ ===
Mạnh Quân,Vệt nắng cuối trời,actor,Mạc Dương
Mạnh Quân,Đừng làm mẹ cáu,actor,Dũng
Mạnh Quân,Yêu hơn cả bầu trời,actor,Lê Hoàng Lâm
Mạnh Quân,Lều chõng (phim),actor,Trần Đằng Long
Mạnh Quân,Sóng ở đáy sông,actor,Sông
Mạnh Quân,Của để dành,actor,Người yêu Lài
Khải Minh,"Mẹ ơi, bố đâu rồi?",actor,Bé Sâu
Phú Đôn,Nàng dâu order,actor,Ông Tú
Phú Đôn,Tết ở làng địa ngục,actor,Lão Ăn Mày
Phú Đôn,Sang sông,actor,Tuy
Phú Đôn,Thái sư Trần Thủ Độ (phim truyền hình),actor,Quan trong triều
Phú Đôn,Đấu trí (phim truyền hình Việt Nam),actor,Ông Vinh
Phú Đôn,"Không ngại cưới, chỉ cần một lý do",actor,Cụ Mão
Phú Đôn,Đầu bếp và đại gia,actor,Bếp gầy
Phú Đôn,Đội đặc nhiệm nhà C21,actor,Thầy dạy nhạc
Phú Đôn,Những người thợ xẻ (phim),actor,Chính
Phú Đôn,Kẻ không cầu may,actor,Ông Trương
Phú Đôn,Hợp đồng hôn nhân (phim truyền hình),actor,Ông Nghĩa
Phú Đôn,Đất và người,actor,Quàng
Phú Đôn,Trò đời,actor,Phó Lý
Phú Đôn,Hoa hồng trên ngực trái,actor,Ông Đại
Khuất Quỳnh Hoa,Nàng dâu order,actor,Nhàn
Khuất Quỳnh Hoa,Lời thì thầm từ quá khứ,actor,Liên
Khuất Quỳnh Hoa,Tình khúc bạch dương,actor,Hiền Ngân
Khuất Quỳnh Hoa,Mùa xuân ở lại,actor,Loan
Khuất Quỳnh Hoa,Những nhân viên gương mẫu,actor,Huyền
Bích Điệp,Nàng dâu order,actor,Bà Nguyệt
Hồng Vương,Nàng dâu order,actor,Lam
Ngọc Tản,Nàng dâu order,actor,Bà Mười
Ngọc Tản,Cuộc chiến không giới tuyến,actor,Bà Ngân
Ngọc Tản,Hoa bay,actor,Bà Thắm
Ngọc Tản,Hướng dương ngược nắng,actor,Bà Bình
Ngọc Tản,Mùa hoa tìm lại,actor,Bà Điền
Ngọc Tản,Lối nhỏ vào đời,actor,Bà nội Hoài
Ngọc Tản,11 tháng 5 ngày,actor,Bà ngoại Đăng
Ngọc Tản,Sóng ở đáy sông,actor,Nhân viên tổ nước sôi
Ngọc Tản,Những cô gái trong thành phố,actor,Bà Thiện
Ngọc Tản,Xuôi ngược đường trần,actor,Mẹ Thắng
Nguyễn Bảo Linh,Thương ngày nắng về,actor,Sam
Phạm Tuấn Phong,Thương ngày nắng về,actor,So
Phạm Tuấn Phong,Đừng làm mẹ cáu,actor,bé Nguyên Anh (Voi) === Diễn viên phụ ===
Phạm Tuấn Phong,Thông gia ngõ hẹp,actor,Mít
Trần Đức (diễn viên),Thương ngày nắng về,actor,Đỗ Văn Sang
Trần Đức (diễn viên),Đấu trí (phim truyền hình Việt Nam),actor,Lê Tuyên
Trần Đức (diễn viên),Hướng dương ngược nắng,actor,Ông Lâm
Trần Đức (diễn viên),Biệt dược đen,actor,Nguyễn Kim Hoàng (Hoàng Kim Đường)
Trần Đức (diễn viên),Cầu thang nhà A6,actor,Ông Xứng
Trần Đức (diễn viên),Chạy án,actor,Trần Đức
Trần Đức (diễn viên),Những nhân viên gương mẫu,actor,Ông Lợi
Trần Đức (diễn viên),Ngược chiều nước mắt,actor,Ông Quý
Trần Đức (diễn viên),Cả một đời ân oán,actor,Ông Hán
Trần Đức (diễn viên),Tình yêu và tham vọng,actor,Ông Thạch
Trần Đức (diễn viên),Đầm lầy bạc,actor,Đặng Trường Thọ
Trần Đức (diễn viên),Thái sư Trần Thủ Độ (phim truyền hình),actor,Phạm Bỉnh Di
Trần Đức (diễn viên),Giọt nước rơi,actor,Ông Phi
Trần Đức (diễn viên),Hoa bay,actor,Văn Minh
Trần Đức (diễn viên),Mặt nạ gương,actor,Johnny Minh Trần
Trần Đức (diễn viên),Lời thú nhận của Eva,actor,Ông Vỹ
Trần Đức (diễn viên),Ghét thì yêu thôi,actor,Ông Dương
Trần Đức (diễn viên),Nhà trọ Balanha,actor,Ông Trung
Trần Đức (diễn viên),Đội đặc nhiệm nhà C21,actor,Bố Sơn sọ
Trần Đức (diễn viên),Chỉ có thể là yêu (phim truyền hình Việt Nam),actor,Bố Long
Trần Đức (diễn viên),Chỉ có thể là yêu (phim Việt Nam),actor,Bố Long
Trần Đức (diễn viên),Yêu thì ghét thôi,actor,Ông Dương
Nguyễn Minh Khuê,Thương ngày nắng về,actor,Nhật Mai
Thanh Hiền (nghệ sĩ),Thương ngày nắng về,actor,Bà Lựu
Thanh Hiền (nghệ sĩ),Những công dân tập thể,actor,Bà Ngân
Hoàng Lâm Tùng,Thương ngày nắng về,actor,Huấn
Hoàng Lâm Tùng,Nhà có nhiều cửa sổ,actor,Vinh
Hoàng Lâm Tùng,Sống cùng lịch sử (phim),actor,Đại tướng Võ Nguyên Giáp
Hoàng Lâm Tùng,Đừng bắt em phải quên,actor,Vũ ===Diễn viên phụ===
Hoàng Lâm Tùng,Đầu bếp và đại gia,actor,Lái xe
Hoàng Lâm Tùng,Vòng nguyệt quế (phim truyền hình),actor,Quang
Hoàng Lâm Tùng,Trò đời,actor,Kép Đàn
Đỗ Duy Nam,Thương ngày nắng về,actor,Việt
Đỗ Duy Nam,Mê cung (phim truyền hình),actor,Lê Tiến Thịnh (Thịnh ngựa)
Đỗ Duy Nam,Hướng dương ngược nắng,actor,Hải Anh
Đỗ Duy Nam,Biệt dược đen,actor,"Trần Thành Đạt (Đạt ""điên""/Kira 01)"
Đỗ Duy Nam,Độc đạo,actor,"Đặng Bá Tân (Tân ""Thái tử""/Tân ""Khẹc"")"
Đỗ Duy Nam,Ngày mai bình yên,actor,Tuấn
Đỗ Duy Nam,Những nhân viên gương mẫu,actor,Nam
Đỗ Duy Nam,Ngày mai bình yên (phim truyền hình 2021),actor,Tuấn
Quang Trọng,Thương ngày nắng về,actor,Bách
Quang Trọng,Đừng làm mẹ cáu,actor,Trung
Quang Trọng,Cô gái nhà người ta,actor,Viễn
Quang Trọng,Ngày mai bình yên,actor,Hòa
Quang Trọng,Ngày mai bình yên (phim truyền hình 2021),actor,Hòa
Hương Linh,Thương ngày nắng về,actor,Ly
Trang Moon,Thương ngày nắng về,actor,Lê
Trang Moon,Sống chung với mẹ chồng,actor,Thảo
Trang Moon,Những nhân viên gương mẫu,actor,Loan
Phí Thuỳ Linh,Thương ngày nắng về,actor,Nhiệm
Thanh Hoà,Thương ngày nắng về,actor,Liên
Trọng Minh,Thương ngày nắng về,actor,Ông Lâm lúc trẻ
Trọng Minh,Mê cung (phim truyền hình),actor,Khiêm dẹo
Trọng Minh,Mặt nạ gương,actor,Trung úy Lê Đăng Cường
Trọng Minh,Hoa hồng trên ngực trái,actor,Quân
Việt Bắc,Thương ngày nắng về,actor,Ông Trọng lúc trẻ
Việt Bắc,Những ngày không quên,actor,Cân
Việt Bắc,Cuộc chiến không giới tuyến,actor,Đại úy Nguyễn Thành Văn
Việt Bắc,Đấu trí (phim truyền hình Việt Nam),actor,Tứ
Việt Bắc,Mùa hoa tìm lại,actor,Nô
Việt Bắc,Cô gái nhà người ta,actor,Cân
Việt Bắc,Khi đàn chim trở về,actor,Duy
Trịnh Xuân Hảo,Thương ngày nắng về,actor,Mạnh
Trịnh Xuân Hảo,Quỳnh búp bê,actor,
Trịnh Xuân Hảo,Luật đời,actor,Đoàn Hùng
Trịnh Xuân Hảo,Đấu trí (phim truyền hình Việt Nam),actor,Trung tá Đặng Thảo
Trịnh Xuân Hảo,Lựa chọn số phận,actor,Lê Văn Cao
Lưu Huyền Trang,Thương ngày nắng về,actor,Mộng Mơ
Lưu Huyền Trang,Nhà có nhiều cửa sổ,actor,Đài
Lưu Huyền Trang,Cuộc chiến không giới tuyến,actor,Linh
Lưu Huyền Trang,Mặt nạ gương,actor,Hà
Lưu Huyền Trang,Gặp em ngày nắng,actor,Hoa
Lưu Huyền Trang,Thông gia ngõ hẹp,actor,Mai
Trương Thu Hà,Thương ngày nắng về,actor,Thương
Lương Thu Hà (Ceri),Thương ngày nắng về,actor,Vy
Trần Chí Trung,Thương ngày nắng về,actor,Bác sỹ Minh
Trần Chí Trung,Lều chõng (phim truyền hình),actor,Vân Hạc
Trần Chí Trung,Lý Công Uẩn: Đường tới thành Thăng Long,actor,Mão
Trần Chí Trung,Lời thú nhận của Eva,actor,Nghĩa
Trần Chí Trung,Lều chõng (phim),actor,Vân Hạc
Trần Chí Trung,Chỉ có thể là yêu (phim truyền hình Việt Nam),actor,Tùng
Trần Chí Trung,Chỉ có thể là yêu (phim Việt Nam),actor,Tùng
Tiến Ngọc,Thương ngày nắng về,actor,Trợ lý Ngọc
Tiến Ngọc,Anh có phải đàn ông không,actor,Đạt
Tiến Ngọc,Tình yêu không hẹn trước,actor,Hưng
Tiến Ngọc,Cô gái nhà người ta,actor,Quân
Tiến Ngọc,Thông gia ngõ hẹp,actor,Thường
Tiến Ngọc,Ngày mai bình yên,actor,Sở Giám đốc Lính ngố
Tiến Ngọc,Ngày mai bình yên (phim truyền hình 2021),actor,Sở Giám đốc Lính ngố
Vương Trọng Trí,Thương ngày nắng về,actor,Kiên
Vương Trọng Trí,Đừng làm mẹ cáu,actor,Phú
Vương Trọng Trí,Dưới bóng cây hạnh phúc,actor,Tiến
Công Lý (diễn viên),Gia đình mình vui bất thình lình,actor,Bố Phương
Công Lý (diễn viên),Sống chung với mẹ chồng,actor,Ông Bằng
Công Lý (diễn viên),"Chồng cũ, vợ cũ, người yêu cũ",actor,Bố Giang
Công Lý (diễn viên),Mê cung (phim truyền hình),actor,Trùm ma tuý Cường Lâm (phần 2)
Công Lý (diễn viên),Tình khúc bạch dương,actor,Đoàn
Công Lý (diễn viên),Bước nhảy xì tin,actor,Côn Đồ
Công Lý (diễn viên),Dưới bóng cây hạnh phúc,actor,Bố Tơ
Công Lý (diễn viên),Bão qua làng,actor,Lận
Công Lý (diễn viên),Hoa hồng trên ngực trái,actor,Thầy Thông
Công Lý (diễn viên),Những cô gái trong thành phố,actor,Lâm đồ tể
Cù Thị Trà,Gia đình mình vui bất thình lình,actor,Lan
Cù Thị Trà,Hành trình công lý,actor,Thanh
Cù Thị Trà,Đừng làm mẹ cáu,actor,Bồ của Khôi
Cù Thị Trà,Gặp em ngày nắng,actor,Diệp
Cù Thị Trà,Dưới bóng cây hạnh phúc,actor,Lan
Phạm Tuấn Anh,Gia đình mình vui bất thình lình,actor,Tú
Phạm Tuấn Anh,Hành trình công lý,actor,Đinh (lúc trẻ)
Phạm Tuấn Anh,Cuộc đời vẫn đẹp sao (phim truyền hình),actor,Lê Văn Bát
Phạm Tuấn Anh,Biệt dược đen,actor,Đặng Quốc Vương
Phạm Tuấn Anh,Độc đạo,actor,Tuấn
Trần Minh Phương (Da LAB),Gia đình mình vui bất thình lình,actor,Đạo diễn Kào
Như Ngọc (Lily Chen),Gia đình mình vui bất thình lình,actor,Vợ Khải
Jimmy Khánh,Gia đình mình vui bất thình lình,actor,Nhâm Văn Tuất
Tô Sơn Hùng,Gia đình mình vui bất thình lình,actor,Hùng sản xuất
Nguyễn Long Vũ,Gia đình mình vui bất thình lình,actor,Thanh niên 1
Nguyễn Long Vũ,Cuộc chiến không giới tuyến,actor,Thào A Cương
Nguyễn Long Vũ,"Không ngại cưới, chỉ cần một lý do",actor,Phúc
Nguyễn Long Vũ,Lối nhỏ vào đời,actor,Vũ
Mai Huê,Gia đình mình vui bất thình lình,actor,Thanh niên 2
Mai Huê,Gặp em ngày nắng,actor,Mẹ Diệp
Ngô Minh Hoàng,Gia đình mình vui bất thình lình,actor,Hoàng
Ngô Minh Hoàng,Quỳnh búp bê,actor,Dũng
Ngô Minh Hoàng,Hành trình công lý,actor,Thịnh
Ngô Minh Hoàng,"Chồng cũ, vợ cũ, người yêu cũ",actor,Hào
Ngô Minh Hoàng,Hãy nói lời yêu,actor,Chủ nhiệm Câu lạc bộ
Ngô Minh Hoàng,Những nhân viên gương mẫu,actor,Duy
Lê Hà,Gia đình mình vui bất thình lình,actor,Chị Bình
Lê Hà,Hãy cùng em điệu Sarikakeo,actor,Sophia
Dương Thu Hương,Gia đình mình vui bất thình lình,actor,Đào
Đào Nguyễn Ánh,Gia đình mình vui bất thình lình,actor,Nhân viên quán Karaoke của Đào
Đào Nguyễn Ánh,Cuộc chiến không giới tuyến,actor,Đặng Xuân Sơn
Đào Nguyễn Ánh,Lối nhỏ vào đời,actor,Đại ca ở trường
Quốc Trị,Gia đình mình vui bất thình lình,actor,Ông Đạt
Quốc Trị,Hành trình công lý,actor,Ông Trần Tráng
Quốc Trị,12A và 4H,actor,Đoàn Hùng
Quốc Trị,Đấu trí (phim truyền hình Việt Nam),actor,Chủ mỏ
Quốc Trị,Mùa hoa tìm lại,actor,Bố Đồng
Quốc Trị,Gặp em ngày nắng,actor,Ông Đại
Quốc Trị,Người Hà Nội (phim),actor,Dặt
Quốc Trị,Dưới bóng cây hạnh phúc,actor,Ông Công
Quốc Trị,Ngày mai bình yên,actor,Ông Đại
Quốc Trị,11 tháng 5 ngày,actor,Bố Long
Quốc Trị,Những người thợ xẻ (phim),actor,Bường
Quốc Trị,Người thừa của dòng họ,actor,Lực
Quốc Trị,Sóng ở đáy sông,actor,Đông đại bàng
Quốc Trị,Hai phía chân trời,actor,Mịch
Quốc Trị,Những công dân tập thể,actor,Ông Cân
Quốc Trị,Ngày mai bình yên (phim truyền hình 2021),actor,Ông Đại
Lương Thu Trang,Gia đình mình vui bất thình lình,actor,Hà Lan
Lương Thu Trang,Đấu trí (phim truyền hình Việt Nam),actor,Lam
Lương Thu Trang,Mặt nạ gương,actor,Nguyễn Thanh Hoa
Lương Thu Trang,Mùa xuân ở lại,actor,Hòa
Lương Thu Trang,Những nhân viên gương mẫu,actor,Liên
Lương Thu Trang,Những cô gái trong thành phố,actor,Cúc
Thầy bói,Gia đình mình vui bất thình lình,actor,Cô đồng (Thầy bói)
Thái Sơn (nghệ sĩ),Gia đình mình vui bất thình lình,actor,Cò đất
Nguyễn Lan Hương,Gia đình mình vui bất thình lình,actor,Bà Cúc hồi trẻ
Nhâm Mạnh Dũng,Gia đình mình vui bất thình lình,actor,Nhâm Văn Thìn
Vũ Hoàng Đức,Tết ở làng địa ngục,actor,dân làng
NSƯT Văn Báu,Tết ở làng địa ngục,actor,Cụ Khảm
Võ Tấn Phát,Tết ở làng địa ngục,actor,Tam Quỷ
Võ Tấn Phát,Kẻ ăn hồn,actor,Người kể chuyện (Tam Quỷ)
Võ Tấn Phát,Tiệm ăn của quỷ,actor,Huy
Hải Nam,Tết ở làng địa ngục,actor,Cậu Đức
Hải Nam,Cám (phim),actor,Thái tử
Đình Khang,Tết ở làng địa ngục,actor,Kẻ Điên (thằng Đại)
Đình Khang,Đèn âm hồn,actor,Tưởng
Đình Khang,Tử chiến trên không,actor,hạ sĩ Vinh
Ngọc Thư,Tết ở làng địa ngục,actor,Bà Tư
Ngọc Thư,Cuộc đời vẫn đẹp sao (phim truyền hình),actor,Mẹ Luyến
Ngọc Thư,Kẻ ăn hồn,actor,Thị Khôi (mẹ kế của Phong)
Ngọc Thư,Lối nhỏ vào đời,actor,Bà Liên
Ngọc Thư,Thông gia ngõ hẹp,actor,Bà Lâm Anh
Ngọc Thư,Vị tướng tình báo và hai bà vợ,actor,Vợ đồn trưởng
Ngọc Thư,Ngọt ngào và man trá,actor,Thoa
NSƯT Minh Tuấn,Tết ở làng địa ngục,actor,Tứ Cháo Lòng
Lương Ngọc Dung,Tết ở làng địa ngục,actor,Thị Tứ
Lương Ngọc Dung,Mặt nạ gương,actor,Bà Nhung lúc trẻ
Lương Ngọc Dung,Hướng dương ngược nắng,actor,Bà Thường lúc trẻ
Lương Ngọc Dung,Đừng làm mẹ cáu,actor,Bà Kim lúc trẻ
Thanh Chi,Tết ở làng địa ngục,actor,Ông Tể
Thanh Chi,12A và 4H,actor,Thầy An
Thanh Chi,Đấu trí (phim truyền hình Việt Nam),actor,Đỗ Văn
Thanh Chi,Giao mùa,actor,Ông Đạt
Thanh Chi,Những công dân tập thể,actor,Ông Tình
Bùi Quỳnh Như,Tết ở làng địa ngục,actor,cô Hạch
Mạnh Toàn,Tết ở làng địa ngục,actor,Võ Tòng
Hoàng Thoa,Tết ở làng địa ngục,actor,Bà Vạn
Hoàng Thoa,Kẻ ăn hồn,actor,bà Vạn
Lê Lan Anh,Tết ở làng địa ngục,actor,Hình nhân đỏ
Ngọc Trinh người mẫu,Chị chị em em 2,actor,Đệ Nhị Mỹ nhân Tư Nhị (Marianne Nhị) Diễn viên phụ
Emma Lê,Chị chị em em 2,actor,Lucie Huệ
Châu Diệu Minh,Chị chị em em 2,actor,Hai Lụa Là
Trà Ngọc,Chị chị em em 2,actor,Thảo
Trà Ngọc,Vong nhi,actor,Ngọc
Diệu Nhi,Gặp lại chị bầu,actor,Ngọc Huyền
Diệu Nhi,Ầu ơ ví dầu,actor,Lam
Chấn Cường,Cha rơi,actor,Dũng
Minh Nhí,Cha rơi,actor,Sang
Nhã Phương (diễn viên),Khúc hát mặt trời,actor,Yến Phương
Nhã Phương (diễn viên),Song song (phim),actor,Trang
Thu Hà (diễn viên),Khúc hát mặt trời,actor,Bà Khanh
Thu Hà (diễn viên),Thông gia ngõ hẹp,actor,Bà Thu Hồng
Thu Hà (diễn viên),Nhiệm vụ đặc biệt,actor,Hoa
Thu Hà (diễn viên),Đấu trí (phim truyền hình Việt Nam),actor,Mẹ Thiện
Thu Hà (diễn viên),Vệt nắng cuối trời,actor,Bà Kiên
Thu Hà (diễn viên),Khi đàn chim trở về,actor,Bà Hoạt
Thu Hà (diễn viên),Xuôi ngược đường trần,actor,Lan
Huỳnh Anh (diễn viên),Khúc hát mặt trời,actor,Việt
Huỳnh Anh (diễn viên),Người phán xử (phim truyền hình Việt Nam),actor,Kẻ chơi dao
Huỳnh Anh (diễn viên),Hướng dương ngược nắng,actor,Ông Đạt lúc trẻ
Huỳnh Anh (diễn viên),Biệt dược đen,actor,Đại úy Nguyễn Thanh Tuấn
Huỳnh Anh (diễn viên),Cầu vồng tình yêu,actor,Khánh Lâm
Huỳnh Anh (diễn viên),Cả một đời ân oán,actor,Nguyên
Huỳnh Anh (diễn viên),Chạy trốn thanh xuân,actor,Phi
Huỳnh Anh (diễn viên),Mùa xuân ở lại,actor,Nghĩa
Huỳnh Anh (diễn viên),Tiệm ăn dì ghẻ,actor,Thắng
Huỳnh Anh (diễn viên),"Bi, đừng sợ!",actor,Cậu học sinh
Đinh Hương,Khúc hát mặt trời,actor,Nguyệt Ánh
Đinh Hương,Rượu cần đêm mưa,actor,Sa
Nao Matsushita,Khúc hát mặt trời,actor,Asami
David Ito,Khúc hát mặt trời,actor,Nhà sản xuất Hayami
Masatsugu Yuda,Khúc hát mặt trời,actor,Tadashi
Hoàng Việt Nga,Khúc hát mặt trời,actor,Shibata
Kaoru Marukawa,Khúc hát mặt trời,actor,Đạo diễn Haruma
Nguyễn Hồng Sơn,Khúc hát mặt trời,actor,Dương
Shinshyo Nakamaru,Khúc hát mặt trời,actor,Bác sĩ Nakamaru
Công Tài,Sông phố nhà ghe,actor,Ông Tư Giàu
Hải Hùng,Sông phố nhà ghe,actor,Ba Tài
Hải Hùng,Lời sám hối,actor,Hải
Bảo Yến,Sông phố nhà ghe,actor,Tư Oanh
Bảo Yến,Lều chõng (phim truyền hình),actor,Bích
Bảo Yến,Lều chõng (phim),actor,Bích
Chi Lan,Sông phố nhà ghe,actor,Bách Hiền
Quang Hoà,Kẻ ngược dòng,actor,Hòa Điên
Mai Sơn,Kẻ ngược dòng,actor,Hai Đầu Láng
Mai Sơn,Sắc đẹp ngàn cân (phim 2017),actor,Người giao hàng
Mai Sơn,Cuộc chiến nhân tình,actor,Ba Phải
Mai Sơn,Vali tình yêu,actor,Thầy pháp
Bảo Hân,Về nhà đi con,actor,Ánh Dương
Bảo Hân,Những ngày không quên,actor,Ánh Dương
Bảo Hân,"Không ngại cưới, chỉ cần một lý do",actor,Linh
Quang Anh,Về nhà đi con,actor,Bảo
Quang Anh,"Không ngại cưới, chỉ cần một lý do",actor,Nam
Quang Anh,Chiều ngang qua phố cũ,actor,Trọng
Tuấn Tú,Về nhà đi con,actor,Quốc === Diễn viên phụ ===
Tuấn Tú,Những mảnh đời rừng,actor,Kim
Tuấn Tú,Những ngày không quên,actor,Quốc
Tuấn Tú,"Hà Nội, Hà Nội",actor,Sơn (chồng Vũ Hương)
Tuấn Tú,11 tháng 5 ngày,actor,Thuận ===Diễn viên phụ===
Hoàng Anh Vũ,Về nhà đi con,actor,Dũng
Hoàng Anh Vũ,Những ngày không quên,actor,Dũng
Hoàng Anh Vũ,Giọt nước rơi,actor,Long
Hoàng Anh Vũ,Đấu trí (phim truyền hình Việt Nam),actor,Nguyễn Khôi Nguyên
Hoàng Anh Vũ,Biệt dược đen,actor,Lý Mạnh Cường
Hoàng Anh Vũ,Dưới bóng cây hạnh phúc,actor,Danh
Quỳnh Nga,Về nhà đi con,actor,Nhã
Quỳnh Nga,Con nhện xanh,actor,Quỳnh Hương
Quỳnh Nga,Tình yêu không hẹn trước,actor,Hạnh
Quỳnh Nga,"Chồng cũ, vợ cũ, người yêu cũ",actor,Minh
Quỳnh Nga,Cây Huê xà,actor,Mây
Quỳnh Nga,Lập trình cho trái tim,actor,Vũ Vũ Cá sấu chúa
Hoàng Kim Ngọc,Về nhà đi con,actor,Uyên
Hoàng Kim Ngọc,Những ngày không quên,actor,Uyên
Hoàng Kim Ngọc,Anh có phải đàn ông không,actor,Vượng
Hoàng Kim Ngọc,Đèn âm hồn,actor,Cô đồng Liễu
Vương Anh,Về nhà đi con,actor,Quang
Vương Anh,Đấu trí (phim truyền hình Việt Nam),actor,Decor IT (Khùng IT)
Thanh Hoàng (nghệ sĩ),Lời nguyền Domino,actor,Ông Duy
Châu Minh Trí,Lời nguyền Domino,actor,Ân
Châu Minh Trí,Cuộc chiến nhân tình,actor,Tâm
Lâm Minh Cường,Lời nguyền Domino,actor,Nguyên
Lâm Minh Cường,Vợ quan,actor,Năm Lý
Nguyễn Châu Khang,Lời nguyền Domino,actor,Thái
Đặng Phương Trâm,Lời nguyền Domino,actor,Đào
Đặng Phương Trâm,Lời nguyền (phim truyền hình),actor,Lam
Minh Tiến,Lời nguyền Domino,actor,Ông Tùng (lúc trẻ)
Minh Tiến,Cầu vồng tình yêu,actor,Thế Anh
Cẩm Tú,Lời nguyền Domino,actor,Bà Hoa (lúc trẻ)
Thiên Thanh,Luật trời,actor,Ngọc Thủy
Thiên Thanh,Hai người vợ,actor,Trang
Thiên Thanh,Cỏ biếc,actor,Khanh
Đỗ Thúy,Luật trời,actor,Bà Lâm (lúc trẻ)
Lê Ngọc Trinh,Mẹ trùm,actor,Trân Trân/Tiểu Vy
Thuấn Nguyễn,Mẹ trùm,actor,Trung
Thuận Phát,Mẹ trùm,actor,Nghĩa (lúc nhỏ)
Thuận Phát,Song song (phim),actor,Phong
Thuận Hưng,Mẹ trùm,actor,Trung (lúc nhỏ)
Thuận Hưng,Nếu còn có ngày mai (phim truyền hình Việt Nam),actor,Quân lúc nhỏ
Tiến Ngô,Mẹ trùm,actor,Trường Ca (lúc nhỏ)
Tiến Ngô,Vua bánh mì (phim truyền hình Việt Nam),actor,Hữu Nguyện
Lily Chen,Mẹ trùm,actor,Lan
Lily Chen,Thất sơn tâm linh,actor,Sáo
Thảo Quyên,Mẹ trùm,actor,Linh
Phan Vũ,Mẹ trùm,actor,Sơn
Phan Vũ,Nếu còn có ngày mai (phim truyền hình Việt Nam),actor,Liêm
Mai Bích Trâm,Hoa hồng cho sớm mai,actor,Bé
Nguyễn Xuân Hiệp,Chúng ta phải hạnh phúc,actor,Hoài
Nguyễn Xuân Hiệp,Lời nguyền (phim truyền hình),director,
Lâm Mỹ Vân,Chúng ta phải hạnh phúc,actor,Liên
Y Kroc,Bao giờ có yêu nhau,actor,Anh chàng người Eđê
Rocker Nguyen,Sắc đẹp ngàn cân (phim 2017),actor,Duy Khang
Âu Bảo Ngân,Sắc đẹp ngàn cân (phim 2017),actor,Ngọc Minh
Thiên Nguyễn,Sắc đẹp ngàn cân (phim 2017),actor,Công an
Adam Lâm,Sắc đẹp ngàn cân (phim 2017),actor,Ca sĩ Pink
Noh Ha Woo,Sắc đẹp ngàn cân (phim 2017),actor,Trợ lý của Jolie
Ngọc Lan diễn viên sinh 1985,Ầu ơ ví dầu,actor,Oanh
Phương Quỳnh,Ầu ơ ví dầu,actor,Oanh (lúc nhỏ)
Phương Quỳnh,Thạch Thảo (phim),actor,Đoan Trang
Uyên Nhi,Ầu ơ ví dầu,actor,Hằng (lúc nhỏ)
Hoa Lan,Ầu ơ ví dầu,actor,Bà Ba
Hoàng Ny,Ầu ơ ví dầu,actor,Bích
Hoàng Ny,Tìm chồng cho vợ tôi,actor,Xuân
Thanh Thủy diễn viên sinh năm 1963,Ầu ơ ví dầu,actor,Bà Tuyết
Hùng Trần,Ầu ơ ví dầu,actor,Luật Sư Trung
Hùng Trần,Người chồng điên,actor,Danh
Như Ngọc,Ầu ơ ví dầu,actor,Vi
Thúy Diệp,Ầu ơ ví dầu,actor,Bà Hiển
Nhật Khánh,Ầu ơ ví dầu,actor,Lành
Hùng Di,Ầu ơ ví dầu,actor,Lộc
Nguyệt Hồng,Ầu ơ ví dầu,actor,Bà Tâm
Văn Dũng,Ầu ơ ví dầu,actor,Ông Chí
Kim Cúc,Ầu ơ ví dầu,actor,Sơ Hạnh
Long Vân,Ầu ơ ví dầu,actor,Sơ Minh
Kim Hòa,Ầu ơ ví dầu,actor,Ân
Thùy Dung,Ầu ơ ví dầu,actor,Bà Thanh
Thùy Dung,Đầu bếp và đại gia,actor,Mỹ
Ái Thanh,Ầu ơ ví dầu,actor,Thúy
Cao Nghĩa,Ầu ơ ví dầu,actor,Hải (Luật Sư Trung lúc nhỏ)
Thu Lai,Ầu ơ ví dầu,actor,Như
Quốc Phong,Ầu ơ ví dầu,actor,Phóng Viên
Kim Loan,Ầu ơ ví dầu,actor,Sê Na Châu
Kim Loan,Lời thì thầm từ quá khứ,actor,Bảo
Kim Loan,Vị đắng tình yêu,actor,bé gái hàng xóm
Thanh Hà,Vũ khúc con cò,actor,Hoa ((cô gái cụt tay))
Trần Doãn Tuấn,Chuyện của Pao,actor,Chử
Phạm Linh Đan,Chơi vơi,actor,Cầm
Nguyễn Duy Khoa,Chơi vơi,actor,Hải
Nghệ sĩ nhân dân Việt Nam,Chơi vơi,actor,Dũng
Nghệ sĩ nhân dân Việt Nam,Những mảnh đời rừng,actor,Nam
Linh Dung,Chơi vơi,actor,Vi
Thảo Nhi,Đẹp từng centimet,actor,Ly
Thảo Nhi,Đừng làm mẹ cáu,actor,Phương Anh
Nhật Trung,Đẹp từng centimet,actor,quản lý quán cafe
Lê Thái Hòa,Mỹ nhân kế (phim),actor,Tướng quân Quan Du
Nguyễn Phương Điền,Con gái bố già,director,
Nguyễn Phương Điền,Tiếng sét trong mưa,director,
Nguyễn Phương Điền,Bay vào cõi mộng,director,
Nguyễn Phương Điền,Mẹ biển,director,
Nguyễn Phương Điền,Âm tính,director,
Nguyễn Phương Điền,"Cá Rô, em yêu anh!",director,
Nguyễn Phương Điền,Sống trong bóng đêm,director,
Nguyễn Phương Điền,Tình thắm duyên xuân,director,
Nguyễn Phương Điền,Mẹ rơm,director,
Nguyễn Phương Điền,Cha rơi,director,
Nguyễn Phương Điền,Người đàn bà yếu đuối,actor,Tám
Nguyễn Phương Điền,Vua bánh mì (phim truyền hình Việt Nam),director,
Nguyễn Phương Điền,Lưới trời (phim 2020),director,
Nguyễn Phương Điền,Lục Vân Tiên (phim truyền hình),director,
Nguyễn Phương Điền,Cải ơi,director,
Nguyễn Phương Điền,Cải ơi!,director,
Võ Ngọc Hà,Người đàn bà yếu đuối,actor,Liễu
Bùi Ngọc Thảo,Người đàn bà yếu đuối,actor,Sáng lơ xe Và một số diễn viên khác
Trần Thị Hạnh,Lời nguyền huyết ngải,actor,mẹ Chiêu Dương
Hà Văn Hiếu,Lời nguyền huyết ngải,actor,Thằng Hung Bạo
Mai Thu Huyền,Kiều (phim),director,
Mai Thu Huyền,Lạc giới,actor,Kim
Mai Thu Huyền,Nhà có ba chị em,actor,Nhiên
Vũ Tuấn Việt,Lạc giới,actor,Duy
Nhan Thanh Toàn,Lạc giới,actor,công an
Joel Spezeski,Lạc giới,actor,bác sĩ ngoại quốc
Dạ Chúc,Ma da (phim),actor,bé Nhung
NS-NGƯT Diệu Đức,Ma da (phim),actor,bà Tư
Cẩm Ly,Ma da (phim),actor,cô Lài
Bé Ngân Chi,Bán chồng,actor,Nương (lúc nhỏ)
Bé Phạm Thanh Tú,Bán chồng,actor,Vui (lúc nhỏ)
Bé Bảo Xuyên,Bán chồng,actor,Nhí
Nghinh Lộc,Bán chồng,actor,Bà Tâm
Kan Thân Trọng,Bán chồng,actor,Kiên
Ngô Duy,Bán chồng,actor,Mai
Lê Tân,Bán chồng,actor,Trợ lý
Quang Trí,Công ty thời trang,actor,Khôi
Vân Quỳnh,Công ty thời trang,actor,Phi Phi
Thanh Thảo,Công ty thời trang,actor,Loan
Xuân Vy,Ngũ quái Sài Gòn,actor,Sơn Đại ca
Đinh Yến,Ngũ quái Sài Gòn,actor,Quyên Tiểu muội
Thế Vũ,Ngũ quái Sài Gòn,actor,Thạch Sầu đời
Hoài An định hướng,Ngũ quái Sài Gòn,actor,Bà Vĩ Dạ
Thành Lũy,Ngũ quái Sài Gòn,actor,Ông Tám Lục
Thành Lũy,Cây Huê xà,actor,cậu Bảy
Thành Lũy,Mặn hơn muối,actor,Ông Nhật
Long Hải,Ngũ quái Sài Gòn,actor,Ông già Bo Và một số diễn viên khác
Mộng Trúc,Vịt kêu đồng,actor,Thắm
Châu Kha,Đồng quê (phim truyền hình),actor,Cô Ba
Trung Hậu,Đồng quê (phim truyền hình),actor,Nữ Chủ
Cao Thanh Danh,Đồng quê (phim truyền hình),actor,Ất
Mai Hoàng Chung,Đồng quê (phim truyền hình),actor,Sửu
Sam (diễn viên),Nếu còn có ngày mai (phim truyền hình Việt Nam),actor,Ngọc
Sam (diễn viên),Cô Thắm về làng (phim truyền hình),actor,Út Đượm & Thắm (hoán đổi thân xác trong phần 4)
Sam (diễn viên),Đảo độc đắc - Tử mẫu Thiên linh cái,actor,Linh
Quốc Trường (diễn viên),Nếu còn có ngày mai (phim truyền hình Việt Nam),actor,Minh
Quốc Trường (diễn viên),Nhà có 5 nàng tiên,actor,Bình
Quốc Trường (diễn viên),Về nhà đi con,actor,Vũ
Quốc Trường (diễn viên),Những ngày không quên,actor,Vũ
Mai Bảo Ngọc,Nếu còn có ngày mai (phim truyền hình Việt Nam),actor,Đào
Bảo Nghi,Nếu còn có ngày mai (phim truyền hình Việt Nam),actor,Duyên lúc nhỏ
Lê Bửu Đa,Giọt máu vô hình,actor,Khải Hoàng (lúc trẻ)
Chu Anh,Vợ quan,actor,Thiên Thư
Ma Ran Đô,Vợ quan,actor,Thanh Phú
Ma Ran Đô,Tiệm ăn của quỷ,actor,Tuấn
Ma Ran Đô,Tử chiến trên không,actor,Sơn
Thanh Dậu,Vợ quan,actor,Bà Bảy Thân
Nguyễn Công Nương,Vợ quan,actor,Mèo Con
Vũ Hương Thơm,Vợ quan,actor,Bà Hoài
Hà Phương Thương,Vợ quan,actor,Bà Tuyết
Lê Văn Dũng,Vợ quan,actor,Ông Quyền
Dương Mỹ Dung,Vợ quan,actor,Ngọc
Nguyễn Quỳnh,Vợ quan,actor,Y tá Nương Cụg một số diễn viên khác
Mai Ngọc Phượng,Sống trong sợ hãi,actor,Út
Nguyễn Phước Lai Thị Minh Hiền,Sống trong sợ hãi,actor,Lành
Bùi Nam Yên,Sống trong sợ hãi,actor,Hai Dân
Juliet Bảo Ngọc Doling,Tro tàn rực rỡ,actor,"Hậu, Vợ của Dương"
FileLÊ PHƯƠNG 2023jpg,Vong nhi,actor,Thảo
Lê Phương,Vong nhi,actor,Thảo
Doãn Hoàng,Cám (phim),actor,Bờm
Nguyễn Phước Lộc,Cám (phim),actor,Thái Giám
Nguyễn Phước Lộc,Rừng thế mạng,actor,Phước
Nguyễn Phước Lộc,Kẻ ăn hồn,actor,Thằng Ngọ
Trần Thiên Tú,Cám (phim),actor,Thị Xoan
Trần Thiên Tú,Huyền thoại bất tử,actor,Trinh
Trần Thiên Tú,Áo lụa Hà Đông (phim),actor,Ngô
Trần Thiên Tú,Tử chiến trên không,actor,Mèo
SyNi Trang,Cám (phim),actor,Thị Cẩm
SyNi Trang,Đèn âm hồn,actor,Thương
Phương Mỹ Chi,Nhà gia tiên,actor,Mỹ Tiên
Hạnh Thảo,Nhà gia tiên,actor,bà Tổ Cô
Lục Bá Thêm,Huyền thoại bất tử,actor,Long lúc 12 tuổi
Huỳnh Nhật Huy,Huyền thoại bất tử,actor,Long lúc 6 tuổi
Kiều Chinh,Đoạt hồn,actor,bà Linh
Nguyễn Minh Trang,Đoạt hồn,actor,bà Quyên
Nguyễn Minh Trang,Niệm khúc cuối,actor,Hương
Nguyễn Minh Trang,Mê cung (phim truyền hình),actor,Bà Khương
Thành Trung,Đoạt hồn,actor,Kiên
Thanh Thúy (diễn viên sinh 1982),Vòng xoáy tình yêu,actor,Na
Trung Châu,Vòng xoáy tình yêu,actor,Ông Trọng
Quách Bửu Sang,Vòng xoáy tình yêu,actor,Yến Nhi
Ánh Nguyên,Vòng xoáy tình yêu,actor,Lành
Thụy Vũ,Vòng xoáy tình yêu,actor,Lài
Phương Nhi,Vòng xoáy tình yêu,actor,Mừng
Quỳnh Trang,Vòng xoáy tình yêu,actor,Bưởi
Quỳnh Trang,Thái sư Trần Thủ Độ (phim truyền hình),actor,Lê Quý phi
Quỳnh Trang,Bão qua làng,actor,Phương
Thanh Nguyệt,Vòng xoáy tình yêu,actor,Bà Năm
Nhất Tuấn,Vòng xoáy tình yêu,actor,Bác sĩ Hoàng
Tuấn Hải,Vòng xoáy tình yêu,actor,Sơn gấu
Định Tường,Vòng xoáy tình yêu,actor,Bảy Thẹo
Huỳnh Ngọc Lan,Vòng xoáy tình yêu,actor,Bà Lan
Đỗ Thu Hằng,Áo lụa Hà Đông (phim),actor,Lụt
Hoàng Thành,Cột mốc 23,actor,Bác sĩ Thành
Vy Oanh,Vali tình yêu,actor,Nhi
Huỳnh Lam Anh,Vali tình yêu,actor,Diễm
Huỳnh Lam Anh,Bồ công anh trước gió,actor,Phương Anh
Tuấn Dũng,Vali tình yêu,actor,Tài
Châu Minh Chí,Vali tình yêu,actor,Lâm
Nguyễn Hoàng Sơn,Vali tình yêu,actor,Lân
Diệp Chấn Thanh,Vali tình yêu,actor,Quy
Huỳnh Thi,Lật Mặt 6: Tấm vé định mệnh,actor,Lộc
Huỳnh Thi,Lật mặt 6: Tấm vé định mệnh,actor,Lộc
Tú Tri,Lật Mặt 6: Tấm vé định mệnh,actor,Loan
Tú Tri,Lật mặt 6: Tấm vé định mệnh,actor,Loan
Bé Thùy Linh,Lật Mặt 6: Tấm vé định mệnh,actor,bé Mai
Bé Thùy Linh,Lật mặt 6: Tấm vé định mệnh,actor,bé Mai
Phạm Trưởng,Lật Mặt 6: Tấm vé định mệnh,actor,Khách hàng bất động sản
Phạm Trưởng,Lật mặt 6: Tấm vé định mệnh,actor,Khách hàng bất động sản
Phúc Julie,Lật Mặt 6: Tấm vé định mệnh,actor,Cô y tá
Phúc Julie,Lật mặt 6: Tấm vé định mệnh,actor,Cô y tá
Chí Dũng,Nhà ông Hoàng có ma,actor,Hoàng Đăng
Đặng Thu Thảo sinh 1995,Nhà ông Hoàng có ma,actor,Xuân
Duy Khoa,Lều chõng (phim truyền hình),actor,Đốc Cung
Duy Khoa,Mùa hoa tìm lại,actor,Nguyễn Quốc Việt
Duy Khoa,Tình yêu không hẹn trước,actor,Khoa
Duy Khoa,Lều chõng (phim),actor,Đốc Cung
Khôi Nguyên,Lều chõng (phim truyền hình),actor,Đồ Vân Trình
Khôi Nguyên,Lý Công Uẩn: Đường tới thành Thăng Long,actor,Lý Khánh Văn
Khôi Nguyên,Mùa lá rụng,actor,Cải
Khôi Nguyên,Luật đời,actor,Ông An
Khôi Nguyên,Tình yêu không hẹn trước,actor,Ông Châu
Khôi Nguyên,Lều chõng (phim),actor,Đồ Vân Trình
Khôi Nguyên,Chạy án,actor,Trác
Khôi Nguyên,Cầu vồng tình yêu,actor,Giáo sư Chương
Khôi Nguyên,Bí thư Tỉnh ủy (phim truyền hình Việt Nam),actor,Côn
Mai Thúy,Lều chõng (phim truyền hình),actor,Cô Thúy
Mai Thúy,Lều chõng (phim),actor,Cô Thúy
Diễm Lộc nghệ sĩ chèo,Lều chõng (phim truyền hình),actor,Bà Cống
Diễm Lộc nghệ sĩ chèo,Mùa lá rụng,actor,Bà Chí
Diễm Lộc nghệ sĩ chèo,Dòng sông phẳng lặng (phim truyền hình),actor,Bà Tịnh Nhơn
Diễm Lộc nghệ sĩ chèo,Lều chõng (phim),actor,Bà Cống
Anh Thái,Lều chõng (phim truyền hình),actor,Cụ Bảng
Anh Thái,Lý Công Uẩn: Đường tới thành Thăng Long,actor,Nguyễn Bặc
Anh Thái,Chủ tịch tỉnh (phim truyền hình),actor,Cụ Trần
Anh Thái,Lều chõng (phim),actor,Cụ Bảng
Anh Thái,Biển lửa,actor,Bất
Anh Thái,Chạy án,actor,Cụ Cần
Anh Thái,Cầu vồng tình yêu,actor,Ông Kim
Tiến Quang,Lều chõng (phim truyền hình),actor,Hải Âu
Tiến Quang,Lửa ấm,actor,Quang
Tiến Quang,Gặp em ngày nắng,actor,Lân
Tiến Quang,Lều chõng (phim),actor,Hải Âu
Tạ Am,Lều chõng (phim truyền hình),actor,Bá hộ Kim
Tạ Am,Cuồng phong (phim truyền hình),actor,Ông Mậu
Tạ Am,Vệt nắng cuối trời,actor,Ông Được
Tạ Am,Điều bí mật,actor,Ông Toại
Tạ Am,Trái tim có nắng,actor,Ông Phú
Tạ Am,Lều chõng (phim),actor,Bá hộ Kim
Tạ Am,Bão qua làng,actor,Trưởng họ Đỗ
Tạ Am,Cầu vồng tình yêu,actor,ông Hào
Tuấn Thanh,Lều chõng (phim truyền hình),actor,Tiêm Hồng
Tuấn Thanh,Lều chõng (phim),actor,Tiêm Hồng
Trần Chí Thành,Lều chõng (phim truyền hình),actor,Cương Phượng
Trần Chí Thành,Lều chõng (phim),actor,Cương Phượng
Trần Anh Dũng,Lều chõng (phim truyền hình),actor,Cố Ông
Trần Anh Dũng,Lều chõng (phim),actor,Cố Ông
Lưu Thành Đạt,Lý Công Uẩn: Đường tới thành Thăng Long,actor,Lý Công Uẩn lúc nhỏ
Nguyễn Thụy Vân,Lý Công Uẩn: Đường tới thành Thăng Long,actor,Lê Thị Thanh Liên
Đỗ Nhật Nam,Lý Công Uẩn: Đường tới thành Thăng Long,actor,Đinh Toàn
Hoàng Phát Triệu,Lý Công Uẩn: Đường tới thành Thăng Long,actor,Ngụy Thái Y
Ngô Huy Hoàng,Lý Công Uẩn: Đường tới thành Thăng Long,actor,Huệ Viên
Đỗ Thị Cử,Lý Công Uẩn: Đường tới thành Thăng Long,actor,Mẹ Mão
Nguyễn Ngọc Thái Duy,Lý Công Uẩn: Đường tới thành Thăng Long,actor,Trí Viễn
Nguyễn Ngọc Thái Duy,Chiến dịch trái tim bên phải,actor,Hoàng
Hồ Sĩ Hoài,Lý Công Uẩn: Đường tới thành Thăng Long,actor,Trần Thượng Vũ
Nguyễn Thanh Tùng,Lý Công Uẩn: Đường tới thành Thăng Long,actor,Trần Động Chủ
Nguyễn Thanh Tùng,Kế hoạch hoàn hảo,actor,Chú Tư
Trần Quốc Tuấn,Lý Công Uẩn: Đường tới thành Thăng Long,actor,Đinh Khả Siêu
Hoàng Trung Sơn,Lý Công Uẩn: Đường tới thành Thăng Long,actor,Trịnh Chí Đức
Vũ Huy Trinh,Lý Công Uẩn: Đường tới thành Thăng Long,actor,Tri phủ Thuận An
Tạ Huy Cường,Lý Công Uẩn: Đường tới thành Thăng Long,director,Chủ quán trọ
Nguyễn Ngọc Quỳnh,Lý Công Uẩn: Đường tới thành Thăng Long,actor,Công tử ghẹo gái
Ngô Tiến Đoàn,Phía cuối cầu vồng,actor,Peter
Dương Thùy Linh,Phía cuối cầu vồng,actor,Kat
Đỗ Đức Thịnh,"Taxi, em tên gì?",director,ông lái xe công nông
Thanh Thúy sinh 1982,"Taxi, em tên gì?",actor,nữ ca sĩ
Interlanguage linkHans-Uwe BauerenHans-Uwe Bauer,Những mảnh đời rừng,actor,Armin Bauer
Interlanguage linkSewan LatchiniandeSewan Latchinian,Những mảnh đời rừng,actor,Eddy
Phạm Đông,Những mảnh đời rừng,actor,Hoàng
Interlanguage link 2André HennickeenAndré Hennicke,Những mảnh đời rừng,actor,Bäcker
Interlanguage linkThomas WolffdeThomas Wolff Schauspieler,Những mảnh đời rừng,actor,Charly
Interlanguage linkCarl Heinz ChoynskideCarl Heinz Choynski,Những mảnh đời rừng,actor,Gecko
Interlanguage linkJoachim LätschdeJoachim Lätsch,Những mảnh đời rừng,actor,Kaupel
Hans-Otto Reintsch,Những mảnh đời rừng,actor,Malaria-Benny
Từ Hạnh Vân,Tìm chồng cho vợ tôi,actor,Mỹ Lệ
Chí Hải,Tìm chồng cho vợ tôi,actor,Ông Đại
Võ Đình Hiếu,Duyên định kim tiền,actor,Trần Văn Phong
Võ Đình Hiếu,Lật mặt 2: Phim trường,actor,Nam
Huỳnh Kim Khánh,Duyên định kim tiền,actor,Xuân Hương
Phú Quý,Duyên định kim tiền,actor,Ông Cai Tổng Luông
Hồng Hải,Duyên định kim tiền,actor,Bà Hương Sư Sắc
Quốc Huy (diễn viên),Vua bánh mì (phim truyền hình Việt Nam),actor,Hữu Nguyện
Quốc Huy (diễn viên),Long Ruồi,actor,Gà
Quốc Huy (diễn viên),Trại hoa đỏ (phim),actor,Lưu
Quốc Huy (diễn viên),Taxi (phim truyền hình),actor,Hiếu
Quốc Huy (diễn viên),Bếp hát,actor,Trí Anh
Quốc Huy (diễn viên),Thương con cá rô đồng,actor,Đạo / Thiệt
Quốc Huy (diễn viên),Ngũ quái Sài Gòn,actor,Hoàng Lãng tử
Quốc Huy (diễn viên),Vong nhi,actor,Tùng
Quốc Huy (diễn viên),Mặn hơn muối,actor,Thiện
Bé Gia Bảo,Vua bánh mì (phim truyền hình Việt Nam),actor,Hữu Nguyện
Bé ca sĩ Lương Gia Khiêm,Vua bánh mì (phim truyền hình Việt Nam),actor,Gia Bảo
Bé Khánh Như,Vua bánh mì (phim truyền hình Việt Nam),actor,
Phương Bình (diễn viên),Vua bánh mì (phim truyền hình Việt Nam),actor,Ông Tư
Phương Bình (diễn viên),Công chúa teen và ngũ hổ tướng,actor,Người đi đường
Phương Bình (diễn viên),Miền đất phúc,actor,"Quang ""hói"""
Phương Bình (diễn viên),Hello cô Ba,actor,Ông mua vịt
Phương Bình (diễn viên),Ăn tết miệt vườn,actor,Ông Đạt
Phương Bình (diễn viên),Án mạng lầu 4,actor,Ông Đức Và một số diễn viên khác
Phương Bình (diễn viên),Lời nguyền lúc 0 giờ,actor,Thầy Mo A Sếnh
Phương Bình (diễn viên),Tình thắm duyên xuân,actor,Tư Đa
Phương Bình (diễn viên),Xuân ấm tình người,actor,Nam Tào
Phương Bình (diễn viên),Hello Cô Ba,actor,Ông mua vịt
Thanh Tân (Tân trề),Vua bánh mì (phim truyền hình Việt Nam),actor,Lộc
Phi Huyền Trang,Vua bánh mì (phim truyền hình Việt Nam),actor,Thụy Kha
Nguyễn Anh Quang,Long thành cầm giả ca (phim),actor,Lý An Quân
Thi Nhung,Long thành cầm giả ca (phim),actor,Dì Xinh
Trần Hạnh,Long thành cầm giả ca (phim),actor,Ông lão kéo vó
Trần Hạnh,Những người đã hết thời,actor,Lão đào vàng
Trần Hạnh,Vệt nắng cuối trời,actor,Ông nội
Trần Hạnh,Nhà có ba chị em,actor,Bố
Trần Hạnh,Tết này ai đến xông nhà,actor,Ông Hạnh
Trần Hạnh,Con đường sáng (phim dài tập),actor,Bố Dưỡng ==== Nhân vật lịch sử trong phim ====
Trần Hạnh,Cỏ lau,actor,Bố của Lực
Trần Hạnh,Những người thợ xẻ (phim),actor,bố Ngọc
Trần Hạnh,Vào Nam ra Bắc,actor,Ông Bình
Trần Hạnh,Kẻ không cầu may,actor,Ông Thuật
Trần Hạnh,Không còn gì để nói,actor,Ông nội
Trần Hạnh,Vua bãi rác,actor,Ông Hạnh
Trần Hạnh,Bão qua làng,actor,Lợi
NSƯT Lê Thiện,Thất sơn tâm linh,actor,bà ngoại của Yến
Lê Mai,Nhà có nhiều cửa sổ,actor,Bà Khuê
Lê Mai,Giao mùa,actor,Bà Hằng
Lê Mai,Kẻ không cầu may,actor,Mẹ Hà
Lan Hương (diễn viên sinh 1963),Sống chung với mẹ chồng,actor,Bà Bằng
Thanh Tú (diễn viên),Sống chung với mẹ chồng,actor,Dì Bích
Thanh Tú (diễn viên),Gặp em ngày nắng,actor,Bà Tâm
Thanh Tú (diễn viên),Hãy nói lời yêu,actor,Mẹ Duy
Thanh Tú (diễn viên),Cô Ba Sài Gòn,actor,Thụy
Thanh Tú (diễn viên),Tháng năm rực rỡ,actor,Kiều Chinh
Thanh Tú (diễn viên),Chạy trốn thanh xuân,actor,Bà Mỹ
Thanh Tú (diễn viên),Tình yêu và tham vọng,actor,Dì Đào
Thanh Tú (diễn viên),Thương con cá rô đồng,actor,Thiệt lúc nhỏ
Thanh Tú (diễn viên),Thất sơn tâm linh,actor,Yến
Thanh Tú (diễn viên),Hành trình công lý,actor,Mai
Thanh Tú (diễn viên),Mê cung (phim truyền hình),actor,Liễu
Thanh Tú (diễn viên),Đừng làm mẹ cáu,actor,Bà Kim
Thanh Tú (diễn viên),Vào Nam ra Bắc,actor,Đội trưởng Hồng
Thanh Tú (diễn viên),Không còn gì để nói,actor,Tú
Thanh Hương (diễn viên),Sống chung với mẹ chồng,actor,Nhu
Thanh Hương (diễn viên),Quỳnh búp bê,actor,"Lan ""Cave"""
Thanh Hương (diễn viên),Hành trình công lý,actor,Lê Ngọc Mai
Thanh Hương (diễn viên),Người phán xử (phim truyền hình Việt Nam),actor,Phan Hương
Thanh Hương (diễn viên),Cuộc đời vẫn đẹp sao (phim truyền hình),actor,"Lê Thị Luyến (Luyến ""lươn"")"
Thanh Hương (diễn viên),Lựa chọn số phận,actor,Lê Thị Yến
Thanh Hương (diễn viên),Hướng dương ngược nắng,actor,An
Thanh Hương (diễn viên),Con đường sáng (phim dài tập),actor,Hải (nhỏ)
Thanh Hương (diễn viên),Rượu cần đêm mưa,actor,Lụa
Hoàng Thu Trang (Trang Cherry),Sống chung với mẹ chồng,actor,Diệp
Ngô Thế Nguyên,Sống chung với mẹ chồng,actor,Linh
Cẩm Vân,Sống chung với mẹ chồng,actor,Chi
Dương Anh Đức,Sống chung với mẹ chồng,actor,Long
Dương Anh Đức,"Không ngại cưới, chỉ cần một lý do",actor,Sĩ
Nguyễn Mạnh Cường,Sống chung với mẹ chồng,actor,Người yêu cũ của Vân
Nguyễn Mạnh Cường,Đấu trí (phim truyền hình Việt Nam),actor,Tiến
Nguyễn Mạnh Cường,Hướng dương ngược nắng,actor,Nguyễn Hoàng Vỹ
Nguyễn Mạnh Cường,Tình yêu không hẹn trước,actor,Đạt
Nguyễn Mạnh Cường,Độc đạo,actor,"Dũng ""Kính"""
Nguyễn Mạnh Cường,Dưới bóng cây hạnh phúc,actor,Quyết
Ngọc Thoa,Sống chung với mẹ chồng,actor,Bà nội của Thanh
Ngọc Thoa,Đấu trí (phim truyền hình Việt Nam),actor,Mẹ vợ ông Giang
Ngọc Thoa,Mê cung (phim truyền hình),actor,Bà Loan (mẹ Đồng Vĩnh)
Ngọc Thoa,Tình khúc bạch dương,actor,Mẹ Quang
Ngọc Thoa,Những nẻo đường gần xa,actor,Bà nội Yên
Ngọc Thoa,Dưới bóng cây hạnh phúc,actor,Mẹ Ông Mạnh
Ngọc Thoa,Hai phía chân trời,actor,Mẹ Minh
Ngọc Thoa,Vị tướng tình báo và hai bà vợ,actor,Bà Lễ - mẹ Đạo và Bình
Ngọc Thoa,Ngự lâm không kiếm,actor,Bà Ngoại
Phương Oanh (diễn viên),Quỳnh búp bê,actor,
Phương Oanh (diễn viên),Nàng dâu order,actor,Vy
Nguyễn Mạnh Quân,Quỳnh búp bê,actor,Kiên
Hồng Liên,Quỳnh búp bê,actor,Liên
Hồng Liên,Đấu trí (phim truyền hình Việt Nam),actor,Đinh Thị Ngọc Bình
Hồng Liên,Hãy nói lời yêu,actor,Vợ Bình
Hồng Liên,Những cô gái trong thành phố,actor,Mẹ Trúc
Cao Diệp Anh,Quỳnh búp bê,actor,Phương
Cao Diệp Anh,Hoa hồng trên ngực trái,actor,Hoài
Thu Huyền,Quỳnh búp bê,actor,Linh
Thu Huyền,Hành trình công lý,actor,Dung
Thu Huyền,Đấu trí (phim truyền hình Việt Nam),actor,Bà Bích
Thu Huyền,Những công dân tập thể,actor,Nhài
Thu Huyền,Những cô gái trong thành phố,actor,Hoa
Hải Hà,Quỳnh búp bê,actor,
Hải Hà,Con mắt bão,actor,Tâm
Đồng Thanh Bình,Quỳnh búp bê,actor,Bố dượng Quỳnh
Đồng Thanh Bình,Điều bí mật,actor,Kiên
Đồng Thanh Bình,Lựa chọn số phận,actor,Lê Văn Dân
Đồng Thanh Bình,Đêm vùng biên,actor,Và A Mua
Đồng Thanh Bình,Lập trình cho trái tim,actor,Tùng Giun đất
Đồng Thanh Bình,Cầu vồng tình yêu,actor,Quảng
Ngô Thế Quân,Quỳnh búp bê,actor,Ông Chiến (Bố Quỳnh)
Sỹ Lai,Quỳnh búp bê,actor,Lai
Xuân Hiền,Quỳnh búp bê,actor,Bình
Xuân Hiền,Hành trình công lý,actor,Kiệt
Xuân Hiền,Mùa hoa tìm lại,actor,Thám tử
Hồng Nguyên,Quỳnh búp bê,actor,"Nguyên ""Lợn"""
Phạm Đình Hưng,Quỳnh búp bê,actor,"Quý ""chề"""
Phạm Đình Hưng,Anh có phải đàn ông không,actor,Mạnh
Phi Yến,Quỳnh búp bê,actor,Diệp
Diệp Anh,Quỳnh búp bê,actor,Dung
Diệp Anh,Chạm tay vào nỗi nhớ,actor,Ngân Hà/Ngân Bình
Thanh Chí,Quỳnh búp bê,actor,
Văn Minh,Quỳnh búp bê,actor,Ông Mặt Sắt
Văn Minh,Mê cung (phim truyền hình),actor,Ông Sói
Văn Minh,Bánh đúc có xương,actor,Bảo vệ
Văn Minh,Bí thư Tỉnh ủy (phim truyền hình Việt Nam),actor,Ngọ
Văn Dương,Quỳnh búp bê,actor,
Văn Dương,Bí thư Tỉnh ủy (phim truyền hình Việt Nam),actor,Tế
Khắc Sử,Quỳnh búp bê,actor,
Quang Đạo,Quỳnh búp bê,actor,Đệ tử Phong
Nguyễn Đức Vượng,Quỳnh búp bê,actor,
Ngô Thu Hương,Quỳnh búp bê,actor,Nhân viên trung tâm bảo trợ xã hội
Lê Phương Anh,Yêu thì ghét thôi,actor,Kim
Lê Phương Anh,Ghét thì yêu thôi,actor,Kim
Lê Phương Anh,Mátxcơva - Mùa thay lá,actor,Hà
Hoàng Huy,Yêu thì ghét thôi,actor,Ông Vinh
Hoàng Huy,Những ngày không quên,actor,Bố Cân
Hoàng Huy,Hành trình công lý,actor,Trưởng họ
Hoàng Huy,Cuộc chiến không giới tuyến,actor,Túc
Hoàng Huy,Đấu trí (phim truyền hình Việt Nam),actor,Cậu ông Khải
Hoàng Huy,Gara hạnh phúc,actor,Ông Phùng
Hoàng Huy,Vệt nắng cuối trời,actor,Ông Kiên
Hoàng Huy,Mùa hoa tìm lại,actor,Trưởng họ
Hoàng Huy,Anh có phải đàn ông không,actor,Ông Duy
Hoàng Huy,Cô gái nhà người ta,actor,Bố Cân
Hoàng Huy,Gặp em ngày nắng,actor,Ông Huy
Hoàng Huy,Nơi giấc mơ tìm về,actor,Ông Bình
Hoàng Huy,Khi đàn chim trở về,actor,Ông Phúc
Lương Giang,Yêu thì ghét thôi,actor,Giang
Lương Giang,Cầu vồng tình yêu,actor,Hòa
Lương Giang,Ngự lâm không kiếm,actor,Diễm Lan
Lương Giang,Hoa hồng trên ngực trái,actor,Ngân
Đức Anh,Yêu thì ghét thôi,actor,Thẹn (Con trai Tăng) Và một số diễn viên khác
Đức Anh,Hướng dương ngược nắng,actor,Trí (lúc nhỏ)
Đức Anh,Xuôi ngược đường trần,actor,Na
Quang Tèo,Những ngày không quên,actor,Ông Bá
Quang Tèo,Cô gái nhà người ta,actor,Ông Bá
Quang Tèo,Đèn âm hồn,actor,Ông Mõ
Quang Tèo,Của để dành,actor,Trưởng đoàn chèo
Việt Hoa,Những ngày không quên,actor,Đào
Việt Hoa,Lửa ấm,actor,Đào
Việt Hoa,Đừng bắt em phải quên,actor,Ngân - lúc trẻ
Việt Hoa,Cô gái nhà người ta,actor,Đào
Việt Hoa,Những cô gái trong thành phố,actor,Nhung
Đỗ Quỳnh Hoa,Những ngày không quên,actor,Tiên
Đỗ Quỳnh Hoa,Đấu trí (phim truyền hình Việt Nam),actor,Trần Lệ Thủy
Đỗ Quỳnh Hoa,Vệt nắng cuối trời,actor,Thục Anh
Đỗ Quỳnh Hoa,Vòng nguyệt quế (phim truyền hình),actor,Hạ Liên
Đỗ Thúy Hằng,Lửa ấm,actor,Thủy
Đỗ Thúy Hằng,"Chồng cũ, vợ cũ, người yêu cũ",actor,Thanh Lam
Nguyễn Kim Oanh,Lửa ấm,actor,Hiền
Nguyễn Kim Oanh,Hành trình công lý,actor,Hà Thu Lan
Nguyễn Kim Oanh,Mê cung (phim truyền hình),actor,Tố Trinh (giúp việc nhà Đồng Vĩnh)
Nguyễn Kim Oanh,Điều bí mật,actor,Hằng
Nguyễn Kim Oanh,Tình khúc bạch dương,actor,Giang
Nguyễn Kim Oanh,Dưới bóng cây hạnh phúc,actor,Nguyễn Thị Son
Nguyễn Kim Oanh,Lối nhỏ vào đời,actor,Thảo
Nguyễn Kim Oanh,Những nhân viên gương mẫu,actor,Chi
Nguyễn Kim Oanh,Những cô gái trong thành phố,actor,Lan
Trần Việt Hoàng,Lửa ấm,actor,Trung sĩ Hoàng Nam Hải
Trần Việt Hoàng,Cuộc chiến không giới tuyến,actor,Trung sĩ Dương Văn Thái
Trần Việt Hoàng,Cuộc đời vẫn đẹp sao (phim truyền hình),actor,Trần Văn Thạch (K Cơ)
Dương Khánh,Lửa ấm,actor,Long
Dương Khánh,Hành trình công lý,actor,Phi
Dương Khánh,Mặt nạ gương,actor,Hiệp (Khôi lúc trẻ)
Thu An,Lửa ấm,actor,Bà Kế
Thu An,Đừng làm mẹ cáu,actor,Bà Phượng
Thu An,Lặng yên dưới vực sâu,actor,Mẹ Dính
Thu An,Hợp đồng hôn nhân (phim truyền hình),actor,Mẹ Phong
Thu An,Những cô gái trong thành phố,actor,Bà giúp việc
Thế Bình,Lửa ấm,actor,Ông Đức
Thế Bình,Điều bí mật,actor,Ông Hải
Thế Bình,Giao mùa,actor,Bố Loan
Thế Bình,Những cô gái trong thành phố,actor,Giám đốc
Hồng Lam,Lửa ấm,actor,Mẹ Kha
Lâm Tùng,Lửa ấm,actor,Trường
Lâm Tùng,Đấu trí (phim truyền hình Việt Nam),actor,"Nguyễn Lâm Duy (Duy ""tổ"")"
Trần Thanh,Lửa ấm,actor,Thanh - Đội PCCC
Hoàng Chúc,Lửa ấm,actor,Chúc - Đội PCCC
Bùi Cảnh,Lửa ấm,actor,Tùng - Đội PCCC
Minh Hòa (diễn viên),Hành trình công lý,actor,Bà Trang
Minh Hòa (diễn viên),Dưới cờ đại nghĩa,actor,Chín Phận
Tân Anh,Hành trình công lý,actor,Bé Thư
Trần Vân,Hành trình công lý,actor,Thương
Trần Vân,Lựa chọn số phận,actor,Thanh
Trần Vân,Nhà trọ Balanha,actor,Hoàng Nhiên
Trương Mạnh Đạt,Hành trình công lý,actor,Tân
Trương Mạnh Đạt,Mùa xuân ở lại,actor,Sùng A Mừng
Tiến Lộc (diễn viên),Hành trình công lý,actor,Nguyễn Đình Việt
Tiến Lộc (diễn viên),Những nhân viên gương mẫu,actor,Phong
Tiến Lộc (diễn viên),Về nhà đi con,actor,Thành
Tiến Lộc (diễn viên),Lý Công Uẩn: Đường tới thành Thăng Long,actor,Lý Công Uẩn
Tiến Lộc (diễn viên),Những ngày không quên,actor,Thành
Tiến Lộc (diễn viên),Lửa ấm,actor,Khánh
Tiến Lộc (diễn viên),Chạm tay vào nỗi nhớ,actor,Thầy giáo Minh
Tiến Lộc (diễn viên),Nhà trọ Balanha,actor,Khanh
Tiến Lộc (diễn viên),Người trở về,actor,San
Tiến Lộc (diễn viên),11 tháng 5 ngày,actor,Dũng
Đậu Hồng Phúc,Hành trình công lý,actor,Kiều Anh
Đậu Hồng Phúc,Dưới bóng cây hạnh phúc,actor,Thúy
Phương My,Hành trình công lý,actor,Đỗ Phương Huyền
Phương My,Những nẻo đường gần xa,actor,Ngà
Hoàng Công,Hành trình công lý,actor,Trung tá Nguyễn Ngọc Tú
Hoàng Công,Đấu trí (phim truyền hình Việt Nam),actor,Trung tá Nguyễn Hoàng An
Hoàng Công,Xuôi ngược đường trần,actor,Thắng
Hoàng Công,Ngày hè sôi động,actor,Việt Anh
Trung Tuấn,Hành trình công lý,actor,Thượng uý Đặng Hồng Phúc
Hoàng Ngọc Hải,Hành trình công lý,actor,Kiểm sát viên Lê Anh Vũ
Hoàng Ngọc Hải,Cuộc chiến không giới tuyến,actor,Đàn em Thào A Hề
Hoàng Ngọc Hải,Đấu trí (phim truyền hình Việt Nam),actor,Nhân viên TN Mobile
Hoàng Ngọc Hải,Gara hạnh phúc,actor,Nghĩa
Hoàng Ngọc Hải,Nơi giấc mơ tìm về,actor,Thắng kều
Trịnh Huyền,Hành trình công lý,actor,Xoan
Trịnh Huyền,Lặng yên dưới vực sâu,actor,Xây
Trịnh Huyền,"Không ngại cưới, chỉ cần một lý do",actor,Xuân
Trịnh Huyền,Dưới bóng cây hạnh phúc,actor,Loan
Trịnh Huyền,Hợp đồng hôn nhân (phim truyền hình),actor,Bác sỹ Hoa
Hoàng Tùng,Hành trình công lý,actor,Trần Văn Tấn
Hoàng Tùng,Đầm lầy bạc,actor,Mạnh
Hoàng Tùng,Thái sư Trần Thủ Độ (phim truyền hình),actor,Thái giám Hợi
Hoàng Tùng,Giọt nước rơi,actor,Bố Linh
Hoàng Tùng,Đấu trí (phim truyền hình Việt Nam),actor,Liêm
Hoàng Tùng,Đi qua mùa hạ,actor,Luật sư
Hoàng Tùng,Nơi giấc mơ tìm về,actor,Thưởng
Hoàng Tùng,Khi đàn chim trở về,actor,Hùng
Lê Tuấn Anh (diễn viên sinh 1970),Hành trình công lý,actor,Lượng
Lê Tuấn Anh (diễn viên sinh 1970),Đấu trí (phim truyền hình Việt Nam),actor,Trần Anh Hiếu
Nguyễn Mạnh Hà,Hành trình công lý,actor,Duy
Trúc Quỳnh,Hành trình công lý,actor,Vợ Lượng
Trúc Quỳnh,Anh có phải đàn ông không,actor,Bà Trinh
Trúc Quỳnh,Hãy nói lời yêu,actor,Quỳnh
Trúc Quỳnh,Những nhân viên gương mẫu,actor,Bà Nga
Minh Sìn,Hành trình công lý,actor,Trần Đinh
Ngô Lệ Quyên,Hành trình công lý,actor,Vợ Đinh
Trần Trung Kiên,Cuộc chiến không giới tuyến,actor,Trung sĩ Trần Đình Hiếu
Trần Trung Kiên,Gặp em ngày nắng,actor,Thái
Thái Sơn,Cuộc chiến không giới tuyến,actor,Giàng A Rể
Thái Sơn,Biệt dược đen,actor,"Trương Quang Điều (Điều ""bartender"")"
Thái Sơn,Dưới bóng cây hạnh phúc,actor,Tú
Hoàng Triều Dương,Cuộc chiến không giới tuyến,actor,Trần Phạm Hoàng
Đào Phương Anh,Cuộc chiến không giới tuyến,actor,Hoa Ban
Gia Bảo,Cuộc chiến không giới tuyến,actor,Lý A Vừ
Lê Khả Sinh,Cuộc chiến không giới tuyến,actor,Vũ Xuân Hòa
Lê Khả Sinh,Hãy cùng em điệu Sarikakeo,actor,Lê Bân
Trung Đức,Cuộc chiến không giới tuyến,actor,Thượng uý Phạm Văn Cảnh
Trần Chiến,Cuộc chiến không giới tuyến,actor,Thiếu uý Lương Phong Vũ
Phương Nam,Cuộc chiến không giới tuyến,actor,Thượng uý Nguyễn Lê Toàn
Phương Nam,Ngự lâm không kiếm,actor,Chị Sáo
Minh Hiếu,Cuộc chiến không giới tuyến,actor,Chiến sĩ Trần Hoàng Quân
Bùi Vũ Phong,Cuộc chiến không giới tuyến,actor,Dáy
Bùi Vũ Phong,Mùa xuân ở lại,actor,Khzếnh
Bùi Vũ Phong,Dưới bóng cây hạnh phúc,actor,Cá Heo
Minh Coca,Cuộc chiến không giới tuyến,actor,Pùa Sình
Quang Lâm,Cuộc chiến không giới tuyến,actor,Chú Pùa Sình
Quang Lâm,Một lần đi bụi,actor,Khanh
Quang Lâm,Mê cung (phim truyền hình),actor,Ông Hoạch
Quang Lâm,Những nẻo đường gần xa,actor,Lão chủ nhà
Quang Lâm,11 tháng 5 ngày,actor,Thoan
Khánh Linh,Cuộc chiến không giới tuyến,actor,Người yêu Hiếu
Khánh Linh,Biệt dược đen,actor,Kiều Diễm
Khánh Linh,Những công dân tập thể,actor,Đồng
Chí Nhân,Sống cùng lịch sử (phim),actor,Lâm
Chí Nhân,Giọt nước rơi,actor,Chiến === Diễn viên phụ ===
Chí Nhân,Điều bí mật,actor,Đại
Chí Nhân,Tình yêu không hẹn trước,actor,Vinh
Chí Nhân,"Chồng cũ, vợ cũ, người yêu cũ",actor,Quang Vũ
Chí Nhân,Giao mùa,actor,Hưng
Chí Nhân,Dưới bầu trời xa cách,actor,Cường
Chí Nhân,Ngày mai bình yên,actor,Hùng
Chí Nhân,Ngày mai bình yên (phim truyền hình 2021),actor,Hùng
Chí Nhân,Những cô gái trong thành phố,actor,Bách
Hoàng Tuấn Kiên,Sống cùng lịch sử (phim),actor,Tùng
Nicolas Nguyễn Văn,Sống cùng lịch sử (phim),actor,Paul
Anastasia Zholobova,Sống cùng lịch sử (phim),actor,Hana
Nghệ sĩ Nhân dân Việt Nam,Hi vọng cuối cùng,actor,Vân
Nghệ sĩ Nhân dân Việt Nam,Bước nhảy xì tin,actor,bà Giang (mẹ của Linh)
Huệ Anh,12A và 4H,actor,Hạ
An Quý,12A và 4H,actor,Hoa
Quốc Bảo,12A và 4H,actor,Long
Xuân Bắc (diễn viên),12A và 4H,actor,Thiện
Xuân Bắc (diễn viên),Chuyện nhà Mộc,actor,Cường
Xuân Bắc (diễn viên),Cầu thang nhà A6,actor,Thành
Xuân Bắc (diễn viên),Niệm khúc cuối,actor,Quốc Quân
Xuân Bắc (diễn viên),Con đường sáng (phim dài tập),actor,Đào Phúc Lộc (Hoàng Minh Đạo)
Xuân Bắc (diễn viên),Sóng ở đáy sông,actor,Núi
Xuân Bắc (diễn viên),Hai phía chân trời,actor,Minh
Quốc Khánh (nghệ sĩ),12A và 4H,actor,Triệu
Quốc Khánh (nghệ sĩ),Cầu thang nhà A6,actor,Chi
Quốc Khánh (nghệ sĩ),Của để dành,actor,Trợ lý
Quang Thanh,12A và 4H,actor,Hiển
Quốc Tuấn (diễn viên),12A và 4H,actor,Thầy Minh
Quốc Tuấn (diễn viên),Con nhện xanh,actor,Nguyễn Kỳ
Quốc Tuấn (diễn viên),Chuyện nhà Mộc,actor,Thành
Quốc Tuấn (diễn viên),Luật đời,actor,Đại
Quốc Tuấn (diễn viên),Vào Nam ra Bắc,actor,Tiểu đội trưởng
Quốc Tuấn (diễn viên),Người thừa của dòng họ,actor,Bảo
Quốc Tuấn (diễn viên),Cu li không bao giờ khóc,actor,đồng nghiệp cũ của bà Nguyện
Phát Triệu,12A và 4H,actor,Thầy Tùng
Phát Triệu,Luật đời,actor,Giám đốc Hội
Phát Triệu,Mùa ổi,actor,ông cán bộ
Phát Triệu,Gió qua miền tối sáng,actor,Ông Thiện
Phát Triệu,Cầu thang nhà A6,actor,Ông Thạch
Phát Triệu,Đất và người,actor,Phúc
Phát Triệu,Vòng nguyệt quế (phim truyền hình),actor,Chú Đức
Phát Triệu,Của để dành,actor,Ông Hợp
Phát Triệu,Ngọt ngào và man trá,actor,Bố Xoan
Tuyết Mai,12A và 4H,actor,Bà hiệu trưởng
Tuyết Mai,Con nhện xanh,actor,Mẹ Chi
Tuyết Mai,Giao mùa,actor,Bà Hiền
Tuyết Mai,Hoa cỏ may,actor,Hương (lúc nhỏ)
Tuyết Mai,Ngọt ngào và man trá,actor,Mẹ Xoan
Như Quỳnh (diễn viên),12A và 4H,actor,Bà Quang
Như Quỳnh (diễn viên),Những công dân tập thể,actor,Bà Mai
Như Quỳnh (diễn viên),Những cô gái chân dài,actor,mẹ của Ngọc
Như Quỳnh (diễn viên),Chuyện của Pao,actor,bà Kía
Như Quỳnh (diễn viên),Lời nguyền huyết ngải,actor,bà lão câm
Như Quỳnh (diễn viên),Áo lụa Hà Đông (phim),actor,Bà Phán
Như Quỳnh (diễn viên),Lều chõng (phim truyền hình),actor,Bà Đồ
Như Quỳnh (diễn viên),Đừng bắt em phải quên,actor,Bà Dịu
Như Quỳnh (diễn viên),Người trở về,actor,Mẹ San
Như Quỳnh (diễn viên),Lều chõng (phim),actor,Bà Đồ
Như Quỳnh (diễn viên),Xích lô (phim),actor,Bà Chủ
Như Quỳnh (diễn viên),Bài ca ra trận,actor,Mai
Như Quỳnh (diễn viên),Rượu cần đêm mưa,actor,Mẹ Sa
Ngọc Thu,12A và 4H,actor,Bà Nga
Ngọc Thu,Người Hà Nội (phim),actor,Vợ sau của Dặt
Ngọc Thu,Nhà trọ Balanha,actor,Bà Hòa
Ngọc Thu,Những cô gái trong thành phố,actor,Mẹ Cúc
Văn Toản,12A và 4H,actor,Ông Quyến
Trần Quốc Trọng,12A và 4H,director,Thầy Mẫn
Trần Quốc Trọng,Một lần đi bụi,director,
Trần Quốc Trọng,Mùa lá rụng,director,
Trần Quốc Trọng,Đường đời,director,
Trần Quốc Trọng,Người phán xử (phim truyền hình Việt Nam),actor,Phan Sơn
Trần Quốc Trọng,Ngõ lỗ thủng,director,
Trần Quốc Trọng,Biệt dược đen,actor,Ông Lý Phan
Trần Quốc Trọng,Hoa ban đỏ,director,
Trần Quốc Trọng,Bão qua làng,director,
Trần Quốc Trọng,Hai phía chân trời,director,
Trần Quốc Trọng,Bí thư Tỉnh ủy (phim truyền hình Việt Nam),director,Ông Sắc
Trần Quốc Trọng,Những công dân tập thể,actor,Ông Bang
Trọng Phan,12A và 4H,actor,Thành viên ban giám hiệu
Trọng Phan,Tình yêu bên bờ vực thẳm,director,
An Chinh,Con nhện xanh,actor,Kim Chi
An Chinh,Gặp em ngày nắng,actor,Bà Loan
An Chinh,Con đường sáng (phim dài tập),actor,Vợ Đào Khanh
An Chinh,Người thừa của dòng họ,actor,Duyên
Minh Châu (diễn viên),Con nhện xanh,actor,Kim Phụng
Minh Châu (diễn viên),Tuổi thanh xuân,actor,Mẹ của Phong
Minh Châu (diễn viên),Sang sông,actor,Lành
Minh Châu (diễn viên),Tình xa,actor,Cô Kim Chung
Minh Châu (diễn viên),Bánh đúc có xương,actor,Bà Thiện
Minh Châu (diễn viên),Ba lẻ một,actor,Uyên
Minh Châu (diễn viên),Chiến dịch trái tim bên phải,actor,mẹ Hoài An
Minh Châu (diễn viên),Cỏ lau,actor,Thai
Minh Châu (diễn viên),Không còn gì để nói,actor,Châu
Minh Châu (diễn viên),Hai phía chân trời,actor,Liễu
Minh Châu (diễn viên),Cu li không bao giờ khóc,actor,bà Nguyện
Minh Châu (diễn viên),Bí thư Tỉnh ủy (phim truyền hình Việt Nam),actor,Bà Thường
Minh Châu (diễn viên),Tội lỗi cuối cùng,actor,Trung sĩ Nga
Đức Sơn (diễn viên),Con nhện xanh,actor,Nguyễn Chuẩn
Đức Sơn (diễn viên),Vua bánh mì (phim truyền hình Việt Nam),actor,Ông Bình
Đức Sơn (diễn viên),Vẫn có em bên đời,actor,Ông Thuần
Đức Sơn (diễn viên),Ngọt ngào và man trá,actor,Thành
Nguyễn Thảo,Con nhện xanh,actor,Nguyễn Quyền
Nguyễn Tuấn,Con nhện xanh,actor,Thiêm
Nguyễn Tuấn,Hãy nói lời yêu,actor,Trung
Nguyễn Tuấn,Cải ơi,actor,Bảy Triều
Nguyễn Tuấn,Cải ơi!,actor,Bảy Triều
Văn Thuận,Con nhện xanh,actor,Paul Phách
Văn Thuận,Khi đàn chim trở về,actor,Ông Bôn
Tuấn Phong,Con nhện xanh,actor,Gã người Tàu
Mậu Hòa,Con nhện xanh,actor,Luật sư
Mậu Hòa,Bão qua làng,actor,Bí Thư Cùng các vai diễn khác
Mậu Hòa,Bí thư Tỉnh ủy (phim truyền hình Việt Nam),actor,Ông Quốc
Nam Cường,Con nhện xanh,actor,Thìn
Nam Cường,Đất và người,actor,Tính
Nam Cường,Xuôi ngược đường trần,actor,Ông Phát
Trần Toàn,Con nhện xanh,actor,Trung
Phương Khanh,Một lần đi bụi,actor,Bà Nguyệt
Phương Khanh,Mê cung (phim truyền hình),actor,Bà Quý
Chu Văn Thức,Mùa lá rụng,actor,Ông Bằng
NSƯT Bạch Diện,Mùa lá rụng,actor,Đông
Thanh Lan,Mùa lá rụng,actor,Phượng
Ngân Hà,Mùa lá rụng,actor,Hạnh
Thái An,Mùa lá rụng,actor,Đoan
Thái An,Những nẻo đường gần xa,actor,Bà Ngát
Thái An,Đất và người,actor,Tho
NSƯT Nam Cường,Mùa lá rụng,actor,Cẩm
Bích Liên,Mùa lá rụng,actor,Xuyến
Ngọc Liên,Mùa lá rụng,actor,Bé Lan
Mạnh Tuấn,Mùa lá rụng,actor,Thầy bói
Mạnh Tuấn,Ảo ảnh trắng,actor,Chồng Vân
Mạnh Tuấn,Đất và người,actor,Thống Biệu
NSƯT Thúy Ngân,Mùa lá rụng,actor,Mẹ Phượng
Trà Mi,Mùa lá rụng,actor,Bé Hoạt
Văn Chinh,Mùa lá rụng,actor,Quỳnh
Hồng Hà,Mùa lá rụng,actor,Dương
Nguyễn Thị Tĩnh,Mùa lá rụng,actor,Thành
Phạm Thị Tần,Sang sông,actor,Mẹ Thiện
Thúy Định,Sang sông,actor,Vợ Tuy
Nguyễn Thị Thu An,Ranh giới (phim 2002),actor,Bà vú
Nguyễn Thị Thu An,Mẹ chồng tôi,actor,Bà Hòa
Nguyễn Thị Thu An,Mùa ổi,actor,Bà bán vàng mã
Nguyễn Thị Thu An,Ảo ảnh trắng,actor,Mẹ Doãn
Nguyễn Thị Thu An,Ghen (phim),actor,Mẹ Hiền
Phạm Cường,Ranh giới (phim 2002),actor,Vũ Tiến Trường (bố Nam)
Phạm Cường,Chủ tịch tỉnh (phim truyền hình),actor,Tuệ
Phạm Cường,Vòng nguyệt quế (phim truyền hình),actor,Phan Long
Bạc Mai A,Ranh giới (phim 2002),actor,Phương
Tuấn Quang,Ranh giới (phim 2002),actor,Luật sư Dương
Tuấn Quang,Vệt nắng cuối trời,actor,Trần Chí Giang
Tuấn Quang,Cho em một ngày vui,actor,Huy
Tuấn Quang,Của để dành,actor,Bạn Tiến
Nguyễn Bá Cường,Những người đã hết thời,actor,Ông Đức
Hà Văn Trọng,Những người đã hết thời,actor,Ông Thái
Hà Văn Trọng,Luật đời,actor,Ông Hòe
Hà Văn Trọng,Biển lửa,actor,Phương
Hà Văn Trọng,Chuyện phố phường,actor,Ông Vương
Hà Văn Trọng,Đất và người,actor,Chỉnh
Hà Văn Trọng,Vòng nguyệt quế (phim truyền hình),actor,Ông nội Quang
Hà Văn Trọng,Khi đàn chim trở về,actor,Tổng Biên tập
Thành An,Những người đã hết thời,actor,Xe ôm
Thành An,Chuyện phố phường,actor,Ông Bất
Thành An,Vị tướng tình báo và hai bà vợ,actor,Ông chủ Hoàng
Lý Công,Những người đã hết thời,actor,Bảo kê mỏ vàng 2
Kiều Thanh,Dòng sông phẳng lặng (phim truyền hình),actor,Cúc
Kiều Thanh,Đột kích (phim truyền hình),actor,Phan Hồng Lê
Kiều Thanh,Cuồng phong (phim truyền hình),actor,Bách Thanh
Kiều Thanh,Vệt nắng cuối trời,actor,Thanh Diên
Kiều Thanh,Phía trước là bầu trời,actor,"Trà ""Cave"""
Kiều Thanh,Nhà có ba chị em,actor,Quỳnh
Kiều Thanh,Sinh mệnh (phim),actor,Nga
Kiều Thanh,Hai phía chân trời,actor,Hường
Kiều Thanh,Khi đàn chim trở về,actor,Kiều Loan
Kiều Thanh,Hoa hồng trên ngực trái,actor,Kiều Dung
Đàm Hằng,Dòng sông phẳng lặng (phim truyền hình),actor,Diệu Linh
Đàm Hằng,Tình xa,actor,Ngọc
Lệ Huyền,Dòng sông phẳng lặng (phim truyền hình),actor,Hồng
Huy Trinh,Dòng sông phẳng lặng (phim truyền hình),actor,Mùi
Minh Hải,Dòng sông phẳng lặng (phim truyền hình),actor,Khoa Bảo
Nguyễn Thị Hiền,Dòng sông phẳng lặng (phim truyền hình),actor,Thục Nguyên
Văn Hùng,Dòng sông phẳng lặng (phim truyền hình),actor,Rôbớc Lin
Thế Lân,Dòng sông phẳng lặng (phim truyền hình),actor,Ba Hô răng
Bách Thủy,Dòng sông phẳng lặng (phim truyền hình),actor,Thẻo
Hoàng Mai,Luật đời,actor,Miên
Hoàng Mai,Ghét thì yêu thôi,actor,Bố Kiên
Hoàng Mai,Cô gái nhà người ta,actor,Thanh tra Tỉnh
Hoàng Mai,Những cô gái trong thành phố,actor,Sỹ
Mẫn Đức Kiên,Luật đời,actor,Cường
Cát Trần Tùng,Luật đời,actor,Sản
Minh Quốc,Luật đời,actor,Diển
Minh Quốc,Cầu thang nhà A6,actor,Michael Tín
Trần Thụ,Luật đời,actor,Ông Hân
Trần Thụ,Chủ tịch tỉnh (phim truyền hình),actor,Tuyến
Văn Thắng,Luật đời,actor,Quân
Hồng Thêu,Luật đời,actor,Dự
Thanh Lâm,Cuồng phong (phim truyền hình),actor,Bích
Sỹ Hoài,Cuồng phong (phim truyền hình),actor,Tuấn Sát thủ
NSƯT Tuấn Cường,Đầm lầy bạc,actor,Phúc
Phùng Tiến Minh,Đầm lầy bạc,actor,Thông
Phùng Tiến Minh,Chủ tịch tỉnh (phim truyền hình),actor,Lai
Phùng Tiến Minh,Hướng dương ngược nắng,actor,Quản lý quán cà phê
Phùng Tiến Minh,Những nhân viên gương mẫu,actor,Ông Hảo
Phùng Tiến Minh,Vị tướng tình báo và hai bà vợ,actor,Quan sứ Mật thám Pháp
Thanh Hoa,Đầm lầy bạc,actor,Diệu Linh
Thanh Hoa,Chủ tịch tỉnh (phim truyền hình),actor,Kim
Thanh Hoa,Mùa xuân ở lại,actor,Duyên
Quỳnh Tứ,Đầm lầy bạc,actor,Yến
Pha Lê,Đầm lầy bạc,actor,Ngọc Mi
Văn Báu,Đầm lầy bạc,actor,Thủ trưởng Thành
Văn Báu,Thái sư Trần Thủ Độ (phim truyền hình),actor,Đỗ Xuân Ấu
Văn Báu,Người phán xử (phim truyền hình Việt Nam),actor,
Văn Báu,Đi qua mùa hạ,actor,Ông Trọng (Bố Thanh)
NSƯT Lệ Thu,Chủ tịch tỉnh (phim truyền hình),actor,Cầm
NSƯT Tiến Mộc,Chủ tịch tỉnh (phim truyền hình),actor,Ông Sính
NSƯT Tiến Mộc,Hoa bay,actor,Ông Slang
NSƯT Tiến Mộc,Tình yêu không hẹn trước,actor,Bác Bình
NSƯT Tiến Mộc,Kẻ ăn hồn,actor,ông Mộc Tang
NSƯT Tiến Mộc,Bão qua làng,actor,Bân
NSƯT Tiến Mộc,Cầu vồng tình yêu,actor,Cụ Mộc
Vi Cầm,Chủ tịch tỉnh (phim truyền hình),actor,Hương Bình
Vi Cầm,Chuyện phố phường,actor,Hà
Vi Cầm,Hai phía chân trời,actor,Phương
Vi Cầm,Đất và người,actor,Mận
Vi Cầm,Hoa cỏ may,actor,Na
Vi Cầm,Mùa hè rớt,actor,Điệp
Thùy Hương,Chủ tịch tỉnh (phim truyền hình),actor,Thu
Thanh Duyên,Chủ tịch tỉnh (phim truyền hình),actor,Duyên
Thanh Duyên,Khi đàn chim trở về,actor,Bà Hoạt ===Phần 2===
Sĩ Toàn,Chủ tịch tỉnh (phim truyền hình),actor,Hàm
Cường Việt,Thái sư Trần Thủ Độ (phim truyền hình),actor,Đàm Thì Phụng
Cường Việt,Giao mùa,actor,Ông Hoàng
Cường Việt,Mùa ổi,actor,Trưởng phòng Giáo vụ
Cường Việt,Vòng nguyệt quế (phim truyền hình),actor,Tổng biên tập Bảo
Nguyễn Thu Hà,Thái sư Trần Thủ Độ (phim truyền hình),actor,Lành
Nguyễn Thị Mai Chi,Thái sư Trần Thủ Độ (phim truyền hình),actor,Thuận Hoa
Phan Anh,Thái sư Trần Thủ Độ (phim truyền hình),actor,Vũ Đình Kỷ
Mai Thị Như Quỳnh,Thái sư Trần Thủ Độ (phim truyền hình),actor,Mỵ Liên
Nguyễn Đức Hưng,Thái sư Trần Thủ Độ (phim truyền hình),actor,Tùy tướng của Quách Bốc
Trịnh Văn Huy,Thái sư Trần Thủ Độ (phim truyền hình),actor,Đoàn Long
Vũ Văn Trung,Thái sư Trần Thủ Độ (phim truyền hình),actor,Tô Vĩ
Nguyễn Đình Chiến,Thái sư Trần Thủ Độ (phim truyền hình),actor,Thái giám Mão
Đào Thế Hoàng,Thái sư Trần Thủ Độ (phim truyền hình),actor,Thái giám Ngọ
Quách Xuân Cương,Thái sư Trần Thủ Độ (phim truyền hình),actor,Quan trong triều
Hoàng Phương Anh,Chạm tay vào nỗi nhớ,actor,Lăng Tiên
Nguyễn Ngọc Dương,Chạm tay vào nỗi nhớ,actor,Lân
Nguyễn Xuân Phúc,Chạm tay vào nỗi nhớ,actor,Bằng
Duy Thanh,Chạm tay vào nỗi nhớ,actor,Triệu Quốc
Duy Thanh,Mùa ổi,actor,Bác sỹ 1
Duy Thanh,Chạy án,actor,Túy
Duy Thanh,Cho em một ngày vui,actor,Khang
Duy Thanh,Đất và người,actor,Thủ
Duy Thanh,Khi đàn chim trở về,actor,Ông Kiểm
Hồ Sỹ Hoài,Chạm tay vào nỗi nhớ,actor,Nhà thiết kế thời trang Ngô Quang Hưng
Hồ Sỹ Hoài,Khi đàn chim trở về,actor,Trung đồ tể
Chi Hoa,Giọt nước rơi,actor,Lệ Anh
Văn Hoàng,Giọt nước rơi,actor,Hiệp
Trần Thúy An,Giọt nước rơi,actor,Trà
Trần Thúy An,Tình yêu không hẹn trước,actor,Phương
Vũ Hải,Hoa bay,actor,Ngôn Trọc
Vũ Hải,Người phán xử (phim truyền hình Việt Nam),actor,"Hùng ""cá rô"""
Hồng Đăng (diễn viên),Người phán xử (phim truyền hình Việt Nam),actor,(Phan) Lê Thành
Hồng Đăng (diễn viên),Cầu vồng tình yêu,actor,Minh Khang
Hồng Đăng (diễn viên),"Zippo, mù tạt và em",actor,Huy
Hồng Đăng (diễn viên),Tuổi thanh xuân,actor,Nguyễn Minh Khánh
Hồng Đăng (diễn viên),Cả một đời ân oán,actor,Vũ Lê Phong
Hồng Đăng (diễn viên),Người cộng sự,actor,Trần Đông Phong
Hồng Đăng (diễn viên),Những ngày không quên,actor,Bảo
Hồng Đăng (diễn viên),Mê cung (phim truyền hình),actor,Thiếu tá Nguyễn Minh Khánh
Hồng Đăng (diễn viên),Mátxcơva - Mùa thay lá,actor,Minh
Hồng Đăng (diễn viên),Con đường sáng (phim dài tập),actor,Đào Phúc Sơn {{Small|(danh đề
Hồng Đăng (diễn viên),Chỉ có thể là yêu (phim truyền hình Việt Nam),actor,Huy Khánh
Hồng Đăng (diễn viên),Chỉ có thể là yêu (phim Việt Nam),actor,Huy Khánh
Hồng Đăng (diễn viên),Hoa hồng trên ngực trái,actor,Bảo
Bảo Thanh (diễn viên),Người phán xử (phim truyền hình Việt Nam),actor,Trần Mỹ Hạnh
Bảo Thanh (diễn viên),Ngày ấy mình đã yêu,actor,Sol
Bảo Thanh (diễn viên),Về nhà đi con,actor,Anh Thư
Bảo Thanh (diễn viên),Những người viết huyền thoại,actor,Y tá Mai
Bảo Thanh (diễn viên),Những ngày không quên,actor,Anh Thư
Bảo Thanh (diễn viên),Giọt nước rơi,actor,Trâm
Bảo Thanh (diễn viên),Những người viết huyền thoại (phim),actor,Y tá Mai
Bảo Thanh (diễn viên),Chỉ có thể là yêu (phim truyền hình Việt Nam),actor,Ngọc
Bảo Thanh (diễn viên),Vào Nam ra Bắc,actor,Nụ
Bảo Thanh (diễn viên),Hợp đồng hôn nhân (phim truyền hình),actor,Quỳnh
Bảo Thanh (diễn viên),Chỉ có thể là yêu (phim Việt Nam),actor,Ngọc
Bảo Thanh (diễn viên),Trò đời,actor,Đũi
Bảo Thanh (diễn viên),Người chồng điên,actor,Ngọc Diệp
Hồng Quân,Người phán xử (phim truyền hình Việt Nam),actor,"Phúc ""hô"""
Hồng Quân,Xin hãy tin em (phim truyền hình),actor,Tiến Bốp
Hồng Quân,Khi đàn chim trở về,actor,Lâm
Đào Thanh Bi,Người phán xử (phim truyền hình Việt Nam),actor,Vân Điệp
Lê Ngọc Quang,Người phán xử (phim truyền hình Việt Nam),actor,"Huy ""kình"""
Lê Ngọc Quang,Đấu trí (phim truyền hình Việt Nam),actor,"Ngô Đức Thịnh (Thịnh ""đầu bạc"")"
Lê Ngọc Quang,Độc đạo,actor,Trương Lộ
Lê Ngọc Quang,Khi đàn chim trở về,actor,Quản Còi
Tiến Hợi,Người phán xử (phim truyền hình Việt Nam),actor,Thiếu tướng Hảo
Đinh Trọng Nguyên,Người phán xử (phim truyền hình Việt Nam),actor,
Bé Nam Anh,Người phán xử (phim truyền hình Việt Nam),actor,Bé Phan Hưng
Thanh Sơn (diễn viên),Người phán xử (phim truyền hình Việt Nam),actor,Châu Việt Sơn
Thanh Sơn (diễn viên),Đấu trí (phim truyền hình Việt Nam),actor,Đại uý Lê Anh Vũ
Thanh Sơn (diễn viên),Hoa nở trái mùa,actor,Đức
Thanh Sơn (diễn viên),Cả một đời ân oán,actor,Vũ Hoàng Khôi
Thanh Sơn (diễn viên),Tình yêu và tham vọng,actor,Sơn
Thanh Sơn (diễn viên),Chạm tay vào nỗi nhớ,actor,Lớp trưởng Tài
Thanh Sơn (diễn viên),Đừng bắt em phải quên,actor,Duy
Thanh Sơn (diễn viên),Lời thì thầm từ quá khứ,actor,Kiên
Thanh Sơn (diễn viên),Yêu hơn cả bầu trời,actor,Nguyễn Tuấn Thiên
Thanh Sơn (diễn viên),Nhà trọ Balanha,actor,Khách mời (Chính mình)
Thanh Sơn (diễn viên),Tử chiến trên không,actor,Bình
Thanh Sơn (diễn viên),Chỉ có thể là yêu (phim truyền hình Việt Nam),actor,Duy
Thanh Sơn (diễn viên),11 tháng 5 ngày,actor,Hải Đăng
Thanh Sơn (diễn viên),Chỉ có thể là yêu (phim Việt Nam),actor,Duy
Tùng Dương (diễn viên),Người phán xử (phim truyền hình Việt Nam),actor,"Đồng ""Cá Ngão"""
Tùng Dương (diễn viên),Dòng sông phẳng lặng (phim truyền hình),actor,Trần Long
Tùng Dương (diễn viên),Đầm lầy bạc,actor,Bằng
Tùng Dương (diễn viên),Chuyện phố phường,actor,Lân
Tùng Dương (diễn viên),Mảnh đời của Huệ (phim),actor,Long
Tùng Dương (diễn viên),Ngự lâm không kiếm,actor,Lý Phong
Tùng Dương (diễn viên),Khi đàn chim trở về,actor,Vương
Tùng Dương (diễn viên),Mảnh đời của Huệ,actor,Long
Hán Huy Bách,Người phán xử (phim truyền hình Việt Nam),actor,Đức Vượng
Hán Huy Bách,Mê cung (phim truyền hình),actor,Đặng Lân
Hán Huy Bách,Mùa hoa tìm lại,actor,Nghĩa
Hán Huy Bách,Đừng làm mẹ cáu,actor,Viễn
Trịnh Mai Nguyên,Đấu trí (phim truyền hình Việt Nam),actor,Đoàn Phát
Trịnh Mai Nguyên,Biệt dược đen,actor,Ông Hiếu
Trịnh Mai Nguyên,Khi đàn chim trở về,actor,Ông Đại
Lê Hồng Quang (diễn viên),Đấu trí (phim truyền hình Việt Nam),actor,Thượng tá Chu Văn Bàng
Lê Hồng Quang (diễn viên),Chạm tay vào nỗi nhớ,actor,Khôi Bột
Trần Thị Diễm Hương,Đấu trí (phim truyền hình Việt Nam),actor,Hoa
Chu Quỳnh Chi,Đấu trí (phim truyền hình Việt Nam),actor,Bé Thư
Kiều Minh Hiếu,Đấu trí (phim truyền hình Việt Nam),actor,Lê Bình
Minh Hằng (diễn viên),Đấu trí (phim truyền hình Việt Nam),actor,Bà Mỹ
Minh Hằng (diễn viên),Những nhân viên gương mẫu,actor,Bà Phượng
Minh Hằng (diễn viên),Những công dân tập thể,actor,Bà Lạng
Chí Dương,Đấu trí (phim truyền hình Việt Nam),actor,Thiếu tá Nguyễn Mạnh Trường
Lưu Duy Khánh,Đấu trí (phim truyền hình Việt Nam),actor,Thiếu uý Nguyễn Bá Thành
Lưu Duy Khánh,Mặt nạ gương,actor,Thượng uý Phạm Hoàng An
Lưu Duy Khánh,Lựa chọn số phận,actor,Chức
Lưu Duy Khánh,Hướng dương ngược nắng,actor,Đông
Lưu Duy Khánh,Hãy nói lời yêu,actor,Khánh
Hoàng Khải,Đấu trí (phim truyền hình Việt Nam),actor,Thiếu tướng Nguyễn Quân
Hoàng Khải,Đừng làm mẹ cáu,actor,Ông Quảng
Tiến Huy,Đấu trí (phim truyền hình Việt Nam),actor,Phạm Văn Thiện
Tiến Huy,Gặp em ngày nắng,actor,Tân
Tiến Huy,Lối nhỏ vào đời,actor,Chồng Hồng
Minh Cúc,Đấu trí (phim truyền hình Việt Nam),actor,Thảo
Minh Cúc,Lời thì thầm từ quá khứ,actor,Mai
Cao Môn,Đấu trí (phim truyền hình Việt Nam),actor,Ông Xuân
Thanh Huyền,Đấu trí (phim truyền hình Việt Nam),actor,Trần Thị Nguyệt
Thanh Huyền,Cỏ lau,actor,Thơm
Xuân Đồng,Đấu trí (phim truyền hình Việt Nam),actor,Trần Năm
Hồ Uy Linh,Đấu trí (phim truyền hình Việt Nam),actor,Luật sư Lê Văn Huy
Hồ Uy Linh,Mê cung (phim truyền hình),actor,Kế toán Lê Trần Nghĩa (Dương vô diện)
Hồ Uy Linh,Lựa chọn số phận,actor,Tùng
Linh Hương,Đấu trí (phim truyền hình Việt Nam),actor,Nhi
Linh Hương,Mùa hoa tìm lại,actor,Hương
Linh Hương,Nơi giấc mơ tìm về,actor,Hương
Tùng Anh,Đấu trí (phim truyền hình Việt Nam),actor,Trợ lý Công
Tùng Anh,Mùa hoa tìm lại,actor,Khải
Xuân Thắng,Đấu trí (phim truyền hình Việt Nam),actor,"Thắng ""ma xó"""
Xuân Thắng,Gara hạnh phúc,actor,Vĩnh
Xuân Thắng,Lối nhỏ vào đời,actor,Gã đòi nợ thuê
Nguyễn Tiến Việt,Đấu trí (phim truyền hình Việt Nam),actor,Vương
Trần Tài,Đấu trí (phim truyền hình Việt Nam),actor,Quốc
Trần Tài,Mê cung (phim truyền hình),actor,Khải phóng viên
Trần Tài,Dưới bóng cây hạnh phúc,actor,Lợi
Trần Tài,Hoa hồng trên ngực trái,actor,Giang
Lâm Hoàng,Đấu trí (phim truyền hình Việt Nam),actor,"Tiến ""thổ"""
Dung Kim,Gara hạnh phúc,actor,Mẹ Sơn Ca lúc trẻ
Lê Hoàng Long,Gara hạnh phúc,actor,Bảo
Lê Hoàng Long,Đừng làm mẹ cáu,actor,Long
Lê Hoàng Long,Biệt dược đen,actor,Thượng úy Phạm Minh Cảnh
Xuân Luyện,Gara hạnh phúc,actor,Bùi
Mạnh Hoàng,Gara hạnh phúc,actor,Quốc
Đặng Công Đại,Gara hạnh phúc,actor,Hiệp
Lan Hương (diễn viên sinh 1961),Vệt nắng cuối trời,actor,Bà Thành
Lan Hương (diễn viên sinh 1961),Gặp em ngày nắng,actor,Bà Thương
Lan Hương (diễn viên sinh 1961),Những nhân viên gương mẫu,actor,Bà Như Ý
Lan Hương (diễn viên sinh 1961),Những công dân tập thể,actor,Bà Nha
Nguyễn Anh Dũng (diễn viên),Niệm khúc cuối,director,
Nguyễn Anh Dũng (diễn viên),Vệt nắng cuối trời,actor,Ông Thành
Nguyễn Anh Dũng (diễn viên),Người Hà Nội (phim),actor,Dụ
Trung Hiếu (diễn viên),Vệt nắng cuối trời,actor,Thức
Trung Hiếu (diễn viên),Ngọt ngào và man trá,actor,Dương
Trung Hiếu (diễn viên),Gia đình số đỏ,actor,Phát Lộc
Xuân Thịnh,Vệt nắng cuối trời,actor,Út
Nguyễn Thị Hạnh,Vệt nắng cuối trời,actor,Bà Tích
Lê Huyền Trang,Mê cung (phim truyền hình),actor,Thiếu úy Phạm Thu Hiền
Bích Thủy,Mê cung (phim truyền hình),actor,Bà Xuân Nghi
Bích Thủy,Nơi giấc mơ tìm về,actor,Giúp việc nhà Gia An
Bích Thủy,Bí thư Tỉnh ủy (phim truyền hình Việt Nam),actor,Hiền
Bích Thủy,Hoa hồng trên ngực trái,actor,Bà Đại
Huyền Trang Mù Tạt,Mê cung (phim truyền hình),actor,Đồng Ngọc Lan (phần 1
Huyền Trang Mù Tạt,Anh có phải đàn ông không,actor,Lan Anh
Huyền Trang Mù Tạt,Biệt dược đen,actor,Thiếu tá Trương Mỹ Lan
Huyền Trang Mù Tạt,11 tháng 5 ngày,actor,Trang
Mạnh Dũng,Mê cung (phim truyền hình),actor,Quang lác
Mạnh Dũng,Kẻ không cầu may,actor,Ông Khả
Minh Thắng,Mê cung (phim truyền hình),actor,Kỷ
Thiện Hùng,Mê cung (phim truyền hình),actor,Đồng Huy
Thiện Hùng,Yêu hơn cả bầu trời,actor,Hải (lúc trẻ)
Tuyết Bít,Đừng bắt em phải quên,actor,Xuân
Châu Dương,Đừng bắt em phải quên,actor,Quyên
Ngọc Crystal Eyes,Đừng bắt em phải quên,actor,Phương
Ngọc Crystal Eyes,Những cô gái trong thành phố,actor,Hoài Xuân
Trang Hoàng,Đừng bắt em phải quên,actor,Hoa - lúc trẻ
Nguyễn Nhàn,Đừng bắt em phải quên,actor,Thanh
Tạ Tuấn Minh,Mặt nạ gương,actor,Bắc
Thanh Thanh Hiền,Mặt nạ gương,actor,Bà Nhung
Xuân Thông,Mặt nạ gương,actor,Tân
Nguyễn Quỳnh Trang,Mặt nạ gương,actor,Hạnh
Nguyễn Quỳnh Trang,"Chồng cũ, vợ cũ, người yêu cũ",actor,Mai Anh (Thỏ)
Hà Đan,Cuộc đời vẫn đẹp sao (phim truyền hình),actor,Nga
Lê Minh Tuấn,Cuộc đời vẫn đẹp sao (phim truyền hình),actor,Bố Luyến
Can Đình Đình,"Hà Nội, Hà Nội",actor,Tô Tô / Vũ Hương (Bà của Tô Tô)
Nguyễn Đức Trung,Điều bí mật,actor,Minh
Lê Hồng Nguyên,Điều bí mật,actor,Bình
Lê Quốc Thắng,Điều bí mật,actor,Hiếu
Lê Quốc Thắng,Lời thú nhận của Eva,actor,Lâm
Diệp Bích,Điều bí mật,actor,Mẹ Cường
Diệp Bích,Lời thì thầm từ quá khứ,actor,Bà Tâm
Diệp Bích,Giao mùa,actor,Bà Ngân
Diệp Bích,Gặp em ngày nắng,actor,Bà Mai
Diệp Bích,Phía trước là bầu trời,actor,Cô Nhàn
Hồ Liên,Điều bí mật,actor,Bà Đoàn
Hồ Liên,Mùa hoa tìm lại,actor,Bà Vải
Hồ Liên,Bão qua làng,actor,Mắn
Hồ Liên,Đất và người,actor,Hợi
Huyền Thanh,Điều bí mật,actor,Bà Dung Và một số diễn viên khác
Huyền Thanh,Vòng nguyệt quế (phim truyền hình),actor,Mẹ Quang
Huyền Thanh,Của để dành,actor,Mẹ Lan
Lâm Vissay,Thương nhớ ở ai,actor,Vạn
Lâm Vissay,Tiệm ăn dì ghẻ,actor,Đại Gia Tư
Lâm Vissay,Hợp đồng hôn nhân (phim truyền hình),actor,Dũng
Lâm Vissay,Hai phía chân trời,actor,Mạnh
Lâm Vissay,Khi đàn chim trở về,actor,Long đầu đất
Trà My,Thương nhớ ở ai,actor,Hạnh
Trà My,Mùa ổi,actor,Thủy (lúc bé)
Hồng Kim Hạnh,Thương nhớ ở ai,actor,Hơn
Hồng Kim Hạnh,Tiệm ăn dì ghẻ,actor,Kim
Hồng Kim Hạnh,Hãy cùng em điệu Sarikakeo,actor,Vani
Thanh Ngoan,Thương nhớ ở ai,actor,Bà Bánh
Thanh Ngoan,Chuyện nhà Mộc,actor,Vợ Thành
Jimmii Khánh,Thương nhớ ở ai,actor,Đột
Nguyễn Hữu Mười,Lựa chọn số phận,actor,Thẩm phán Trần Công Minh
Nguyễn Hữu Mười,Hà Nội mùa Đông năm 46,director,
Nguyễn Hữu Mười,Hà Nội mùa đông năm 46,director,
Nguyễn Hữu Mười,Mùi cỏ cháy,director,Hoàng 60 tuổi
"Lê Hồng Liên (Liên ""Tít"")",Lựa chọn số phận,actor,Bồ Tình
Thuỳ Linh,Lựa chọn số phận,actor,Thư kí Hoàng Thanh Liên
Nguyễn Khánh Long,Lựa chọn số phận,actor,Bình
Hương Lý,Hướng dương ngược nắng,actor,Bà Hảo
Minh Tuấn,Hướng dương ngược nắng,actor,Văn
Minh Tuấn,Vị tướng tình báo và hai bà vợ,actor,Đồn trưởng
Minh Tuấn,Khi đàn chim trở về,actor,Hoàng ===Phần 3===
Hàn Trang,Hướng dương ngược nắng,actor,Hà
Hàn Trang,Nhà trọ Balanha,actor,Ly
Tiến Minh,Hướng dương ngược nắng,actor,Ông Lâm
Khôi Linh,Hướng dương ngược nắng,actor,Phúc (lúc nhỏ)
Bé Phụng Nghi,Mùa hoa tìm lại,actor,Bé Ngân
Bé Phụng Nghi,Những nhân viên gương mẫu,actor,Bé Mít
Bé Phụng Nghi,Hoa hồng trên ngực trái,actor,Mun
Bé Thiện Huy,Mùa hoa tìm lại,actor,Bin
Hoàng Vũ,Mùa hoa tìm lại,actor,Xuân
Trần Hoàng,Anh có phải đàn ông không,actor,Hoàng
Trần Hoàng,Tết này ai đến xông nhà,actor,Cậu bé ở công viên
Nam Việt,Anh có phải đàn ông không,actor,Phong
Nam Việt,"Không ngại cưới, chỉ cần một lý do",actor,Quang
Đỗ Huệ,Anh có phải đàn ông không,actor,Linh
Phúc Minh,Anh có phải đàn ông không,actor,Tuấn Khang lúc nhỏ
Ngô Mai Phương,Đừng làm mẹ cáu,actor,Yến
Ngô Mai Phương,Yêu hơn cả bầu trời,actor,Mai
Lê Tuấn Thành,Đừng làm mẹ cáu,actor,Minh
Lê Tuấn Thành,Những nẻo đường gần xa,actor,Tuấn
Lê Tuấn Thành,Thông gia ngõ hẹp,actor,Ông Khôi lúc trẻ
Lê Tuấn Thành,Nơi giấc mơ tìm về,actor,Mạnh
Thương Cin,Đừng làm mẹ cáu,actor,Xuân
Lan Anh,Đừng làm mẹ cáu,actor,Bình
Lan Anh,Kẻ không cầu may,actor,Lan
Phạm Hồng,Đừng làm mẹ cáu,actor,Cô giáo của Happy và Voi
Trần Bảo Nam,Đừng làm mẹ cáu,actor,Đức Quân lúc nhỏ
Trần Bảo Nam,Dưới bóng cây hạnh phúc,actor,Sóc …
Việt An,Tình yêu không hẹn trước,actor,Vũ
Đặng Loan,Tình yêu không hẹn trước,actor,Hiên === Diễn viên phụ ===
NSƯT Huyền Thanh,Tình yêu không hẹn trước,actor,Bà Tâm
NSƯT Huyền Thanh,Lời thì thầm từ quá khứ,actor,Thầy bói
Hồng Lê,Tình yêu không hẹn trước,actor,Hiền
Hồng Lê,Trò đời,actor,Cúc
Mi Hai,Tình yêu không hẹn trước,actor,Joe
NSƯT Tuyết Mai,Tình yêu không hẹn trước,actor,Bà ngoại Hiền
NSƯT Sơn Đồng,Tình yêu không hẹn trước,actor,Bố Hiên
Tuyết Liên,Lời thú nhận của Eva,actor,Bà Nghi
Tuyết Liên,Tình xa,actor,Bà Di
Tuyết Liên,Vũ khúc ánh trăng,actor,Mẹ chồng
Tuyết Liên,Tết này ai đến xông nhà,actor,Người bán phở rong
Tuyết Liên,Chuyện nhà Mộc,actor,Mẹ Đào
Tuyết Liên,Cầu thang nhà A6,actor,Mẹ Thành
Tuyết Liên,Mảnh đời của Huệ (phim),actor,Bà hàng nước Và một số diễn viên khác
Tuyết Liên,Mảnh đời của Huệ,actor,Bà hàng nước Và một số diễn viên khác
Nguyễn Văn Đức,Lời thú nhận của Eva,actor,Bé Min
Vũ Thủy,Lời thì thầm từ quá khứ,actor,Dũng
Vũ Đình Thân,Lời thì thầm từ quá khứ,actor,Ông Đông
Vũ Đình Thân,Ám ảnh xanh,director,
Vũ Đình Thân,Những người thợ xẻ (phim),actor,Thuyết
Vũ Đình Thân,Mùi cỏ cháy,director,
NSƯT Cường Việt,Lời thì thầm từ quá khứ,actor,Ông Minh
Phạm Dương,Lời thì thầm từ quá khứ,actor,Tổng biên tập
Trương Việt Thường,Lời thì thầm từ quá khứ,actor,Giáo sư Lâm
Kim Hùng,Lời thì thầm từ quá khứ,actor,Thìn đại ca
Võ sư Khắc Trịnh,Lời thì thầm từ quá khứ,actor,Đại gia Thu
Ngô Long,Lời thì thầm từ quá khứ,actor,Dũng
Văn Quan,Lời thì thầm từ quá khứ,actor,Du
Quang Vịnh,Lời thì thầm từ quá khứ,actor,Ông Bình
Võ sư Sỹ Lai,Lời thì thầm từ quá khứ,actor,Lê Văn Việt
Phanh Lee,Trái tim có nắng,actor,Ngân
Duy Long,Trái tim có nắng,actor,Chuột Nhắt
Lyudmila Safonova,Tình khúc bạch dương,actor,Bà Anna === Diễn viên phụ ===
Ngô Thu Thuận,Tình khúc bạch dương,actor,Hạnh
Ngô Thu Thuận,Độc đạo,actor,Vợ Thanh
Ngô Thu Thuận,Những nhân viên gương mẫu,actor,Tiên
Michel Pham,Tình khúc bạch dương,actor,Ivan
Nguyễn Mai Phương,Tình khúc bạch dương,actor,Tiến
Đoàn Hải Linh,Tình khúc bạch dương,actor,Toàn
Miyagi Karin,Dưới bầu trời xa cách,actor,Eri
Teruya Toshiyuki,Dưới bầu trời xa cách,actor,Higa
Hương Giang diễn viên sinh 1989,Dưới bầu trời xa cách,actor,Mỹ Hương
Yoshida Taeko,Dưới bầu trời xa cách,actor,Taeko
Kyan Hitomi,Dưới bầu trời xa cách,actor,Hitomi
Arakaki Masahiro,Dưới bầu trời xa cách,actor,Euun
Kuroshima Emiru,Dưới bầu trời xa cách,actor,Sari
Omine Jun,Dưới bầu trời xa cách,actor,Uema
Akabana Seinenkai,Dưới bầu trời xa cách,actor,Sawai
David Shen,Dưới bầu trời xa cách,actor,Kudaka
Shiroma Yuri,Dưới bầu trời xa cách,actor,Konchida
Shiroma Yayol,Dưới bầu trời xa cách,actor,Quản lý
Kisyaba Izumi,Dưới bầu trời xa cách,actor,Nhân viên bán hàng
Nguyễn Hương Giang,Lặng yên dưới vực sâu,actor,Xi
Huy Toàn,Lặng yên dưới vực sâu,actor,Dính
Hoàng Kim,Lặng yên dưới vực sâu,actor,Tân
Diệu Hoa,Lặng yên dưới vực sâu,actor,Liên
Cường Kiên,Lặng yên dưới vực sâu,actor,Bố Dính
Cường Kiên,Vũ khúc ánh trăng,actor,Bố Lài
Hoàn Thùng,Lặng yên dưới vực sâu,actor,Mẹ đẻ Phỗng
Đức Khang,Lặng yên dưới vực sâu,actor,Ông chăn bò
Lý Mí Hùng,Lặng yên dưới vực sâu,actor,Ông chủ rửa xe
Bé Hoàng,Lặng yên dưới vực sâu,actor,Bé Pó
Vũ Phan Anh,Đi qua mùa hạ,actor,Dũng ===Diễn viên phụ===
Cẩm Nhung,Đi qua mùa hạ,actor,Xuân
Anh Vũ,Đi qua mùa hạ,actor,Vũ
Hoàng Liên,Đi qua mùa hạ,actor,Bà Nội
Lệ Mỹ,Đi qua mùa hạ,actor,Mợ Phương
Lệ Mỹ,Những cô gái trong thành phố,actor,Bà Hoạt
Hoàng Thu Trang,Ghét thì yêu thôi,actor,Phương Anh
Trương Tùng Lan,Ghét thì yêu thôi,actor,Ly
Đặng Ngọc Dũng,Ghét thì yêu thôi,actor,Sỹ
Hoàng Thanh Dương,Ghét thì yêu thôi,actor,Ông Trọng
Hoàng Thanh Dương,Vào Nam ra Bắc,actor,Hải
St 319 Entertainment,Ghét thì yêu thôi,actor,Học viên Và một số diễn viên khác
Bé Gia Hân,Cô gái nhà người ta,actor,Bé Nga
Đỗ Triệu,Cô gái nhà người ta,actor,Thầy Hiệu trưởng
Đỗ Triệu,Lối nhỏ vào đời,actor,Thầy hiệu phó
Đức Trường,Cô gái nhà người ta,actor,Phóng viên
Bùi Hoàn,Cô gái nhà người ta,actor,Thanh niên dọa ma
Khánh Long,Cô gái nhà người ta,actor,Bác sĩ 1
Thành Đức,Cô gái nhà người ta,actor,Bác sĩ 2
Văn Huấn,Cô gái nhà người ta,actor,Bạn Khoa 1
Hoàng Tiphu,Cô gái nhà người ta,actor,Bạn Khoa 2
Hồ Lan,Cô gái nhà người ta,actor,Bà Hưởng
Nguyễn Anh Đào,Gặp em ngày nắng,actor,Phương
Yến My,Gặp em ngày nắng,actor,Quỳnh
Bùi Gia Nghĩa,Gặp em ngày nắng,actor,Cu Tít
Tú Lan,Gặp em ngày nắng,actor,Bà Liên
Ngọc Vân,Gặp em ngày nắng,actor,Bà Ngà
Lê Quang Vinh,Rừng thế mạng,actor,Hoàng
Tiến Dũng,Hai bến một dòng sông,actor,Đĩnh
Thúy Vi,Hai bến một dòng sông,actor,Liên
Hải Điệp,Hai bến một dòng sông,actor,ông Phạm Và một số diễn viên khác
Hải Điệp,Chuyện nhà Mộc,actor,Ông Mộc
Nguyễn Thành Vinh,Phía trước là bầu trời,actor,Nam
Hoàng Tuấn,Phía trước là bầu trời,actor,Quyết
Việt Linh,Phía trước là bầu trời,actor,Hòa
Việt Linh,Tiệc trăng máu,actor,Ánh Dương
Hán Văn Tình,Phía trước là bầu trời,actor,Ông Toàn
Hán Văn Tình,Đất và người,actor,Chu Văn quyềnh
Xuân Thức,Phía trước là bầu trời,actor,Bà Hạc
Xuân Thức,Mùa ổi,actor,mẹ Huệ
Lim Yong Hoon,Phía trước là bầu trời,actor,Chang
Trí Đức,Phía trước là bầu trời,actor,Nam Khánh
Trí Đức,Hoa hồng trên ngực trái,actor,Tuấn
Đức Thuận,Phía trước là bầu trời,actor,Sơn
Lan Minh,Phía trước là bầu trời,actor,Mẹ Quyết
Atsadawut Luengsuntorn,Tình xa,actor,Đen
Siriwan Yoisagul,Tình xa,actor,Mảy
Junko Takakuwa,Tình xa,actor,Michiko
Peter Akesson,Tình xa,actor,Thomas
Văn Lượng,Tình xa,actor,Thành
Văn Lượng,Con mắt bão,director,
Kanang Amatyakul,Tình xa,actor,Cô Phon
Thương An,Tình xa,actor,Trưởng đoàn
Đặng Tản,Tình xa,actor,Bà Mế
Naolprang Trichit,Tình xa,actor,Nongnut
Pojet Kanpetch,Tình xa,actor,Nidom
Huệ Đàn,Người Hà Nội (phim),actor,Bình
Mạnh Linh,Người Hà Nội (phim),actor,Ông Tướng
Mạnh Linh,Vĩ tuyến 17 ngày và đêm,actor,Anh Lành
NSƯT Minh Tâm,Người Hà Nội (phim),actor,Cụ giáo Khang
Hồng Minh,Người Hà Nội (phim),actor,Bồ của Dụ
Hồng Minh,Con mắt bão,actor,ông Bắc
Đới Lan Anh,Người Hà Nội (phim),actor,Niên Thảo
Phạm Thu Thủy,Mùa ổi,actor,Loan
Phạm Thu Thủy,Tết này ai đến xông nhà,actor,Thu Vân
Lê Thị Hương Thảo,Mùa ổi,actor,Huệ
Phạm Khắc Lãm,Mùa ổi,actor,Luật sư
Thúy Ngần,Mùa ổi,actor,bà cấp dưỡng
Đặng Thị Tản,Mùa ổi,actor,bà vú em
Vũ Tăng,Mùa ổi,actor,bố Huệ
Vũ Tăng,Gió qua miền tối sáng,actor,Ông già coi đền
Lê Sỹ,Mùa ổi,actor,Luật sư 1
Nguyễn Văn Hoan,Mùa ổi,actor,Luật sư 2
Tuấn Dương,Mùa ổi,actor,Tự vệ dân phố
Tuấn Dương,Đất và người,actor,Cao
Tuấn Dương,Khi đàn chim trở về,actor,Ông Đa
Tuấn Dương,Của để dành,actor,Đạo diễn
Chí Kiên,Mùa ổi,actor,Công an trực ban
Hà Đình Cát,Mùa ổi,actor,Giáo viên 1
Thanh Liên,Mùa ổi,actor,Giáo viên 2
Văn Bẩy,Mùa ổi,actor,Bác sỹ 2
Chí Hiếu,Mùa ổi,actor,Hoà (lúc bé)
Hồ Tú,Hàng xóm (phim),actor,Hùng
Ngọc Tú,Yêu hơn cả bầu trời,actor,Bố Hải ông Sơn
Ngọc Tú,Hoa cỏ may,actor,Hùng (lúc nhỏ)
Võ Điền Gia Huy,Kẻ ăn hồn,actor,Cậu Sang
Võ Điền Gia Huy,Tiệm ăn của quỷ,actor,Ân
Võ Điền Gia Huy,Tử chiến trên không,actor,Tí
Huỳnh Thanh Trực,Kẻ ăn hồn,actor,Cậu Khảm
Nguyễn Hữu Tiến,Kẻ ăn hồn,actor,ông Dần
Nguyễn Nghinh Lộc,Kẻ ăn hồn,actor,bà Càn
Bé An An,Kẻ ăn hồn,actor,bé Hường (em của Minh)
Đức Ngọc Vũ,Kẻ ăn hồn,actor,cậu Dương
Mai Hương,Kẻ ăn hồn,actor,bà Âm (mẹ ruột của Phong)
Phú Thịnh,Đèn âm hồn,actor,Đinh - Chồng của Thương
Bé An Bình,Đèn âm hồn,actor,bé Lĩnh
Phạm Tuấn Anh Tuấn Mõ,Đèn âm hồn,actor,cậu Hường
Phạm Tuấn Anh Tuấn Mõ,11 tháng 5 ngày,actor,Mõ
Trần Quang Minh biên tập viên,Đèn âm hồn,actor,Thầy pháp
Lương Quỳnh,"Không ngại cưới, chỉ cần một lý do",actor,Phương Huyền
Đỗ Nhật Trường,"Không ngại cưới, chỉ cần một lý do",actor,Sơn
Nguyễn Hà Trung (Trung Ruồi),"Không ngại cưới, chỉ cần một lý do",actor,Ân
Anna Linh,"Không ngại cưới, chỉ cần một lý do",actor,Diệu
Phạm Hồng Phước,Đảo của dân ngụ cư,actor,Phước
Ngọc Thanh Tâm,Đảo của dân ngụ cư,actor,Chu
Chi Hoa thành viên nhóm nhảy CO,Bước nhảy xì tin,actor,Linh cute (người yêu Dương)
Bùi Minh Trí,Bước nhảy xì tin,actor,Nam (trưởng nhóm nhảy Dark Night)
Vân Navy,Bước nhảy xì tin,actor,Vân Miss Audition
Đức Hugo,Bước nhảy xì tin,actor,Đức Minh
Hùng Kendy thành viên nhóm Halley,Bước nhảy xì tin,actor,Khải
Bình Trọng,Bước nhảy xì tin,actor,Côn Đồ
Bình Trọng,Tết này ai đến xông nhà,actor,Anh chàng ở cây xăng
Bình Trọng,Xin hãy tin em (phim truyền hình),actor,"Huy ""Chấy"""
Bình Trọng,Những công dân tập thể,actor,Khuông
Nguyễn Chí Bảo,Mùa xuân ở lại,actor,Hảng
Nguyễn Thuỳ Trang,Mùa xuân ở lại,actor,Vân
Ngọc Quỳnh (diễn viên),Biệt dược đen,actor,Thượng tá Phạm Xuân Vinh
Ngọc Quỳnh (diễn viên),Hồ sơ cá sấu,actor,Vũ Văn Quyết
Ngọc Quỳnh (diễn viên),Mùa lá rụng,actor,Đức
Ngọc Quỳnh (diễn viên),Chủ tịch tỉnh (phim truyền hình),actor,Tản
Ngọc Quỳnh (diễn viên),Hoa bay,actor,Hoàng Luân
Ngọc Quỳnh (diễn viên),Ghét thì yêu thôi,actor,Đại
Ngọc Quỳnh (diễn viên),Hoa hồng trên ngực trái,actor,Thái
Bình An (diễn viên),Biệt dược đen,actor,Nguyễn Hoàng Long
Bình An (diễn viên),Gái già lắm chiêu 3,actor,Pierre
Bình An (diễn viên),"Zippo, mù tạt và em",actor,Sơn (lúc trẻ)
Bình An (diễn viên),Ngược chiều nước mắt,actor,Lực
Bình An (diễn viên),Chạy trốn thanh xuân,actor,Duy
Bình An (diễn viên),Lạc giới,actor,Hải
Bình An (diễn viên),Đừng làm mẹ cáu,actor,Nguyên Khôi (Khoa)
Bình An (diễn viên),Đi qua mùa hạ,actor,Thanh
Bình An (diễn viên),Yêu hơn cả bầu trời,actor,Phạm Sơn Hải
Bình An (diễn viên),Tiệm ăn dì ghẻ,actor,Philip
Bình An (diễn viên),11 tháng 5 ngày,actor,Trí
Bình An (diễn viên),Những cô gái trong thành phố,actor,Tùng
Thanh Huế,Biệt dược đen,actor,Vân
Bùi Hồng Nhật Hà,Biệt dược đen,actor,Chu Hồng Oanh (Geisha 01)
Nguyễn Tú,Biệt dược đen,actor,Bình
Nguyễn Tú,Độc đạo,actor,Đại úy Hoàng Minh Quốc
Nguyễn Tú,Nơi giấc mơ tìm về,actor,Ông Quyền (lúc trẻ)
Hồng Ngọc,Biệt dược đen,actor,Đức
Hồng Ngọc,Khi đàn chim trở về,actor,Linh Miu
Tuấn Vũ,Biệt dược đen,actor,Trần Xuân Bát
Tuấn Vũ,Độc đạo,actor,Lợi
Ngân Hoa,Những nẻo đường gần xa,actor,Mẹ Yên
Ngân Hoa,Gió qua miền tối sáng,actor,Kim
Ngân Hoa,Cầu thang nhà A6,actor,Mai Hương
Đào Thanh Mai,Những nẻo đường gần xa,actor,Bà Thanh
Nguyễn Tiến Ngọc,Những nẻo đường gần xa,actor,Nguyễn Viết Thái
Nguyễn Huyền Trang (Trang Emma),Những nẻo đường gần xa,actor,Bảo Ngọc
Nguyễn Thị Mai Huê,Những nẻo đường gần xa,actor,Trần Bảo Hân
Đỗ Hiền,Những nẻo đường gần xa,actor,Duyên
Hoàng Khánh Ly,Những nẻo đường gần xa,actor,Nga
Nguyễn Nam Việt,Những nẻo đường gần xa,actor,Tài
Đỗ Phạm Khánh Linh,Những nẻo đường gần xa,actor,Ngọc Anh
Sỹ Lâm,Những nẻo đường gần xa,actor,Quân
Nguyễn Thị Nguyệt,Những nẻo đường gần xa,actor,Bà Nguyệt (chủ đại lý)
Nguyễn Thị Nguyệt,Vĩ tuyến 17 ngày và đêm,actor,Mẹ đỡ
Lê Anh Trình,Những nẻo đường gần xa,actor,Hưng
Trần Đức Sơn,Những nẻo đường gần xa,actor,Dân
"Nguyễn Hà Trung (Trung ""Ruồi"")",Độc đạo,actor,"Lý ""Toét""/Lulu"
Nguyễn Thị Thanh Huế,Độc đạo,actor,"Tuyết ""Nương tử"""
Tô Tuấn Dũng,Độc đạo,actor,Phan Hồng Thanh
Nguyễn Phú Kiên,Độc đạo,actor,Đại tá Khoa
Lê Bá Anh,Độc đạo,actor,"Trình ""Giáo sư"""
Mai Thị Thu Huyền,Độc đạo,actor,Ánh
Phạm Tất Thành,Độc đạo,actor,"Hoàng Việt Tiến (Tiến ""tỉa"")"
Trần Hoàng Nhật,Độc đạo,actor,Phạm Hoàng Đăng
"Chu Mạnh Cường (Cường ""Cá"")",Độc đạo,actor,"Tài xế riêng của Quân ""già"""
Bùi Như Lai,Dưới bóng cây hạnh phúc,actor,Tố
Bùi Như Lai,Đất và người,actor,Lục
Thiên Kiều,Dưới bóng cây hạnh phúc,actor,Mẹ Son
Lan Hương diễn viên sinh năm 1961,Ảo ảnh trắng,actor,Thuận
Lan Hương diễn viên sinh năm 1961,Chuyện phố phường,actor,An
Hoàng Lâm,Ảo ảnh trắng,actor,Con Ki
Hoàng Lâm,Mảnh đời của Huệ (phim),actor,Tuấn
Hoàng Lâm,Mảnh đời của Huệ,actor,Tuấn
Trần Anh Tuấn,Ma làng,actor,Tâm
Đỗ Bạch Diện,Ma làng,actor,Phạm Văn Hò
Phạm Tuấn Quang,Ma làng,actor,Thành
Bùi Bá Thiện,Ma làng,actor,Bùi Văn Tố - môi giới đầu tư
Thiên Anh,Ma làng,actor,Phạm Văn Hẹn
Việt Dương,Ma làng,actor,Lã Văn Đơm
Anh Tú sinh 1962,Chiều ngang qua phố cũ,actor,Thành
Đỗ Hà Anh,Chiều ngang qua phố cũ,actor,Thủy
Trần Thị Vân,Chiều ngang qua phố cũ,actor,Vy
Kiều Trang,Chiều ngang qua phố cũ,actor,Ngọc Linh
Đức Hà,Chiều ngang qua phố cũ,actor,Hùng Và một số diễn viên khác
Tạ Hoàng Long,Lối nhỏ vào đời,actor,Dũng
Phan Anh người dẫn chương trình,Lối nhỏ vào đời,actor,Hoàng
Tùng Nam,Lối nhỏ vào đời,actor,Nam
Lê Tuấn Anh (diễn viên sinh 1968),Gió qua miền tối sáng,actor,Quang
Minh Hòa (nghệ sĩ),Gió qua miền tối sáng,actor,Khánh
Trần Ngọc Quốc,Gió qua miền tối sáng,actor,Ông Cả Ban
Phương Thanh (diễn viên),Gió qua miền tối sáng,actor,Hiền
Ngọc Lan (diễn viên sinh 1942),Gió qua miền tối sáng,actor,Vợ ông Thiện
Minh Đức (diễn viên),Gió qua miền tối sáng,actor,Cô Tâm
Minh Đức (diễn viên),Giọt đắng,actor,Hương
Minh Đức (diễn viên),Mùa ổi,actor,Hân (lúc bé)
Minh Đức (diễn viên),Hoa cỏ may,actor,Thái (lúc nhỏ)
Đình Thơ,Gió qua miền tối sáng,actor,Ông Phong
Hồng Chương,Gió qua miền tối sáng,actor,Cụ Đa
Hồng Chương,Ghen (phim),actor,Bố Hiền
Hồng Chương,Con mắt bão,actor,ông Cùi
Hồng Chương,Đất và người,actor,Cụ Cố
Hồng Chương,Vòng nguyệt quế (phim truyền hình),actor,Ông Trưởng họ
Hồng Chương,Trò đời,actor,Cụ cố Hồng
Hồng Chương,Khi đàn chim trở về,actor,Cụ Thuấn
Hữu Đại,Gió qua miền tối sáng,actor,Đương
Văn Toản (diễn viên),Gió qua miền tối sáng,actor,Ông hàng nước
Văn Toản (diễn viên),Cầu vồng tình yêu,actor,Cụ Toản
Yến Vy,Gió qua miền tối sáng,actor,Em gái Quang
Ngọc Lan diễn viên sinh 1942,Bánh đúc có xương,actor,Bà nội
Ngọc Lan diễn viên sinh 1942,Biển lửa,actor,vợ Chu
Ngọc Lan diễn viên sinh 1942,11 tháng 5 ngày,actor,Bà nội Nhi
Ngọc Lan diễn viên sinh 1942,Quê nhà,actor,Dự
NSƯT Lý Thanh Kha,Bánh đúc có xương,actor,Ông Ngọc
Trang Dung,Bánh đúc có xương,actor,Ánh Tuyết
Kiên Trung,Bánh đúc có xương,actor,Phi
Kiên Trung,Hợp đồng hôn nhân (phim truyền hình),actor,Dương
Ngọc Phan,Bánh đúc có xương,actor,Bảo
Ngọc Mai,Bánh đúc có xương,actor,Tổ trưởng tổ dân phố
Tuyết Lan,Bánh đúc có xương,actor,Người xem bói
Thúy Vân,Bánh đúc có xương,actor,Bà cô Kiên
Bích Diệp,Bánh đúc có xương,actor,Vân Thi
Quốc Sơn,Bánh đúc có xương,actor,Hiệu trưởng
Trần Ngọc,Bánh đúc có xương,actor,Chủ tịch phường Và các diễn viên phụ nhỏ khác
Thúy Phương,Hãy nói lời yêu,actor,Bà Mỹ
Thúy Phương,Chuyện phố phường,actor,Mùi
Hiệp Đỗ,Hãy nói lời yêu,actor,Kiên
Hoàng Tuyết Liên,Thông gia ngõ hẹp,actor,Cụ Thập
Hoà Rosy,Thông gia ngõ hẹp,actor,Bà Hồng lúc trẻ
Nguyễn Minh Thu,Nơi giấc mơ tìm về,actor,Mai Anh
Đỗ Trung Tuấn,Nơi giấc mơ tìm về,actor,Trí === Diễn viên phụ ===
Nguyễn Hà Trung Trung ruồi,Nơi giấc mơ tìm về,actor,Công
Nguyễn Trọng Nghĩa,Nơi giấc mơ tìm về,actor,Hùng “lùn”
Trịnh Nguyệt Minh,Nơi giấc mơ tìm về,actor,Bà Hòa (lúc trẻ)
Nicolas Nguyễn,Và anh sẽ trở lại,actor,Brian
Bùi Khánh Linh,Và anh sẽ trở lại,actor,Mai
Grégoire Nuss,Và anh sẽ trở lại,actor,Jason
Trịnh Thịnh,Và anh sẽ trở lại,actor,Chưởng
Trịnh Thịnh,Cửa hàng Lopa,actor,Henry Cường
Trịnh Thịnh,Biển lửa,actor,Chu
Trịnh Thịnh,Cầu thang nhà A6,actor,Ông Tình
Trịnh Thịnh,Xích lô (phim),actor,Người Bái Vật Chân
Trịnh Thịnh,Không nơi ẩn nấp,actor,Hai Dong
Trịnh Thịnh,Quê nhà,actor,Ông Nam
Nguyễn Thị Vân,Và anh sẽ trở lại,actor,Mẹ Mai
Nguyễn Thị Vân,Bí thư Tỉnh ủy (phim truyền hình Việt Nam),actor,Bà Quê
Nguyễn Lê Việt Anh,Mátxcơva - Mùa thay lá,actor,Đức
Hoàng Kiên,Nhà trọ Balanha,actor,Sơn
Hoàng Kiên,Ngự lâm không kiếm,actor,Bình Minh
Mai Như Quỳnh,Nhà trọ Balanha,actor,Tuyết
Kiều Yến Ngọc,Nhà trọ Balanha,actor,Kim
Quế Chi,Nhà trọ Balanha,actor,Bà Lan
Phùng Cường,Nhà trọ Balanha,actor,Đạo diễn Quang
Đỗ Khải Anh,Nhà trọ Balanha,actor,Đạo diễn Nguyễn Khải Anh
Thảo Vân,Nhà trọ Balanha,actor,Khách mời (Chính mình)
Liên Tít,Nhà trọ Balanha,actor,Vợ Khanh
Liên Tít,Những cô gái trong thành phố,actor,Tơ
Lâm Thùy Linh,Công nghệ thời trang,actor,Thu Hường
Linh Phi,Công nghệ thời trang,actor,Kim Trân
Nguyễn Kiều Trinh,Tiệm ăn của quỷ,actor,Bà Tuyết
Nguyễn Quang Vân,Tiệm ăn của quỷ,actor,Chủ tiệm cũ
Trần Hiếu,Tiệm ăn của quỷ,actor,Tú
Trần Nam Khoa,Tiệm ăn của quỷ,actor,Minh
Lan Thy,Tiệm ăn của quỷ,actor,Vy
Tôn Kinh Lâm,Mười: Lời nguyền trở lại,actor,Kiệt
Hà Minh Ngọc,Lời sám hối,actor,Mùi
Hà Minh Ngọc,Biệt thự trắng,actor,Khánh Hà
Trà My Next Top,Độc thân tuổi 30,actor,Thu Hồng
Lê Anh Huy,Lưới trời (phim 2020),actor,Bác sĩ Dũng
Nguyễn Văn Chung,Lưới trời (phim 2020),actor,Ông Đằng
Hồng Tài,Lưới trời (phim 2020),actor,Quang Tailor
Dương Gia Mỹ,Làm rể Mười Xuân,actor,Kimmese
Thanh Trần,Làm rể Mười Xuân,actor,Thanh Trúc
Micheal Kiệt,Làm rể Mười Xuân,actor,Ông Thành
Gin Tuấn Kiệt,Sui gia hay xui gia,actor,Hoàng Tú
PT Ngọc Diệp,Sui gia hay xui gia,actor,My
Minh Phụng,Vũ khúc ánh trăng,actor,Hải
Thu Hường,Vũ khúc ánh trăng,actor,Như
Thu Hường,Tết này ai đến xông nhà,actor,Vợ Mớ
Thu Hường,Chuyện phố phường,actor,Tuyết
Thu Hường,Cầu thang nhà A6,actor,Cô giáo
Thu Hường,Sóng ở đáy sông,actor,Hiền
Thu Hường,Của để dành,actor,Thư
Khắc Hiếu,Vũ khúc ánh trăng,actor,Tùng
Khả Hương,Vũ khúc ánh trăng,actor,Con gái
Hương Quỳnh,Vũ khúc ánh trăng,actor,Xoan
Văn Sơn,Vũ khúc ánh trăng,actor,Ông Sửu
Khánh Hà,Đợi tàu,actor,Thảo
Uyên Phương,Đợi tàu,actor,Yến
Mỹ Hà,Đợi tàu,actor,Lan
Ngọc Diễm,Đợi tàu,actor,Hiền Và một số diễn viên khác
Trọng Xuân,Đợi tàu,actor,Quý Hôi
Nguyễn Hùng,Đợi tàu,actor,Khách hớt tóc
Uyển Thảo,Đợi tàu,actor,Chủ tiệm hớt tóc
Nguyệt Nhi,Cây Huê xà,actor,Lài
Đông Hà,Cây Huê xà,actor,Đạt
Thiên Lộc,Cây Huê xà,actor,Cư
Tạ Nghi Lễ,Cây Huê xà,actor,Tám bí thư
Đào Thanh Liêm,Cây Huê xà,actor,Hợi
Quốc Trầm,Hai người vợ,actor,Hoài Ân
Nhã Thơ,Lời nguyền (phim truyền hình),actor,Ngọc Hân (lúc nhỏ)
Nhi Katy,Kế hoạch hoàn hảo,actor,Yến
Nhi Katy,Tình yêu dối lừa,actor,Tú
Tiêu Tuấn,Kế hoạch hoàn hảo,actor,Ông Tài
Lê Tuấn Phong,Ghen (phim),actor,Vinh
Lê Tuấn Phong,Cửa hàng Lopa,actor,Cao Viễn Dương
Trịnh Mai,Cửa hàng Lopa,actor,Cao Văn Viễn
Kim Xuyến,Cửa hàng Lopa,actor,Mẹ Cao Viễn Dương
Kim Xuyến,Mảnh đời của Huệ (phim),actor,Tập
Kim Xuyến,Mảnh đời của Huệ,actor,Tập
Kim Xuyến,Của để dành,actor,Bà chủ hàng quần áo
Kim Xuyến,Xuôi ngược đường trần,actor,Người mẹ kế
Xuân Phương,Cửa hàng Lopa,actor,Vợ Hình
Trần Hoàng Xuân,Tết này ai đến xông nhà,actor,Hồng Linh
Thanh Tâm,Tết này ai đến xông nhà,actor,Thanh Vi colwidth=30em
An Tôn,Tết này ai đến xông nhà,actor,Chồng Thu Vân
Vũ Huy,Tết này ai đến xông nhà,actor,Chồng cô gái 100USD
Nha Trang,Tết này ai đến xông nhà,actor,Thoa
Dũng Bino,Tình yêu dối lừa,actor,Hoàng Minh
Mai Cát Vi,Tình yêu dối lừa,actor,Khánh My (lúc nhỏ)
Quốc Vũ,Tình yêu dối lừa,actor,Việt Bách (lúc nhỏ)
Hữu Khang,Tình yêu dối lừa,actor,Hoàng Minh (lúc nhỏ)
Mỹ Ngân,Tình yêu dối lừa,actor,Hoàng Vân (lúc nhỏ)
Quốc Anh nghệ sĩ chèo,Ám ảnh xanh,actor,Năm Thành
Quốc Anh nghệ sĩ chèo,Vị tướng tình báo và hai bà vợ,actor,Lý trưởng
Quốc Anh nghệ sĩ chèo,Trò đời,actor,Ông cố Hồng
Tuấn Khang,Ám ảnh xanh,actor,Cầu
Đỗ Phú Hải,Bên kia sông,director,
Đỗ Phú Hải,Kính vạn hoa (phim),director,
Đỗ Phú Hải,Xóm nước đen,director,
Đỗ Phú Hải,Kính vạn hoa (phim truyền hình),director,
Đỗ Phú Hải,Con gái vị thẩm phán,director,
Đỗ Phú Hải,Công nghệ thời trang,director,
Đỗ Phú Hải,Lục Vân Tiên (phim truyền hình),director,
Đỗ Phú Hải,Đôi mắt của trái tim,director,Ông Thiên
Minh Đáng,Cải ơi,actor,Cha của Thàn
Minh Đáng,Cải ơi!,actor,Cha của Thàn
Minh Đáng,Hãy cùng em điệu Sarikakeo,actor,Sư Kưu
Chánh Thuần,Cải ơi,actor,Nam Long
Chánh Thuần,Cải ơi!,actor,Nam Long
Khanh Thạnh,Mặn hơn muối,actor,Ông Thắng
Thiên Ngọc,Mặn hơn muối,actor,Bà Nhàn
Bé Mai Cát Vi,Tiệm ăn dì ghẻ,actor,Bé Hương
Tống Yến Nhi,Tiệm ăn dì ghẻ,actor,Linh
Bé Khải Huy,Tiệm ăn dì ghẻ,actor,Bé Ben
Bảo Cường,Tiệm ăn dì ghẻ,actor,Ba Minh
Hồng Tươi,Tiệm ăn dì ghẻ,actor,Mẹ Minh
Mỹ Lê,Tiệm ăn dì ghẻ,actor,Yến Trinh
Ma Quỳnh Châu,Tiệm ăn dì ghẻ,actor,Trợ lý Nhi
Nguyễn Sơn,Tiệm ăn dì ghẻ,actor,Ba Kim
Huỳnh Phương,Nghề siêu dễ (phim 2022),actor,Vinh
Vũ Ngọc Anh,Nghề siêu dễ (phim 2022),actor,Kim Sát Thủ
Quỳnh Miêu,Nghề siêu dễ (phim 2022),actor,Cô gái
Diễm Hằng Lamoon,Địa đạo: Mặt trời trong bóng tối,actor,Út Khờ
Hoàng Minh Triết,Địa đạo: Mặt trời trong bóng tối,actor,Hai Thưng
Anh Tú Wilson,Địa đạo: Mặt trời trong bóng tối,actor,Lục Tạc
Nhật Ý,Địa đạo: Mặt trời trong bóng tối,actor,Ba Hiếu
Khánh Ly,Địa đạo: Mặt trời trong bóng tối,actor,Cấm
Khánh Ly,Ngày hè sôi động,actor,Loan
A Tới,Địa đạo: Mặt trời trong bóng tối,actor,Bảy Sắt
Cao Sang Lê,Địa đạo: Mặt trời trong bóng tối,actor,Sáu Lập
Ngọc Thúy,Dollars trắng,actor,Mỹ Thanh
Helen Thanh Đào,Dollars trắng,actor,Khánh Băng
Văn Long,Dollars trắng,actor,Phùng Tuấn
Trương Tri Trúc Diễm,Đam mê (phim),actor,Nhã Lâm
Hoàng mập,Đam mê (phim),actor,Trợ lý đạo diễn
Cát Vi,Cơn giông (phim năm 2021),actor,Nhi
Lê Thắng,Cơn giông (phim năm 2021),actor,Ông già trăm tuổi
Lâm Tới,Đồng tiền xương máu,actor,Ông Khải
Lâm Tới,Vĩ tuyến 17 ngày và đêm,actor,Trần Sùng
Huyền Anh,Đồng tiền xương máu,actor,Lan Trinh
Hoài Dũng,Đồng tiền xương máu,actor,Lý
Thanh Phúc,Đồng tiền xương máu,actor,Long Và một số diễn viên khác
Lã Thiên Cầm,Cỏ biếc,actor,Năm Lai
Bùi Tiểu Bình,Cỏ biếc,actor,Xí Muội
Bùi Anh Thư,Cỏ biếc,actor,Tú
Hoài Phúc,Đất mặn (phim truyền hình),actor,Hiếu
Huỳnh Văn Nam,Đất mặn (phim truyền hình),actor,Tám Lơ
Quốc Hưng,Đất mặn (phim truyền hình),actor,Chín Lớn
Quốc Hưng,Khi đàn chim trở về,actor,Đàn em 1
Nguyễn Thu Thủy,Người trở về,actor,Thanh
Lê Cường Việt,Người trở về,actor,Ông Quảng
Lê Thu Hằng,Người trở về,actor,Xoan
Tùng Maru,Thạch Thảo (phim),actor,Thạch
Lê Khắc Minh,Thạch Thảo (phim),actor,thầy giáo Thiết
Lâm Văn Quốc,Thạch Thảo (phim),actor,Kiên
Nguyễn Gia Linh,Thạch Thảo (phim),actor,Diệu Hiền
Gina M,Thạch Thảo (phim),actor,Thùy Mỵ
Hứa Nhật Khánh Uyên,Thạch Thảo (phim),actor,Tùng
Kang Phạm,Thạch Thảo (phim),actor,Ngọc
Bạch Tuyết nghệ sĩ cải lương,Thạch Thảo (phim),actor,hiệu trưởng Châu
Nguyễn Kim Trang,Sinh mệnh (phim),actor,O Lợi
Thanh Thủy diễn viên sinh năm 1937,Sinh mệnh (phim),actor,Mẹ Linh
Thanh Thủy diễn viên sinh năm 1937,Vĩ tuyến 17 ngày và đêm,actor,Hường
Nguyễn Ngọc Trung,Sinh mệnh (phim),actor,Đán
Thành Lợi,Sinh mệnh (phim),actor,phụ xe
Thái Ninh,Sinh mệnh (phim),actor,Bác sĩ quân y
Văn Hà,Sinh mệnh (phim),actor,Lái xe Quảng Bình
Bé Phùng Minh Toàn,Sinh mệnh (phim),actor,con trai Linh
Lâm Thanh Nhã,Cái giá của hạnh phúc,actor,Võ Minh Khang/Will
Trần Quyên,Cái giá của hạnh phúc,actor,bé Nhã Hân
Ray Nguyễn,Tử chiến trên không,actor,Dần
Bảo Định,Tử chiến trên không,actor,Sửu
Bảo Di,Tử chiến trên không,actor,bé Đậu
Hiếu Nguyễn,Tử chiến trên không,actor,cơ trưởng trong chuyến bay DC-3
Hiếu Nguyễn,Mưa đỏ (phim),actor,Trung tá Trần Thành
Nguyễn Sỹ Hậu,Tử chiến trên không,actor,cơ phó trong chuyến bay DC-3
Hồ Thái Thiên Minh,Tử chiến trên không,actor,Minh
Hồ Bảo Kha,Tử chiến trên không,actor,Rô
Chi Phạm,Tử chiến trên không,actor,Thúy
Kiều Diễm,Tử chiến trên không,actor,Chi
Nguyễn Lâm,Tử chiến trên không,actor,Ba Quỳnh
Bảo Vi,Tử chiến trên không,actor,Bé Quỳnh
Nguyễn Như Đăng,Tử chiến trên không,actor,hoa tiêu
Tài HT,Tử chiến trên không,actor,cơ giới
Hồ Ngọc Hà,Chiến dịch trái tim bên phải,actor,Cô giáo Hoài An
Doãn Hoàng Kiên,Chiến dịch trái tim bên phải,actor,Nhà báo Long
Lê Dịu Hương,Chiến dịch trái tim bên phải,actor,Hà lớp trưởng
Nguyễn My Vân,Chiến dịch trái tim bên phải,actor,Ly điệu
Trần Gia Huy,Mưa đỏ (phim),actor,Tấn
Hòa Minzy,Mưa đỏ (phim),actor,thành viên đoàn đàm phán của Việt Nam Dân chủ Cộng hòa
Nguyễn Thanh Vân đạo diễn,Mưa đỏ (phim),actor,thành viên đoàn đàm phán của Việt Nam Dân chủ Cộng hòa
Tuấn Linh,Con đường sáng (phim dài tập),actor,Đào Phúc Lộc (nhỏ)
Trần Nhân Hậu,Con đường sáng (phim dài tập),actor,Oanh
Hiền Vi,Con đường sáng (phim dài tập),actor,Oanh (nhỏ)
Tạ Đình Đoàn,Con đường sáng (phim dài tập),actor,Đào Phúc Sơn (nhỏ) === Diễn viên phụ ===
Thu Hằng nghệ sĩ chèo,Con đường sáng (phim dài tập),actor,đào (ca nương) Loan {{Small|(danh đề
Thân Trọng Nghĩa,Lật mặt 2: Phim trường,actor,cận vệ ông Tuấn
Linh Napie,Lật mặt 2: Phim trường,actor,Thư ký
Thanh Ngô,Lật mặt 2: Phim trường,actor,Nhân viên đoàn phim (phục trang)
Ngô Minh Hiền,Lật mặt 2: Phim trường,actor,Nhân viên đoàn phim (makeup)
Nguyễn Thanh Nghĩa,Huyền thoại 1C,actor,Lướt
Huy Công,Biển lửa,actor,Tỉnh đội trưởng
Huy Công,Không nơi ẩn nấp,actor,ông Mai (bố The)
Huy Công,Hai người mẹ (phim Việt Nam),actor,Lào La
Lê Công Hùng,Biển lửa,actor,Trung tá Rought
Hồ Thái,Vĩ tuyến 17 ngày và đêm,actor,Thạch
Dương Bá Lộc,Vĩ tuyến 17 ngày và đêm,actor,J
Đào Mộng Long,Vĩ tuyến 17 ngày và đêm,actor,Bạ Kinh
Lại Phú Cương,Vĩ tuyến 17 ngày và đêm,actor,Bác Ba Thuận
Bùi Trần Tuệ Minh,Vĩ tuyến 17 ngày và đêm,actor,Thương
Lịch Du,Vĩ tuyến 17 ngày và đêm,actor,Vợ Vệ
Lịch Du,Không nơi ẩn nấp,actor,vợ Hai Dong
Lịch Du,Hai người mẹ (phim Việt Nam),actor,Đuông Chăn
Thúy Vinh,Vĩ tuyến 17 ngày và đêm,actor,Mai
Thúy Vinh,Con chim vành khuyên,actor,"Chị cán bộCục Điện ảnh, 1970, p=7"
Thúy Vinh,Quê nhà,actor,Soạn
Thúy Vinh,Ngọt ngào và man trá,actor,Bà Hoàng Tô
Sĩ Cừ,Vĩ tuyến 17 ngày và đêm,actor,Đồn Hách
Lê Vũ Long,Xin hãy tin em (phim truyền hình),actor,Phong
Lê Vũ Long,Những người thợ xẻ (phim),actor,Ngọc
Lê Vũ Long,Hai phía chân trời,actor,Vinh
Lê Vũ Long,Người đàn bà mộng du,actor,Phiên
Xuân Tùng,Xin hãy tin em (phim truyền hình),actor,Trư
Xuân Tùng,Chuyện phố phường,actor,Bân
Thùy Giang,Xin hãy tin em (phim truyền hình),actor,Vân
Thùy Giang,Của để dành,actor,Lài
Hồng Tuấn,Xin hãy tin em (phim truyền hình),actor,Quang Tèo
Hồng Tuấn,Của để dành,actor,Tiến
Kim Bình,Xin hãy tin em (phim truyền hình),actor,Bà điếc
Lê Công Tuấn,Xin hãy tin em (phim truyền hình),actor,Đạt
Hà Duy,Xin hãy tin em (phim truyền hình),actor,Tú
Hà Duy,Ngày hè sôi động,actor,Ninh
Duy Hậu,Chuyện phố phường,actor,Ông Vân
Duy Hậu,Vua bãi rác,actor,Thường
Duy Hậu,Sóng ở đáy sông,actor,Ông Đại
Duy Hậu,Đất và người,actor,Hàm
Võ Hoài Nam,Chuyện phố phường,actor,Nam
Võ Hoài Nam,Vua bãi rác,actor,Trọng
Võ Hoài Nam,Người đàn bà mộng du,actor,Hòa
Tuấn Minh,Chuyện phố phường,actor,Ông Xuân
Tuấn Minh,Cầu thang nhà A6,actor,Con ông Tình
Tuấn Minh,Chạy án,actor,Trần Ngọc
Tuấn Minh,Ngày hè sôi động,actor,Ông Động
Hòng Quân,Chuyện phố phường,actor,Hùng
Trần Đức nghệ sĩTrần Đức,Chuyện phố phường,actor,Henry Nguyễn
Thu Hạnh,Chuyện phố phường,actor,Lan
Thu Hạnh,Những nhân viên gương mẫu,actor,Bác sĩ Bình
Thu Hạnh,Khi đàn chim trở về,actor,Yến Chi
Bùi Thanh Lê,Con mắt bão,actor,Mai Nhung
Quân Anh,Con mắt bão,actor,Đức
Cao Khải,Con mắt bão,actor,Chiến
Văn Như,Con mắt bão,actor,Hoàng Thi
Phương Nhã,Con mắt bão,actor,Thanh
Hữu Trà,Con mắt bão,actor,Định
Bắc Việt,Con mắt bão,actor,ông Vĩnh
Tấn Trường,Con mắt bão,actor,ông Khắc
Tô Tiến,Con mắt bão,actor,Phan Dũng
Xuân Thấm,Con mắt bão,actor,ông Mài
Viết Ban,Con mắt bão,actor,Chủ tịch xã
Như Trang,Chuyện nhà Mộc,actor,Mai
Nguyễn Hòa,Chuyện nhà Mộc,actor,Bà Mộc
Chí Nghĩa,Chuyện nhà Mộc,actor,Dũng
Xuân Duống,Chuyện nhà Mộc,actor,Bố Cường
Thanh Lực,Chuyện nhà Mộc,actor,Mẹ Thơm
Trần Khôi,Chuyện nhà Mộc,actor,Cán bộ xã
Ngọc Minh,Chuyện nhà Mộc,actor,Tèo
Ngọc Minh,Những cô gái trong thành phố,actor,Bố Lan
Thanh Mạn,Chuyện nhà Mộc,actor,Chị Mâm
Thanh Năng,Cầu thang nhà A6,actor,Bà Tình
Thu Hằng (nghệ sĩ chèo),Cầu thang nhà A6,actor,Mĩ
Thu Hằng (nghệ sĩ chèo),Chạy án,actor,"Liên ""Chèo"""
Tuấn Long,Đội đặc nhiệm nhà C21,actor,Minh tổ cú
Quang Tú,Đội đặc nhiệm nhà C21,actor,Quang sọt
Văn Bốn,Đội đặc nhiệm nhà C21,actor,Hải Cà nhắc
An Thuận,Đội đặc nhiệm nhà C21,actor,Toàn
Thúy Ngân,Đội đặc nhiệm nhà C21,actor,Em gái Toàn
Thúy Ngân,Ngày hè sôi động,actor,Nhị
Vân Hà,Đội đặc nhiệm nhà C21,actor,Mẹ Minh tổ cú
NSƯT Ngọc Quốc,Đội đặc nhiệm nhà C21,actor,Bác bảo vệ
Hữu Chỉnh,Đội đặc nhiệm nhà C21,actor,Bố Hải Cà nhắc
Mộng Phương,Đội đặc nhiệm nhà C21,actor,Bà bán bánh
Phan Hòa,Chạy án,actor,Minh Phương
Văn Thành,Chạy án,actor,Nam
Hồng Đức,Chạy án,actor,Siu
Hồng Đức,Vòng nguyệt quế (phim truyền hình),actor,Giám đốc Hoàng
Mạnh Xuyên,Chạy án,actor,Mỹ
Thế Bình (nghệ sĩ),Chạy án,actor,Minh
Nguyễn Tu,Chạy án,actor,Lê Bình
Xuân Hảo,Chạy án,actor,Nhà báo Quang
Hồng Sơn (diễn viên),Chạy án,actor,"Mã ""Đại gia"""
Hồng Sơn (diễn viên),Dòng sông phẳng lặng (phim truyền hình),actor,Anh Thất
Hồng Sơn (diễn viên),Chủ tịch tỉnh (phim truyền hình),actor,Thanh
Hồng Sơn (diễn viên),Người Hà Nội (phim),actor,Nam
Hồng Sơn (diễn viên),Nhà có ba chị em,actor,Người đàn ông lạ
Hồng Sơn (diễn viên),Ma làng,actor,Lã Văn Dỏ phần 1
Hồng Sơn (diễn viên),Cỏ lau,actor,Quảng
Hồng Sơn (diễn viên),Mùa hè rớt,actor,Quang
Hồng Sơn (diễn viên),Rượu cần đêm mưa,actor,Trưởng bản
Hải Bình,Chạy án,actor,Trung tá Hải
Vũ Hồng Anh,Chạy án,actor,Hiền
Linh Phương,Chỉ có thể là yêu (phim truyền hình Việt Nam),actor,Thảo Nhi
Linh Phương,Chỉ có thể là yêu (phim Việt Nam),actor,Thảo Nhi
Thu Thuận,Chỉ có thể là yêu (phim truyền hình Việt Nam),actor,Thu
Thu Thuận,Chỉ có thể là yêu (phim Việt Nam),actor,Thu
Phạm Minh Phương,Chỉ có thể là yêu (phim truyền hình Việt Nam),actor,Bà Bích
Phạm Minh Phương,Chỉ có thể là yêu (phim Việt Nam),actor,Bà Bích
Trí Tuệ,Chỉ có thể là yêu (phim truyền hình Việt Nam),actor,Phương
Trí Tuệ,Chỉ có thể là yêu (phim Việt Nam),actor,Phương
Hà Trung,Những nhân viên gương mẫu,actor,Bảo
Hà Trung,11 tháng 5 ngày,actor,Long đần
Vi Thường,Những nhân viên gương mẫu,actor,Tuyến
Ngọc Tồ,Những nhân viên gương mẫu,actor,"Cường ""tồ"""
Tun Phạm,Những nhân viên gương mẫu,actor,Việt
Mona Bảo Tiên,Song song (phim),actor,Bé Cún
Hoàng Phương Thảo,"Bi, đừng sợ!",actor,Cô gái gội đầu
Phạm Hoàng Hà,"Bi, đừng sợ!",actor,An
Hoàng Tuấn Anh,"Bi, đừng sợ!",actor,Hưng
Yến Hoàn,11 tháng 5 ngày,actor,Mẹ Long
Thiên Hoa,11 tháng 5 ngày,actor,Vợ Thoan
Trần Cường,11 tháng 5 ngày,actor,Thiện
Trần Cường,Của để dành,actor,Thanh niên đòi nợ 1
Đức Quảng,11 tháng 5 ngày,actor,Quảng === Diễn viên khách mời ===
Bùi Phương Nga,11 tháng 5 ngày,actor,Nguời yêu Trí
Lưu Mạnh Dũng,11 tháng 5 ngày,actor,Tài xế taxi
Lưu Mạnh Dũng,Những cô gái trong thành phố,actor,Đức
Trần Phong vào,Đảo độc đắc - Tử mẫu Thiên linh cái,actor,Tâm
Minh Dự,Đảo độc đắc - Tử mẫu Thiên linh cái,actor,Cường
Nguyễn Vũ Hải Anh,Cho em một ngày vui,actor,Bầu sô
Thúy Ngà,Cho em một ngày vui,actor,Lý
Trương Thương Huyền,Cỏ lau,actor,Thai (lúc trẻ)
Ngô Quang Hải,Chuyện của Pao,director,
Ngô Quang Hải,Cỏ lau,actor,Phi
Thế Hùng,Cỏ lau,actor,Nhỉ
Xuân Lư,Cỏ lau,actor,Bố của Nhỉ
Bùi Đại Lượng,Cỏ lau,actor,Phong
Đỗ Hữu Thiện,Cỏ lau,actor,Phan
Thanh Vân -,Những người thợ xẻ (phim),actor,mẹ của Ngọc
Kim Quí -,Những người thợ xẻ (phim),actor,vợ Bường
Thanh Tâm -,Những người thợ xẻ (phim),actor,Quy
Quang Trung -,Những người thợ xẻ (phim),actor,Dĩnh
Văn Quân -,Những người thợ xẻ (phim),actor,Biên
Việt Bắc -,Những người thợ xẻ (phim),actor,Biền
Đỗ Vân -,Những người thợ xẻ (phim),actor,thợ săn
Quang Tuất -,Những người thợ xẻ (phim),actor,lái xe
Bùi Văn Huệ -,Những người thợ xẻ (phim),actor,chủ quán
Thúy Loan,Vào Nam ra Bắc,actor,Hương
Nguyễn Vĩnh Xương,Vào Nam ra Bắc,actor,Tiến
Vũ Mai Huê,Kẻ không cầu may,actor,Hà
Nguyễn Anh Quân,Kẻ không cầu may,actor,Đức ===Phụ===
Ngọc Thủy,Kẻ không cầu may,actor,Ông Nhân
Phạm Bằng,Kẻ không cầu may,actor,Ông Hội
Phạm Bằng,Ngày hè sôi động,actor,Tổng biên tập
Nguyễn Bích Ngọc,Vua bãi rác,actor,Thủy
Đức Long,Vua bãi rác,actor,Ông Thào
Nguyễn Thị Tần,Vua bãi rác,actor,Bà Thào
Cường Túc,Vua bãi rác,actor,Văn
NSƯT Duy Thanh,Bão qua làng,actor,Tùng
NSƯT Thùy Liên,Bão qua làng,actor,Sinh
NSƯT Thu Hiền,Bão qua làng,actor,Bích
Nguyễn Oanh,Hợp đồng hôn nhân (phim truyền hình),actor,Nụ
Uy Linh,Lập trình cho trái tim,actor,Lập
Kim Oanh (diễn viên),Cầu vồng tình yêu,actor,Hoàng Trung
Kim Oanh (diễn viên),Đừng bắt em phải quên,actor,Linh
Kim Oanh (diễn viên),Ma làng,actor,Ló
Kim Oanh (diễn viên),Đầu bếp và đại gia,actor,Thúy
Kim Oanh (diễn viên),Sóng ở đáy sông,actor,Mây ===Diễn viên phụ===
Phan Anh (người dẫn chương trình),Cầu vồng tình yêu,actor,Thế Hiển
Diệu Hương (diễn viên),Cầu vồng tình yêu,actor,Diễm Lệ
Diệu Hương (diễn viên),Vòng nguyệt quế (phim truyền hình),actor,Mai
Diệu Hương (diễn viên),Luật đời,actor,Linh
Diệu Hương (diễn viên),Cuồng phong (phim truyền hình),actor,Thanh Mai
Diệu Hương (diễn viên),Bánh đúc có xương,actor,Bảo Khánh
Diệu Hương (diễn viên),Hoa hồng trên ngực trái,actor,San
Viết Thái,Cầu vồng tình yêu,actor,Trần Đăng
Viết Thái,Những cô gái trong thành phố,actor,Lý
NSƯT Hữu Độ,Cầu vồng tình yêu,actor,Hiệu trưởng
NSƯT Trần Ngọc,Cầu vồng tình yêu,actor,Trần Ngọc
Quang Thiện,Sóng ở đáy sông,actor,Chồng Biển
Mai Hòa,Sóng ở đáy sông,actor,Bà Hiển
Mai Hòa,Vị tướng tình báo và hai bà vợ,actor,Cán bộ nông trường
Mai Hòa,Khi đàn chim trở về,actor,Bà Cẩm
Anh Huy,Sóng ở đáy sông,actor,An
Nguyễn Thanh Hiền,Sóng ở đáy sông,actor,Hồng
Đặng Thị Phương Mai,Sóng ở đáy sông,actor,Hạnh Vân
Lê Gia Khánh,Sóng ở đáy sông,actor,Ý lúc nhỏ
Quang Huy,Sóng ở đáy sông,actor,Sông lúc nhỏ
Quang Huy,Bí thư Tỉnh ủy (phim truyền hình Việt Nam),actor,Doanh
Quang Huy,Rượu cần đêm mưa,actor,Dân choắt
Xuân Anh,Sóng ở đáy sông,actor,Biển lúc nhỏ
Vũ Mai Hương,Sóng ở đáy sông,actor,Miên
Lê Vi,Hai phía chân trời,actor,Tình
Diamen Odess Gilllett,Hai phía chân trời,actor,Pavel
Quỳnh Hoa,Hai phía chân trời,actor,Lan
Quỳnh Hoa,Những công dân tập thể,actor,Hiền
Irina Zabrodina Jorgensen,Hai phía chân trời,actor,Marta
Cháu Giang Thanh,Hai phía chân trời,actor,Tomek
Tatiana Evonuk,Hai phía chân trời,actor,Natasha
Andrea Aybar Camona,Hai phía chân trời,actor,Landaria
Hà Phương,Cu li không bao giờ khóc,actor,Vân
Ngô Xuân An,Cu li không bao giờ khóc,actor,Quang
Cao Sang,Cu li không bao giờ khóc,actor,bạn thân Quang
Tâm Anh,Cu li không bao giờ khóc,actor,bé Tâm Anh
Nguyễn Văn Thái,Cu li không bao giờ khóc,actor,ông trưởng họ
Phí Linh,Cu li không bao giờ khóc,actor,nhân viên tiệm trang sức
Thân Thanh Giang,Đất và người,actor,Đào ===Diễn viên phụ===
Hồ Quốc Phong,Đất và người,actor,Vũ
Hồ Quốc Phong,Mảnh đời của Huệ (phim),actor,Biền
Hồ Quốc Phong,Mảnh đời của Huệ,actor,Biền
Trần Duy Hùng,Đất và người,actor,Nép
Hà Hoàng Hiệp,Đất và người,actor,Ngạc
Đới Thành An,Đất và người,actor,Quý
Trần Đại Mý,Đất và người,actor,Vinh
Hương Ly,Đất và người,actor,Tuyết Trinh
Phạm Ngọc Thắng,Vòng nguyệt quế (phim truyền hình),actor,Bố Thắng
Khắc Trịnh,Vòng nguyệt quế (phim truyền hình),actor,Nhà thơ Vĩnh
Đức Kiên,Vòng nguyệt quế (phim truyền hình),actor,Hải
Mai Linh,Vòng nguyệt quế (phim truyền hình),actor,An
Hoài Anh,Vòng nguyệt quế (phim truyền hình),actor,Bạn Mẹ Hân
Xuân Bình,Vòng nguyệt quế (phim truyền hình),actor,Nhân viên nhà sách
Thúy Mùi,Vị tướng tình báo và hai bà vợ,actor,Bà mối
Ái Châu,Người chồng điên,actor,Cô Quế
Đường Minh Giang,Mảnh đời của Huệ (phim),actor,Phúc
Đường Minh Giang,Mảnh đời của Huệ,actor,Phúc
Lê Hồ Lan,Mảnh đời của Huệ (phim),actor,Lan
Lê Hồ Lan,Mảnh đời của Huệ,actor,Lan
Hoàng Thắng,Mảnh đời của Huệ (phim),actor,Tư Lẫm
Hoàng Thắng,Mảnh đời của Huệ,actor,Tư Lẫm
Hoàng Nhuận Cầm,Mảnh đời của Huệ (phim),actor,Nghênh
Hoàng Nhuận Cầm,Mảnh đời của Huệ,actor,Nghênh
Tuyết Hoa,Mảnh đời của Huệ (phim),actor,Hiền
Tuyết Hoa,Mảnh đời của Huệ,actor,Hiền
Thương Hà,Hoa cỏ may,actor,Thủy (lúc nhỏ)
Trung Quân,Hoa cỏ may,actor,Tiến (lúc nhỏ)
Quyết Thắng,Hoa cỏ may,actor,Hùng
Hoa hậu Vân Anh,Hoa cỏ may,actor,Thủy
Giang Còi,Khi đàn chim trở về,actor,Hạ
Minh Phong,Khi đàn chim trở về,actor,Ông Cảnh (phần 1)
Bùi Xuân Thảo,Khi đàn chim trở về,actor,Ông Cẩm
Linh Vân,Khi đàn chim trở về,actor,Phượng
Diệu Thảo,Khi đàn chim trở về,actor,Vân
Quang Hùng,Khi đàn chim trở về,actor,Ông Cảnh (phần 2)
Hồ Tháp,Khi đàn chim trở về,actor,Chi cục trưởng
Nguyễn Thị Loan,Khi đàn chim trở về,actor,Vợ Cảnh
Phan Đăng Lưu,Khi đàn chim trở về,actor,Thà
Nguyễn Trọng Hùng,Khi đàn chim trở về,actor,Trường
Văn Đoàn,Khi đàn chim trở về,actor,Ông Công
Linh Miu,Khi đàn chim trở về,actor,Thủy
Quốc Triệu,Khi đàn chim trở về,actor,Ông Thông
Tiến Đại,Khi đàn chim trở về,actor,Ông Bát
Hùng võ sư,Khi đàn chim trở về,actor,Đàn em 2
Văn Bộ,Bí thư Tỉnh ủy (phim truyền hình Việt Nam),actor,Ông Bao
Trịnh Nhật,Bí thư Tỉnh ủy (phim truyền hình Việt Nam),actor,Bích
Hồng Quang,Bí thư Tỉnh ủy (phim truyền hình Việt Nam),actor,Đô
NSND Bạch Diện,Bí thư Tỉnh ủy (phim truyền hình Việt Nam),actor,Lịch
Tiến Bình,Bí thư Tỉnh ủy (phim truyền hình Việt Nam),actor,Lấu
NSƯT Thu Bảy,Bí thư Tỉnh ủy (phim truyền hình Việt Nam),actor,Luận
Mạnh Quyền,Bí thư Tỉnh ủy (phim truyền hình Việt Nam),actor,Thanh
NSƯT Thanh Thủy,Bí thư Tỉnh ủy (phim truyền hình Việt Nam),actor,Bà Ngật
Hoàng San,Bí thư Tỉnh ủy (phim truyền hình Việt Nam),actor,Bằng
Hữu Dũng,Bí thư Tỉnh ủy (phim truyền hình Việt Nam),actor,Cần
Xuân Kiểm,Bí thư Tỉnh ủy (phim truyền hình Việt Nam),actor,Bầu
Văn Duyệt,Bí thư Tỉnh ủy (phim truyền hình Việt Nam),actor,Hạp
Đức Hoàn,Bí thư Tỉnh ủy (phim truyền hình Việt Nam),actor,Ông Cẩm
Kim Tuyến,Bí thư Tỉnh ủy (phim truyền hình Việt Nam),actor,Bà Quy
Văn Triệu,Bí thư Tỉnh ủy (phim truyền hình Việt Nam),actor,Hành
Văn Sang,Những công dân tập thể,actor,Xuân Khôi
Quốc Lâm,Hãy cùng em điệu Sarikakeo,actor,Sư Thái Mích
Lê Nhật Anh Thư,Hãy cùng em điệu Sarikakeo,actor,Vana
Vũ Minh Hiền,Hãy cùng em điệu Sarikakeo,actor,Bà Dết
Mã Văn Thắng,Hãy cùng em điệu Sarikakeo,actor,Sư Thái Bách
Đào Lê Duy Hòa,Hãy cùng em điệu Sarikakeo,actor,Sư Chân
Lưu Đê Ly Ly Ba Lan,Men say,actor,Thiên Thanh
Bảo Kỳ,Men say,actor,Sao Băng
Châu Sa,Hoa hồng trên ngực trái,actor,Hoa
Bé Hồng Nhung,Hoa hồng trên ngực trái,actor,Bống
Việt Dũng,Hoa hồng trên ngực trái,actor,Tũn
Sùng Lãm,Những cô gái trong thành phố,actor,Thanh
Mai Lý,Những cô gái trong thành phố,actor,Dì Lan
Hoài Trung,Những cô gái trong thành phố,actor,Công
Vũ Phong,Những cô gái trong thành phố,actor,Tèo
Thái Tuồng,Những cô gái trong thành phố,actor,Bạn Lâm
Thanh Trang,Những cô gái trong thành phố,actor,Tuyên
Lê Hồng Thủy Tiên,Vị đắng tình yêu,actor,Anh Phương
Lê Tuấn Anh (diễn viên),Vị đắng tình yêu,actor,Duy Bình
Lê Tuấn Anh (diễn viên),Hồ sơ cá sấu,actor,"Long ""nhà thổ"""
Lê Tuấn Anh (diễn viên),Người đẹp Tây Đô,actor,Trần Định
Lê Tuấn Anh (diễn viên),Quỳnh búp bê,actor,Phú
Lê Tuấn Anh (diễn viên),Lựa chọn số phận,actor,Thắng “bom”
Lê Tuấn Anh (diễn viên),Bụi hồng,actor,Sơn
Minh Khương,Vị đắng tình yêu,actor,con Phương
Hoàng Sơn (diễn viên),Vị đắng tình yêu,actor,"Hải ""râu"""
Hoàng Sơn (diễn viên),Gia sư nữ quái,actor,Bánh Lọt ===Nhận vật phụ và quần chúng===
Hoàng Sơn (diễn viên),Cả một đời ân oán,actor,Bác sĩ Nguyễn Tuấn Anh
Hoàng Sơn (diễn viên),Sui gia khắc khẩu,actor,Năm Tỏn
Hoàng Sơn (diễn viên),Miền đất phúc,actor,"Quang ""hói"""
Hoàng Sơn (diễn viên),Người đẹp Tây Đô,actor,Ba Dĩnh
Hoàng Sơn (diễn viên),Bóng ma học đường,actor,Trùm ma
Hoàng Sơn (diễn viên),"Taxi, em tên gì?",actor,ông Chiến
Cao Việt Hưng,Vị đắng tình yêu,actor,Dũng
Nguyễn Đạt Phi,Vị đắng tình yêu,actor,Lương
Lê Cung Bắc,Mỹ nhân Sài Thành,director,
Lê Cung Bắc,Vó ngựa trời Nam,director,
Lê Cung Bắc,Người đẹp Tây Đô,director,
Lê Cung Bắc,Những chiếc lá thời gian,director,
Lê Cung Bắc,Mỹ nhân Sài thành,director,
Lê Cung Bắc,Vị đắng tình yêu,actor,giáo sư Hùng
Nguyễn Văn Bảy,Vị đắng tình yêu,actor,giáo sư Xuân
Trần Ngọc Phong,Những nẻo đường phù sa,director,
Trần Ngọc Phong,Ba người đàn ông,director,
Trần Ngọc Phong,Sông phố nhà ghe,director,
Trần Ngọc Phong,Tình yêu dối lừa,director,
Trần Ngọc Phong,Cơn giông (phim năm 2021),director,
Trần Ngọc Phong,Vị đắng tình yêu,actor,"Tuấn ""mập"""
Đạt Phi,Vị đắng tình yêu,actor,"Lương ""kều"""
Phạm Minh Trung,Vị đắng tình yêu,actor,trưởng phòng tổ chức đại học y khoa
Minh Lai,Vị đắng tình yêu,actor,bé trai hàng xóm
Lâm Kim Tiến,Vị đắng tình yêu,actor,cu Tèo
Lê Đình Húy,Xích lô (phim),actor,ông Nội
Lương Triều Vĩ,Xích lô (phim),actor,Nhà Thơ
Trần Nữ Yên Khê,Xích lô (phim),actor,Chị
Ngô Vũ Quang Hải,Xích lô (phim),actor,Dao
Nguyễn Tuyết Ngân,Xích lô (phim),actor,Người Phụ Nữ Hạnh Phúc
Đoàn Việt Hà,Xích lô (phim),actor,Người Phụ Nữ U Sầu
Bùi Hoàng Huy,Xích lô (phim),actor,Đứa Con Điên
Võ Vĩnh Phúc,Xích lô (phim),actor,Bạn Của Xích Lô
Lê Đình Huy,Xích lô (phim),actor,Người Ông
Phạm Ngọc Liễu,Xích lô (phim),actor,Em Gái
Bùi Thị Minh Đức,Xích lô (phim),actor,Mẹ Của Nhà Thơ
Thanh Lam,Xích lô (phim),actor,Ca Sĩ
Gia Khoan,Xích lô (phim),actor,Quan Chức Chính Phủ
Huang Kiem,Xích lô (phim),actor,Người Đàn Ông Ở TAK-47
Trần Quốc Hùng,Xích lô (phim),actor,Khỉ Đột
Trương Thanh Nghi,Xích lô (phim),actor,Nạn Nhân Của Bài Hát Ru
Phạm Hải Trường,Xích lô (phim),actor,Trưởng Sứ Mệnh Cho Gạo
Trần Lộc,Xích lô (phim),actor,Lính Cứu Hỏa
Phạm Duy Hương,Xích lô (phim),actor,Ông Già
Lê Thái Ngọc Hoan,Xích lô (phim),actor,Đứa Trẻ Ở Đài Phun Nước
Bá Phan Châu Toàn,Xích lô (phim),actor,Khách Hàng Ngủ Trưa
Trần Văn Lợi,Xích lô (phim),actor,Bạn Của Xích Lô
Lê Anh Sơn,Xích lô (phim),actor,Bạn Của Xích Lô
Đặng Văn Đức,Xích lô (phim),actor,Người Bị Bệnh Đậu Mùa
Trần Nhật Vũ,Xích lô (phim),actor,Người Bị Bệnh Đậu Mùa
Nguyễn Hữu Châu quần chúng,Xích lô (phim),actor,Người Bị Bệnh Đậu Mùa
Thái Ông Lài,Xích lô (phim),actor,Người Bị Bệnh Đậu Mùa Những nhân vật trên đều không có tên chỉ gọi theo hành động
Nguyễn Thị Quý,Bụi hồng,actor,Diệu Thông
Lê Hoá,Bụi hồng,actor,Diệu Vân
Thuý Hoà,Bụi hồng,actor,Điệu Tịnh Bình
Khánh Duy,Bụi hồng,actor,Uy
Thế Hà,Bụi hồng,actor,Kiên
Thuý Hồng,Bụi hồng,actor,Diệu Thanh
Đặng Việt Bảo,Ký ức mong manh,director,
Đặng Việt Bảo,Ảo ảnh trắng,director,
Đặng Việt Bảo,Tội lỗi cuối cùng,actor,Tuấn
Yến Thu,Tội lỗi cuối cùng,actor,Điệp
Trần Quang,Tội lỗi cuối cùng,actor,Lê Vân
Nguyễn Văn Bẩy,Tội lỗi cuối cùng,actor,Giám thị
Họa sĩ Lê Chánh,Hai Cũ,actor,Út Giáng
Mai Lan,Hai Cũ,actor,Vợ Hương hào Ngọ
Khương Mễ,Hai Cũ,actor,Bí thư Huyện ủy
Kim Hồng,Hai Cũ,actor,Bà bán mít
Công chúa teen và ngũ hổ tướng,Chí Thiện,actor,Tâm
Gia sư nữ quái,Isaac,actor,Lưu Hùng Minh
Gia sư nữ quái,Thùy Trang (diễn viên),actor,cung nữ
Bố già (phim 2021),Quốc Khánh (diễn viên),actor,Bình Lợi
Nguyệt thực (phim truyền hình),Đức Thịnh (diễn viên),actor,Phạm Kiên
Tấm Cám: Chuyện chưa kể,Isaac,actor,Thái tử Hiếu Long
Song lang (phim),Isaac,actor,"Linh Phụng, Kép nam chính của đoàn cải lương Thiên Lý"
Thanh Sói – Cúc dại trong đêm,Tóc Tiên,actor,Thanh
Vật đổi sao dời,Hoàng Lan (diễn viên),actor,Người bán vé xe lửa
Mang mẹ đi bỏ,Quốc Khánh (diễn viên),actor,Tuấn
Gia đình số đỏ,Thanh Vân (diễn viên),actor,bà Thoa
Chuyện tình xa xứ,Thanh Vân (diễn viên),actor,mẹ của Tiffany
Giao lộ định mệnh,Đức Thịnh (diễn viên),actor,Quản lý nhà hàng
Cô dâu đại chiến,Minh Thuận,actor,Người hàng xóm
Thiên mệnh anh hùng,Minh Thuận,actor,Sư phụ
Scandal: Bí mật thảm đỏ,Minh Thuận,actor,Thiện sản xuất
Scandal: Bí mật thảm đỏ,Đức Thịnh (diễn viên),actor,Đại
Scandal: Bí mật thảm đỏ,Maya (diễn viên),actor,Trà My
Cô dâu đại chiến 2,Minh Thuận,actor,Ông Thiện
Cô dâu đại chiến 2,Kiến An (diễn viên),actor,Dân phòng
Cô dâu đại chiến 2,Maya (diễn viên),actor,Thu Huyền
Cưới ngay kẻo lỡ,Hoàng Phúc (diễn viên),actor,Trung Hà
Bụi đời Chợ Lớn,Huỳnh Bích Phương,actor,Hương
Bụi đời Chợ Lớn,Mai Song Tùng,actor,Kỳ
Bụi đời Chợ Lớn,Việt Cường,actor,Nghĩa
Bụi đời Chợ Lớn,Antoneus Maximus,actor,Long
Bí mật tam giác vàng,Hoàng Yến (diễn viên),actor,Miên
Ngược chiều nước mắt,Phạm Anh Tuấn (diễn viên),actor,Hiệp
Cả một đời ân oán,Trung Kiên,actor,Ông Phúc
Cả một đời ân oán,Phạm Anh Tuấn (diễn viên),actor,Bình
Cả một đời ân oán,Hương Giang (diễn viên),actor,Thư
Hương vị tình thân,Phạm Anh Tuấn (diễn viên),actor,"Chiến ""chó"""
Chúng ta của 8 năm sau,Thúy Hà (diễn viên),actor,Bà Hòa
Cuộc gọi lúc 0 giờ,Cát Tường (diễn viên),actor,Hồng Kim
Cá cược cuộc đời,Hùng Minh,actor,Ông Hoàng
Thời gian để yêu (phim truyền hình),Hoàng Trinh (diễn viên),actor,Bà Sang
Ông trùm (phim truyền hình Việt Nam),Nguyên Vũ,actor,Trương Hào
Con gái bố già,Thanh Hoàng,actor,Chu San Hen
Miền đất phúc,Ngọc Trinh (diễn viên),actor,Phượng (lúc nhỏ)
Miền đất phúc,Quang Minh (diễn viên),actor,Ông Từ Ngũ
Thứ ba học trò,Quang Vinh,actor,Thầy hiệu trưởng
Muôn kiểu làm dâu,Lê Minh Thành (diễn viên),actor,Nam Quân
Nghiệp sinh tử,Hùng Minh,actor,Diêm Vương
Cô gái xấu xí,Minh Thuận,actor,Ninh Lâm (Lâm Caro)
Cô gái xấu xí,Ngọc Hiệp (diễn viên),actor,Huyền Diệu
Bếp hát,Minh Thuận,actor,Lê Lâm
Trói buộc yêu thương,Đức Thịnh (diễn viên),actor,Luật sư Minh
Kiều nữ và đại gia,Thanh Hoàng,actor,Tú Martel
Ký ức mong manh,Thanh Hoàng,actor,Đức
Đồng tiền quỷ ám,Thúy Nga (diễn viên),actor,Hòa
Khúc tương tư,Đức Thịnh (diễn viên),actor,Cò Lắm
Ngày ấy mình đã yêu,Chí Thiện,actor,Đô
Cô Thắm về làng (phim truyền hình),Thái Đình Dương,actor,Nguyễn Hữu Hoàng (bạn trai cũ của Duyên)
Cô Thắm về làng (phim truyền hình),B Trần,actor,Tài
Cô Thắm về làng (phim truyền hình),Hoàng Trinh (diễn viên),actor,Bà Út
Ngũ hợi tấn hỷ,Quốc Khánh (diễn viên),actor,Ba Hưng
Tình mẫu tử (phim truyền hình Việt Nam),Lê Minh Thành (diễn viên),actor,Sơn
Bánh mì ông Màu,Lê Minh Thành (diễn viên),actor,Tấn Phát
Nghề báo (phim truyền hình),Tạ Minh Tâm,actor,Phan Thăng
Nghề báo (phim truyền hình),Cát Tường (diễn viên),actor,Fami
Mỹ nhân Sài Thành,Khánh My (diễn viên),actor,Hồng Trà
Mỹ nhân Sài Thành,Thương Tín (diễn viên),actor,Ông Phong
Thương con cá rô đồng,Hoàng Yến (diễn viên),actor,Lành
Thương con cá rô đồng,Hoàng Trinh (diễn viên),actor,Bà Tiền
Khi đàn ông có bầu,Minh Thuận,actor,Ca sĩ Minh Thuận (†)
Khi đàn ông có bầu,Nguyễn Phi Hùng,actor,Hùng
Những nẻo đường phù sa,Ngọc Hiệp (diễn viên),actor,Út Hơn
Vó ngựa trời Nam,Thanh Hoàng,actor,Hai Huỳnh
Sông dài (phim),Hoàng Trinh (diễn viên),actor,Bà Hạnh Hoà
Mùa cúc susi,Đức Thịnh (diễn viên),actor,Bảy Hoàng
Giã từ những đêm hoang,Hoàng Yến (diễn viên),actor,Bích
Người đẹp Tây Đô,Tường Vân,actor,Bà Cần
Người đẹp Tây Đô,Đơn Dương (diễn viên),actor,Hoàng Thái
Chạm vào quá khứ,Nguyên Vũ,actor,Khắc Huy
Đời cát,Đơn Dương (diễn viên),actor,Cảnh
Tôi vào đời,Thùy Trang (diễn viên),actor,Thúy
Blouse trắng,Thanh Hoàng,actor,Giáo sư
Blouse trắng,Tạ Minh Tâm,actor,Bác sĩ Lê Hùng
Câu chuyện pháp đình,Minh Phương (diễn viên),actor,Mai
Trái đắng,Maya (diễn viên),actor,Diễm
Lụa (phim truyền hình),Vũ Hà,actor,Nhi Dẹo
Nữ sinh (phim truyền hình),Quang Vinh,actor,Hoàng Gia
Những thiên thần áo trắng,Thanh Hoàng,actor,Thầy tổ trưởng tổ vật lý
Bên kia sông,Tạ Minh Tâm,actor,Lê Tuấn
Bên kia sông,Thương Tín (diễn viên),actor,Khang
Án mạng lầu 4,Lê Công Hoàng (diễn viên),actor,Giang
Năm sau con lại về,Trường Giang,actor,Mạnh Ruồi
Sông dài (phim truyền hình),Hoàng Trinh (diễn viên),actor,Bà Hạnh Hoà
Nụ hôn thần chết (phim),Thủy Tiên,actor,Juliet
Nụ hôn thần chết (phim),Hoàng Lan (diễn viên),actor,Bà béo trong vũ trường
Bóng ma học đường,Tim,actor,Jimmy Long
Bóng ma học đường,Hoàng Phúc (diễn viên),actor,ba của Thiên Kim
Hoán đổi thân xác,Thiên Thủy,actor,nữ nhà báo
Nhà có 5 nàng tiên,Cát Tường (diễn viên),actor,bà Thu
Tía tui là cao thủ,Cát Tường (diễn viên),actor,bà Liên
Tình thắm duyên xuân,Cát Tường (diễn viên),actor,Ba Sen
Tình thắm duyên xuân,Hoàng Trinh (diễn viên),actor,Vợ Tư Đa
Xóm nước đen,Hoàng Anh (diễn viên),actor,Nga
Em là bà nội của anh,Duy Khánh (diễn viên),actor,nam MC chương trình ca nhạc
Em là của em,Maya (diễn viên),actor,Quỳnh Anh
Lật mặt (phim),Trường Giang,actor,Toàn
"Sài Gòn, anh yêu em",Maya (diễn viên),actor,Thiên Kim
"Sài Gòn, anh yêu em",Duy Khánh (diễn viên),actor,người mua kem trộn
Nàng dâu order,Nguyễn Thanh Sơn (diễn viên),actor,Phong
Về nhà đi con,Thúy Hà (diễn viên),actor,Cô Hạnh/Bà Bích
Về nhà đi con,Maya (diễn viên),actor,Trang (Mẹ của Bảo)
Hoa hồng cho sớm mai,Tim,actor,Thanh
Hoa hồng cho sớm mai,Lê Minh Thành (diễn viên),actor,Trung
Sắc đẹp ngàn cân (phim 2017),Kiến An (diễn viên),actor,Ông Bá
Ầu ơ ví dầu,Hùng Minh,actor,Ông Nội Luân
Ầu ơ ví dầu,Hoàng Yến (diễn viên),actor,Yến (lúc nhỏ)
Cha và con và...,Lê Công Hoàng (diễn viên),actor,Vũ
Đẹp từng centimet,Chí Thiện,actor,ca sĩ Chí Thiện
Đẹp từng centimet,Thủy Tiên,actor,cô gái chụp ảnh
Đẹp từng centimet,Thanh Vân (diễn viên),actor,hàng xóm của Ngô Đồng
Người đàn bà yếu đuối,Kim Khánh (diễn viên),actor,Lệ
Nụ hôn thần chết,Thủy Tiên,actor,Juliet
Nụ hôn thần chết,Hoàng Lan (diễn viên),actor,Bà béo trong vũ trường
Bán chồng,Tim,actor,Hưng
Ngũ quái Sài Gòn,Thương Tín (diễn viên),actor,Thái Trượng Phu
Tro tàn rực rỡ,Ngọc Hiệp (diễn viên),actor,Mẹ Dương
Tro tàn rực rỡ,Lê Công Hoàng (diễn viên),actor,"Dương, Chồng của Hậu"
Vong nhi,Hoàng Yến (diễn viên),actor,cô gái trong bệnh viện
Cám (phim),Ngọc Hiệp (diễn viên),actor,Ba Tầm
Đoạt hồn,Thương Tín (diễn viên),actor,ông Thảo
Vòng xoáy tình yêu,Quang Minh (diễn viên),actor,Mạnh
"Taxi, em tên gì?",Trường Giang,actor,Thượng Phong
Sống chung với mẹ chồng,Hương Giang (diễn viên),actor,Trâm
Yêu thì ghét thôi,Phạm Anh Tuấn (diễn viên),actor,Ông Lợi
Yêu thì ghét thôi,Hương Giang (diễn viên),actor,Giang
Những ngày không quên,Phạm Anh Tuấn (diễn viên),actor,Đẩu
Những ngày không quên,Hương Giang (diễn viên),actor,Mận ===Diễn viên phụ===
Hành trình công lý,Phạm Anh Tuấn (diễn viên),actor,Thái
Ranh giới (phim 2002),Hoàng Yến (diễn viên),actor,Vợ Dương
Luật đời,Thúy Hà (diễn viên),actor,Thảo Tần
Luật đời,Anh Dũng (diễn viên),actor,Trần Văn
Cuồng phong (phim truyền hình),Quốc Khánh (diễn viên),actor,Hòa
Cuồng phong (phim truyền hình),Minh Thư (diễn viên),actor,Hà
Chủ tịch tỉnh (phim truyền hình),Hoàng Yến (diễn viên),actor,Loan
Người phán xử (phim truyền hình Việt Nam),Phạm Anh Tuấn (diễn viên),actor,"Long ""Bá đạo"""
Đấu trí (phim truyền hình Việt Nam),Phạm Anh Tuấn (diễn viên),actor,Hoàng Bá Khải
Đấu trí (phim truyền hình Việt Nam),Anh Dũng (diễn viên),actor,"Ngô Xuân Trung (Trung ""ve"")"
Đấu trí (phim truyền hình Việt Nam),Nguyễn Thanh Bình (diễn viên),actor,Phan Thanh Túng
Gara hạnh phúc,Anh Dũng (diễn viên),actor,Hùng
Gara hạnh phúc,Nguyễn Thanh Bình (diễn viên),actor,Ông Dũng
Điều bí mật,Hoàng Yến (diễn viên),actor,Mẹ Huyền
Điều bí mật,Hương Giang (diễn viên),actor,Nhật Lệ
Hướng dương ngược nắng,Hoàng Yến (diễn viên),actor,Bà Khánh
Hướng dương ngược nắng,Minh Phương (diễn viên),actor,Bà Thường
Mùa hoa tìm lại,Hương Giang (diễn viên),actor,Bùi Ánh Tuyết
Đừng làm mẹ cáu,Hương Giang (diễn viên),actor,Mai Anh
Đừng làm mẹ cáu,Nguyễn Thanh Bình (diễn viên),actor,Ông Minh
Trái tim có nắng,Phạm Anh Tuấn (diễn viên),actor,Tuấn
Trái tim có nắng,Ngọc Bích (diễn viên),actor,Bà Xuyến
Giao mùa,Minh Phương (diễn viên),actor,Bà Hạnh
Lặng yên dưới vực sâu,Lan Hương (diễn viên),actor,Chía
Đi qua mùa hạ,Thúy Nga (diễn viên),actor,Thơ
Đi qua mùa hạ,Hoàng Anh (diễn viên),actor,Tấn
Ghét thì yêu thôi,Ngọc Bích (diễn viên),actor,Mẹ Kiên
Cô gái nhà người ta,Hương Giang (diễn viên),actor,Mận
Người Hà Nội (phim),Mai Châu (diễn viên),actor,Bà Tướng
"Không ngại cưới, chỉ cần một lý do",Hoàng Yến (diễn viên),actor,Thu
"Không ngại cưới, chỉ cần một lý do",Nguyễn Thanh Bình (diễn viên),actor,Ông Trọng
Đảo của dân ngụ cư,Hoàng Phúc (diễn viên),actor,Ông chủ
Đảo của dân ngụ cư,Ngọc Hiệp (diễn viên),actor,Xiếm Hoa
Mùa xuân ở lại,Hoàng Lan (diễn viên),actor,Mua
Chiều ngang qua phố cũ,Phạm Hồng Minh (diễn viên),actor,Tiến
Lối nhỏ vào đời,Lan Hương (diễn viên),actor,Hồng
Bánh đúc có xương,Phạm Hồng Minh (diễn viên),actor,Chí Kiên
Nơi giấc mơ tìm về,Phạm Anh Tuấn (diễn viên),actor,Phúc “đen”
Nhà trọ Balanha,Anh Dũng (diễn viên),actor,Phi
Công nghệ thời trang,Hoàng Anh (diễn viên),actor,Minh Thu
Độc thân tuổi 30,Trường Giang,actor,Tuấn Tú
Lưới trời (phim 2020),Tim,actor,Thắng
Làm rể Mười Xuân,Lê Minh Thành (diễn viên),actor,Phương Đông
Vũ khúc ánh trăng,Hoàng Yến (diễn viên),actor,Phượng
Đợi tàu,Lê Trung Cương,actor,Dũng
Cây Huê xà,Thương Tín (diễn viên),actor,Năm Ðiền
Mỹ nhân Sài thành,Khánh My (diễn viên),actor,Hồng Trà
Mỹ nhân Sài thành,Thương Tín (diễn viên),actor,Ông Phong
Hai người vợ,Hoàng Trinh (diễn viên),actor,Bà Duy
Kế hoạch hoàn hảo,Lê Minh Thành (diễn viên),actor,Đăng Lì
Ghen (phim),Minh Tâm,actor,Nhân viên thu tiền điện Và một số diễn viên khác
Lục Vân Tiên (phim truyền hình),Nguyên Vũ,actor,Vương Tử Trực
Tình yêu dối lừa,Hoàng Trinh (diễn viên),actor,Bà Lan
Ám ảnh xanh,Thái Bảo,actor,Tư Chao
Đôi mắt của trái tim,Thanh Hoàng,actor,Ông Tâm Hùng
Những ông bố độc thân,Cát Tường (diễn viên),actor,Kim Anh
Ngày mai bình yên,Tố Uyên (diễn viên),actor,Trà
Tiệm ăn dì ghẻ,Hồng Vân (diễn viên),actor,Nhung
Địa đạo: Mặt trời trong bóng tối,Cao Minh,actor,chú Sáu
Dollars trắng,Nguyên Vũ,actor,Huỳnh Đăng Khoa
Đồng tiền xương máu,Cát Tường (diễn viên),actor,Yến
Thạch Thảo (phim),Anh Tú (diễn viên),actor,A Rok
Sinh mệnh (phim),Đức Hải (diễn viên),actor,Xa đội trưởng
Lật mặt,Trường Giang,actor,Toàn
Tử chiến trên không,Xuân Văn (diễn viên),actor,Phương
Con đường sáng (phim dài tập),Minh Phương (diễn viên),actor,Minh Phụng (nhỏ)/Minh Vân (nhỏ)
Lật mặt 2: Phim trường,Trường Giang,actor,trò bạn diễn với Lý Hải ở Lật mặt đã chiếm được cảm tình từ khán giả
Huyền thoại 1C,Nhã Uyên (diễn viên),actor,Linh
Vĩ tuyến 17 ngày và đêm,Trà Giang (diễn viên),actor,Dịu
Vĩ tuyến 17 ngày và đêm,Thụy Vân (diễn viên),actor,Kim Huệ
Xin hãy tin em (phim truyền hình),Thúy Nga (diễn viên),actor,Hường
Xin hãy tin em (phim truyền hình),Ngọc Bích (diễn viên),actor,Mẹ Hoài
Xin hãy tin em (phim truyền hình),Anh Tú (diễn viên),actor,Minh
Con mắt bão,Hoàng Yến (diễn viên),actor,Mai
Đội đặc nhiệm nhà C21,Đức Thịnh (diễn viên),actor,Sơn sọ
Đội đặc nhiệm nhà C21,Lan Hương (diễn viên),actor,Bà bán khoai Và một số diễn viên khác
"Bi, đừng sợ!",Trần Tiến (diễn viên),actor,Ông nội Bi
Cỏ lau,Đơn Dương (diễn viên),actor,Lực
Kẻ không cầu may,Phạm Hồng Minh (diễn viên),actor,Hoàng (kĩ sư Lê Hoàng)
Không còn gì để nói,Phạm Hồng Minh (diễn viên),actor,Thành
Vua bãi rác,Minh Phương (diễn viên),actor,Người hàng chuối
Lập trình cho trái tim,Lan Hương (diễn viên),actor,Tố Uyên
Sóng ở đáy sông,Phạm Hồng Minh (diễn viên),actor,Nam
Cu li không bao giờ khóc,Thương Tín (diễn viên),actor,ông Sinh (bố của Quang)
Đất và người,Văn Chung (diễn viên),actor,Hơn
Đất và người,Phạm Hồng Minh (diễn viên),actor,Tùng - chủ tịch hợp tác xã/cháu đích tôn họ Vũ
Vòng nguyệt quế (phim truyền hình),Anh Dũng (diễn viên),actor,Bố Hân
Trò đời,Hoàng Yến (diễn viên),actor,Hoàng Hôn
Khi đàn chim trở về,Đức Thịnh (diễn viên),actor,Ngọ
Những công dân tập thể,Hoàng Yến (diễn viên),actor,Xuyền
Những công dân tập thể,Ngọc Bích (diễn viên),actor,Bà Điển
Ngày mai bình yên (phim truyền hình 2021),Tố Uyên (diễn viên),actor,Trà
Mùi cỏ cháy,Nguyễn Thanh Sơn (diễn viên),actor,Long
Hoa hồng trên ngực trái,Hoàng Cúc (diễn viên),actor,Bà Hồng
Những cô gái trong thành phố,Thúy Hà (diễn viên),actor,Thuận
Những cô gái trong thành phố,Minh Phương (diễn viên),actor,Hanh
Xích lô (phim),Lê Văn Lộc,actor,Xích Lô
Xích lô (phim),Trần Minh Tuấn,actor,Ông Già
Xích lô (phim),Nguyễn Văn Tùng,actor,Người Bán Xăng Dầu
Xích lô (phim),Đặng Minh Châu,actor,Bạn Của Xích Lô
Bụi hồng,Hoàng Phúc (diễn viên),actor,Quang
Hai Cũ,Thương Tín (diễn viên),actor,Tám Kỷ
Hai Cũ,Đơn Dương (diễn viên),actor,Thắng
Hai người mẹ (phim Việt Nam),Thụy Vân (diễn viên),actor,Bua
