id,type,info_name,info_image,info_ghi chú,info_đạo diễn,info_sản xuất,info_biên kịch,info_cốt truyện,info_diễn viên,info_âm nhạc,info_quay phim,info_dựng phim,info_hãng sản xuất,info_phát hành,info_công chiếu,info_thời lượng,info_ngôn ngữ,info_budget,info_doanh thu,info_1,info_2,info_3,info_4,info_5,info_6,info_7,info_8,info_9,info_10,info_11,info_12,info_13,info_14,info_15,info_16,infobox_tên,infobox_ghi chú,infobox_director,infobox_sản xuất,infobox_biên kịch,infobox_cốt truyện,infobox_cast,infobox_âm nhạc,infobox_quay phim,infobox_dựng phim,infobox_hãng sản xuất,infobox_phát hành,infobox_công chiếu,infobox_duration,infobox_language,infobox_budget,infobox_box_office,infobox_1,infobox_2,infobox_3,infobox_4,infobox_5,infobox_6,infobox_7,infobox_8,infobox_9,infobox_10,infobox_11,infobox_12,infobox_13,infobox_14,infobox_15,infobox_16,infobox_genre,info_tác giả,info_kịch bản,info_studio,info_quốc gia,info_kinh phí,info_website,info_imdb_id,infobox_tác giả,infobox_kịch bản,infobox_studio,infobox_country,infobox_website,infobox_imdb_id,info_caption,info_director,info_producer,info_writer,info_starring,info_music,info_cinematography,info_editing,info_distributor,info_released,info_runtime,info_country,info_language,info_gross,infobox_name,infobox_image,infobox_caption,infobox_producer,infobox_writer,infobox_starring,infobox_music,infobox_cinematography,infobox_editing,infobox_distributor,infobox_released,infobox_runtime,infobox_gross,infobox_định dạng,infobox_đơn vị sản xuất,infobox_network,infobox_first_aired,infobox_số tập,infobox_kích thước hình,infobox_kênh,infobox_phát sóng đầu,infobox_phát sóng cuối,infobox_show_name,infobox_format,infobox_based_on,infobox_num_episodes,infobox_company,infobox_channel,infobox_first_run,infobox_last_aired,infobox_image_size,infobox_narrator,infobox_screenplay,infobox_story,infobox_dẫn phim,infobox_dựa trên,infobox_17,infobox_18,infobox_19,infobox_20,infobox_show_name_2,infobox_creator,infobox_developer,infobox_num_seasons,infobox_executive_producer,infobox_editor,infobox_location,infobox_bgcolor,infobox_creative_director,infobox_theme_music_composer,infobox_opentheme,infobox_endtheme,infobox_preceded_by,infobox_followed_by,infobox_cỡ hình,infobox_người dẫn chuyện,infobox_img_size,infobox_df,infobox_Thiết kế mỹ thuật,infobox_id,infobox_title,infobox_camera,infobox_picture_format,infobox_based on,infobox_chú thích,infobox_italic title,infobox_Âm nhạc,infobox_phần trước,infobox_phần sau,infobox_nhạc kết,infobox_Nhan đề nghiêng,infobox_giám đốc sản xuất,infobox_công ty sản xuất,infobox_chú thích hình,infobox_imagesize,infobox_first_aired_vn,infobox_channel_vn,infobox_tên khác,infobox_composer,infobox_biên tập,infobox_độ dài,infobox_alt_name,infobox_open_theme,infobox_bgcolour,infobox_related,infobox_director of Photography,infobox_part,infobox_chỉ đạo nghệ thuật,infobox_creat‌ive_director,infobox_định_dạng_hình_ảnh,infobox_số phần,infobox_địa điểm,infobox_giám chế,infobox_nhạc dạo,infobox_last_aired_vn,infobox_phát sóng,infobox_nhạc sĩ,infobox_presenter,infobox_judges,infobox_picture,infobox_audio_format,infobox_italic_title,infobox_lồng tiếng,infobox_chương trình liên quan,infobox_imdb_rating,infobox_awards,infobox_Số tập,infobox_kỹ thuật quay,infobox_amg_id,infobox_state,infobox_image_alt,infobox_narrated,infobox_slogan,infobox_EpisodeNumber,infobox_Title,infobox_OriginalAirDate,infobox_ShortSummary,infobox_DOP,infobox_image size,infobox_num_series,infobox_co_exec,infobox_supervising_producer,infobox_wardrobe,infobox_stylist,infobox_border,infobox_định dạng âm thanh,infobox_end_theme,infobox_phát triển,infobox_inspired_by,infobox_production_website,infobox_color,infobox_D.O.P,infobox_Đạo diễn Hình Ảnh,infobox_phụ hòa âm,infobox_kênh vn,infobox_story_editor,infobox_số mùa,infobox_Website,infobox_list_episodes,infobox_voices,infobox_đạo diễn hình ảnh,infobox_alt,infobox_dẫn chương trình,infobox_hn,infobox_production_companies,infobox_1st AD,infobox_makeup,infobox_họa sĩ thiết kế
Nhà bà Nữ,film,Nhà bà Nữ,Áp phích phim Nhà bà Nữ.jpg,Áp phích chiếu rạp của phim,Trấn Thành,* Trấn Thành * Đỗ Hoàng Vũ,Nguyễn Ngọc Huyền Trân,* Trấn Thành * Tạ Anh Đức * Lương Nghiêm Huy,* Lê Giang * Uyển Ân * Song Luân * Trấn Thành * Khả Như * Quỳnh Lý * Phương Lan * Dương Lâm * Ngọc Giàu * Việt Anh,* Ngô Minh Hoàng * Nguyễn Hoàng Anh,Trần Minh Huy,* Vũ Khắc Tuận * Phạm Hoàng Nhân,* CJ HK Entertainment * KIM Entertainment * Trấn Thành Town,CJ CGV,"2023, 1, 22, Việt Nam, 2023, 3, 3, Hoa Kỳ, 2023, 3, 9, Úc, Singapore, 2023, 3, 10, Canada",103 phút,Tiếng Việt,"30–35 tỷ VND (1,2–1,4 triệu USD)","475 tỷ VND (19,6 triệu USD)Theo Box Office Việt Nam, ''Nhà bà Nữ'' thu về 458 tỷ đồng. Theo ê-kíp sản xuất thì bộ phim có doanh thu là 475 tỷ đồng. (Việt Nam), 24 tỷ VND (1 triệu USD) (Hoa Kỳ)",2023,1,22,Việt Nam,2023,3,3,Hoa Kỳ,2023,3,9,"Úc, Singapore",2023,3,10,Canada,Nhà bà Nữ,Áp phích chiếu rạp của phim,Trấn Thành,* Trấn Thành * Đỗ Hoàng Vũ,Nguyễn Ngọc Huyền Trân,* Trấn Thành * Tạ Anh Đức * Lương Nghiêm Huy,* Lê Giang * Uyển Ân * Song Luân * Trấn Thành * Khả Như * Quỳnh Lý * Phương Lan * Dương Lâm * Ngọc Giàu * Việt Anh,* Ngô Minh Hoàng * Nguyễn Hoàng Anh,Trần Minh Huy,* Vũ Khắc Tuận * Phạm Hoàng Nhân,* CJ HK Entertainment * KIM Entertainment * Trấn Thành Town,CJ CGV,"2023, 1, 22, Việt Nam, 2023, 3, 3, Hoa Kỳ, 2023, 3, 9, Úc, Singapore, 2023, 3, 10, Canada",103 phút,Tiếng Việt,"30–35 tỷ VND (1,2–1,4 triệu USD)","475 tỷ VND (19,6 triệu USD)Theo Box Office Việt Nam, ''Nhà bà Nữ'' thu về 458 tỷ đồng. Theo ê-kíp sản xuất thì bộ phim có doanh thu là 475 tỷ đồng. (Việt Nam), 24 tỷ VND (1 triệu USD) (Hoa Kỳ)",2023,1,22,Việt Nam,2023,3,3,Hoa Kỳ,2023,3,9,"Úc, Singapore",2023,3,10,Canada,"chính kịch, điện ảnh, hài",,,,,,,,,,,,,,,,,,,,,,,,,,,,,,,,,,,,,,,,,,,,,,,,,,,,,,,,,,,,,,,,,,,,,,,,,,,,,,,,,,,,,,,,,,,,,,,,,,,,,,,,,,,,,,,,,,,,,,,,,,,,,,,,,,,,,,,,,,,,,,,,,,,,,,,,,,,,,,,,,,,,,,,,,,,,,,,
Hai Phượng,film,"Hai Phượng, Furie",Hai Phuong - Furie poster.jpg,Áp phích chiếu rạp của phim tại Việt Nam,Lê Văn Kiệt,"Bey Logan, Trần Bửu Lộc",,,"Ngô Thanh Vân, Mai Cát Vy, Phan Thanh Nhiên, Phạm Anh Khoa, Trần Thanh Hoa",Nguyễn Hoàng Anh,Morgan Schmidt,Quyền Ngô,,Lotte Entertainment Việt Nam,"2019, 2, 22, Việt Nam, 2019, 3, 1, Hoa Kỳ, 2019, 3, 8, Canada, 2019, 9, 20, Trung Quốc",98 phút,Tiếng Việt,,"10,05 triệu đô la Mỹ (toàn cầu), 237,029 tỷ đồng (Việt Nam)",2019,2,22,Việt Nam,2019,3,1,Hoa Kỳ,2019,3,8,Canada,2019,9,20,Trung Quốc,"Hai Phượng, Furie",Áp phích chiếu rạp của phim tại Việt Nam,Lê Văn Kiệt,"Bey Logan, Trần Bửu Lộc",,,"Ngô Thanh Vân, Mai Cát Vy, Phan Thanh Nhiên, Phạm Anh Khoa, Trần Thanh Hoa",Nguyễn Hoàng Anh,Morgan Schmidt,Quyền Ngô,,Lotte Entertainment Việt Nam,"2019, 2, 22, Việt Nam, 2019, 3, 1, Hoa Kỳ, 2019, 3, 8, Canada, 2019, 9, 20, Trung Quốc",98 phút,Tiếng Việt,1 triệu USD,"10,05 triệu đô la Mỹ (toàn cầu), 237,029 tỷ đồng (Việt Nam)",2019,2,22,Việt Nam,2019,3,1,Hoa Kỳ,2019,3,8,Canada,2019,9,20,Trung Quốc,"chính kịch, điện ảnh, hành động",Lê Văn Kiệt,Nhóm biên kịch A Type Machine,"Studio 68, NHV Entertainment",Việt Nam,1 triệu USD,http://www.wellgousa.com/films/furie,9412268,Lê Văn Kiệt,Nhóm biên kịch A Type Machine,"Studio 68, NHV Entertainment",Việt Nam,http://www.wellgousa.com/films/furie,9412268,,,,,,,,,,,,,,,,,,,,,,,,,,,,,,,,,,,,,,,,,,,,,,,,,,,,,,,,,,,,,,,,,,,,,,,,,,,,,,,,,,,,,,,,,,,,,,,,,,,,,,,,,,,,,,,,,,,,,,,,,,,,,,,,,,,,,,,,,,,,,,,,,,,,,,,,,,,,,,,,,,
Tèo em,film,Tèo em,Teoemposter.jpg,,,,,,,,,,,,,,,10 tỷ VND,,,,,,,,,,,,,,,,,,,,Charlie Nguyễn,,,,,,,,,,,,Tiếng Việt,10 tỷ VND,,,,,,,,,,,,,,,,,,"hài, tâm lý",,,Hãng phim Chánh Phương,,,,,,,Hãng phim Chánh Phương,25px Việt Nam,,,Áp phích chính thức của phim.,Charlie Nguyễn,"Jimmy Phạm Nghiêm, Jenni Trang Lê","Charlie Nguyễn, Dương Từ Ân","Johnny Trí Nguyễn, Thái Hòa, Ninh Dương Lan Ngọc, Yaya Trương Nhi, Ngọc Tưởng, Hữu Châu, Thân Thúy Hà",Christopher Wong,"Tal Lazar, James Ngô",Charlie Nguyễn,Hãng phim Chánh Phương,20 tháng 12 năm 2013,99 phút,25px Việt Nam,Tiếng Việt,80 tỷ VND,Tèo em,Teoemposter.jpg,Áp phích chính thức của phim.,"Jimmy Phạm Nghiêm, Jenni Trang Lê","Charlie Nguyễn, Dương Từ Ân","Johnny Trí Nguyễn, Thái Hòa, Ninh Dương Lan Ngọc, Yaya Trương Nhi, Ngọc Tưởng, Hữu Châu, Thân Thúy Hà",Christopher Wong,"Tal Lazar, James Ngô",Charlie Nguyễn,Hãng phim Chánh Phương,20 tháng 12 năm 2013,99 phút,80 tỷ VND,,,,,,,,,,,,,,,,,,,,,,,,,,,,,,,,,,,,,,,,,,,,,,,,,,,,,,,,,,,,,,,,,,,,,,,,,,,,,,,,,,,,,,,,,,,,,,,,,,,,,,,,,,,,,,,,,,,,,,,,,,,,,,,,,,,,,,,
Mùi ngò gai,film,,,,,,,,,,,,,,,,,,,,,,,,,,,,,,,,,,,,,"Kim Hyo-joong, Han Chul-soo, Chu Thiện, Trần Hữu Phúc",,,,,,,,,,,,tiếng Việt,40 tỉ VND,,,,,,,,,,,,,,,,,,"gia đình, truyền hình",,,,,,,,,,,Việt Nam,,,,,,,,,,,,,,,,,Mùi ngò gai,MuiNgoGai.gif,Bìa đĩa phim phần 2,Kim Se-huyk,"Kwon In-chan, Kim Mi-kyung, Cầm Phong","Angela Phương Trinh, Ngọc Trinh, Hồng Ánh, Minh Hoàng, Việt Anh, Kim Xuân, Thành Lộc, Hòa Hiệp, Kim Hiền","Jang So-young, Tuấn Khanh",,,,,45 phút/tập (không bao gồm quảng cáo),,Phim truyền hình,"Hãng phim Gia đình Việt, CJ E&M",HTV9,"3 tháng 12 năm 2006 – 18 tháng 5 năm 2007 (phần 1, 2), 28 tháng 4 năm 2008 (phần 3)","53 (phần 1), 19 (phần 2), 34 (phần 3)",,,,,,,,,,,,,,,,,,,,,,,,,,,,,,,,,,,,,,,,,,,,,,,,,,,,,,,,,,,,,,,,,,,,,,,,,,,,,,,,,,,,,,,,,,,,,,,,,,,,,,,,,,,,,,,,,,,,,,,,,,,,,,,,,,
Cổng mặt trời (phim truyền hình),film,,,,,,,,,,,,,,,,,,,,,,,,,,,,,,,,,,,Cổng mặt trời,,Nguyễn Dương,,,,"Lương Thế Thành, Hòa Hiệp, Bá Thắng, Hùng Thuận, Trấn Thành, Đình Hiếu, Ngọc Lan, Nguyệt Ánh, Kha Ly, Tú Vi, Hiền Trang, Lê Bê La",,,,,,,45 - 50 phút/tập (không bao gồm quảng cáo),tiếng Việt,,,,,,,,,,,,,,,,,,,truyền hình,,,,,,,,,"Hoàng Anh, Cát Minh, Nhật Đăng San",,Việt Nam,,,,,,,,,,,,,,,,,,,,,,,,,,,,,,Phim truyền hình,"Đài Truyền hình Thành phố Hồ Chí Minh, Công ty cổ phần truyền thông đa phương tiện Lasta",,,67,230px,HTV7,22 tháng 1 năm 2010,27 tháng 3 năm 2010,,,,,,,,,,,,,,,,,,,,,,,,,,,,,,,,,,,,,,,,,,,,,,,,,,,,,,,,,,,,,,,,,,,,,,,,,,,,,,,,,,,,,,,,,,,,,,,,,,,,,,,,,,,,,,,,,,,,,,,,,,,,,,
Chuyện tình mùa thu,film,,,,,,,,,,,,,,,,,,,,,,,,,,,,,,,,,,,,,Trương Dũng,,,,,,,,,,,,tiếng Việt,,,,,,,,,,,,,,,,,,,truyền hình,,,,,,,,,,,Việt Nam,,,,,,,,,,,,,,,,,,,,,Hoàng Thu Dung,"Khương Ngọc, Thanh Trúc, NSND Kim Xuân, Trọng Nhân, NSƯT Công Ninh, Huỳnh Anh Tuấn",,,,,,45 phút/tập (không bao gồm quảng cáo),,,,,27 tháng 5 năm 2010,,,,,,Chuyện tình mùa thu,Phim truyền hình,"""Mùa thu hoa tím"" của Hoàng Thu Dung",33,Công ty Sóng Vàng,HTV7,Việt Nam,24 tháng 6 năm 2010,,,,,,,,,,,,,,,,,,,,,,,,,,,,,,,,,,,,,,,,,,,,,,,,,,,,,,,,,,,,,,,,,,,,,,,,,,,,,,,,,,,,,,,,,,,,,,,,,,,,,,,,,,,,,,,,,,,,,,
Một thời ta đuổi bóng,film,,,,,,,,,,,,,,,,,,,,,,,,,,,,,,,,,,,,,Trương Dũng,,,,,,,,,,,,tiếng Việt,,,,,,,,,,,,,,,,,,,truyền hình,,,,,,,,,,,Việt Nam,,,,,,,,,,,,,,,,,,,,,Hoàng Thu Dung,"Vân Trang, Khương Thịnh, Tú Vi",,,,,,45 phút/tập (không bao gồm quảng cáo),,,,,7 tháng 5 năm 2011,,,,,,Một thời ta đuổi bóng,Phim truyền hình,,32,Công ty Sóng Vàng,HTV7,,28 tháng 5 năm 2011,,,,,,,,,,,,,,,,,,,,,,,,,,,,,,,,,,,,,,,,,,,,,,,,,,,,,,,,,,,,,,,,,,,,,,,,,,,,,,,,,,,,,,,,,,,,,,,,,,,,,,,,,,,,,,,,,,,,,,
Công chúa teen và ngũ hổ tướng,film,,,,,,,,,,,,,,,,,,,,,,,,,,,,,,,,,,,,,Lê Lộc,,,,,,,,,,,,Tiếng Việt,,,,,,,,,,,,,,,,,,,"hài, tâm lý",,,,,,,,,,Hãng phim Phước Sang,Việt Nam,,,,,,,,,,,,,,,,,Công chúa teen và ngũ hổ tướng,ccteen.jpg,Áp phích của phim.,Lưu Phước Sang,Thạch Tuyền,"Bảo Thy, Yến Trang, NSƯT Hoài Linh, Chí Tài, Tấn Beo, Hiếu Hiền, NSƯT Mạnh Tràng, Khổng Tú Quỳnh, Hoàng Sơn, Kim Thư","Bảo Thy, Tân Rock","Lê Trung Toàn, Dương Văn Lễ, Nguyễn Thành Út",Trịnh Quốc Hùng,Hãng phim Phước Sang,4 tháng 2 năm 2010,"'''Phiên bản điện ảnh''': 98 phút, '''Phiên bản truyền hình''': 45 phút / tập (4 tập)",Hơn 25 tỷ VND,,,,,,,,,,,,,,,,,,260px,Bảo Thy,,,,,,,,,,,,,,,,,,,,,,,,,,,,,,,,,,,,,,,,,,,,,,,,,,,,,,,,,,,,,,,,,,,,,,,,,,,,,,,,,,,,,,,,,,,,,,,,,,,,,,,,,,,,,,,,,,,,
Gia sư nữ quái,film,,,,,,,,,,,,,,,,,,,,,,,,,,,,,,,,,,,,,Lê Bảo Trung,,,,,,,,,,,,Tiếng Việt,,,2012,6,1,,,,,,,,,,,,,,"chính kịch, điện ảnh",,,,,,,,,,"LBT Entertainment, Tincom Media",Việt Nam,,,,,,,,,,,,,,,,,Gia sư nữ quái,Gia su nu quai.jpg,Áp phích của bộ phim.,"Mai Thu Huyền, Lâm Cẩm Vinh, Lê Bảo Trung",,"Isaac, Bảo Thy, Trấn Thành, Dương Cẩm Lynh, Chí Tài, Hoài Linh, Hoàng Sơn",Nguyễn Hồng Thuận,Joel David Spezeski,Phương Thảo,Galaxy Studio,"2012, 6, 1",89 phút,,,,,,,,,,,,,,,,,,,,,"Lê Bảo Trung, Bùi Đăng Quốc Thiều",Lê Bảo Trung,,,,,,,,,,,,,,,,,,,,,,,,,,,,,,,,,,,,,,,,,,,,,,,,,,,,,,,,,,,,,,,,,,,,,,,,,,,,,,,,,,,,,,,,,,,,,,,,,,,,,,,,,,,,,,,,,,
Cua lại vợ bầu,film,,,,,,,,,,,,,,,,,,,,,,,,,,,,,,,,,,,Cua lại vợ bầu,Áp phích của phim.,Nhất Trung,Quyền ĐH,,,* Trấn Thành * Ninh Dương Lan Ngọc * Anh Tú Atus * NSƯT Hữu Châu * Đặng Trà Xuân Minh * Hoàng Thanh Mai * Thuận Hoàng * Mạc Văn Khoa * Khả Như,Trấn Thành,Lê Đình Tiến,Nguyễn Định,"ABC Pictures, NT Studio, NHV Entertainment",Galaxy Distribution,"2019, 02, 05, Việt Nam",100 phút,Tiếng Việt,,"191,8 tỷ VND",2019,02,05,Việt Nam,,,,,,,,,,,,,"hài, tình cảm",,,,,,,,Nhất Trung,,,Việt Nam,,,,,,,,,,,,,,,,,,,,,,,,,,,,,,,,,,,,,,,,,,,,,,,,,,,"Trấn Thành, Ninh Dương Lan Ngọc",,,,,,,,,,,,,,,,,,,,,,,,,,,,,,,,,,,,,,,,,,,,,,,,,,,,,,,,,,,,,,,,,,,,,,,,,,,,,,,,,,,,,,,,,,,,,,,,,,,,,,,,,,,,,,,,,
Bố già (phim 2021),film,,,,,,,,,,,,,,,,,,,,,,,,,,,,,,,,,,,Bố già,,* Trấn Thành * Vũ Ngọc Đãng,Nguyễn Phương Thảo,,Trấn Thành,* Trấn Thành * Tuấn Trần * Ngân Chi * Ngọc Giàu * Lê Giang * Hoàng Mèo * Lan Phương * La Thành * Quốc Khánh,* Phan Mạnh Quỳnh * Ngô Minh Hoàng,Diệp Thế Vinh,* Trấn Thành * Vũ Khắc Tuận * Lê Minh Đức,* Trấn Thành Town * Galaxy Studio * HKFilm,Galaxy Studio,"2021, 3, 12, Việt Nam, 2021, 4, 22, Malaysia & Singapore, 2021, 5, 22, Úc, 2021, 5, 28, Hoa Kỳ",128 phút,Tiếng Việt,23 tỷ VND (954 nghìn USD),"420 tỷ VND (17.4 triệu USD) (Việt Nam), 26 tỷ VND (1.08 triệu USD) (Hoa Kỳ)",2021,3,12,Việt Nam,2021,4,22,Malaysia & Singapore,2021,5,22,Úc,2021,5,28,Hoa Kỳ,"chính kịch, điện ảnh, gia đình, hài",,,,,,,,,* Trấn Thành * Bùi An Nhi * Lương Nghiêm Huy * Hồ Thúc An,,Việt Nam,,,,,,,,,,,,,,,,,,,Áp phích chiếu rạp của phim tại Việt Nam,,,,,,,,,,,,,,,,,,,,,,,,,,,,,,,,,,,,,,,,,,,,,,,,,,,,,,,,,,,,,,,,,,,,,,,,,,,,,,,,,,,,,,,,,,,,,,,,,,,,,,,,,,,,,,,,,,,,,,,,,,,,,,,,,,,,,,,,,,,,,,,,,
Đất rừng phương Nam (phim),film,,,,,,,,,,,,,,,,,,,,,,,,,,,,,,,,,,,Đất rừng phương Nam,Áp phích chiếu rạp của phim,Nguyễn Quang Dũng,* Nguyễn Trí Viễn * Nguyễn Quang Dũng,Trần Khánh Hoàng,,* Huỳnh Hạo Khang * Bùi Lý Bảo Ngọc * Đỗ Kỳ Phong * Tuấn Trần * Tiến Luật * Băng Di * Trấn Thành * Hứa Vĩ Văn * Tuyền Mập * Mai Tài Phến * Huỳnh Đông * Bích Ngọc * Công Ninh * Hồng Ánh,Đức Trí,Diệp Thế Vinh,* Quyền Ngô * Trấn Thành,* HKFilm * Galaxy Play * Trấn Thành Town * KIM Entertainment * Hana Entertainment,Galaxy Studio,"2023, 10, 16",110 phút,* Tiếng Việt * Tiếng Pháp,40 tỷ VND,"140,4 tỷ VND",,,,,,,,,,,,,,,,,"chính kịch, điện ảnh, truyền hình",,,,,,,,,,,Việt Nam,,,,,,,,,,,,,,,,,,,,,,,,,,,,,,,,,,,,,,,,,,,,,,,,,,,,"* ''Đất rừng phương Nam'', Đoàn Giỏi * ''Đất phương Nam'', Nguyễn Vinh Sơn",,,,,,,,,,,,,,,,,,,,,,,,,,,,,,,,,,,,,,,,,,,,,,,,,,,,,,,,,,,,,,,,,,,,,,,,,,,,,,,,,,,,,,,,,,,,,,,,,,,,,,,,,,,,,,,,
Mai (phim),film,,,,,,,,,,,,,,,,,,,,,,,,,,,,,,,,,,,MɅI,Áp phích chiếu rạp của phim,Trấn Thành,* Trấn Thành * Nguyễn Phương Thảo * Nguyễn Hữu Tường Vi,"Nguyễn Thanh BìnhBút danh của Nguyễn Thanh Bình là Bình Bồng Bột, hay Trần Minh.",* Trấn Thành * Lương Nghiêm Huy * Tạ Anh Đức * Diệp Thế Vinh,* Phương Anh Đào * Tuấn Trần * Trấn Thành * Ngọc Giàu * Khả Như * Uyển Ân * Anh Đức * Việt Anh * Hồng Đào,"Nguyễn Hoàng Anhname=""score"", Nguyễn Hoàng Anh là người soạn tất cả bản nhạc nền cho bộ phim, với phần nhạc bổ sung do Khuất Duy Minh và Ngô Minh Hoàng đồng phụ trách.",Diệp Thế Vinh,"Phạm Hoàng Nhânname=""editing"", Phạm Hoàng Nhân là người đảm nhận vị trí dựng phim chính, với sự hỗ trợ của Vũ Khắc Tuận và Trấn Thành.",* Trấn Thành Town * CJ HK Entertainment * HKFilm,CJ CGV,"2024, 2, 10, Việt Nam, 2024, 2, 14, Úc, 2024, 3, 22, Hoa Kỳ, Canada, Châu Âu, 2024, 4, 12, Đài Loan",131 phút,Tiếng Việt,50 tỷ VND,"520 tỷ VNDname=""Special-notes"", Theo Box Office Việt Nam, MɅI thu về 550 tỷ đồng. Theo ê-kíp sản xuất thì bộ phim có doanh thu là 520 tỷ đồng.",,,,,,,,,,,,,,,,,"chính kịch, điện ảnh, hài, lãng mạn",,,,,,,,,,,Việt Nam,,,,,,,,,,,,,,,,,,,,,,,,,,,,,,,,,,,,,,,,,,,,,,,,,,,,,,,,,,,,,,,,,,,,,,,,,,,,,,,,,,,,,,,,,,,,,,,,,,,,,,,,,,,,,,,,,,,,,,,,,,,,,,,,,,,,,,,,,,,,,,,,,,,,,,,,,,,,,,,,,,,,
Bộ tứ báo thủ,film,,,,,,,,,,,,,,,,,,,,,,,,,,,,,,,,,,,Bộ tứ báo thủ,Áp phích chiếu rạp của phim,Trấn Thành,* Trấn Thành * Nguyễn Phương Thảo,* Trấn Thành * Phan Minh Mẫn,* Trấn Thành * Lương Nghiêm Huy * Nguyễn Phương Thảo,* Trần Tiểu Vy * Trần Quốc Anh * Nguyễn Cao Kỳ Duyên * Lê Dương Bảo Lâm * Lê Giang * Uyển Ân * Trấn Thành,Nguyễn Hoàng Anh,Nguyễn Phan Linh Đan,Phạm Hoàng Nhân,* Galaxy Studio * HKFilm * Trấn Thành Town,Galaxy Studio,"2025, 1, 29, Việt Nam, 2025, 3, 14, Châu Âu, 2025, 03, 27, Úc, 2025, 03, 28, New Zealand, 2025, 04, 18, Pháp, Romania 2025, 5, 2, Nhật Bản, 2025, 5, 11, Bulgaria, 2025, 5, 21, Hàn Quốc, 2025, 05, 29, Thái Lan",132 phút,Tiếng Việt,,"332,1 tỷ VND",2025,5,2,Nhật Bản,2025,5,11,Bulgaria,2025,5,21,Hàn Quốc,2025,05,29,Thái Lan,"âm nhạc, chính kịch, điện ảnh, hài, lãng mạn",,,,,,,,,,,,,,,,,,,,,,,,,,,,,,,,,,,,,,,,,,,,,,,,,,,,,,,,,,,,,,,,2025,04,18,"Pháp, Romania",,,,,,,,,,,,,,,,,,,,,,,,,,,,,,,,,,,,,,,,,,,,,,,,,,,,,,,,,,,,,,,,,,,,,,,,,,,,,,,,,,,,,,,,,,,,,,,,,,,,,,,,,,,,
Gia đình phép thuật,film,,,,,,,,,,,,,,,,,,,,,,,,,,,,,,,,,,,,,"Chu Thiện ((phần 1)), Sun Oh ((phần 2))",,,,,,,,,,,,Tiếng Việt,,,,,,,,,,,,,,,,,,,"gia đình, truyền hình",,,,,,,,,,,Việt Nam,https://www.youtube.com/playlist?list=PLFk1RtAQGTYXKS5Lg_zLFzd6XfQdNWke2,,,,,,,,,,,,,,,,,Áp phích phim Gia đình phép thuật.gif,"Các nhân vật trái–phải, trên–dưới: YeYe, SuRi, BaRam, PungUn, ChiNi, Châu Tuấn, Hoàng Lan, Tấn Trung, Ngọc Yến, bà Sương và Mai Phương.","Công ty VIFA , Công ty Chu Thị , Đài Truyền hình Thành phố Hồ Chí Minh",Kwon In-chan,"NSND Việt Anh , Hòa Hiệp , Đình Toàn , Lý Thanh Thảo , Hương Giang, Nhật Hạ , Gia Kỳ , NSND Kim Xuân , Đại Nghĩa , Vân Trang , Anh Thư, Kim Hiền , Xuân Nghi , Văn Ruy , Tường Vy , Băng Di , Đặng Trà Xuân Minh",,"Oh Seung-yuep ((phần 1)) , Nguyễn Chánh Minh Luân ((phần 1))",,,,~ 25 phút / tập,,,,,"2009, 02, 22",,,,,,Gia đình phép thuật,Phim truyền hình dài tập,,340 ((tính đến tháng 7 năm 2011)),,HTV7,Việt Nam,"2011, 07, 31",,,,,,,,,,,Vườn ảo thuật,CJ Media ((Hàn Quốc)),"Công ty VIFA , Công ty Chu Thị","Phần 1: Tập 1 - 250, Phần 2: Tập 251 - 340","Võ Thanh Phong ((phần 1-2)) , Phan Thị Thuyết ((phần 1)) , Trương Quốc Khánh ((phần 2))","Huỳnh Thanh Diệu ((phần 1)) , Phạm Ngọc Vân ((phần 2))",Việt Nam,,,,,,,,,,,,,,,,,,,,,,,,,,,,,,,,,,,,,,,,,,,,,,,,,,,,,,,,,,,,,,,,,,,,,,,,,,,,,,,,,,,,,,,,,,,,,,,,,,,,,
Mệnh lệnh Hoa hồng,film,,,,,,,,,,,,,,,,,,,,,,,,,,,,,,,,,,,,,Võ Thanh Hòa,,,,,,,,,,,,tiếng Việt,,,,,,,,,,,,,,,,,,,truyền hình,,,,,,,,,,,Việt Nam,,,,,,,,,,,,,,,,,,TuquaiRose.jpg,,,Thanh Hương,"Lư Hoàng Gia Bảo, Ninh Dương Lan Ngọc, Đinh Ứng Phi Trường, Ngọc Phước, Nguyệt Ánh, Lương Thế Thành, Ngân Quỳnh",,,,,,25 phút/tập (không bao gồm quảng cáo),,,,,6 tháng 10 năm 2010,,,,,,Mệnh lệnh hoa hồng,Phim truyền hình,,60,"Đài Truyền hình Thành phố Hồ Chí Minh, Hãng phim Gia Đình Việt",HTV7,,25 tháng 2 năm 2011,,,,,,,,,,,,,,,,,,Pink,,,,,,,,,,,,,,,,,,,,,,,,,,,,,,,,,,,,,,,,,,,,,,,,,,,,,,,,,,,,,,,,,,,,,,,,,,,,,,,,,,,,,,,,,,,,,,,,,,,,
Vừa đi vừa khóc,film,,,,,,,,,,,,,,,,,,,,,,,,,,,,,,,,,,,,,Vũ Ngọc Đãng,,,,,,,,,,,,Tiếng Việt,,,,,,,,,,,,,,,,,,,truyền hình,,,,,,,,,,,,,,,,,,,,,,,,,,,,,Vừa đi vừa khóc poster.jpg,,,Vũ Ngọc Đãng,"Lương Mạnh Hải, Minh Hằng, Nhã Phương, Ninh Dương Lan Ngọc, Thanh Thủy, Bảo Anh, La Quốc Hùng",,"Nguyễn Phương, Thanh Phương",,,,40 - 45 phút/tập (có bao gồm quảng cáo),,,,,17 tháng 3 năm 2014,,,,,,Vừa đi vừa khóc,Phim truyền hình,,36,"BHD, TVPlus",VTV3,,7 tháng 7 năm 2014,,,,,,,,,,,,,,,,,,,"Nguyễn Nam, Nguyễn Trung",Minh Thư,"""Vừa đi vừa khóc""","""Nắng""",Chỉ có thể là yêu,Dấu chân du mục,,,,,,,,,,,,,,,,,,,,,,,,,,,,,,,,,,,,,,,,,,,,,,,,,,,,,,,,,,,,,,,,,,,,,,,,,,,,,,,,,,,,,,,,,,,,,,
Nhân tình lạc lối,film,,,,,,,,,,,,,,,,,,,,,,,,,,,,,,,,,,,,,Lê Bảo Trung,,,,,,,,,,,,tiếng Việt,,,,,,,,,,,,,,,,,,,truyền hình,,,,,,,,,,,Việt Nam,,,,,,,,,,,,,,,,,,,,,Phan Ngọc Diễm Hân,"Chi Bảo, Ninh Dương Lan Ngọc, Huỳnh Đông, Phùng Ngọc Huy, Đồng Thanh Phong",,,,,,45 phút/tập (không bao gồm quảng cáo),,,,,7 tháng 7 năm 2016,,,,,,Nhân tình lạc lối,Phim truyền hình,,28,V-Art Films,VTV9,,15 tháng 8 năm 2016,,,,,,,,,,,,,,,,,,,,,,,,,,,,,,,,,,,,,,,,,,,,,,,,,,,,,,,,,,,,,,,,,,,,,,,,,,,,,,,,,,,,,,,,,,,,,,,,,,,,,,,,,,,,,,,,,,,,,,
Nguyệt thực (phim truyền hình),film,,,,,,,,,,,,,,,,,,,,,,,,,,,,,,,,,,,,,Nguyễn Trọng Hải,,,,,,,,,,,,tiếng Việt,,,,,,,,,,,,,,,,,,,truyền hình,,,,,,,,,,,Việt Nam,,,,,,,,,,,,,,,,,,,,,Chu Thu Hằng,"Minh Luân, Thiên Bảo, Ninh Dương Lan Ngọc, Tường Vi, Don Nguyễn",,,,,,45 phút/tập (không bao gồm quảng cáo),,,,,13 tháng 6 năm 2016,,,,,,Nguyệt thực,Phim truyền hình,,45,Công ty cổ phần truyền thông THL,VTV3,,14 tháng 11 năm 2016,,,,,,,,,,,,,,,,,,,,,,,Nữ cảnh sát tập sự,Ngày mai ánh sáng,,,,,,,,,,,,,,,,,,,,,,,,,,,,,,,,,,,,,,,,,,,,,,,,,,,,,,,,,,,,,,,,,,,,,,,,,,,,,,,,,,,,,,,,,,,,,,
Cánh đồng bất tận (phim),film,,,,,,,,,,,,,,,,,,,,,,,,,,,,,,,,,,,Cánh đồng bất tận,Áp phích bộ phim.,Nguyễn Phan Quang Bình,"Ngô Thị Bích Hiền, Ngô Thị Bích Hạnh",,,"Dustin Nguyễn, Đỗ Thị Hải Yến, Võ Thanh Hòa, Ninh Dương Lan Ngọc, Tăng Thanh Hà",Nguyễn Quốc Trung,Nguyễn Tranh,"Folmer Wiesinger, Nguyễn Hồ","Vietnam Studio, Mega Media","Vietnam Media Corporation, BHD","2010, 10, 22",108 phút,Tiếng Việt,,,2010,10,22,,,,,,,,,,,,,,điện ảnh,,,,,,,,,Ngụy Ngữ,,Việt Nam,,,,,,,,,,,,,,,,,,,,,,,,,,,,,,,,,,,,,,,,,,,,,,,,,,,,"''Cánh đồng bất tận'', Nguyễn Ngọc Tư",,,,,,,,,,,,,,,,,,,250px,Ninh Dương Lan Ngọc,,,,,,,,,,,,,,,,,,,,,,,,,,,,,,,,,,,,,,,,,,,,,,,,,,,,,,,,,,,,,,,,,,,,,,,,,,,,,,,,,,,,,,,,,,,,
Long Ruồi,film,,,,,,,,,,,,,,,,,,,,,,,,,,,,,,,,,,,,,Charlie Nguyễn,,,,,,,,,,,,Tiếng Việt,,,,,,,,,,,,,,,,,,,"điện ảnh, hài, hành động",,,,,,,,,,,Việt Nam,,,,,,,,,,,,,,,,,Long Ruồi,Poster Long Ruồi.jpg,Áp phích quảng bá bộ phim.,"Dustin Nguyễn, Vincent Ngô","Anh Mai, Lê Thanh Sơn","Thái Hòa, Tinna Tình, Bùi Văn Hải, Phi Thanh Vân, Khương Ngọc, Hiếu Hiền, Mai Thành, Ninh Dương Lan Ngọc",Christopher Wong,Trinh Hoan,Hàm Trần,"Galaxy Studio, BHD, EarlyRisers Media Group","2011, 08, 26",84 phút,42 tỷ đồng,,,,,,,,,,,,,,,,,,,,,,,,,,,,,,,,,,,,,,,,,,,,250px,,,,,,,,,,,,,,,,,,,,,,,,,,,,,,,,,,,,,,,,,,,,,,,,,,,,,,,,,,,,,,,,,,,,,,,,,,,,,,,,,,,,,,,,,,,
Trúng số (phim 2015),film,,,,,,,,,,,,,,,,,,,,,,,,,,,,,,,,,,,,,Dustin Nguyễn,,,,,,,,,,,,Tiếng Việt,,,2015,2,13,,,,,,,,,,,,,,hài,,,,,,,,,,"Chí Tài Brothers, Ánh Sao Production, PS Vietnam, Tiếp thị & Gia đình",Việt Nam,,,,,,,,,,,,,,,,,Trúng số,Trúng số (phim 2015) poster.jpg,Áp phích chính thức của phim,"Dustin Nguyễn, Bebe Phạm",Nguyễn Mạnh Tuấn,"Chí Tài, Ninh Dương Lan Ngọc, Dustin Nguyễn, Thu Trang, Kim Xuân",Timo Chen,Dominic Pereira,Trần Quốc Bảo,Dreamscape D.B.S,"2015, 2, 13, df=yes",90 phút,,,,,,,,,,,,,,,,,,,,,,,,,,,,,,,,,,,,,,,,,,,,,,yes,,,,,,,,,,,,,,,,,,,,,,,,,,,,,,,,,,,,,,,,,,,,,,,,,,,,,,,,,,,,,,,,,,,,,,,,,,,,,,,,,,,,,,,,,,
Tấm Cám: Chuyện chưa kể,film,,,,,,,,,,,,,,,,,,,,,,,,,,,,,,,,,,,Tấm Cám: Chuyện chưa kể,,Ngô Thanh Vân,* Ngô Thanh Vân * Trần Bửu Lộc,,,* Isaac * Hạ Vi * Ninh Dương Lan Ngọc * Ngô Thanh Vân * NSƯT Hữu Châu * Will * S.T * Jun Phạm * Ngọc Trai,Đức Trí,Nguyễn Vinh Phúc,* Quyền Ngô * Trung Mậu * Duy Joseph,,BHD,"2016, 08, 19",109 phút,Tiếng Việt,22 tỷ VND,"66,5 tỷ VND",2016,08,19,,,,,,,,,,,,,,"âm nhạc, chính kịch, điện ảnh, gia đình",,,,,,,,,* Hoàng Anh * Jun Phạm * Aaron Toronto * Nhã Uyên * Nguyễn Thị Minh Ngọc,"VAA Productions, BHD",Việt Nam,,,,,,,,,,,,,,,,,,,Áp phích quảng bá phim.,,,,,,,,,,,,,,,,,,,,,,,,,,,,,,,,NSƯT Thành Lộc,Truyện cổ tích ''Tấm Cám'',,,,,,,,,,,,,,,,,,,260px,,,,,,,,,,,,,,,,,,,,,,,,,,,,,,,,,,,,,,,,,,,,,,,,,,,,,,,,,,,,,,,,,,,,,,,,,,,,,,,,,,,,,,,,,,,,,
Cô Ba Sài Gòn,film,,,,,,,,,,,,,,,,,,,,,,,,,,,,,,,,,,,Cô Ba Sài Gòn,,* Trần Bửu Lộc * Kay Nguyễn,* Ngô Thanh Vân * Thủy Nguyễn,,,* Ninh Dương Lan Ngọc * NSND Hồng Vân * Diễm My * Ngô Thanh Vân * Diễm My 9x * S.T Sơn Thạch * Oanh Kiều,Nguyễn Hoàng Anh,Hà Thúc Phù Nam,Quyền Ngô,,BHD,"2017, 10, 14, Liên hoan phim quốc tế Busan, 2017, 11, 10, Việt Nam",100 phút,Tiếng Việt,,60 tỷ đồng,2017,10,14,Liên hoan phim quốc tế Busan,2017,11,10,Việt Nam,,,,,,,,,"âm nhạc, điện ảnh",,,,,,,,A Type Machine,,* Công ty VAA * Truyền hình K+,Việt Nam,,,,,,,,,,,,,,,,,,,,,,,,,,,,,,,,,,,,,,,,,,,,,,,,,,,,,,,,,,,,,,,,,,,,,,,,,,,,,,,,,,,,,,,,,,,,,,,,,,,,,,,,,,,,,,,,,,,,,,,,,,,,,,,,,,,,,,,,,,,,,,,,,,,,,,,,,,,,,,,,,,,,
Gái già lắm chiêu 3,film,,,,,,,,,,,,,,,,,,,,,,,,,,,,,,,,,,,Gái già lắm chiêu 3,Áp phích chính thức của phim,* Bảo Nhân * Namcito,* Bảo Nhân * Trần Bửu Lộc * Namcito,,,* Ninh Dương Lan Ngọc * Lê Khanh * Hồng Vân * Lê Xuân Tiền * Jun Vũ * Bình An * Thùy Anh,"Garrett Crosby, Vladimir Angelove, Ian Rees, Christopher Wong",Nguyễn Ngọc Cường,Vũ Hoàng Anh,,Lotte Entertainment,"2020, 1, 25",120 phút,Tiếng Việt,20 tỷ - 24 tỷ VND,168 tỷ VND,,,,,,,,,,,,,,,,,,,,,,,,,* Bảo Nhân * Namcito,,Mar6 Pictures,,,,,,,,,,,,,,,,,,,,,,,,,,,,,,,,,,,,,,,,,,,,,,,,,,,,,,,,,,,,,,,,,,,,,,,,,,,,,,,,,,,,,,,,,,,,,,,,,,,,,,,,,,,,,,,,,,,,,,,,,,,,,,,,,,,,,,,,,,,,,,,,,,,,,,,,,,,,,,,,,,,,,
Gái già lắm chiêu V: Những cuộc đời vương giả,film,,,,,,,,,,,,,,,,,,,,,,,,,,,,,,,,,,,"Gái già lắm chiêu V:, Những cuộc đời vương giả",,* Bảo Nhân * Namcito,* Bảo Nhân * Ngô Huệ Chi * Namcito,,,* Kaity Nguyễn * Lê Khanh * Hồng Vân * Khương Lê * Đặng Trà Xuân Minh * Mai Thanh Hoàng * Hoàng Dũng,Christopher Wong,Nguyễn Ngọc Cường,Leo Vương,,Lotte Entertainment,"2021, 3, 5, Việt Nam",115 phút,Tiếng Việt,2 triệu USD,55 tỷ VND,2021,3,5,Việt Nam,,,,,,,,,,,,,"chính kịch, điện ảnh",,,,,,,,* Bảo Nhân * Namcito,,Mar6 Pictures,Việt Nam,,,,,,,,,,,,,,,,,,,,,,,,,,,,,,,,,,,,,,,,,,,,,,,,,,,,,,,,,,,,,,,,,,,,,,,,,,,Phạm Hùng - Diêm Đăng Vượng,,,,,,,,,,,,,,,,,,,,,,,,,,,,,,,,,,,,,,,,,,,,,,,,,,,,,,,,,,,,,,,,,,,,,,,,,,,,,,,,,,,,,,,,,
Cô gái từ quá khứ,film,,,,,,,,,,,,,,,,,,,,,,,,,,,,,,,,,,,Cô gái từ quá khứ,Áp phích chiếu rạp của phim,* Bảo Nhân * Namcito,* Bảo Nhân * Zen Nguyễn * Namcito * Huỳnh Hoàng Yến * Phạm Anh Phương,,,* Ninh Dương Lan Ngọc * Kaity Nguyễn * Lê Xuân Tiền * Lãnh Thanh * Lê Khanh * Hữu Châu,Christopher Wong,Nguyễn Phan Linh Đan,Bùi Văn Nghĩa,Mar6 Pictures,Lotte Entertainment,"2022, 10, 13",105 phút,Tiếng Việt,,53 tỷ VND,2022,10,13,,,,,,,,,,,,,,"chính kịch, điện ảnh",,,,,,,,,* Bảo Nhân * Namcito,,Việt Nam,https://www.facebook.com/cogaituquakhumovie,,,,,,,,,,,,,,,,,,,,,,,,,,,,,,,,,,,,,,,,,,,,,,,,,,,,,,,,,,,,,,,,,,,,,,,,,,,,,,,,,,,,,,,,,,,,,,,,,,,,,,,,,,,,,,,,,,,,,,,,,,,,,,,,,,,,,,,,,,,,,,,,,,,,,,,,,,,,,,,,,,,
Dòng máu anh hùng,film,,,,,,,,,,,,,,,,,,,,,,,,,,,,,,,,,,,Dòng máu anh hùng,,Charlie Nguyễn,* Charlie Nguyễn * Johnny Trí Nguyễn * Jimmy Nghiêm Phạm,,,* Johnny Trí Nguyễn * Ngô Thanh Vân * Dustin Nguyễn * Nguyễn Chánh Tín,Christopher Wong,Dominic Pereira,*Hàm Trần *Charlie Nguyễn,,* Hãng phim Phương Nam * The Weinstein Company,"2007, 4, 12, ViFF, 2007, 4, 27, Việt Nam",103 phút,*Tiếng Việt *Tiếng Pháp,"1,5–1,6 triệu USDname=kp, Theo thông tin của Nguyễn Chánh Tín vào năm 2014, kinh phí của bộ phim này là 1,5 triệu đô-la Mỹ (hơn 20 tỷ đồng với thời giá năm 2007).",10 tỷ VND ((ước tính)),2007,4,12,ViFF,2007,4,27,Việt Nam,,,,,,,,,"chính kịch, điện ảnh, hành động, lịch sử, võ thuật",,,,,,,,* Charlie Nguyễn * Johnny Trí Nguyễn * Dominic Pereira,,*Chánh Phương Film *Cinema Pictures,Việt Nam,,,,,,,,,,,,,,,,,,,Áp phích phim chiếu rạp tại Việt Nam,,,,,,,,,,,,,,,,,,,,,,,,,,,,,,,,,,,,,,,,,,,,,,,,,,,,,,,,,417740,Dòng máu anh hùng,,,,,,,,,,,,,,,,,,,,,,,,,,,,,,,,,,,,,,,,,,,,,,,,,,,,,,,,,,,,,,,,,,,,,,,,,,,,,,,,,,,,,,,
Bẫy rồng,film,,,,,,,,,,,,,,,,,,,,,,,,,,,,,,,,,,,,,Lê Thanh Sơn,,,,,,,,,,,,Tiếng Việt,"1,5 triệu USD",,,,,,,,,,,,,,,,,,,,,,,,,,,,,Việt Nam,,,,,,,,,,,,,,,,,Bẫy rồng,Bay rong.jpg,Áp phích của bộ phim.,"Johnny Trí Nguyễn, Ngô Thanh Vân, Jimmy Phạm Nghiêm","Johnny Trí Nguyễn, Hồ Quang Hưng, Lê Thanh Sơn","Johnny Trí Nguyễn, Ngô Thanh Vân, Hoàng Phúc, Lâm Minh Thắng, Hiếu Hiền",Christopher Wong,Dominic Pereira,Hàm Trần,"Hãng phim Chánh Phương, Enervon",9 tháng 12 năm 2009 (Việt Nam),94 phút,"11,9 tỷ VND",,,,,,,,,,,,,,,,,,,,,,,,,,,,,,,,,,,,,,,,,,,,,,,,,,,,,,,,,,,,,,,,,,,,,,,,,,,,,,,,,,,,,,,,,,,,,,,,,,,,,,,,,,,,,,,,,,,,,,,,,,,,,,,,,,,,,,,
Ngôi nhà trong hẻm,film,,,,,,,,,,,,,,,,,,,,,,,,,,,,,,,,,,,Ngôi nhà trong hẻm,Poster phim,Lê Văn Kiệt,Trần Trọng Dần,,,"Trần Bảo Sơn, Ngô Thanh Vân, Bích Hằng, Phan Thị Mơ, Bùi Văn Hải",Fred Emory Smith,Joel Spezeski,"Alex Publius, Lê Văn Kiệt",,Coco Paris,14 tháng 2 năm 2012,91 phút,Tiếng Việt,,"2,4 tỷ đồng trong ngày đầu công chiếu",,,,,,,,,,,,,,,,,kinh dị,,,,,,,,Lê Văn Kiệt,,Créa TV,Việt Nam,http://ngoinhatronghem.com,,,,,,,,,,,,,,,,,,,,,,,,,,,,,,,,,,,,,,,,,,,,,,,,,,,,,,,,,,,,,,,,,,,,,,,,,,,,,,,,,,,,,,,,,,,,,,,,,,,,,,,,,,,,,,,,,,,,,,,,,,,,,,,,,,,,,,,,,,,,,,,,,,,,,,,,,,,,,,,,,,,
Lửa Phật,film,,,,,,,,,,,,,,,,,,,,,,,,,,,,,,,,,,,,,Dustin Nguyễn,,,,,,,,,,,,Tiếng Việt,Hơn 1 triệu USD,,,,,,,,,,,,,,,,,,"điện ảnh, hành động",,,,,,,,,,"Vietnam Studio, Metan Entertainment, Kantana Post Production, DoFilm, EarlyRisers Media Group",Việt Nam,,,,,,,,,,,,,,,,,Lửa Phật,LuaPhat.jpg,Áp phích của phim.,"Dustin Nguyễn, Nguyễn Ngọc Hiệp, Đỗ Quang Minh, Nguyễn K'Linh",Dustin Nguyễn,"Dustin Nguyễn, Ngô Thanh Vân, Roger Yuan, Thái Hòa, Bé Ben, Xuân Phát, Hiếu Hiền, Đinh Ngọc Diệp",Rajan Khanijaon,Wych Kaosayananda,Vance Null,"BHD (Việt Nam), Grindstone Entertainment Group (Mỹ), Lionsgate (Mỹ)",22 tháng 8 năm 2013,104 phút,,,,,,,,,,,,,,,,,,,260px,Bé Ben,,,,,,,,,,,,,,,,,,,,,,,,,,,,,,,,,,,,,,,,,,,,,,,,,,,,,,,,,,,,,,,,,,,,,,,,,,,,,,,,,,,,,,,,,,,,,,,,,,,,,,,,,,,,,,,,,,,,
Siêu trộm (phim),film,,,,,,,,,,,,,,,,,,,,,,,,,,,,,,,,,,,Siêu trộm,,Trần Hàm,,,,"Petey Majik Nguyễn, Nhung Kate, Teo Yoo, Mai Thế Hiệp, Lâm Thanh Mỹ, Suboi, Thành Phạm, Ngô Thanh Vân",,,,,"BHD, Galaxy Cinema Việt Nam, CGV Cinema Việt Nam, Lotte Cinema Việt Nam",4 tháng 2 năm 2016 (Việt Nam),90 phút,Tiếng Việt,,,,,,,,,,,,,,,,,,,"chính kịch, điện ảnh, hài, hành động",,,,,,,,,,"BHD, K+, Vietnam Studio",Việt Nam,,,,,,,,,,,,,,,,,,,,Mai Thế Hiệp,"Trần Hàm, Anderson Lê, Scott Nguyễn",,,"Trang Công Minh, Kevin Phạm",,,,,,,,,,,,,,,,,,,,,,,75px,,,,,,,,,,,,,,,,,,,,,,,,,,,,,,,,,,,,,,,,,,,,,,,,,,,,,,,,,,,,,,,,,,,,,,,,,,,,,,,,,,,,,,,,,,,,,,,,,,,,,,,,,,,,,,,,,,,,,
Về quê ăn Tết,film,,,,,,,,,,,,,,,,,,,,,,,,,,,,,,,,,,,Về quê ăn Tết,Áp phích phim.,* Nguyễn Hoàng Anh,* Ngô Thanh Vân * Trần Bửu Lộc,,,* Ngô Thanh Vân * Jun Phạm * Trung Dân * Ngọc Tưởng * Puka * Hải Triều * Tiko Tiến Công,Nguyễn Hoàng Anh,Võ Thanh Tiền,Dude Pictures,,* Studio 68 * Young Media * BHD,"2018, 2, 16, Việt Nam",80 phút,Tiếng Việt,,,2018,2,16,Việt Nam,,,,,,,,,,,,,"điện ảnh, hài",,,,,,,,Nguyễn Hoàng Anh,,* Ánh Sao Productions * VAA,Việt Nam,,,,,,,,,,,,,,,,,,,,,,,,,,,,,,,,,,,,,,,,,,,,,,,,,,,,,,,,,,,,,,,,,,,,,,,200px,,,,,,,,,,,,,,,,,,,,,,,,,,,,,,,,,,,,,,,,,,,,,,,,,,,,,,,,,,,,,,,,,,,,,,,,,,,,,,,,,,,,,,,,,,,,,
Song lang (phim),film,,,,,,,,,,,,,,,,,,,,,,,,,,,,,,,,,,,Song lang,Áp phích chiếu rạp của phim tại Việt Nam,Leon Lê,* Ngô Thanh Vân * Irene Trịnh,,,* Isaac * Liên Bỉnh Phát * Minh Phượng * Tú Quyên * Kiều Trinh * Thanh Tú * Bùi Văn Thanh,Tôn Thất An,Bob Nguyễn,Leon Lê,,Lotte Entertainment,"2018, 08, 17, Việt Nam",101 phút,Tiếng Việt,~20 tỷ VND,~5 tỷ VND,2018,08,17,Việt Nam,,,,,,,,,,,,,"âm nhạc, chính kịch, điện ảnh",,,,,,,,,* Leon Lê * Nguyễn Thị Minh Ngọc,* The Creatv Company * Studio68,Việt Nam,,,,,,,,,,,,,,,,,,,,,,,,,,,,,,,,,,,,,,,,,,,,,,,,,,,,,,,,,,,,,,,,,,,,,,,,,,,,,,,,,,,,,,,,,,,,,,,,,,,,,,,,,,,,,,,,,,,,,,,,,,,,,,,,,,,,,,,,,,,,,,,,,,,,,,,,,,,,,,,,,,,,
Trạng Tí phiêu lưu ký,film,,,,,,,,,,,,,,,,,,,,,,,,,,,,,,,,,,,Trạng Tí phiêu lưu ký,,Phan Gia Nhật Linh,"Phan Gia Nhật Linh, Ngô Thanh Vân",,,* Huỳnh Hữu Khang * Trần Đức Anh * Phan Bảo Tiên * Vương Hoàng Long * Nguyễn Ngọc Kim Thư * Thái Hoàng Duy * Trung Dân * Oanh Kiều * Lê Huỳnh * Phi Phụng,Đức Trí,Diệp Thế Vinh,Quyền Ngô,"Studio68, NHV Entertainment",Studio68,"2021, 4, 30, Việt Nam",105 phút,Tiếng Việt,43 tỷ đồng,22 tỷ đồng,2021,4,30,Việt Nam,,,,,,,,,,,,,"chính kịch, điện ảnh",,,,,,,,,"Phan Gia Nhật Linh, Lại Hoàng Lê, Nguyễn Thanh Bình",,Việt Nam,,14391192,,,,,,,,,,,,,,,,,,,,,,,,,,,,,,,,,,,,,,,,,,,,,,,,,,''Thần đồng đất Việt'' của Lê Linh,,,,,,,,,,,,,,,,,,,,,,,,,,,,,,,,,,,,,,,,,,,,,,,,,,,,,,,,,,,,,,,,,,,,,,,,,,,,,,,,,,,,,,,,,,,,,,,,,,,,,,,,,,,,,,,,
Thanh Sói – Cúc dại trong đêm,film,,,,,,,,,,,,,,,,,,,,,,,,,,,,,,,,,,,Thanh Sói - Cúc dại trong đêm,,Ngô Thanh Vân,Ngô Thanh Vân,,,"Đồng Ánh Quỳnh, Tóc Tiên, Rima Thanh Vy, Thuận Nguyễn, Song Luân, Ngô Thanh Vân",,,,,CJ Entertainment,"2022, 12, 23, Việt Nam",109 phút,Tiếng Việt,,"22,9 tỷ VND",2022,12,23,Việt Nam,,,,,,,,,,,,,"chính kịch, hành động",,,,,,,,,"Veronica Ngo, Aaron Toronto, Nguyễn Trường Nhân, Lý Nguyễn Nhã Uyên, Nguyễn Ngọc Thạch",Studio 68,Việt Nam,,,,,,,,,,,,,,,,,,,"Áp phích chiếu rạp của phim tại Việt Nam. , (thời gian trên áp phích là không chính xác)",,,,,,,,,,,,,,,,,,,,,,,,,,,,,,,,,,,,,,,,,,,,,,,,,,,,,,,,,,,,,,,,,,,,,,,,,,,,,,,,,,,,,,,,,,,,,,,,,,,,,,,,,,,,,,,,,,,,,,,,,,,,,,,,,,,,,,,,,,,,,,,,,
Cô thủ môn tội nghiệp,film,,,,,,,,,,,,,,,,,,,,,,,,,,,,,,,,,,,Cô thủ môn tội nghiệp,,Trần Cảnh Đôn,Phan Thị Lệ,"Hồng Ngân, Thanh Tâm",,Thanh Mai * Lê Công Tuấn Anh * Lê Tuấn Anh * Hồng Vân * Hồng Đào,Bảo Phúc,Cao Thành Danh,,Phương Nam Film,Phương Nam Film,năm 1990,,Tiếng Việt,,,,,,,,,,,,,,,,,,,,,,,,,,,,,,Việt Nam,,,,,,,,,,,,,,,,,,,,,,,,,,,,,,,,,,,,,,,,,,,,,,,,,,,,,,,,,,,,,,,,,,,,,,,,,,,,,,,,,,,,,,,,,,,,,,,,,,,,,,,,,,,,,,,,,,,,,,,,,,,,,,,,,,,,,,,,,,,,,,,,,,,,,,,,,,,,,,,,,,,,
Vật đổi sao dời,film,,,,,,,,,,,,,,,,,,,,,,,,,,,,,,,,,,,,,Charlie Nguyễn,,,,,,,,,,,,Tiếng Việt,,,,,,,,,,,,,,,,,,,"hài, tâm lý, tình cảm",,,,,,,,,,Nón Lá Films,Việt Nam,,,,,,,,,,,,,,,,,Vật đổi sao dời,,Poster chính thức của phim.,Tawny Trúc Nguyễn,Charlie Nguyễn,"Vân Sơn, Tawny Trúc Nguyễn, Hồng Đào, Bảo Liêm, Bé Mập",Huỳnh Nhật Tân,"Johnny Trí Nguyễn, Trương Đình Ẩn","Hải Phan, Vince Phạm","Vân Sơn Entertainment, Cinema Pictures (Hãng phim Chánh Phương ngày nay)",Tháng 12 năm 2001,112 phút,,,,,,,,,,,,,,,,,,,,,,,,,,,,,,,,,,,,,,,,,,,,,,,,,,,,,,,,,,,,,,,,,,,,,,,,,,,,,,,,,,,,,,,,,,,,,,,,,,,,,,,,,,,,,,,,,,,,,,,,,,,,,,,,,,,,,,,,
Thưa mẹ con đi,film,,,,,,,,,,,,,,,,,,,,,,,,,,,,,,,,,,,Thưa mẹ con đi,Áp phích phim chiếu rạp,Trịnh Đình Lê Minh,,,,"Lãnh Thanh, Võ Điền Gia Huy, Hồng Đào, Hồng Ánh, Lê Thiện, Kiều Trinh, Thanh Tú, Lê Công Hoàng",,Huay-Bing Law,,,CJ CGV,16 tháng 8 năm 2019,106 phút,Tiếng Việt,,,,,,,,,,,,,,,,,,,"chính kịch, gia đình",,,,,,,,,Nhi Bùi,"An Nam Production , Muse Films , CJ HK Entertainment, HKFilm",Việt Nam,,tt10641972,,,,,,,,,,,,,,,,,,,,,,,,,,,,,,,,,,,,,,,,,,,,,,,,,,,,,,,,,,,,,,,,,,,,,,,,,,,,,,,,,,,,,,,,,,,,,,,,,,,,,,,,,,,,,,,,,,,,,,,,,,,,,,,,,,,,,,,,,,,,,,,,,,,,,,,,,,,,,,,,,,
Mang mẹ đi bỏ,film,,,,,,,,,,,,,,,,,,,,,,,,,,,,,,,,,,,Mang mẹ đi bỏ,Áp phích chính thức của phim,Mo Hong-jin,"Kim Dae Kuen , Phan Gia Nhật Linh , Choi Yuno , Kim Dae-seung , Kim Ju Young , Lê Thanh PhongKim Dae Kuen, Phan Gia Nhật Linh và Choi Yuno đảm nhận vai trò giám đốc sản xuất, trong khi Kim Dae-seung, Kim Ju Young cùng Lê Thanh Phong giữ vị trí nhà sản xuất.",Mo Hong-jin,,*Hồng Đào *Tuấn Trần *Jung Il-woo *Go Kyung-pyo *Juliet Bảo Ngọc *Quốc Khánh *Hải Triều *Lâm Vỹ Dạ *Vinh Râu,Sinn-K,,Lee Do-hyeon,* CJ HK Entertainment * Anh Tễu Studio *Sate Entertainment *Motive Pictures * HKFilm,CJ CGV,"2025, 8, 1, Việt Nam",,"Tiếng Việt , Tiếng Hàn",,162 tỷ VNĐ,2025,8,1,Việt Nam,,,,,,,,,,,,,"chính kịch, điện ảnh",,,,,,,,,,,Việt Nam,,,,,,,,,,,,,,,,,,,,,,,,,,,,,,,,,,,,,,,,,,,,,,,,,,,,,,,,,,,,,,,,,,,,,,,,,,,,,,,,,,,,,,,,,,,,,,,,,,,,,,,,,,,,,,,,,,,,,,,,,,,,,,,,,,,,,,,,,,,,,,,,,,,,,,,,,,,,,,,,,,,,
Chốt đơn!,film,,,,,,,,,,,,,,,,,,,,,,,,,,,,,,,,,,,Chốt đơn!,Áp phích chiếu rạp của phim,"Bảo Nhân , Namcito",,,"Bảo Nhân , Namcito",*Quyền Linh *Nguyễn Thúc Thùy Tiên *Hồng Đào *Hồng Vân *Đỗ Nhật Hà *Khương Lê *Lê Lộc *Mai Bảo Vinh,Nguyễn Hoàng Anh *Trần Hữu Tuấn Bách,,,*MAR6 Pictures *HKFilm *Galaxy Studio *Galaxy EE *Galaxy Play *PV2 Investment JSC,Galaxy Studio,"2025, 8, 8, Việt Nam",112 phút,Tiếng Việt,,5.1 tỷ VNĐ,,,,,,,,,,,,,,,,,"chính kịch, điện ảnh, hài",,,,,,,,,,,Việt Nam,,,,,,,,,,,,,,,,,,,,,,,,,,,,,,,,,,,,,,,,,,,,,,,,,,,,,,,,,,,,,,,,,,,,,,,,,,,,,,,,,,,,,,,,,,,,,,,,,,,,,,,,,,,,,,,,,,,,,,,,,,,,,,,,,,,,,,,,,,,,,,,,,,,,,,,,,,,,,,,,,,,,
Gia đình số đỏ,film,,,,,,,,,,,,,,,,,,,,,,,,,,,,,,,,,,,Gia đình số đỏ,,Văn Công Viễn,Nguyễn Thị Thùy Linh,,,"Quang Minh, Hồng Đào, David Phạm, Don Nguyễn, Văn Hiệp, Nhã Phương, Ngọc Quyên, Huỳnh Anh Tuấn",Võ Thiện Thanh,Diệp Thế Vinh,Hoài Vân,Hãng phim Đại Nam,Đài Truyền hình Thành phố Hồ Chí Minh,Năm 2010,50 phút / tập (40 tập),Tiếng Việt,,,,,,,,,,,,,,,,,,,"hài, truyền hình",,,,,,,,"Văn Công Viễn, Như Trân, Ngô Hạnh, Hải Hà, Mạnh Thắng, Ánh Hường",,,25px Việt Nam,,,,,,,,,,,,,,,,,,,,,,,,,,,,,,,,,,,,,,,,,,,,,,,,,,,,,,,,,,,,,,,,,,,,,,,,,,,,,,,,,,,,,,,,,,,,,,,,,,,,,,,,,,,,,,,,,,,,,,,,,,,,,,,,,,,,,,,,,,,,,,,,,,,,,,,,,,,,,,,,,,,,
Phượng khấu,film,,,,,,,,,,,,,,,,,,,,,,,,,,,,,,,,,,,,,Huỳnh Tuấn Anh,,,,,,,,,,,,Tiếng Việt,,,,,,,,,,,,,,,,,,,cổ trang,,,,,,,,,,,Việt Nam,https://www.facebook.com/phuongkhauseries,,,,,,,,,,,,,,,,,Phượng khấu poster.jpg,Áp phích chính thức của phim,"Nguyễn Nguyên Hoàng, Huỳnh Tuấn Anh","Nguyễn Thúy Hằng, Đỗ Ngọc Trí","Hồng Đào, NSND Hồng Vân, NSƯT Tuyết Thu, NSƯT Ngọc Hiệp, NSƯT Thành Lộc, NSƯT Lê Thiện, NSƯT Minh Trang, Long Nhật, Minh Nhí, Trọng Hiếu",,,,POPS App,,45 phút/tập,,,,POPS App,"2020, 3, 5",,,,,,Phượng khấu,Phim nhiều tập,,11 tập (''phần 1''),Công ty TNHH Đầu tư và Truyền thông Đại Dương,,,"2020, 5, 14",,,,,,,,,,,The emperor's gift,Huỳnh Tuấn Anh,,1,Trương Quốc Hưng,Huỳnh Tuấn Anh,"Huế ''(ngoại cảnh)'', Long An ''(nội cảnh)''",,,Minh Hà,,,,,,,,,,,,Nguyễn Tường Nguyên Phương,1080i (HDTV),,,,,,,,,,,,,,,,,,,,,,,,,,,,,,,,,,,,,,,,,,,,,,,,,,,,,,,,,,,,,,,,,,,,,,,,,,,,,,,,,,,,,
Bước qua bóng tối,film,,,,,,,,,,,,,,,,,,,,,,,,,,,,,,,,,,,,,Nguyễn Hoàng Trung,,,,,,,,,,,,tiếng Việt,,,,,,,,,,,,,,,,,,,truyền hình,,,,,,,,,,,Việt Nam,,,,,,,,,,,,,,,,,,,,,Cánh Đồng Gió,"Quý Bình, Tấn Hưng, Oanh Kiều, Thanh Thúy",,,,,,45 phút/tập (không bao gồm quảng cáo),,,,,7 tháng 8 năm 2012,,,,,,Bước qua bóng tối,Phim truyền hình,,30,Công ty cổ phần Sao Thế Giới,HTV7,,17 tháng 9 năm 2012,,,,,,,,,,,,,,,,,,,,,,,,,,,,,,,,,,,,,,,,,,,,,,,,,,,,,,,,,,,,,,,,,,,,,,,,,,,,,,,,,,,,,,,,,,,,,,,,,,,,,,,,,,,,,,,,,,,,,,
Quyến rũ (phim truyền hình),film,,,,,,,,,,,,,,,,,,,,,,,,,,,,,,,,,,,,,Trương Quang Thịnh,,,,,,,,,,,,tiếng Việt,,,,,,,,,,,,,,,,,,,truyền hình,,,,,,,,,,,Việt Nam,,,,,,,,,,,,,,,,,,,,,Minh Viên,"Ngân Khánh, Phạm Hoàng Nguyên, Sơn Tùng, Ammy Minh Khuê, NSƯT Khánh Hoàng",,,,,,45 phút/tập (không bao gồm quảng cáo),,,,,23 tháng 9 năm 2014,,,,,,Quyến rũ,Phim truyền hình,,37,"Hãng phim Truyền hình Thành phố Hồ Chí Minh, Đài Truyền hình Thành phố Hồ Chí Minh",HTV9,,1 tháng 12 năm 2014,,,,,,,,,,,,,,,,,,,,,,,,,,,,,,,,,,,,,,,,,,,,,,,,,,,,,,,,,,,,,,,,,,,,,,,,,,,,,,,,,,,,,,,,,,,,,,,,,,,,,,,,,,,,,,,,,,,,,,
Chủ tịch giao hàng,film,,,,,,,,,,,,,,,,,,,,,,,,,,,,,,,,,,,,,Đỗ Đức Thịnh,,,,,,,,,,,,Tiếng Việt,,,,,,,,,,,,,,,,,,,,,,,,,,,,,,Việt Nam,,,,,,,,,,,,,,,,,Chủ tịch giao hàng,,,,"Trường Giang, Hoàng Khôi",*Tạ Minh Tâm *Hồng Đào *Đại Nghĩa *Đỗ Đức Thịnh *Thanh Thúy *Nhã Phương *Nam Thư *Khả Như *Puka *Gin Tuấn Kiệt *Trần Tiểu Vy *Hieuthuhai *Kiều Minh Tuấn *Ngô Kiến Huy *Lê Dương Bảo Lâm *Cris Phan *Duy Khánh ZhouZhou *Misthy *Xuân Nghị *Phát La,,,,POPS Worldwide,,192 phút,,,,YouTube,22 tháng 12 năm 2022,,,,,,,,,5,Trường Giang Communication,,,19 tháng 1 năm 2023,,,,,,,,,,,,,,,Võ Quang Vũ,,,,,,,,,,,,,,,,,,,,,,,,,,,,,,,,,,,,,,,,,,,,,,,,,,,,,,,,,,,,,,,,,,,,,,,,,,,,,,,,,,,,,,,,,,,,,,,,,,,,,,,
Chuyện tình xa xứ,film,,,,,,,,,,,,,,,,,,,,,,,,,,,,,,,,,,,,,Victor Vũ,,,,,,,,,,,,"Tiếng Việt, Tiếng Anh",,,,,,,,,,,,,,,,,,,"hài, tâm lý, tình cảm",,,,,,,,,,,Việt Nam,,,,,,,,,,,,,,,,,Chuyện tình xa xứ,Kinopoisk.ru-Chuyen-tinh-xa-xu-939968.jpg,Áp phích của phim.,"Lê Duy Bình, Irene Trịnh, Victor Vũ",,"Bình Minh, Huy Khánh, Ngọc Diệp, Kathy Uyên, Tăng Bảo Quyên, Kim Xuân, Nguyễn Văn Phúc",Christopher Wong,Peter Soto,"Vũ Đức Thắng, Vũ Quốc Việt","Infocus Media Group, Wonderboy Entertainment","13 tháng 2 năm 2009 (Việt Nam), 9 tháng 10 năm 2009 (Mỹ)",110 phút,"172,453 USD (Mỹ)",,,,,,,,,,,,,,,,,,,Bình Minh,"Victor Vũ, Nguyễn Hoàng Nam",Lê Duy Bình,,,,,,,,,,,,,,,,,,,,,,,,,,,,,,,,,,,,,,,,,,,,,,,,,,,,,,,,,,,,,,,,,,,,,,,,,,,,,,,,,,,,,,,,,,,,,,,,,,,,,,,,,,,,,,,,,,
Giao lộ định mệnh,film,,,,,,,,,,,,,,,,,,,,,,,,,,,,,,,,,,,"Giao lộ định mệnh, ''Inferno''",Áp phích của phim.,Victor Vũ,"Irene Trịnh, Victor Vũ",,,"Trần Bảo Sơn, Vũ Thu Phương, Bình Minh, Tăng Bảo Quyên, Đại Nghĩa, Hứa Vĩ Văn, Diễm My",Christopher Wong,Nguyễn K'Linh,"Thắng Vũ, Victor Vũ",,"Saiga Films, Star Media Group",17 tháng 9 năm 2010,95 phút,Tiếng Việt,,,,,,,,,,,,,,,,,,,tâm lý,,,,,,,,"Victor Vũ, Hồng Phúc",,,Việt Nam,http://web.archive.org/web/20100827014542/http://giaolodinhmenh.com,1686470,,,,,,,,,,,,,,,,,,,,,,,,,,,,,,,,,,,,,,,,,,,,,,,,,,,,,,,,,,,,,,,,,,,,,280px,,,,,,,,,,,,,,,,,,,,,,,,,,,,,,,,,,,,,,,,,,,,,,,,,,,,,,,,,,,,,,,,,,,,,,,,,,,,,,,,,,,,,,,,,,,,,
Cô dâu đại chiến,film,,,,,,,,,,,,,,,,,,,,,,,,,,,,,,,,,,,,,Victor Vũ,,,,,,,,,,,,Tiếng Việt,,,,,,,,,,,,,,,,,,,"hài, tâm lý, tình cảm",,,,,,,,,,"Saiga Films, Vietnam Studio, Galaxy Studio, Saigon Media, Hãng phim Phương Nam, HKFilm",Việt Nam,,,,,,,,,,,,,,,,,Cô dâu đại chiến,Co dau dai chien.jpg,Áp phích chính thức của phim.,"Phạm Việt Anh Khoa, Ngọc Hiệp","Victor Vũ, Hồng Phúc","Huy Khánh, Ngọc Diệp, Ngân Khánh, Vân Trang, Lê Khánh, Phi Thanh Vân","Phạm Hữu Tâm, Lê Xuân Vũ",Nguyễn K'Linh,Nguyễn Vi Bảo,"Saiga Films, BHD",28 tháng 1 năm 2011,99 phút,"37,6 tỷ VND",,,,,,,,,,,,,,,,,,270px,Huy Khánh,,,,,,,,,,,,,,,,,,,,,,Cô dâu đại chiến 2,,,,,,,,,,,,,,,,,,,,,,,,,,,,,,,,,,,,,,,,,,,,,,,,,,,,,,,,,,,,,,,,,,,,,,,,,,,,,,,,,,,,,,,,,,,,,,
Thiên mệnh anh hùng,film,,,,,,,,,,,,,,,,,,,,,,,,,,,,,,,,,,,Thiên mệnh anh hùng,,Victor Vũ,"Lê Lam Viên, Phạm Việt Anh Khoa",,,"Huỳnh Đông, Midu, Vân Trang, Khương Ngọc, Kim Hiền, Minh Thuận, Lê Văn Anh, Mai Thế Hiệp",Christopher Wong,Nguyễn K'Linh,"Victor Vũ, Nguyễn Vi Bảo, Nguyễn Minh Tú",,"Hãng phim Phương Nam, Saiga Films",20 tháng 1 năm 2012,99 phút,Tiếng Việt,25 tỷ VND,"16,4 tỷ VND",,,,,,,,,,,,,,,,,"điện ảnh, lịch sử",,,,,,,,,"Victor Vũ, Hồng Phúc, Đoàn Nhật Nam","Hãng phim Phương Nam, Saiga Films, BHD, Thanh Niên Films",Việt Nam,,,,,,,,,,,,,,,,,,,Áp phích chính thức của phim.,,,,,,,,,,,,,,,,,,,,,,,,,,,,,,,,Huỳnh Đông,Tiểu thuyết ''Bức huyết thư'' của Bùi Anh Tấn,,,,,,,,,,,,,,,,,,,260px,,,,,,,,,,,,,,,,,,,,,,,,,,,,,,,,,,,,,,,,,,,,,,,,,,,,,,,,,,,,,,,,,,,,,,,,,,,,,,,,,,,,,,,,,,,,,
Scandal: Bí mật thảm đỏ,film,,,,,,,,,,,,,,,,,,,,,,,,,,,,,,,,,,,,,Victor Vũ,,,,,,,,,,,,Tiếng Việt,,,,,,,,,,,,,,,,,,,"kinh dị, tâm lý",,,,,,,,,,,Việt Nam,,,,,,,,,,,,,,,,,Scandal: Bí mật thảm đỏ,Poster Scandal.jpg,Poster chính thức của phim.,"Phạm Việt Anh Khoa, Trần Thị Bích Ngọc","Victor Vũ, Hồng Phúc, Cao Tấn Lộc","Vân Trang, Maya, Minh Thuận, Khương Ngọc, Dương Hoàng Anh, Lan Phương",Christopher Wong,Nguyễn K'Linh,"Thắng Vũ, Victor Vũ","Galaxy Studio, Saiga Films",12 tháng 10 năm 2012,90 phút,25 tỷ VND,,,,,,,,,,,,,,,,,,,Vân Trang,,,,,,,,,,,,,,,,,,,,,,,,,,,,,,,,,,,,,,,,,,,,,,,,,,,,,,,,,,,,,,,,,,,,,,,,,,,,,,,,,,,,,,,,,,,,,,,,,,,,,,,,,,,,,,,,,,,,
Cô dâu đại chiến 2,film,,,,,,,,,,,,,,,,,,,,,,,,,,,,,,,,,,,,,Victor Vũ,,,,,,,,,,,,Tiếng Việt,,,,,,,,,,,,,,,,,,,"hài, tâm lý, tình cảm",,,,,,,,,,"Galaxy Studio, Saiga Films",Việt Nam,,,,,,,,,,,,,,,,,Cô dâu đại chiến 2,Codaudaichien2Poster.jpg,Áp phích chính thức của phim.,"Phạm Việt Anh Khoa, Trần Thị Bích Ngọc","Victor Vũ, Đoàn Nhật Nam","Bình Minh, Lan Phương, Lê Khánh, Vân Trang, Maya, Yu Dương","Christopher Wong, Garrett Crossby",Vũ Trung Hiếu,"Thắng Vũ, Victor Vũ","Galaxy Studio, Saiga Films",16 tháng 1 năm 2014,102 phút,40 tỷ VND,,,,,,,,,,,,,,,,,,260px,Bình Minh,,,,,,,,,,,,,,,,,,,,,Cô dâu đại chiến,,,,,,,,,,,,,,,,,,,,,,,,,,,,,,,,,,,,,,,,,,,,,,,,,,,,,,,,,,,,,,,,,,,,,,,,,,,,,,,,,,,,,,,,,,,,,,,
Quả tim máu,film,,,,,,,,,,,,,,,,,,,,,,,,,,,,,,,,,,,,,Victor Vũ,,,,,,,,,,,,Tiếng Việt,,,,,,,,,,,,,,,,,,,"chính kịch, kinh dị, tâm lý",,,,,,,,,,Poseidon Media Group,Việt Nam,,,,,,,,,,,,,,,,,Quả tim máu,QuatimmauPoster.jpg,Áp phích phim trong ngày công chiếu.,"Martin Nguyễn, Trần Thị Bích Ngọc",,"Nhã Phương, Thái Hòa, Quý Bình, Hoàng Bách, Tú Vi, NSND Kim Xuân, Nancy Nguyễn, Văn Tùng",Christopher Wong,Nguyễn K'Linh,"Victor Vũ, Thắng Vũ, Võ Đình Hoàng","Galaxy Studio, EarlyRisers Media Group",14 tháng 2 năm 2014,97 phút,85 tỷ VND,,,,,,,,,,,,,,,,,,,,"Victor Vũ, Ethan Trần, Đoàn Nhật Nam",,,,,,,,,,,,,,,,,,,,,,,,,,,,,,,Vở kịch kinh dị ''Quả tim máu'' của Thái Hòa,,,,,,,,,,,,,,,,,,,,,,,,,,,,,,,,,,,,,,,,,,,,,,,,,,,,,,,,,,,,,,,,,,,,,,,,,,,,,,,,,,,,
Tôi thấy hoa vàng trên cỏ xanh (phim),film,,,,,,,,,,,,,,,,,,,,,,,,,,,,,,,,,,,Tôi thấy hoa vàng trên cỏ xanh,Áp phích của phim.,Victor Vũ,,,,"Thịnh Vinh, Trọng Khang, Thanh Mỹ, Lê Vinh, Trương Tử Liên, Nguyễn Anh Tú, Khánh Hiền","Christopher Wong, Garrett Crosby",Nguyễn K'Linh,"Thắng Vũ, Nguyễn Đức Minh, Võ Đình Hoàng",,"Galaxy Media & Entertainment (Việt Nam), Fortissimo Films (quốc tế)",2 tháng 10 năm 2015,92 phút,Tiếng Việt,20 tỷ đồng,"77,77 tỷ đồng (3,5 triệu đô la Mỹ)",,,,,,,,,,,,,,,,,chính kịch,,,,,,,,,"Việt Linh, Victor Vũ, Đoàn Nhật Nam","Galaxy Media & Entertainment, Saigon Concert, Hãng phim Phương Nam",,,,,,,,,,,,,,,,,,,,,"Trịnh Thị Thanh Tâm, Nguyễn Cao Tùng",,,,,,,,,,,,,,,,,,,,,,,,,,,,,,,,Tiểu thuyết ''Tôi thấy hoa vàng trên cỏ xanh'' của Nguyễn Nhật Ánh,,,,,,,,,,,,,,,,,,,,,,,,,,,,,,,,,,,,,,,,,,,,,,,,,,,,,,,,,,,,,,,,,,,,,,,,,,,,,,,,,,,,,,,,,,,,,,,,,,,,,,,,,,,,,,,,
Mắt biếc (phim),film,,,,,,,,,,,,,,,,,,,,,,,,,,,,,,,,,,,Mắt biếc,,Victor Vũ,* Nguyễn Quốc Công * Kay Nguyễn,,,* Trần Nghĩa * Trúc Anh * Trần Phong * Khánh Vân * Thảo Tâm,"Christopher Wong, Phan Mạnh Quỳnh",Dominic Pereira,Vũ Hoàng Anh,,Galaxy Studio,20 tháng 12 năm 2019 (Việt Nam),117 phút,Tiếng Việt,,180 tỷ VND,,,,,,,,,,,,,,,,,"chính kịch, điện ảnh, lãng mạn",,,,,,,,,* Victor Vũ * A Type Machine,"Galaxy M&E, November Films",Việt Nam,,10622410,,,,,,,,,,,,,,,,,Áp phích chiếu rạp của phim tại Việt Nam,,,,,,,,,,,,,,,,,,,,,,,,,,,,,,,,,''Mắt biếc'' của Nguyễn Nhật Ánh,,,,,,,,,,,,,,,,,,,,,,,,,,,,,,,,,,,,,,,,,,,,,,,,,,,,,,,,,,,,,,,,,,,,,,,,,,,,,,,,,,,,,,,,,,,,,,,,,,,,,,,,,,,,,,,,
Thiên thần hộ mệnh,film,,,,,,,,,,,,,,,,,,,,,,,,,,,,,,,,,,,Thiên thần hộ mệnh,,Victor Vũ,,,,"Trúc Anh, Salim, Samuel An, Amee",,,,"November Films, TFilm Entertainment",Lotte Entertainment,30 tháng 4 năm 2021,100 phút,Tiếng Việt,20 tỷ đồng,40 tỷ đồng,,,,,,,,,,,,,,,,,"kinh dị, tâm lý",,,,,,,,,,,,,,,,,,,,,,,,,,,,,,,,,,Christopher Wong,,,,,,,,,,,,,,,,,,,,,,,,,,,,,Kuman Thong,,,,,,,,,,,,,,,,,,,,,,,,,,,,,Áp phích phim,yes,,,,,,,,,,,,,,,,,,,,,,,,,,,,,,,,,,,,,,,,,,,,,,,,,,,,,,,,,,,,,,,,,,,,,,,,,,,,,,,,,,
Trại hoa đỏ (phim),film,,,,,,,,,,,,,,,,,,,,,,,,,,,,,,,,,,,Trại hoa đỏ,,Victor Vũ,,,,"Trâm Anh , Quốc Huy, Cao Thái Hà, Lê Xuân Tiền, Nghệ sĩ Lê Quốc Nam, NSƯT Hạnh Thúy, NSƯT Công Ninh, Tùng Min, Ngân Hòa, Thanh Bình, Văn Cà Thiện, Thanh Thức, Diệp Bảo Ngọc, Phan Minh Anh, Phan Nguyễn Bảo Ngọc, Võ Thị Lan Hương",,,,,,,60 phút/tập,tiếng Việt,,,,,,,,,,,,,,,,,,,truyền hình,,,,,,,,,,,Việt Nam,,,,,,,,,,,,,,,,,,PosterphimTraihoado.jpg,,,"Nguyễn Vũ Minh Đức, Victor Vũ, Triệu Hoàng My, Võ Nguyên Đán",,,,,,,,,phim truyền hình,,,,8 tập,,"K+CINE, App K+, K+",4 tháng 7 năm 2022,22 tháng 8 năm 2022,,,Tiểu thuyết Trại Hoa Đỏ của nhà văn Di Li,,K+,,,,,,,,,,,,,,,,,,,,,,,,,,,,,,,,,,,,,,,,,,,,,,,,,,,,,,,,,,,,,,,,,,,,,,,,,,,,,,,,,,,,,,,,,,,,,,,,,,,,,,,,,,,,,,,,,,,,,,,,,
Để Mai tính,film,,,,,,,,,,,,,,,,,,,,,,,,,,,,,,,,,,,,,Charlie Nguyễn,,,,,,,,,,,,Tiếng Việt,,,,,,,,,,,,,,,,,,,"hài, lãng mạn, tâm lý, tình cảm",,,,,,,,,,Wonderboy Entertainment,25px Việt Nam,,,,,,,,,,,,,,,,,Để Mai tính,Demaitinh.jpg,Hình ảnh quảng bá phim.,"Dustin Nguyễn, Irene Trịnh",Dustin Nguyễn,"Dustin Nguyễn, Kathy Uyên, Thái Hòa, Charlie Nguyễn, Bùi Văn Hải, Maryline Tâm Võ",Christopher Wong,Dominic Pereira,"Charlie Nguyễn, Hàm Trần, Thắng Vũ",EarlyRisers Media Group,"2010, 04, 23",95 phút,Hơn 18 tỷ VND,,,,,,,,,,,,,,,,,,300px,,,,,,,,,,,,,,,,,,,,,,,Để Mai tính 2,,,,,,,,,,,,,,,,,,,,,,,,,,,,,,,,,,,,,,,,,,,,,,,,,,,,,,,,,,,,,,,,,,,,,,,,,,,,,,,,,,,,,,,,,,,,,,
Khát vọng Thăng Long,film,,,,,,,,,,,,,,,,,,,,,,,,,,,,,,,,,,,Khát vọng Thăng Long,Hình quảng bá phim,Lưu Trọng Ninh,Kỷ Nguyên Sáng,,,"Quách Ngọc Ngoan, Đình Toàn, Nguyễn Thu Trang, Ngô Mỹ Uyên","Hồ Hoài Anh, Thanh Trần",,,,,Ngày 11 tháng 12 năm 2010,110 phút,Tiếng Việt,860 Nghìn USD,,,,,,,,,,,,,,,,,,"hành động, lịch sử",,,,,,,,,Lưu Trọng Ninh và Charlie Nguyễn,,,,,,,,,,,,,,,,,,,,,,,,,,,,,,,,,,,,,,,,,,,,,,,,,,,,,,,,,,,,,,,,,,,,,,,,,250px,,,,,,,,,,,,,,,,,,,,,,,,,,,,,,,,,,,,,,,,,,,,,,,,,,,,,,,,,,,,,,,,,,,,,,,,,,,,,,,,,,,,,,,,,,,,,
Cưới ngay kẻo lỡ,film,,,,,,,,,,,,,,,,,,,,,,,,,,,,,,,,,,,,,Charlie Nguyễn,,,,,,,,,,,,Tiếng Việt,,,,,,,,,,,,,,,,,,,"hài, tình cảm",,,,,,,,,Charlie Nguyễn,"Hãng phim Chánh Phương, Galaxy Studio",25px Việt Nam,,,,,,,,,,,,,,,,,Cưới ngay kẻo lỡ,Cuoingaykeolo.jpg,Áp phích của phim.,"Jimmy Phạm Nghiêm, Trần Thị Bích Ngọc",Bùi Kim Quy,"Johnny Trí Nguyễn, Ngọc Diệp, Thái Hòa, Hoàng Phúc, Tấn Beo, Thanh Thủy, NSƯT Nguyễn Chánh Tín, Diễm My",Christopher Wong,Trinh Hoan,Roland Nguyễn Văn Nhân,Galaxy Studio,20 tháng 4 năm 2012,98 phút,34 tỷ VND,,,,,,,,,,,,,,,,,,260px,,,,,,,,,,,,,,,,,,,,,,,,,,,,,,,,,,,,,,,,,,,,,,,,,,,,,,,,,,,,,,,,,,,,,,,,,,,,,,,,,,,,,,,,,,,,,,,,,,,,,,,,,,,,,,,,,,,,,
Bụi đời Chợ Lớn,film,,,,,,,,,,,,,,,,,,,,,,,,,,,,,,,,,,,,,Charlie Nguyễn,,,,,,,,,,,,Tiếng Việt,16 tỷ VND,,,,,,,,,,,,,,,,,,"điện ảnh, hành động, tâm lý, võ thuật",,,,,,,,,,"Galaxy Studio, Hãng phim Chánh Phương, EarlyRisers Media Group, Meitan Entertainment",25px Việt Nam,,,,,,,,,,,,,,,,,Bụi đời Chợ lớn,BuidoiChoLon.jpg,Áp phích chính thức của phim.,"Martin Nguyễn, Jimmy Phạm Nghiêm",Charlie Nguyễn,"Johnny Trí Nguyễn, Hoàng Phúc, Hà Hiền, Long Điền, Huỳnh Bích Phương, Nhung Kate, Thanh Trúc, Hoàng Phi",Christopher Wong,Tal Lazar,Bradley Trần Quốc Bảo,"Galaxy Studio, Hãng phim Chánh Phương",19 tháng 4 năm 2013 (nhưng đã bị cấm chiếu),87 phút,,,,,,,,,,,,,,,,,,,,Hà Hiền,,,,,,,,,,,,,,,,,,,,,,,,,,,,,,,,,,,,,,,,,,,,,,,,,,,,,,,,,,,,,,,,,,,,,,,,,,,,,,,,,,,,,,,,,,,,,,,,,,,,,,,,,,,,,,,,,,,,
Để Mai tính 2,film,,,,,,,,,,,,,,,,,,,,,,,,,,,,,,,,,,,,,Charlie Nguyễn,,,,,,,,,,,,Tiếng Việt,,,,,,,,,,,,,,,,,,,"hài, tình cảm",,,,,,,,,,"CJ Entertainment, Hãng phim Chánh Phương, EarlyRisers Media Group, Galaxy Studio",25px Việt Nam,,,,,,,,,,,,,,,,,Để Mai tính 2,Poster phim Để Mai tính 2.png,Áp phích chính thức của bộ phim.,"Jimmy Phạm Nghiêm, Jenni Trang Lê, Martin Nguyễn","Thái Hòa, Charlie Nguyễn, Martin Nguyễn","Thái Hòa, Diễm My 9x, Quang Sự, Huy Khánh, Linh Sơn, Thu Trang, Hoàng Phúc, Yaya Trương Nhi",Christopher Wong,Tal Lazar,Đức Nguyễn,CJ CGV Việt Nam,12 tháng 12 năm 2014,95 phút,"101,3 tỷ VND",,,,,,,,,,,,,,,,,,260px,Thái Hòa,,,,,,,,,,,,,,,,,,,,,Để Mai tính,,,,,,,,,,,,,,,,,,,,,,,,,,,,,,,,,,,,,,,,,,,,,,,,,,,,,,,,,,,,,,,,,,,,,,,,,,,,,,,,,,,,,,,,,,,,,,,
Em chưa 18,film,,,,,,,,,,,,,,,,,,,,,,,,,,,,,,,,,,,,,Lê Thanh Sơn,,,,,,,,,,,,Tiếng Việt,12 tỷ VNĐ,,2017,4,28,Việt Nam,,,,,,,,,,,,,"điện ảnh, hài, tình cảm",,,,,,,,,,"Hãng phim Chánh Phương, Cinebox, HKFilm",Việt Nam,,,,,,,,,,,,,,,,,Em chưa 18,Em chưa 18 poster.jpg,Áp phích phim chiếu rạp tại Việt Nam,Charlie Nguyễn,"Trần Khánh Hoàng, Lê Thanh Sơn, Charlie Nguyễn",*Kiều Minh Tuấn *Kaity Nguyễn *Will *Châu Bùi *Quang Minh *Nguyễn Chánh Tín *Huy Khánh *Kathy Uyên *Diễn viên Chí Tâm *Võ Ngọc Trai *Don Nguyễn,Christopher Wong,Diệp Thế Vinh,Vũ Hoàng Anh,CJ CGV,"2017, 4, 28, Việt Nam",95 phút,171 tỷ VNĐ (7.5 triệu USD),,,,,,,,,,,,,,,,,,,,,,,,,,,,,,,,,,,,,,,,,,,,,,,,,,,,,,,,,,,,,,,,,,,,,,,,,,,,,,,,,,,,,,,,,,,,,,,,,,,,,,,,,,,,,,,,,,,,,,,,,,,,,,,,,,,,,,,
Hồn papa da con gái,film,,,,,,,,,,,,,,,,,,,,,,,,,,,,,,,,,,,,,Ken Ochiai,,,,,,,,,,,,Tiếng Việt,,,2019,09,05,Hàn Quốc,,,,,,,,,,,,,"điện ảnh, gia đình, hài, tình cảm",,,,,,,,,,Hãng phim Chánh Phương,Việt Nam,,,,,,,,,,,,,,,,,Hồn papa da con gái,,Áp phích của phim.,Charlie Nguyễn,,*Thái Hòa *Kaity Nguyễn *Kathy Uyên *Vân Trang *Trang Hý *Gi A Nguyễn *Trịnh Thảo *Chí Tâm *Chí Tài *Huy Khánh *Hồng Vân *Thành Lộc,Christopher Wong,Chris FreIlyich,,Lotte Entertainment Việt Nam,"2018, 12, 28, Việt Nam 2019, 09, 05, Hàn Quốc",113 phút,40 tỷ VND,,,,,,,,,,,,,,,,,,,,Michael Thai,,,,,,,,,,,,,,,,,,,,,,,,,,,,,,,Tiểu thuyết ''Seven Days of a Daddy and a Daughter'' (パパとムスメの７日間),,,,,,,,,,,,,,,,,,,,,,,,,,,,,,,,,,,,,,,,,,,,,,,,,,,,,,,,,,,,,,,,,,,,,,,,,,,,,,,,,,,,
12 chòm sao: Vẽ đường cho yêu chạy,film,,,,,,,,,,,,,,,,,,,,,,,,,,,,,,,,,,,12 chòm sao: Vẽ đường cho yêu chạy,,Vũ Ngọc Phượng,Trịnh Lê Minh Hằng,,,"Bê Trần, Jun Vũ, Jun Phạm, Quỳnh Chi, Kim Nhã, Võ Cảnh",,Nguyễn Phúc Huy Cương,Duy Joseph,Skyline,Lotte Cinema,"11 tháng 11 năm 2015 (Việt Nam), 18 tháng 8 năm 2017 (Hoa Kỳ)",95 phút,Tiếng Việt,,,,,,,,,,,,,,,,,,,"chính kịch, điện ảnh, hài, lãng mạn",,,,,,,,"Vũ Ngọc Phượng, Kimmie Vũ",,,25px Việt Nam,,,,,,,,,,,,,,,,,,,,,,,,,,,,,,,,,,,,,,,,,,,,,,,,,,,Bê Trần,,,,,,,,,,,,,,,,,,,,500px,,,,,,,,,,,,Seth Tsui,,,,,,,,,,,,,,,,,,,,,,,,,,,,,,,,,,,,,,,,,,,,,,,,,,,,,,,,,,,,,,,,,,,,,,,,,,,,,,,,,
Tháng năm rực rỡ,film,,,,,,,,,,,,,,,,,,,,,,,,,,,,,,,,,,,,,Nguyễn Quang Dũng,,,,,,,,,,,,Tiếng Việt,,,2018,03,09,Việt Nam,,,,,,,,,,,,,"điện ảnh, hài, tâm lý, xã hội",,,,,,,,,,"CJ HK Entertainment , CJ Entertainment, HKFilm",Việt Nam,,,,,,,,,,,,,,,,,Tháng năm rực rỡ,Ap phich phim Thang Nam ruc ro.jpg,Áp phích chiếu rạp chính thức,"Nguyễn Thế Phong, Trần Thu Hiền, Vũ Quỳnh Hà, Nguyễn Quang Dũng",,*Hoàng Yến Chibi *Hồng Ánh *Thanh Hằng *Mỹ Duyên *Mỹ Uyên *Hoàng Oanh *Jun Vũ *Khổng Tú Quỳnh *Trịnh Thảo *Minh Thảo *Tuyền Mập *Anh Thư,,,,CJ CGV,"2018, 03, 09, Việt Nam",118 phút,85 tỷ VND,,,,,,,,,,,,,,,,,,,,"Nguyễn Quang Dũng, Phạm Thùy Nhân, Phạm Trung Tín",,,,,,,,,,,,,,,,,,,,,,,,,,,,,,,Phim ''Sunny'' (2011) của Hàn Quốc,,,,,,,,,,,,,,,,,,,,,,,,,,,,,,,,,,,,,,,,,,,,,,,,,,,,,,,,,,,,,,,,,,,,,,,,,,,,,,,,,,,,
Chìa khóa trăm tỷ,film,,,,,,,,,,,,,,,,,,,,,,,,,,,,,,,,,,,Chìa khóa trăm tỷ,,Võ Thanh Hòa,,,,"*Kiều Minh Tuấn, *Thu Trang *Anh Tú Atus *Jun Vũ *La Thành",,,,ORANGE FILMS,Lotte Entertaiment,"2022, 2, 1, Việt Nam, 2022, 10, 28, Hoa Kỳ",117 phút,Tiếng Việt,,68 tỷ VNĐ,2022,2,1,Việt Nam,2022,10,28,Hoa Kỳ,,,,,,,,,"hài, hành động",,,,,,,,,Hà Vũ (chuyển thể),,,,,,,,,,,,,,,,,,,,,Áp phích phim tại rạp.,,,,,,,,,,,,,,,,,,,,,,,,,,,,,,,,,,,,,,,,,,,,,,,,,,,,,,,,,,,,,,Áp phích phim tại rạp.,,,,,,,,,,,,,,,,,,,,,,,,,,,,,,,,,,,,,,,,,,,,,,,,,,,,,,,,,,,,,,,,,,,,,,,,,,,,,,,,,,,
Huyền sử thiên đô (phim),film,,,,,,,,,,,,,,,,,,,,,,,,,,,,,,,,,,,,,"NSƯT Tất Bình, NSND Phạm Thanh Phong",,,,,,,,,,,,tiếng Việt,,,,,,,,,,,,,,,,,,,truyền hình,,,,,,,,,,,,,,,,,,,,,,,,,,,,,,,,Nguyễn Mạnh Tuấn,"Công Dũng, BB Minh Thúy, Trung Dũng, Bá Anh, Giáng My, Mạnh Trường, Thu Quỳnh, NSND Trần Nhượng, Viết Liên, Rich Ting Nguyễn, Tạ Vũ Thu, NSƯT Trịnh Mai Nguyên, Bình Xuyên, NSƯT Phú Đôn",,,,,,45 phút/tập (không bao gồm quảng cáo),,,,,21 tháng 4 năm 2011,,,,,,Huyền sử thiên đô,Phim truyền hình,,"20 (phần 1), 22 (phần 2)","Công ty cổ phần Sao Thế Giới, Hãng Phim truyện I",VTV3,,9 tháng 9 năm 2011,,,,,,,,,,,,,,,,,,green,,,,,,,,,,,,,,,,,,,,Đầm lầy bạc,Cầu vồng tình yêu,Huyền sử thiên đô,,,,,,,,,,,,,,,,,,,,,,,,,,,,,,,,,,,,,,,,,,,,,,,,,,,,,,,,,,,,,,,,,,,,,,,,,,,,,,
Bí mật tam giác vàng,film,,,,,,,,,,,,,,,,,,,,,,,,,,,,,,,,,,,Bí mật tam giác vàng,,Nguyễn Dương,,,,"Nguyễn Văn Tùng, Mạnh Trường, Dương Hồng Nhung, Diễm Hằng, Nguyễn Văn Báu",,,,,,,45 - 50 phút/tập (có bao gồm quảng cáo),tiếng Việt,,,,,,,,,,,,,,,,,,,truyền hình,,,,,,,,,,,Việt Nam,,,,,,,,,,,,,,,,,,Áp phích phim Bí mật tam giác vàng.jpg,,,Nguyễn Như Phong,,,,,,,,,Phim truyền hình,,,,38,,VTV3,10 tháng 4 năm 2013 - 8 tháng 7 năm 2013,,,,''Liên minh tay ba ở Tam giác vàng'' của tác giả Nguyễn Như Phong,,Công ty cổ phần truyền thông đa phương tiện Lasta,,,,,,,,,,,,,,,,,,,,Việt Nam,,,,,,Đi qua dĩ vãng,Váy hồng tầng 24,,,,,,,,,,,,,,,,,,,,,,,,,,,,,,,,,,,,,,,,,,,,,,,,,,,,,,,,,,,,,,,,,,,,,,,,,,,,,,,,,,,,,,,,,,,,,,
Hoa nở trái mùa,film,,,,,,,,,,,,,,,,,,,,,,,,,,,,,,,,,,,Hoa nở trái mùa,,"Nguyễn Khải Anh, Nguyễn Đức Hiếu",,,,"Thanh Vân Hugo, Hải Anh, Mạnh Trường, Thùy Dương, Lưu Đê Ly, Thanh Sơn",,,,,,,45 - 50 phút/tập (không bao gồm quảng cáo),tiếng Việt,,,,,,,,,,,,,,,,,,,truyền hình,,,,,,,,,,,Việt Nam,,,,,,,,,,,,,,,,,,Hoanotraimua.jpeg,,,"Chu Thúy Hằng, Trịnh Vĩnh Hà",,,,,,,,,Phim truyền hình,"Trung tâm Phim truyền hình Việt Nam, Đài Truyền hình Việt Nam",,,22,,VTV3,24 tháng 8 năm 2013,10 tháng 11 năm 2013,,,,,,,,,,,,,,,,,,,,,,,,,,,,,,,Giọt nước rơi,Sát thủ Online,,,,,,,,,,,,,,,,,,,,,,,,,,,,,,,,,,,,,,,,,,,,,,,,,,,,,,,,,,,,,,,,,,,,,,,,,,,,,,,,,,,,,,,,,,,,,,
Đường lên Điện Biên,film,,,,,,,,,,,,,,,,,,,,,,,,,,,,,,,,,,,,,NSƯT Bùi Tuấn Dũng,,,,,,,,,,,,Tiếng Việt,,,,,,,,,,,,,,,,,,,truyền hình,,,,,,,,,,,,,,,,,,,,,,,,,,,,,Đường lên Điện Biên.jpg,Poster chính thức,,"Từ Nguyên Trực, Khuất Quang Thụy","Mạnh Trường, NSƯT Hoàng Hải, Quách Xuân Thông, Mạnh Hưng, Diễm Hương, Huyền Trang",,"Lý Thái Dũng, Vũ Quốc Tuấn",,,,40 phút/tập (không bao gồm quảng cáo),,,,,24 tháng 4 năm 2014,,,,,,Đường lên Điện Biên,Phim truyền hình,,26,"Đài Truyền hình Việt Nam, Hãng phim truyện Việt Nam",VTV1,,18 tháng 7 năm 2014,,,,,,,,,,,,,,,Cố Khắc Ứng,,,green,,Hoàng Lương,,,Làng ma - 10 năm sau,Bão qua làng,,,,,,,,,,,,,,,,Đường Lên Phía Trước - Tiến Minh,,,,,,,,,,,,,,,,,,,,,,,,,,,,,,,,,,,,,,,,,,,,,,,,,,,,,,,,,,,,,,,,,,,,,,,,,,,,,,
"Zippo, mù tạt và em",film,,,,,,,,,,,,,,,,,,,,,,,,,,,,,,,,,,,,,"Trọng Trinh, Bùi Tiến Huy",,,,"Hồng Đăng, Lã Thanh Huyền, Mạnh Trường, Phạm Anh Tuấn, Bình An, Nhã Phương",,,,,,,40-45 phút/tập (không bao gồm quảng cáo),Tiếng Việt,,,,,,,,,,,,,,,,,,,truyền hình,,,,,,,,,"Nguyễn Thu Thủy, Trịnh Cẩm Hằng, Trịnh Khánh Hà",,Việt Nam,,,,,,,,,,,,,,,,,,,,,,,,,,,,,,Phim truyền hình,"Trung tâm Phim truyền hình Việt Nam, Đài Truyền hình Việt Nam",,,36,,VTV3,30 tháng 6 năm 2016,2 tháng 11 năm 2016,,,,,,,,,,,,,,,,,,,,,,,,,,,,,,,Những ngọn nến trong đêm 2,Tuổi thanh xuân 2,,,,,,,,,,,,,,,,,"Zippo, mù tạt và em",,,,,,,,,,,,,,,,,,,,,,,,,,,,,,,,,,,,,,,,,,,,,,,,,,,,,,,,,,,,,,,,,,,,,,,,,,,,,
Tuổi thanh xuân,film,,,,,,,,,,,,,,,,,,,,,,,,,,,,,,,,,,,,,"Nguyễn Khải Anh, Bùi Tiến Huy, Myung Hyun Woo, Lee Jeong Wook",,,,,,,,,,,,"Tiếng Việt, Tiếng Hàn",,,,,,,,,,,,,,,,,,,truyền hình,,,,,,,,,,,Việt Nam,,,,,,,,,,,,,,,,,,Tuoi Thanh Xuan Poser.jpg,,,,"Nhã Phương, Kang Tae-oh",,,,,,45 phút/tập (không bao gồm quảng cáo),,,,,"Việt Nam: 17 tháng 12 năm 2014 – 23 tháng 4 năm 2015; Hàn Quốc: 22 tháng 5 – 2 tháng 7 năm 2015 (phần 1), Việt Nam: 3 tháng 11 năm 2016 – 22 tháng 3 năm 2017 (phần 2)",,,,,,"Tuổi thanh xuân, 오늘도 청춘",Phim truyền hình,,"36 (phần 1) , 38 (phần 2)","Trung tâm Phim truyền hình Việt Nam, Đài Truyền hình Việt Nam, CJ E&M Pictures","VTV3, MBC, Story On, Channel M",,,,,,,,,,,,,,,,2,,,,,,Xuân Phương,"Tuổi thanh xuân, Cứ thế","Cứ thế, Đến bên em",,,,,,,,,,,,,,,,"Lời thì thầm từ quá khứ, Zippo, mù tạt và em","Hôn nhân trong ngõ hẹp, Người phán xử",,,,,,,,,,,,,,,,,,,,,,,,,,,,,,,,,,,,,,,,,,,,,,,,,,,,,,,,,,,,,,,,,,,,,,,,,,,,,,,
Ngược chiều nước mắt,film,,,,,,,,,,,,,,,,,,,,,,,,,,,,,,,,,,,Ngược chiều nước mắt,,Vũ Minh Trí,,,,"Phương Oanh, Mạnh Trường, Thu Quỳnh, Phan Minh Huyền, Bình An, Phạm Anh Tuấn, Hoàng Thu Trang, Hà Việt Dũng, Anh Dũng",,,,,,,45 - 50 phút/tập (không bao gồm quảng cáo),,,,,,,,,,,,,,,,,,,,truyền hình,,,,,,,,,,,Việt Nam,,,,,,,,,,,,,,,,,,,,,,,,,,,,,,Phim truyền hình,,,,36,,VTV1,15 tháng 9 năm 2017 - 19 tháng 1 năm 2018,,,,,,,,,,,,,,,,,,,,,,,,,,,,,,,,Những người nhiều chuyện,Tình khúc bạch dương,,,,,,,,,,,,,,,,,,NSƯT Đỗ Thanh Hải,"Trung tâm Phim truyền hình Việt Nam, Đài Truyền hình Việt Nam",Áp phích phim,,,,,,,,,,,,,,,,,,,,,,,,,,,,,,,,,,,,,,,,,,,,,,,,,,,,,,,,,,,,,,,,,,,,,,,,,,
Cả một đời ân oán,film,,,,,,,,,,,,,,,,,,,,,,,,,,,,,,,,,,,,,"Trọng Trinh, Vũ Trường Khoa, Bùi Tiến Huy",,,,,,,,,,,,Tiếng Việt,,,,,,,,,,,,,,,,,,,"chính kịch, truyền hình",,,,,,,,,,,Việt Nam,http://www.vfc.com.vn/,,,,,,,,,,,,,,,,,Cả_một_đời_ân_oán_phần_1_poster.jpg,,,,"Mạnh Cường, Mỹ Uyên, Hồng Đăng, Hồng Diễm, Mạnh Trường, Lan Phương, Huỳnh Anh, Lê Hạ Anh, Phạm Anh Tuấn, Lương Thanh, Kiên Hoàng, Thùy Anh, Trọng Lân, Thanh Sơn, Đan Lê, Đình Tú",,"Nghiêm Bá Hoài, Vũ Trung Kiên",,,,45 phút (tính cả thời gian quảng cáo),,,,,,,,,,,Cả một đời ân oán,Phim truyền hình,Cô dâu bạc triệu (Phim truyền hình Đài Loan),"72 (chính thức), 2 (tập đặc biệt)","Trung tâm Phim truyền hình Việt Nam, Đài Truyền hình Việt Nam",,Việt Nam,,,,,,,,,,,,'''''Ân oán tình đời''''',,,2,Đỗ Thanh Hải,,"Hà Nội, Hạ Long, Sa Pa, Fansipan",,,"Lê Anh Dũng, Võ Ngọc Khánh, Nguyễn Minh Cường, Trần Quang Duy, Hứa Kim Tuyền",,"Khi tình yêu bắt đầu, Chờ yêu, Cả một trời thương nhớ",Ghét thì yêu thôi,Yêu thì ghét thôi,,,,,,,,,1080p,,,,,,,,,,,Áp phích phim (phần 1),2,"13 tháng 12 năm 2017 – 23 tháng 8 năm 2018, 11 tháng 5 năm 2018 (''Phía trước là cả một đời phán xử''), 23 tháng 8 năm 2018 (''Cả một đời ân oán ngoại truyện'')",VTV3,,,,,,,,,,,,,,,,,,,,,,,,,,,,,,,,,,,,,,,,,,,,,,,,,,,,,,,,,,,,,,,,,,,,,,,
Chạy trốn thanh xuân,film,,,,,,,,,,,,,,,,,,,,,,,,,,,,,,,,,,,,,"Vũ Minh Trí, Nguyễn Đức Hiếu",,,,"Mạnh Trường, Lưu Đê Ly, Huỳnh Anh, Phan Minh Huyền, Chiều Xuân, Hoàng Hải, Bình An",,,,,,,45 phút/tập (không bao gồm quảng cáo),tiếng Việt,,,,,,,,,,,,,,,,,,,truyền hình,,,,,,,,,"Thủy Vũ, Mai Diệp",,Việt Nam,,,,,,,,,,,,,,,,,,,,,,,,,,,,,,Phim truyền hình,"Trung tâm Phim truyền hình Việt Nam, Đài Truyền hình Việt Nam",VTV3,,36,,,26 tháng 11 năm 2018,2 tháng 4 năm 2019,,,,,,,,,,,,,,,,,,,,,,,,,,,,,,,''Quỳnh búp bê'',''Nàng dâu order'',,,,,,,,,,,,,,,,,Chạy trốn thanh xuân,Đỗ Thanh Hải,,,,,,'''''Oan gia xóm trọ''''',,,,,,,,,,,,,,,,,,,,,,,,,,,,,,,,,,,,,,,,,,,,,,,,,,,,,,,,,,,,,,,,,,,,,,
Sinh tử,film,,,,,,,,,,,,,,,,,,,,,,,,,,,,,,,,,,,,,"Nguyễn Khải Hưng (tập 1-40), Nguyễn Mai Hiền (tập 41-80)",,,,,,,,,,,,"tiếng Việt, tiếng Lào",,,,,,,,,,,,,,,,,,,truyền hình,,,,,,,,,,,Việt Nam,,,,,,,,,,,,,,,,,,Sinh tử poster.jpg,,,Phạm Ngọc Tiến,"Hoàng Dũng, Trọng Trinh, Việt Anh, Mạnh Trường, Chí Nhân, Thúy Hà, Doãn Quốc Đam, Thanh Hương, Quỳnh Nga",,,,,,30-35 phút (không bao gồm quảng cáo),,,,,4 tháng 11 năm 2019 - 9 tháng 3 năm 2020,,,,,,Sinh tử,Phim truyền hình,tiểu thuyết cùng tên của nhà văn Phạm Ngọc Tiến,80,"Trung tâm Phim truyền hình Việt Nam, Đài Truyền hình Việt Nam",VTV1,,,,,,,,,,,,,,,,,Đỗ Thanh Hải,,Việt Nam,,,,,,Những nhân viên gương mẫu,Đừng bắt em phải quên,,,,,,,,,,,,,,,,,,,,,350px,,,'''''Cơn mưa đầu mùa''''',,,,,,,,,,,,,,,,,,,,,,,,,,,,,,,,,,,,,,,,,,,,,,,,,,,,,,,,,,,,,,,,,,,,,,
Tình yêu và tham vọng,film,,,,,,,,,,,,,,,,,,,,,,,,,,,,,,,,,,,,,Bùi Tiến Huy,,,,,,,,,,,,Tiếng Việt,,,,,,,,,,,,,,,,,,,"chính kịch, truyền hình",,,,,,,,,,,Việt Nam,,,,,,,,,,,,,,,,,,Tình_yêu_và_tham_vọng.jpg,Áp phích phim,,"Trịnh Khánh Hà, Trịnh Đan Phượng, Trịnh Cẩm Hằng, Mai Diệp","Nhan Phúc Vinh, Lã Thanh Huyền, Mạnh Trường, Diễm My 9x, Thanh Sơn, Phan Minh Huyền, Thùy Anh",,,,,,45–50 phút,,,,,23 tháng 3 năm 2020,,,,,,Tình yêu và tham vọng,Phim truyền hình,''Thế lực cạnh tranh'' của Trung Quốc,60,Trung tâm Phim truyền hình Việt Nam,VTV3,,16 tháng 9 năm 2020,,,,,,,,,,,'''Thế lực cạnh tranh''',,,,,,*Việt Nam **Hà Nội **Phú Yên **Vĩnh Phúc **Hòa Bình * **25px Praha **25px Karlovy Vary,,Đỗ Thanh Hải,,,"""Nắm"" - Minh Vương M4U ft Hương Ly (Tập 1-59) , ""Tình yêu ta tìm được lối"" - Vicky Nhung (Tập 60)",Tiệm ăn dì ghẻ,Trói buộc yêu thương,,,,,,,,,,,,,,,,,,,,,,,,,,,,,,,,,,,,,,,,,,,,,,,,,,,,,,,,,,,,,,,,,,,,,,,,,,,,,,,,,,,,,,,,,,,,,,
Hồ sơ cá sấu,film,,,,,,,,,,,,,,,,,,,,,,,,,,,,,,,,,,,,,Nguyễn Mai Hiền,,,,,,,,,,,,Tiếng Việt,,,,,,,,,,,,,,,,,,,"hình sự, truyền hình",,,,,,,,,,,Việt Nam,,,,,,,,,,,,,,,,,,Hồ sơ cá sấu.jpeg,,,Tạ Hồng Minh,"Mạnh Trường, Kiều Anh, Hoàng Hải, Hoàng Dũng, Việt Anh, Doãn Quốc Đam",,Trần Kim Vũ,,,,"45 phút / 1 tập, (bao gồm quảng cáo)",,,,VTV3,"2020, 11, 13",,,,,,,,,38,VFC,,,"2021, 04, 09",,,,,,,,,,,'''Không lối thoát''',,,,,,,,,,,,,,,,,,,,,,,,,,,Cát đỏ,Hãy nói lời yêu,,,,,,,,,,,,,,,,,,,,,,,,,,,,,,,,,,,,,,,,,,,,,,,,,,,,,,,,,,,,,,,,,,,,,,,,,,,,,,,
Hương vị tình thân,film,,,,,,,,,,,,,,,,,,,,,,,,,,,,,,,,,,,Hương vị tình thân,,Nguyễn Danh Dũng,,,,"Võ Hoài Nam, Phương Oanh, Mạnh Trường, Thu Quỳnh",,,,,,,25 – 30 phút/tập (không bao gồm quảng cáo),tiếng Việt,,,,,,,,,,,,,,,,,,,"chính kịch, truyền hình",,,,,,,,,,,Việt Nam,,,,,,,,,,,,,,,,,,Hương vị tình thân.jpg,,,"Trịnh Khánh Hà, Trịnh Cẩm Hằng, Trịnh Đan Phượng",,,,,,,,,Phim truyền hình,"Trung tâm Phim truyền hình Việt Nam, Đài Truyền hình Việt Nam",,,"71 (phần 1), 65 (phần 2)",,VTV1,"19 tháng 4 năm 2021 – 27 tháng 7 năm 2021 (phần 1), 28 tháng 7 năm 2021 – 27 tháng 10 năm 2021 (phần 2)",,,,Vì con mà sống,,,,,,,,,,,,,,,,,,,,,,,,,,,,Trở về giữa yêu thương,Mátxcơva - Mùa thay lá (bản 25 phút/tập; phát lại),,,,,,,,,,,,,,,,,,,,,,,,,,,,,,,,,,,,,,,,,,,,,,,,,,,,,,,,,,,,,,,,,,,,,,,,,,,,,,,,,,,,,,,,,,,,,,
Đừng nói khi yêu,film,,,,,,,,,,,,,,,,,,,,,,,,,,,,,,,,,,,Đừng nói khi yêu,,Bùi Tiến Huy,,,,"Mạnh Trường, Thùy Anh, Đình Tú, Trình Mỹ Duyên, Tú Oanh, Đức Khuê, Xuân Trường, Quách Thu Phương, Lương Thanh, Nguyễn Hoàng Ngọc Huyền, Thái Dũng",,,,,,,45 - 50 phút/tập (không bao gồm quảng cáo),tiếng Việt,,,,,,,,,,,,,,,,,,,"âm nhạc, truyền hình",,,,,,,,,,,Việt Nam,,,,,,,,,,,,,,,,,,dungnoikhiyeu.jpg,,,"Hân Như, Hà Hà, Trịnh Khánh Hà",,"''Hóa ra như vậy là yêu'', ''See Tình''",Vũ Trung Kiên,,,,,,Phim truyền hình,,,,27,,VTV3,30 tháng 1 năm 2023,29 tháng 3 năm 2023,,,,,"Trung tâm Phim truyền hình Việt Nam, Đài Truyền hình Việt Nam",,,,,,,,,,,,,,,,,,,,,,,,,,Hành trình công lý,Cuộc đời vẫn đẹp sao,,,,,,,,,,,,,,,,,,,,,,,,'''''Cô thợ bánh''''',,,,,,,,,,,,,,,,,,,,,,,,,,,,,,,,,,,,,,,,,,,,,,,,,,,,,,,,,,,,,,,,,,,,,,
Chúng ta của 8 năm sau,film,,,,,,,,,,,,,,,,,,,,,,,,,,,,,,,,,,,Chúng ta của 8 năm sau,,Bùi Tiến Huy,,,,"Phan Minh Huyền, Mạnh Trường, Nguyễn Quỳnh, B Trần, Trung Anh",,,,,,,40 – 45 phút/tập (không bao gồm quảng cáo),tiếng Việt,,,,,,,,,,,,,,,,,,,"hình sự, truyền hình",,,,,,,,,,,Việt Nam,,,,,,,,,,,,,,,,,,CTC8NS.jpg,,,"Trịnh Khánh Hà, Nguyễn Thu Thủy",,,"Trần Khánh Tùng, Nghiêm Bá Hoài",,,,,,Phim truyền hình,,,,"15 (phần 1), 36 (phần 2)",,VTV3,6 tháng 11 năm 2023 - 6 tháng 3 năm 2024,,,,,,"Trung tâm Phim truyền hình Việt Nam, Đài Truyền hình Việt Nam",,,,,,,,,,,,,,,,,,,,,,,,,,''Cảnh sát hình sự: Biệt dược đen'',''Trạm cứu hộ trái tim'',,,,,,,,,,,,,,,,,,,Trung tâm Phim truyền hình Việt Nam,,,,,''Ánh dương rực rỡ'',,,,,,,,,,,,,,,,,,,,,,,,,,,,,,,,,,,,,,,,,,,,,,,,,,,,,,,,,,,,,,,,,,,,,,
Không thời gian (phim truyền hình),film,,,,,,,,,,,,,,,,,,,,,,,,,,,,,,,,,,,Không thời gian,,"Nguyễn Danh Dũng, Nguyễn Đức Hiếu",,,,,,,,,,,45 – 50 phút/tập (không bao gồm quảng cáo),Tiếng Việt,,,,,,,,,,,,,,,,,,,truyền hình,,,,,,,,,,,Việt Nam,,,,,,,,,,,,,,,,,,Khongthoigian.jpg,,,"Trịnh Khánh Hà, Lê Huyền, Phạm Ngọc Hà Lê","Nguyễn Mạnh Trường, Lê Xuân Anh, Đào Chí Nhân, Lưu Duy Khánh, Nguyễn Quốc Trị, Bùi Trung Anh, Nguyễn Như Quỳnh, Bùi Xuân Thảo, Phùng Đức Hiếu, Trần Việt Hoàng, Nguyễn Huyền Trang, Thừa Tuấn Anh, Doãn Quốc Đam, Phạm Thị Bích Ngọc, Bùi Thạc Phong, Phạm Anh Tuấn","""Nối vòng tay lớn""",,,,,,,Phim truyền hình,,,,60,,VTV1,25 tháng 11 năm 2024,14 tháng 3 năm 2025,,,,,"Trung tâm Phim truyền hình Việt Nam, Đài Truyền hình Việt Nam, Tổng cục Chính trị Quân đội Nhân dân Việt Nam",,,,,,,,,,,,,,,,,,,,,,,,,,Hoa sữa về trong gió,Mẹ biển,,,,,,,,,,,,,,,,,,,,,,,,'''''Câu chuyện quá khứ''''',,,,,,,,,,,,,,,,,,,,,,,,,,,,,,,,,,,,,,,,,,,,,,,,,,,,,,,,,,,,,,,,,,,,,,
Thầu Chín ở Xiêm,film,,,,,,,,,,,,,,,,,,,,,,,,,,,,,,,,,,,,,NSƯT Bùi Tuấn Dũng,,,,,,,,,,,,"Tiếng Việt, Tiếng Pháp, Tiếng Thái",,,,,,,,,,,,,,,,,,,điện ảnh,,,,,,,,,,,Việt Nam,,,,,,,,,,,,,,,,,,,,Hãng phim Hội Điện ảnh Việt Nam,Đinh Thiên Phúc,"Nguyễn Mạnh Trường, NSƯT Hoàng Hải, NSND Trung Anh, Nguyễn Mạnh Hưng, Văn Phượng, Huyền Sâm",,,,,,96 phút,,,,,30 tháng 1 năm 2015,,,,,,Thầu Chín ở Xiêm,Phim điện ảnh,,,,,,,,,,,,,,,,,,,,,,,,green,,,,,,,,,,,,,,,,,,,,,,,,,,,,,,,,,,,,,,,,,,,,,,,,,,,,,,,,,,,,,,,,,,,,,,,,,,,,,,,,,,,,,,,,,,,,,,,,,,,,
Con đường sáng (phim video),film,,,,,,,,,,,,,,,,,,,,,,,,,,,,,,,,,,,,,Đinh Thái Thụy,,,,,,,,,,,,Tiếng Việt,,,,,,,,,,,,,,,,,,,,,,,,,,,,,,,,,,,,,,,,,,,,,,,Con đường sáng,,,Vương Đình An,Đinh Thái Thụy,Ngọc Hùng * Bê La * Ngọc Hân * Hoàng Ân,,,,,,,,,,,,,,,,,,,,1,,,Việt Nam,,,,,,,,,,,,,,,1,Nguyễn Thái Hòa,Phạm Thùy Nhân,"A Lưới, Huế",,,,,,,,,,,,,,,Thoại Nguyên,,,,,,,,,,,,,,,,,Trần Tuấn,,,,,,,,,,,,,,,,,,,,,,,,,,,,,,,,,,,,,,,,,,,,,,,,,,,,,,,,,,,,,,,,,,,,,
Tình yêu còn lại,film,,,,,,,,,,,,,,,,,,,,,,,,,,,,,,,,,,,,,Trần Quang Đại,,,,,,,,,,,,tiếng Việt,,,,,,,,,,,,,,,,,,,truyền hình,,,,,,,,,,,Việt Nam,,,,,,,,,,,,,,,,,,,,,Hoàng Thu Dung,"Thanh Thúy, Cao Minh Đạt, Thân Thúy Hà",,,,,,45 phút/tập (không bao gồm quảng cáo),,,,,28 tháng 1 năm 2008,,,,,,Tình yêu còn lại,Phim truyền hình,''Ngày của hôm qua'' của Hoàng Thu Dung,38,Công ty cổ phần Sao Thế Giới,HTV9,,23 tháng 4 năm 2008,,,,,,,,,,,,,,,,,,,,,,,,,,,,,,,,,,,,,,,,,,,,,,,,,,,,,,,,,,,,,,,,,,,,,,,,,,,,,,,,,,,,,,,,,,,,,,,,,,,,,,,,,,,,,,,,,,,,,,
Cuộc phiêu lưu của Hai Lúa,film,,,,,,,,,,,,,,,,,,,,,,,,,,,,,,,,,,,,,"NSƯT Hồ Ngọc Xum, Nhất Tuấn",,,,,,,,,,,,tiếng Việt,,,,,,,,,,,,,,,,,,,truyền hình,,,,,,,,,,,Việt Nam,,,,,,,,,,,,,,,,,,,,,"Nguyễn Minh Trí, Đinh Thiên Phúc, Lê Điệp, Xuân Hương","NSƯT Thanh Nam, Xuân Hương, Thanh Thủy, Phương Dung, Mai Phương, Gia Bảo",,,,,,45 phút/tập (không bao gồm quảng cáo),,,,,"15 tháng 2 năm 2009 - 17 tháng 4 năm 2009 (phần 1), 25 tháng 5 năm 2015 - 30 tháng 7 năm 2015 (phần 2)",,,,,,Cuộc phiêu lưu của Hai Lúa,Phim truyền hình,,"35 (phần 1), 68 (phần 2)",Công ty cổ phần Sao Thế Giới,"HTV9, THVL1",,,,,,,,,,,,,,,,2,,,,,,,,,,,,,,,,,,,,,,,,,,,,,,,,,,,,,,,,,,,,,,,,,,,,,,,,,,,,,,,,,,,,,,,,,,,,,,,,,,,,,,,,,,,,,,,,,,,,,,,,
Taxi (phim truyền hình),film,,,,,,,,,,,,,,,,,,,,,,,,,,,,,,,,,,,,,Phạm Ngọc Châu,,,,,,,,,,,,tiếng Việt,,,,,,,,,,,,,,,,,,,truyền hình,,,,,,,,,,,Việt Nam,,,,,,,,,,,,,,,,,,,,,Cánh Đồng Gió,"Khương Ngọc, Trí Quang",,,,,,45 phút/tập (không bao gồm quảng cáo),,,,,12 tháng 7 năm 2009,,,,,,Taxi,Phim truyền hình,,20,"Hãng phim Truyền hình Thành phố Hồ Chí Minh, Đài Truyền hình Thành phố Hồ Chí Minh",HTV9,,24 tháng 8 năm 2009,,,,,,,,,,,,,,,,,,,,,,,,,,,,,,,,,,,,,,,,,,,,,,,,,,,,,,,,,,,,,,,,,,,,,,,,,,,,,,,,,,,,,,,,,,,,,,,,,,,,,,,,,,,,,,,,,,,,,,
Cuộc gọi lúc 0 giờ,film,,,,,,,,,,,,,,,,,,,,,,,,,,,,,,,,,,,Cuộc gọi lúc 0 giờ,,Nguyễn Danh Dũng,,,,"Minh Tiệp, Lê Bê La, Nguyễn Đình Thơ, Châu Thế Tâm, Diễm My, Ngọc Lan",,,,,,,45 - 50 phút/tập (có bao gồm quảng cáo),tiếng Việt,,,,,,,,,,,,,,,,,,,truyền hình,,,,,,,,,,,Việt Nam,,,,,,,,,,,,,,,,,,,,,"Vũ Thị Thanh Hương, Trần Thị Tố Uyên",,,,,,,,,Phim truyền hình,"Hãng phim Khang Việt, Thăng Long Media",,,35,,VTV3,14 tháng 12 năm 2010,7 tháng 3 năm 2011,,,,,,,,,,,,,,,,,,,,,,,,Phạm Thùy Nhân,,,,,,,Phía cuối cầu vồng,Anh chàng vượt thời gian,,,,,,,,,,,,,,,,,,,,,,,,,,,,,,,,,,,,,,,,,,,,,,,,,,,,,,,,,,,,,,,,,,,,,,,,,,,,,,,,,,,,,,,,,,,,,,
Hoa nắng (phim truyền hình Việt Nam),film,,,,,,,,,,,,,,,,,,,,,,,,,,,,,,,,,,,Hoa nắng,,Đặng Minh Quang,,,,"Nhã Phương, Lê Bê La, Kha Ly",,,,,,,45 - 50 phút/tập (không bao gồm quảng cáo),tiếng Việt,,,,,,,,,,,,,,,,,,,truyền hình,,,,,,,,,,,Việt Nam,,,,,,,,,,,,,,,,,,,,,"Đặng Thanh, Huyền Anh, Minh Thụy",,,,,,,,,Phim truyền hình,Hãng phim Thiên Ngân,,,36,,VTV3,5 tháng 3 năm 2012,23 tháng 5 năm 2012,,,,,,,,,,,,,,,,,,,,,,,,,,,,,,,Khát vọng thượng lưu,Cạm bẫy,,,,,,,,,,,,,,,,,,,,,,,,,,,,,,,,,,,,,,,,,,,,,,,,,,,,,,,,,,,,,,,,,,,,,,,,,,,,,,,,,,,,,,,,,,,,,,
Cá cược cuộc đời,film,,,,,,,,,,,,,,,,,,,,,,,,,,,,,,,,,,,,,Nguyễn Minh Cao,,,,,,,,,,,,tiếng Việt,,,,,,,,,,,,,,,,,,,truyền hình,,,,,,,,,,,Việt Nam,,,,,,,,,,,,,,,,,,,,,Châu Thổ,"Nguyệt Ánh, Đức Hải, Lê Bê La, Thân Thúy Hà",,,,,,45 phút/tập (không bao gồm quảng cáo),,,,,26 tháng 6 năm 2012,,,,,,Cá cược cuộc đời,Phim truyền hình,,30,"Công ty Sóng Vàng, Senafilm",HTV7,,6 tháng 8 năm 2012,,,,,,,,,,,,,,,,,,,,,,,,,,,,,,,,,,,,,,,,,,,,,,,,,,,,,,,,,,,,,,,,,,,,,,,,,,,,,,,,,,,,,,,,,,,,,,,,,,,,,,,,,,,,,,,,,,,,,,
Thời gian để yêu (phim truyền hình),film,,,,,,,,,,,,,,,,,,,,,,,,,,,,,,,,,,,,,Nhâm Minh Hiền,,,,,,,,,,,,tiếng Việt,,,,,,,,,,,,,,,,,,,truyền hình,,,,,,,,,,,Việt Nam,,,,,,,,,,,,,,,,,,,,,Nhóm Nam Quốc,"Trương Thế Vinh, Tú Vi, Lê Bê La, Công Danh, Hùng Thuận, Trọng Nhân, Thanh Bình, Phương Hằng, Thanh Hiền",,,,,,45 phút/tập (không bao gồm quảng cáo),,,,,1 tháng 11 năm 2012,,,,,,Thời gian để yêu,Phim truyền hình,,30,Hãng phim Vietcom,HTV7,,12 tháng 12 năm 2012,,,,,,,,,,,,,,,,,,,,,,,,,,,,,,,,,,,,,,,,,,,,,,,,,,,,,,,,,,,,,,,,,,,,,,,,,,,,,,,,,,,,,,,,,,,,,,,,,,,,,,,,,,,,,,,,,,,,,,
Ông trùm (phim truyền hình Việt Nam),film,,,,,,,,,,,,,,,,,,,,,,,,,,,,,,,,,,,,,Nguyễn Dương,,,,,,,,,,,,tiếng Việt,,,,,,,,,,,,,,,,,,,truyền hình,,,,,,,,,,,Việt Nam,,,,,,,,,,,,,,,,,,,,,TDF Creative Team,"Bình Minh, Nguyễn Dương, Lan Phương, Lý Hùng, Thanh Thức, Hòa Hiệp, Nguyên Vũ, Hàn Thái Tú, Nikki Dương Nhật Vi, Khương Ngọc",,,,,,45-50 phút/tập (không bao gồm quảng cáo),,,,THVL1,11 tháng 9 năm 2015,,,,,,Ông trùm,Phim truyền hình,,52,Công ty phim ảnh Con Ong,,,5 tháng 11 năm 2015,,,,,,,,,,,,,,,,,,,,,"""Sẽ thế thôi""","""Điều quý giá hơn""",Ra giêng anh cưới em,Kẻ thù giấu mặt,,,,,,,,,,,,,,,,,,,,,,,,,,,,,,,,,,,,,,,,,,,,,,,,,,,,,,,,,,,,,,,,,,,,,,,,,,,,,,,,,,,,,,,,,,,,,,
Con gái bố già,film,,,,,,,,,,,,,,,,,,,,,,,,,,,,,,,,,,,Con gái bố già,,Nguyễn Phương Điền,,,,"Nhật Kim Anh, Võ Hiệp, Thân Thúy Hà, Lâm Minh Thắng, Minh Luân, Hồ Bích Trâm",,,,,,,45 phút/tập (không bao gồm quảng cáo),tiếng Việt,,,,,,,,,,,,,,,,,,,truyền hình,,,,,,,,,Đỗ Thị Thanh Hương,,Việt Nam,,,,,,,,,,,,,,,,,,,,,,,,,,,,,,Phim truyền hình,Nghiệp Thắng Film,,,47,,THVL1,5 tháng 10 năm 2018,23 tháng 11 năm 2018,,,,,,,,,,,,,,,,,,,,,,,,,,,,,,,,,,,,,,,,,,,,,,Trần trung kỳ án 2,Ngậm ngùi,,,,,,,,,,,,,,,,,,,,,,,,,,,,,,,,,,,,,,,,,,,,,,,,,,,,,,,,,,,,,,,,,,,,,,,,,,,,,,,
Dập tắt lửa lòng,film,,,,,,,,,,,,,,,,,,,,,,,,,,,,,,,,,,,Dập tắt lửa lòng,,Trương Dũng,,,,"Huy Khánh, Lê Bê La, Lyna Trang, Thanh Hiền, Khương Thịnh, Thanh Thức",,,,,,,45 phút/tập (không bao gồm quảng cáo),tiếng Việt,,,,,,,,,,,,,,,,,,,truyền hình,,,,,,,,,Ngọc Diễm,,Việt Nam,,,,,,,,,,,,,,,,,,,,,,,,,,,,,,Phim truyền hình,DT Film,,,46,,THVL1,25 tháng 4 năm 2019,13 tháng 6 năm 2019,,,,,,,,,,,,,,vở cải lương cùng tên của soạn giả Viễn Châu,,,,,,,,,,,,,,,,,,,,,,,,,,,,,,,,Trà táo đỏ,Giữa hai bờ thiện ác,,,,,,,,,,,,,,,,,,,,,,,,,,,,,,,,,,,,,,,,,,,,,,,,,,,,,,,,,,,,,,,,,,,,,,,,,,,,,,,
Tiếng sét trong mưa,film,,,,,,,,,,,,,,,,,,,,,,,,,,,,,,,,,,,,,NSƯT Nguyễn Phương Điền,,,,"Nhật Kim Anh, Cao Minh Đạt, Quốc Huy, Oanh Kiều, Khương Thịnh, Cao Thái Hà, Bạch Công Khanh",,,,,,,45 phút/tập (không bao gồm quảng cáo),tiếng Việt,,,,,,,,,,,,,,,,,,,"chính kịch, truyền hình",,,,,,,,,,,Việt Nam,,,,,,,,,,,,,,,,,,Tiếng sét trong mưa áp phích phim.jpg,,,"Phạm Hạ Thu, Nhóm biên kịch Mega GS",,,,,,,,,Phim truyền hình,Mega GS,,,54,,THVL1,2 tháng 9 năm 2019,2 tháng 11 năm 2019,,,''Lôi Vũ'' của nhà văn Tào Ngu,,,,,,,,,,,,,,,,,,,,,,,,,,,,,,,,,,,,,,,,,,,Tình mẫu tử,Không lối thoát,,Tiếng sét trong mưa,,,,,,,,,Nguyễn Phương Điền,,,,,,,,,,,,,,,,,,,,,,,,,,,,,,,,,,,,,,,,,,,,,,,,,,,,,,,,,,,,,,,,,,,,
Không lối thoát (phim truyền hình),film,,,,,,,,,,,,,,,,,,,,,,,,,,,,,,,,,,,,,Xuân Phước,,,,,,,,,,,,tiếng Việt,,,,,,,,,,,,,,,,,,,truyền hình,,,,,,,,,,,Việt Nam,,,,,,,,,,,,,,,,,,,,,Phạm Thị Thúy Phượng,"Công Ninh, Trịnh Kim Chi, Nguyễn Sanh, Lương Thế Thành, Bích Trâm, Lê Bê La, Trí Quang, Thiên Hương",,,,,,45 phút/tập (không bao gồm quảng cáo),,,,,4 tháng 11 năm 2019,,,,,,Không lối thoát,Phim truyền hình,,45,Hãng phim Xuân Phước,THVL1,,25 tháng 12 năm 2019,,,,,,,,,,,,,,,,,,,,,,,Tiếng sét trong mưa,Anh ba khía,,,,,,,,,,,,,,,,,,,,,,,,,,,,,,,,,,,,,,,,,,,,,,,,,,,,,,,,,,,,,,,,,,,,,,,,,,,,,,,,,,,,,,,,,,,,,,
Anh ba khía,film,,,,,,,,,,,,,,,,,,,,,,,,,,,,,,,,,,,,,Xuân Phước,,,,,,,,,,,,tiếng Việt,,,,,,,,,,,,,,,,,,,truyền hình,,,,,,,,,,,Việt Nam,,,,,,,,,,,,,,,,,,,,,Phạm Thị Thúy Phượng,"Hoài Linh, Phi Nhung, Công Ninh, Lương Thế Thành, Lê Bê La, Huy Cường, Mỹ Linh",,,,,,45 phút/tập (không bao gồm quảng cáo),,,,,26 tháng 12 năm 2019,,,,,,Anh ba khía,Phim truyền hình,,43,Hãng phim Xuân Phước,THVL1,,15 tháng 2 năm 2020,,,,,,,,,,,,,,,,,,,,,,,Không lối thoát,Lời nguyền lúc 0 giờ,,,,,,,,,,,,,,,,,,,,,,,,,,,,,,,,,,,,,,,,,,,,,,,,,,,,,,,,,,,,,,,,,,,,,,,,,,,,,,,,,,,,,,,,,,,,,,
Sui gia khắc khẩu,film,,,,,,,,,,,,,,,,,,,,,,,,,,,,,,,,,,,,,Xuân Phước,,,,,,,,,,,,tiếng Việt,,,,,,,,,,,,,,,,,,,truyền hình,,,,,,,,,,,Việt Nam,,,,,,,,,,,,,,,,,,,,,Phạm Thị Thúy Phượng,"Hoài Linh, Thanh Hằng, Phi Phụng, Phương Dung, Hoàng Sơn, Thanh Tùng",,,,,,45 phút/tập (không bao gồm quảng cáo),,,,,8 tháng 2 năm 2021,,,,,,Sui gia khắc khẩu,Phim truyền hình,,50,Hãng phim Xuân Phước,THVL1,,7 tháng 4 năm 2021,,,,,,,,,,,,,,,,,,,,,,,Nghiệp sinh tử,Nghiệp sinh tử (phần 2),,,,,,,,,,,,,,,,,,,,,,,,,,,,,,,,,,,,,,,,,,,,,,,,,,,,,,,,,,,,,,,,,,,,,,,,,,,,,,,,,,,,,,,,,,,,,,
Bão ngầm,film,,,,,,,,,,,,,,,,,,,,,,,,,,,,,,,,,,,,,Đinh Thái Thụy,,,,,,,,,,,,tiếng Việt,,,,,,,,,,,,,,,,,,,"hình sự, truyền hình",,,,,,,,,,,Việt Nam,,,,,,,,,,,,,,,,,,,,,Đào Trung Hiếu,"Hà Việt Dũng, Cao Thái Hà, Nguyễn Hải, Trần Nhượng, Tạ Minh Thảo",,,,,,25 - 30 phút/tập (có bao gồm quảng cáo),,,,,"2022, 2, 21",,,,,,Bão ngầm,Phim truyền hình,Tiểu thuyết cùng tên của Đào Trung Hiếu,"72 (phát sóng), 84 (bản gốc)",Hãng phim Phương Sáng,VTV1,,"2022, 6, 7",,,,,,,,,,,,,,,"Đoàn Nam Phương, Nguyễn Hoàng Anh Khoa",,,,,"""Độc hành""",,,Phố trong làng,Lối nhỏ vào đời,,,,,,,,,,,,,,,,,,,,,,,,,,,,,,,,,,,,,,,,,,,,,,,,,,,,,,,,,,,,,,,,,,,,,,,,,,,,,,,,,,,,,,,,,,,,,,
Có hẹn với yêu thương,film,,,,,,,,,,,,,,,,,,,,,,,,,,,,,,,,,,,,,Xuân Phước,,,,,,,,,,,,tiếng Việt,,,,,,,,,,,,,,,,,,,truyền hình,,,,,,,,,,,Việt Nam,,,,,,,,,,,,,,,,,,,,,Hạnh Ngộ,"Kha Ly, Huỳnh Đông, Thanh Duy, Bùi Lê Kim Ngọc, Lê Bê La, Thanh Thức",,,,,,45 phút/tập (không bao gồm quảng cáo),,,,,22 tháng 7 năm 2023,,,,,,Có hẹn với yêu thương,Phim truyền hình,,51,Hãng phim Xuân Phước,THVL1,,19 tháng 9 năm 2023,,,,,,,,,,,,,,,,,,,,,,,Hoa hồng cho sớm mai,Kế hoạch hoàn hảo,,,,,,,,,,,,,,,,,,,,,,,,,,,,,,,,,,,,,,,,,,,,,,,,,,,,,,,,,,,,,,,,,,,,,,,,,,,,,,,,,,,,,,,,,,,,,,
14 ngày phép,film,,,,,,,,,,,,,,,,,,,,,,,,,,,,,,,,,,,14 ngày phép,,Nguyễn Trọng Khoa,Cathy Lynn Vũ,Nguyễn Trọng Khoa,,*Trịnh Hội *Ngọc Lan *Thái Hòa *Bình Minh *Kinh Quốc *Kim Phượng,Christopher Wong,"Dominic Pereira ((DOP, Đạo diễn hình ảnh))",Trần Quang Hàm,Hãng phim Chánh Phương (CPF),Hãng phim Chánh Phương,24 tháng 4 năm 2009,94,Tiếng Việt,300 nghìn USD,,,,,,,,,,,,,,,,,,"chính kịch, điện ảnh, lãng mạn",,,,,,,,,,,,,,,,,,,,,,,,,,,,,,,,,,,,,,,,,,,,,,,,,,,,,,,,,,,,,,,,,,,,,,,,,,,,,,,,,,,,,,,,,,,,,,,,,,,,,,,,,,,,,,,,,,,,,,,,,,,,,,,,,,,,,,,,,,,,,,,,,,,,,,,,,,,,,,,,,,,,,,,,,,,,,,,
Chuyện ma gần nhà,film,,,,,,,,,,,,,,,,,,,,,,,,,,,,,,,,,,,Chuyện ma gần nhà,,Trần Hữu Tấn,Hoàng Quân,"Trần Hữu Tấn, Hồng Anh, Linh Trần, Hương Đinh",,"Mạc Can, Vân Trang, Khả Như, Ngọc Hiệp, Hữu Tiến, Huỳnh Thanh Trực, Trần Phong, Huỳnh Như Đan",Seth Tsui,,,ProductionQ - Creative House,CJ CGV,"2022, 02, 11, Việt Nam, 2022, 04, 14, Singapore, 2022, 04, 22, Đài Loan, 2022, 07, 28, Hong Kong",,Tiếng Việt,18 tỷ VNĐ,58 tỷ VNĐ,2022,02,11,Việt Nam,2022,04,14,Singapore,2022,04,22,Đài Loan,2022,07,28,Hong Kong,"chính kịch, điện ảnh, kinh dị",,,,,,,,,,,Việt Nam,,,,,,,,,,,,,,,,,,,Áp phích chiếu rạp của phim tại Việt Nam,,,,,,,,,,,,,,,,,,,,,,,,,,,,,,,,,Truyền thuyết đô thị Việt Nam,,,,,,,,,,,,,,,,,,,240px,,,,,,,,,,,,,,,,,,,,,,,,,,105 phút,,,,,,,,,,,,,,,,,,,,,,,,,,,,,,,,,,,,,,,,,,,,,,,,,,,,,,,,,,,,,,,,,,,
Miền đất phúc,film,,,,,,,,,,,,,,,,,,,,,,,,,,,,,,,,,,,,,Đinh Đức Liêm,,,,,,,,,,,,tiếng Việt,,,,,,,,,,,,,,,,,,,truyền hình,,,,,,,,,,,Việt Nam,,,,,,,,,,,,,,,,,,230px,,,Khưu Ngọc,"Lương Thế Thành, Nguyệt Ánh, Thanh Phương",,,,,,45 phút/tập (không bao gồm quảng cáo),,,,,25 tháng 2 năm 2007,,,,,,Miền đất phúc,Phim truyền hình,,53,"Hãng phim Truyền hình Thành phố Hồ Chí Minh, Đài Truyền hình Thành phố Hồ Chí Minh",HTV9,,21 tháng 5 năm 2007,,,,,,,,,,,,,,,,,,Pink,,,,,,,,,,,,,,,,,,,,,,,,,,,,,,,,,,,,,,,,,,,,,,,,,,,,,,,,,,,,,,,,,,,,,,,,,,,,,,,,,,,,,,,,,,,,,,,,,,,,
Thứ ba học trò,film,,,,,,,,,,,,,,,,,,,,,,,,,,,,,,,,,,,,,Đặng Lưu Việt Bảo,,,,,,,,,,,,Tiếng Việt,,,,,,,,,,,,,,,,,,,truyền hình,,,,,,,,,,,,,,,,,,,,,,,,,,,,,Nhất quỷ nhì ma.jpeg,Áp phích phim ''Thứ ba học trò'' với tên cũ ''Nhất quỷ nhì ma'',,Diệu Như Trang,"Đan Trường, Đông Nhi, Angela Phương Trinh",,,,,,,,,,HTV9,"2009, 11, 13",,,,,,,,Truyện ngắn ''Nhất quỷ nhì ma'' của Diệu Như Trang,33,,,Việt Nam,,,,,,,,,,,,,,,,,,,,,,,,,,,,,,,,,,,,,,,,,,,,,,,,,,,,,Nhất quỷ nhì ma,"Nhất quỷ, nhì ma",,,,,,,,,,,,,,,,,,,,,,,,,,,,,,,,,,,,,,,,,,,,,,,,,,,,,,,,,,,,,,,,,
Mệnh lệnh hoa hồng,film,,,,,,,,,,,,,,,,,,,,,,,,,,,,,,,,,,,,,Võ Thanh Hòa,,,,,,,,,,,,tiếng Việt,,,,,,,,,,,,,,,,,,,truyền hình,,,,,,,,,,,Việt Nam,,,,,,,,,,,,,,,,,,TuquaiRose.jpg,,,Thanh Hương,"Lư Hoàng Gia Bảo, Ninh Dương Lan Ngọc, Đinh Ứng Phi Trường, Ngọc Phước, Nguyệt Ánh, Lương Thế Thành, Ngân Quỳnh",,,,,,25 phút/tập (không bao gồm quảng cáo),,,,,6 tháng 10 năm 2010,,,,,,Mệnh lệnh hoa hồng,Phim truyền hình,,60,"Đài Truyền hình Thành phố Hồ Chí Minh, Hãng phim Gia Đình Việt",HTV7,,25 tháng 2 năm 2011,,,,,,,,,,,,,,,,,,Pink,,,,,,,,,,,,,,,,,,,,,,,,,,,,,,,,,,,,,,,,,,,,,,,,,,,,,,,,,,,,,,,,,,,,,,,,,,,,,,,,,,,,,,,,,,,,,,,,,,,,
Ám ảnh (phim truyền hình),film,,,,,,,,,,,,,,,,,,,,,,,,,,,,,,,,,,,,,Phạm Ngọc Châu,,,,,,,,,,,,tiếng Việt,,,,,,,,,,,,,,,,,,,truyền hình,,,,,,,,,,,Việt Nam,,,,,,,,,,,,,,,,,,,,,Trần Nhã Thụy,"Trí Quang, Nguyệt Ánh, Quý Bình, Tăng Bảo Quyên",,,,,,45 phút/tập (không bao gồm quảng cáo),,,,,11 tháng 3 năm 2012,,,,,,Ám ảnh,Phim truyền hình,,30,"Hãng phim Truyền hình Thành phố Hồ Chí Minh, Đài Truyền hình Thành phố Hồ Chí Minh",HTV9,Việt Nam,9 tháng 4 năm 2012,,,,,,,,,,,,,,,,,,,,,,,,,,,,,,,,,,,,,,,,,,,,,,,,,,,,,,,,,,,,,,,,,,,,,,,,,,,,,,,,,,,,,,,,,,,,,,,,,,,,,,,,,,,,,,,,,,,,,,
Đam mê nghiệt ngã (phim truyền hình Việt Nam),film,,,,,,,,,,,,,,,,,,,,,,,,,,,,,,,,,,,,,Nguyễn Minh Chung,,,,,,,,,,,,Tiếng Việt,,,,,,,,,,,,,,,,,,,"chính kịch, truyền hình",,,,,,,,,,,,,,,,,,,,,,,,,,,,,,,,Thùy Linh,"Trịnh Kim Chi, Lê Bình, Huy Khánh, Trương Thế Vinh, Nhan Phúc Vinh, Nguyệt Ánh, Minh Thảo, Tường Vi, Oanh Kiều, Phương Mai, Lê Văn Anh",,,,,,40 - 45 phút/tập (có quảng cáo),,,,,24 tháng 11 năm 2014,,,,,,Đam mê nghiệt ngã,Phim truyền hình,''Phim truyền hình cùng tên'',"40 (phần 1), 40 (phần 2)","BHD, Hãng phim Việt",VTV3,,17 tháng 8 năm 2015,,,,,,,,,,,,,,,,,,,,,,,Dấu chân du mục,Người đứng trong gió,,,,,,,,,,,,,,,,,,,,,,,,,,,,,,,,,,,,,,,,,,,,,,,,,,,,,,,,,,,,,,,,,,,,,,,,,,,,,,,,,,,,,,,,,,,,,,
Trần Trung kỳ án,film,,,,,,,,,,,,,,,,,,,,,,,,,,,,,,,,,,,,,Bùi Ngọc Nam Phương,,,,,,,,,,,,tiếng Việt,,,,,,,,,,,,,,,,,,,truyền hình,,,,,,,,,,,Việt Nam,,,,,,,,,,,,,,,,,,Áp phích phim Trần trung kỳ án.jpg,,,Bùi Ngọc Nam Phương,"Hòa Hiệp, Thanh Trúc, Phương Dung, Võ Thành Tâm, Hà Trí Quang, Hùng Thuận, Lê Dương Bảo Lâm, Thanh Điền, Nguyệt Ánh, Lê Trang",,,,,,45 phút/tập (không bao gồm quảng cáo),,,,THVL1,"17 tháng 2 năm 2017 - 5 tháng 4 năm 2017 (phần 1), 24 tháng 8 năm 2018 - 4 tháng 10 năm 2018 (phần 2)",,,,,,Trần Trung kỳ án,Phim truyền hình,,"43 (phần 1), 38 (phần 2)",Đài Phát thanh - Truyền hình Vĩnh Long,,,,,,,,,,,,,,,,,,,,,,,,,,,,,,,,,,,,,,,,,,,,,,,,,,,,,,,,,blue,,,,,,,,,,,,,,,,,,,,,,,,,,,,,,,,,,,,,,,,,,,,,,,,,,,,,,,,,,,,,,,,
Muôn kiểu làm dâu,film,,,,,,,,,,,,,,,,,,,,,,,,,,,,,,,,,,,,,,,,,,,,,,,,,tiếng Việt,,,,,,,,,,,,,,,,,,,truyền hình,,,,,,,,,,,Việt Nam,,,,,,,,,,,,,,,,,,,,,,"Kim Xuân, Mỹ Duyên, Ngân Quỳnh, Phương Dung, Kim Tuyến, Lương Thế Thành, Nguyệt Ánh, Ngọc Thuận, Huỳnh Điệp Kiều Ngân, Hùng Thuận, Chế Nguyễn Quỳnh Châu, Lê Minh Thành, Panny, Khánh Ngô",,,,,,35 - 40 phút/tập (không bao gồm quảng cáo),,,,,16 tháng 10 năm 2019,,,,,,Muôn kiểu làm dâu,Phim truyền hình,,103,Điền Quân Media & Entertainment,HTV7,,13 tháng 4 năm 2020,,,,,,,,,,,,,,,,,,,,,,,,,,,,,,,,,,,,,,,,,,,,,,,,,,,,,,,,,,,,,,,,,,,,,,,,,,,,,,,,,,,,,,,,,,,,,,,,,,,,,,,,,,,,,,,,,,,,,,
Nghiệp sinh tử,film,,,,,,,,,,,,,,,,,,,,,,,,,,,,,,,,,,,,,Bùi Ngọc Nam Phương,,,,,,,,,,,,tiếng Việt,,,,,,,,,,,,,,,,,,,truyền hình,,,,,,,,,,,Việt Nam,,,,,,,,,,,,,,,,,,,,,Bùi Ngọc Nam Phương,"Công Hậu, Hùng Minh, Mạc Can, Phi Bảo, Phi Điểu, Ngô Tuấn, Quang Trung",,,,,,35 - 50 phút/tập (không bao gồm quảng cáo),,,,"THVL1, THVLi","25 tháng 12 năm 2020 - 6 tháng 2 năm 2021 (phần 1), 8 tháng 4 năm 2021 - 25 tháng 6 năm 2021 (phần 2), 23 tháng 10 năm 2021 - 20 tháng 1 năm 2022 (phần 3) , 9 tháng 11 năm 2022 - 14 tháng 1 năm 2023 (phần 4)",,,,,,Nghiệp sinh tử,Phim truyền hình,,"38 (phần 1), 68 (phần 2), 76 (phần 3), 56 (phần 4)",Đài Phát thanh - Truyền hình Vĩnh Long,,,,,,,,,,,,,,,,,4,,,,,,,,,,,,,,,,,,,,,,,,,,,,,,,,,,,,,,,,blue,,,,,,,,,,,,,,,,,,,,,,,,,,,,,,,,,,,,,,,,,,,,,,,,,,,,,,,,,,,,,,,,
Dương thế bao la sầu,film,,,,,,,,,,,,,,,,,,,,,,,,,,,,,,,,,,,Dương thế bao la sầu,,Hoàng Mập,,,,"Huy Khánh, Việt Hương, Quỳnh Lam, Luân Nguyễn, Tấn Phát, Đông Dương, Nguyệt Ánh",,,,,,,45 phút/tập (không bao gồm quảng cáo),tiếng Việt,,,,,,,,,,,,,,,,,,,truyền hình,,,,,,,,,Vĩ Tuyến,,Việt Nam,,,,,,,,,,,,,,,,,,,,,,,,,,,,,,Phim truyền hình,Hãng phim Hoàng Thần Tài,,,34,,SCTV14,4 tháng 6 năm 2021,7 tháng 7 năm 2021,,,,,,,,,,,,,,,,,,,,,,,,,,,,,,,,,,,,,,,,,,,,,,Bồ công anh trước gió,Trong vòng xoay tội ác,,,,,,,,,,,,,,,,,,,,,,,,,,,,,,,,,,,,,,,,,,,,,,,,,,,,,,,,,,,,,,,,,,,,,,,,,,,,,,,
Gọi giấc mơ về,film,,,,,,,,,,,,,,,,,,,,,,,,,,,,,,,,,,,,,Xuân Cường,,,,"Minh Hằng, Huỳnh Đông, Tấn Phát, Ngân Khánh",,,,,,,40 - 45 phút/tập (không bao gồm quảng cáo),tiếng Việt,,,,,,,,,,,,,,,,,,,,,,,,,,,,,,Việt Nam,,,,,,,,,,,,,,,,,,,,,"Hoàng Anh, Anh Ngân, Đặng Thanh",,"""Em nhớ anh rất nhiều"" bởi Sơn Ca",,,,,,,Phim truyền hình,"Công ty cổ phần truyền thông đa phương tiện Lasta, Đài Truyền hình Thành phố Hồ Chí Minh",,,66,,HTV7,4 tháng 8 năm 2007,25 tháng 11 năm 2007,,,,,,,,,,,,,,,,,,,,,,,,,,,,,,,,,,,,,,,,,,,,,,,,,,,,,,,,,Vũ Quốc Bình,,,,,,,,,,,,,,,,,,,,,,,,,,,,,,,,,,,,,,,,,,,,,,,,,,,,,,,,,,,,,,,,,,,,,
Cô gái xấu xí,film,,,,,,,,,,,,,,,,,,,,,,,,,,,,,,,,,,,,,Nguyễn Minh Chung,,,,,,,,,,,,Tiếng Việt,,,,,,,,,,,,,,,,,,,truyền hình,,,,,,,,,,,,,,,,,,,,,,,,,,,,,,,Lê Thiện Trình,,"Ngọc Hiệp, Chi Bảo, Lan Phương, Phi Thanh Vân, Bình Minh",Quốc Bảo,,,,,40 phút / tập,,,,VTV3,11 tháng 2 năm 2008,,,,,,Cô gái xấu xí,,,176,"VTV, BHD, Hãng phim Việt",,,31 tháng 3 năm 2009,,,,,,,,,,,,,,2,,,Thành phố Hồ Chí Minh và một số địa điểm khác,,,,,,Cảnh sát hình sự: Kẻ giấu mặt,Lập trình cho trái tim,,,,,,,,,,,,,,,,,,,,,,,,,,,,,,,,,,,,,,,,,,,,,,,,,,,,,,,,,,,,,,,,,,,,,,,,,,,,,,,,,,,,,,,,,,,,,,
Bếp hát,film,,,,,,,,,,,,,,,,,,,,,,,,,,,,,,,,,,,,,"Phan Gia Nhật Linh, Danny Đỗ",,,,,,,,,,,,tiếng Việt,,,,,,,,,,,,,,,,,,,"âm nhạc, chính kịch, truyền hình",,,,,,,,,,,Việt Nam,,,,,,,,,,,,,,,,,,Áp phích phim Bếp hát.jpg,,,Thái Hà,"Lam Trường, Tú Vi, Lê Văn Anh, NSƯT Thành Lộc, Trà My Idol",,,,,,80 phút/tập (không bao gồm quảng cáo),,,,,11 tháng 4 năm 2014,,,,,,Bếp hát,Phim truyền hình,The Kitchen Musical,13,"BHD, Vietnam Studio",VTV3,,11 tháng 7 năm 2014,,,,,,,,,,,,,,,,,,,,,,,,,,,,,,,,,,,,,,,,,,,,,,,,,,,,,,,,,,,,,,,,,,,,,,,,,,,,,,,,,,,,,,,,,,,,,,,,,,,,,,,,,,,,,,,,,,,,,,
Glee Vietnam,film,,,,,,,,,,,,,,,,,,,,,,,,,,,,,,,,,,,,,,,,,,,,,,,,,Tiếng Việt,,,,,,,,,,,,,,,,,,,"chính kịch, tâm lý, truyền hình",,,,,,,,,,,,,,,,,,,,,,,,,,,,,,,,,"Rocker Nguyễn, Angela Phương Trinh, Cindy V, Đỗ An, Thành Lộc, Hữu Vi, Dũng Khánh, Bích Ngọc, Thanh Vy, Thái Trinh, Hòa Minzy, Lynk Lee, Minh Hiền, Thế Bảo, Yaya Trương Nhi, Tú Vi, Bùi Lan Hương, Tùng Min",,,,,,60 phút,,,,,"2017, 8, 18",,,,,,Glee Vietnam,,,22,,"Danet, FPT Play, ZingTV",,,,,,,,,,,,,,"Ryan Murphy, Brad Falchuk, Ian Brennan",,1,,,Thành phố Hồ Chí Minh,,,,,,,,,,,,,,,,,,,,,,,,,,,,,,,,,,,,,,Glee,,,,,,,,,,,,,,,,,,,,,,,,,,,,,,,,,,,,,,,,,,,,,,,,,,,,,,,,,,,,,,,
Gạo nếp gạo tẻ,film,,,,,,,,,,,,,,,,,,,,,,,,,,,,,,,,,,,,,"Võ Thạch Thảo (phần 1), Nguyễn Hoàng Anh (phần 2)",,,,,,,,,,,,Tiếng Việt,,,,,,,,,,,,,,,,,,,"chính kịch, truyền hình",,,,,,,,,,,Việt Nam,,,,,,,,,,,,,,,,,,Gạo nếp gạo tẻ poster.jpg,,Đỗ Đình Trường,"Nguyễn Hoàng Anh, Nhóm biên kịch DID TV",Xem diễn viên,,,,,,"45 phút/tập (phần 1, có quảng cáo), 30 phút/tập (phần 2)",,,,,,,,,,,,Phim truyền hình,'''Gia tộc họ Wang''' (Tiếng Hàn: '''왕가네 식구들'''),"109 (phần 1), 50 (phần 2)",DID TV (nay là Vie Channel),,Việt Nam,,,,,,,,,,,,,,,2,Bùi Hữu Đức,Nguyễn Hoàng Anh,,,,,Đi tìm tình yêu,,,,,,,,,,,,1080p,,,,,,,,,,,,,"7 tháng 5 năm 2018 - 15 tháng 1 năm 2019 (phần 1), 15 tháng 6 năm 2020 - 7 tháng 10 năm 2020 (phần 2)","HTV2 , Giải Trí TV lúc 21h00 (từ thứ hai đến thứ tư)",,,,,,,,,Nguyễn Minh Tuấn,"Gạo Nếp Gạo Tẻ (phần 1) 2018 , Hải Đường Trong Gió 2020 (GNGT phần 2)",,,,,,,,,,,,,,,,,,,,,,,,,,,,,,,,,,,,,,,,,,,,,,,,,,,,,,,,,,,,,
Trói buộc yêu thương,film,,,,,,,,,,,,,,,,,,,,,,,,,,,,,,,,,,,Trói buộc yêu thương,,Lê Hùng Phương,,,,"Kim Xuân, Hữu Châu, Ngọc Lan, Trương Thanh Long, Tú Vi, Trương Quỳnh Anh, Lan Phương, Lý Bình, Lê Thanh Hải, Huỳnh Nga",,,,,,,40 - 45 phút/tập (không bao gồm quảng cáo),,,,,,,,,,,,,,,,,,,,truyền hình,,,,,,,,,Chu Hồng Vân,,Việt Nam,,,,,,,,,,,,,,,,,,,,,,,,,,,,,,Phim truyền hình,,,,36,,VTV3,21 tháng 9 năm 2020,9 tháng 12 năm 2020,,,,,"Trung tâm Phim truyền hình Việt Nam, Đài Truyền hình Việt Nam",,,,,,,,,,,,,,,,,,,,,,,,,,,,,,,,,,,,,,,,,Tình yêu và tham vọng,Hướng dương ngược nắng,,,,,,,,,'''Lối rẽ trái muộn màng''',,,,,,,,,,Đỗ Thanh Hải,,,,,,,,,,,,,,,,,,,,,,,,,,,,,,,,,,,,,,,,,,,,,,,,,,,,,,,,,,,,
Thử thách cuộc đời,film,,,,,,,,,,,,,,,,,,,,,,,,,,,,,,,,,,,Thử thách cuộc đời,,Trương Dũng,,,,"Thanh Duy, Thanh Thức, Tú Vi, Văn Phượng, Phương Hằng, Thanh Hiền, Đặng Trà Xuân Minh",,,,,,,45 phút/tập (không bao gồm quảng cáo),tiếng Việt,,,,,,,,,,,,,,,,,,,truyền hình,,,,,,,,,Ngọc Diễm,,Việt Nam,,,,,,,,,,,,,,,,,,,,,,,,,,,,,,Phim truyền hình,DT Film,,,51,,THVL1 THVL2 phát lại THVL3 phát lại,6 tháng 4 năm 2023,3 tháng 6 năm 2023,,,,,,,,,,,,,,,,,,,,,,,,,,,,,,,,,,,,,,,,,,,,,,Tình yêu dối lừa,Hoa hồng cho sớm mai,,,,,,,,,,,,,,,,,,,,,,,,,,,,,,,,,,,,,,,,,,,,,,,,,,,,,,,,,,,,,,,,,,,,,,,,,,,,,,,
Mặt trời lạnh,film,,,,,,,,,,,,,,,,,,,,,,,,,,,,,,,,,,,,,Lê Hùng Phương,,,,,,,,,,,,,,,,,,,,,,,,,,,,,,,truyền hình,,,,,,,,,,,Việt Nam,,,,,,,,,,,,,,,,,Mặt trời lạnh,,,Nguyễn Hữu Dũng,Nguyễn Thị Như Khanh,"* Trương Minh Thảo, * Lê Khánh Linh, * Lê Tú Vi, * Vũ Tuấn Việt, * Minh Đức, * Nguyễn Quốc Cường, * Thân Thúy Hà, * Mai Thu Huyền, * Trí Quang * Nguyễn Anh Tú, * Trần Tiến, * Nguyễn Trịnh Thiên Vương",,Nguyễn Việt Thắng,,Đài truyền hình Việt Nam,,45 – 50 phút/tập (không bao gồm quảng cáo),,,,VTV3,2 tháng 6 năm 2025,,,,,,,,,30,Trung tâm Phim truyền hình Việt Nam,,,6 tháng 8 năm 2025,,,,,,,,,,,,,,,,Lê Thu Thủy,,,,Bảo Chấn,,,,,,,,,,,,,,,,,,"Cha tôi, người ở lại",Gió ngang khoảng trời xanh,,,,,,,,,,,,,,"""Phố mùa đông""",,,,,,Nguyễn Khải Anh,,,,,,,,,,,,,,,,,,,,,,,,,,,,,,,,,,,,,,,,,,,,,,,,,,,,,,,,,,,
Cô gái đến từ hôm qua (phim),film,,,,,,,,,,,,,,,,,,,,,,,,,,,,,,,,,,,Cô gái đến từ hôm qua,Áp phích chính thức của phim.,Phan Gia Nhật Linh,"Nguyễn Cao Tùng, Vũ Quỳnh Hà",,,"Ngô Kiến Huy, Miu Lê, Jun Phạm, Hoàng Yến Chibi, Lê Hạ Anh, Hà Mi, Minh Khang, Tiểu Bảo Quốc, Lan Phương, Tùng Min",Trần Hữu Tuấn Bách,Diệp Thế Vinh,Quyền Ngô,,"CJ Entertainment, Yeah1 CMG","2017, 7, 21, Việt Nam",120 phút,vi,22 tỷ VND,70 tỷ VND,2017,7,21,Việt Nam,,,,,,,,,,,,,"điện ảnh, hài, lãng mạn",,,,,,,,,"Phan Gia Nhật Linh, Nguyễn Thái Hà","CJ Entertainment, Yeah1 CMG",Việt Nam,https://www.facebook.com/cogaidentuhomquamovie/,tt7194618,,,,,,,,,,,,,,,,,,,,,,,,,,,,,,,,,,,,,,,,,,,,,,,,,Ngô Kiến Huy,Tiểu thuyết ''Cô gái đến từ hôm qua'' của Nguyễn Nhật Ánh,,,,,,,,,,,,,,,,,,,,,,,,,,,,,,,,,,,,,,,,,,,,,,,,,,,,,,,,,,,,,,,,,,,,,,,,,,,,,,,,,,,,,,,,,,,,,,,,,,,,,,,,,,,,,,,,
Kiều nữ và đại gia,film,,,,,,,,,,,,,,,,,,,,,,,,,,,,,,,,,,,,,Nguyễn Duy Võ Ngọc,,,,,,,,,,,,tiếng Việt,,,,,,,,,,,,,,,,,,,truyền hình,,,,,,,,,,,Việt Nam,,,,,,,,,,,,,,,,,,,,,Nguyễn Minh Chí,"Ngọc Lan, Thùy Lâm, Lý Nhã Kỳ",,,,,,45 phút/tập (không bao gồm quảng cáo),,,,,26 tháng 1 năm 2008,,,,,,Kiều nữ và đại gia,Phim truyền hình,,30,"Hãng phim Hành Tinh Xanh, Hãng phim truyện Việt Nam",HTV9,,16 tháng 3 năm 2008,,,,,,,,,,,,,,,,,,,,,,,,,,,,,,,,,,,,,,,,,,,,,,,,,,,,,,,,,,,,,,,,,,,,,,,,,,,,,,,,,,,,,,,,,,,,,,,,,,,,,,,,,,,,,,,,,,,,,,
Ký ức mong manh,film,,,,,,,,,,,,,,,,,,,,,,,,,,,,,,,,,,,,,NSƯT Đặng Lưu Việt Bảo,,,,,,,,,,,,tiếng Việt,,,,,,,,,,,,,,,,,,,truyền hình,,,,,,,,,,,Việt Nam,,,,,,,,,,,,,,,,,,,,,"Nguyễn Quang Lập, Lưỡng Hà Song Thủy","Trí Quang, Thanh Ngọc, Kim Hiền, Huỳnh Anh Tuấn, Kha Ly, Minh Béo, Cao Minh Đạt",,,,,,45 phút/tập (không bao gồm quảng cáo),,,,,25 tháng 9 năm 2009,,,,,,Ký ức mong manh,Phim truyền hình,,45,"Đài Truyền hình Thành phố Hồ Chí Minh, Công ty cổ phần truyền thông đa phương tiện Lasta",HTV7,,31 tháng 10 năm 2009,,,,,,,,,,,,,,,,,,,,,,,,,,,,,,,,,,,,,,,,,,,,,,,,,,,,,,,,,,,,,,,,,,,,,,,,,,,,,,,,,,,,,,,,,,,,,,,,,,,,,,,,,,,,,,,,,,,,,,
Thẩm mỹ viện (phim truyền hình),film,,,,,,,,,,,,,,,,,,,,,,,,,,,,,,,,,,,,,Đinh Đức Liêm,,,,,,,,,,,,tiếng Việt,,,,,,,,,,,,,,,,,,,truyền hình,,,,,,,,,,,Việt Nam,,,,,,,,,,,,,,,,,,,,,"Đinh Phương, Thanh Hải, Đoàn Phú Vinh","Phi Thanh Vân, Thanh Thức, Ngọc Lan, Quốc Thuận, Thanh Hải",,,,,,45 phút/tập (không bao gồm quảng cáo),,,,,21 tháng 5 năm 2010,,,,,,Thẩm mỹ viện,Phim truyền hình,,40,M&T Pictures,HTV9,Việt Nam,20 tháng 8 năm 2010,,,,,,,,,,,,,,,,,,,,,,,,,,,,,,,,,,,,,,,,,,,,,,,,,,,,,,,,,,,,,,,,,,,,,,,,,,,,,,,,,,,,,,,,,,,,,,,,,,,,,,,,,,,,,,,,,,,,,,
Dấu chân du mục,film,,,,,,,,,,,,,,,,,,,,,,,,,,,,,,,,,,,,,Đinh Thái Thụy,,,,,,,,,,,,Tiếng Việt,,,,,,,,,,,,,,,,,,,truyền hình,,,,,,,,,,,,,,,,,,,,,,,,,,,,,,,,Đinh Thái Thụy,"Linh Sơn, Lê Bê La, Thanh Duy, Kha Ly",,,,,,40 - 45 phút/tập (không bao gồm quảng cáo),,,,,8 tháng 7 năm 2014,,,,,,Dấu chân du mục,Phim truyền hình,,40,Leo Media,VTV3,,19 tháng 11 năm 2014,,,,,,,,,,,,,,,,,,,,,,,Vừa đi vừa khóc,Đam mê nghiệt ngã,,,,,,,,,,,,,,,,,,,,,,,,,,,,,,,,,,,,,,,,,,,,,,,,,,,,,,,,,,,,,,,,,,,,,,,,,,,,,,,,,,,,,,,,,,,,,,
Đồng tiền quỷ ám,film,,,,,,,,,,,,,,,,,,,,,,,,,,,,,,,,,,,Đồng tiền quỷ ám,,Trần Chí Thành,,,,"Đức Sơn, Thân Thúy Hà, Cao Thái Hà, Hà Việt Dũng, Công Hậu, Thạch Kim Long",,,,,,,45 phút/tập (không bao gồm quảng cáo),tiếng Việt,,,,,,,,,,,,,,,,,,,truyền hình,,,,,,,,,Nguyễn Như Phong,,Việt Nam,,,,,,,,,,,,,,,,,,,,,,,,,,,,,,Phim truyền hình,"Đài Truyền hình Việt Nam, Hãng phim truyện Việt Nam",VTV1,,,,,23 tháng 5 năm 2016,19 tháng 9 năm 2016,,,,46,,,,,,,,,,tiểu thuyết cùng tên của nhà văn Nguyễn Như Phong,,,,,,,,,,,Việt Nam,,,,,,,,,,,,,,,,,,,,,Mạch ngầm vùng biên ải,Hợp đồng hôn nhân,,,,,,,,,,,,,,,,,,,,,HD 1080i,,,,,,,,,,,,,,,,,,,,,,,,,,,,,,,,,,,,,,,,,,,,,,,,,,,,,,,,,,
Dâu bể đường trần,film,,,,,,,,,,,,,,,,,,,,,,,,,,,,,,,,,,,,,Xuân Phước,,,,,,,,,,,,tiếng Việt,,,,,,,,,,,,,,,,,,,truyền hình,,,,,,,,,,,Việt Nam,,,,,,,,,,,,,,,,,,,,,Đặng Thanh Bình,"Lương Thế Thành, Thúy Diễm, Thanh Duy, Kha Ly, Linh Tý, Bích Trâm, Võ Hiệp, Hà Trí Quang",,,,,,45 phút/tập (không bao gồm quảng cáo),,,,,16 tháng 7 năm 2020,,,,,,Dâu bể đường trần,Phim truyền hình,,56,Hãng phim Xuân Phước,THVL1,,21 tháng 9 năm 2020,,,,,,,,,,,,,,,,,,,,,,,Mẹ ghẻ,Vua bánh mì,,,,,,,,,,,,,,,,,,,,,,,,,,,,,,,,,,,,,,,,,,,,,,,,,,,,,,,,,,,,,,,,,,,,,,,,,,,,,,,,,,,,,,,,,,,,,,
Vũ điệu đón xuân,film,,,,,,,,,,,,,,,,,,,,,,,,,,,,,,,,,,,,,Xuân Phước,,,,,,,,,,,,tiếng Việt,,,,,,,,,,,,,,,,,,,truyền hình,,,,,,,,,,,Việt Nam,,,,,,,,,,,,,,,,,,,,,Hạnh Ngộ,"Thanh Duy, Kha Ly, Khang Vy, Lương Thế Thành, Thúy Diễm, Nguyễn Quốc Trường Thịnh, Diệp Bảo Ngọc",,,,,,45 phút/tập (không bao gồm quảng cáo),,,,,11 tháng 2 năm 2022,,,,,,Vũ điệu đón xuân,Phim truyền hình,,23,Hãng phim Xuân Phước,THVL1,,12 tháng 3 năm 2022,,,,,,,,,,,,,,,,,,,,,,,Tình thắm duyên xuân,Trà táo đỏ 2,,,,,,,,,,,,,,,,,,,,,,,,,,,,,,,,,,,,,,,,,,,,,,,,,,,,,,,,,,,,,,,,,,,,,,,,,,,,,,,,,,,,,,,,,,,,,,
Nơi ngọn gió dừng chân,film,,,,,,,,,,,,,,,,,,,,,,,,,,,,,,,,,,,,,Quách Khoa Nam,,,,,,,,,,,,tiếng Việt,,,,,,,,,,,,,,,,,,,truyền hình,,,,,,,,,,,Việt Nam,,,,,,,,,,,,,,,,,,,,,"Hạnh Ngộ, Lan Lê, Lê Vũ","Anh Tài, Trương Mỹ Nhân, Thanh Duy, Ngô Phương Anh, Cao Minh Đạt, Mỹ Duyên, Tuyết Thu, Kim Xuân",,,,,,45 phút/tập (không bao gồm quảng cáo),,,,,11 tháng 6 năm 2022,,,,,,Nơi ngọn gió dừng chân,Phim truyền hình,,48,M&T Pictures,THVL1,,5 tháng 8 năm 2022,,,,,,,,,,,,,,,,,,,,,,,Trà táo đỏ 2,Duyên kiếp,,,,,,,,,,,,,,,,,,,,,,,,,,,,,,,,,,,,,,,,,,,,,,,,,,,,,,,,,,,,,,,,,,,,,,,,,,,,,,,,,,,,,,,,,,,,,,
Giọt đắng,film,,,,,,,,,,,,,,,,,,,,,,,,,,,,,,,,,,,,,Đinh Đức Liêm,,,,,,,,,,,,tiếng Việt,,,,,,,,,,,,,,,,,,,truyền hình,,,,,,,,,,,Việt Nam,,,,,,,,,,,,,,,,,,,,,Quý Hải,"Thanh Phương, Thu Hòa, Lương Thế Thành",,,,,,45 phút/tập (không bao gồm quảng cáo),,,,,2 tháng 12 năm 2007,,,,,,Giọt đắng,Phim truyền hình,,21,"Hãng phim Truyền hình Thành phố Hồ Chí Minh, Đài Truyền hình Thành phố Hồ Chí Minh",HTV9,,15 tháng 1 năm 2008,,,,,,,,,,,,,,,,,,,,,,,,,,,,,,,,,,,,,,,,,,,,,,,,,,,,,,,,,,,,,,,,,,,,,,,,,,,,,,,,,,,,,,,,,,,,,,,,,,,,,,,,,,,,,,,,,,,,,,
Lối sống sai lầm,film,,,,,,,,,,,,,,,,,,,,,,,,,,,,,,,,,,,,,Oh Seung Yuep,,,,,,,,,,,,tiếng Việt,,,,,,,,,,,,,,,,,,,"chính kịch, truyền hình",,,,,,,,,,,Việt Nam,,,,,,,,,,,,,,,,,,,,,M&T Pictures,"Hòa Hiệp, Vân Trang, Anh Thư, Mạnh Hùng, Hà Kiều Anh, Lương Thế Thành",,,,,,45 phút/tập (không bao gồm quảng cáo),,,,,13 tháng 3 năm 2010,,,,,,Lối sống sai lầm,Phim truyền hình,''Phim truyền hình cùng tên'',66,"M&T Pictures , TKL",HTV7,,13 tháng 8 năm 2010,,,,,,,,,,,,,,,,,,,,,,,,,,,,,,,,,,,,,,,,,,,,,,,,,,,,,,,,,,,,,,,,,,,,,,,,,,,,,,,,,,,,,,,,,,,,,,,,,,,,,,,,,,,,,,,,,,,,,,
Hạnh phúc của người khác,film,,,,,,,,,,,,,,,,,,,,,,,,,,,,,,,,,,,,,Đinh Đức Liêm,,,,,,,,,,,,tiếng Việt,,,,,,,,,,,,,,,,,,,truyền hình,,,,,,,,,,,Việt Nam,,,,,,,,,,,,,,,,,,Áp phích phim Hạnh phúc của người khác.jpg,,,Phạm Hồng Anh,"Lương Thế Thành, Trương Quỳnh Anh, Cao Minh Đạt, My Trần, NSƯT Mỹ Uyên, NSƯT Hữu Châu",,,,,,45 phút/tập (không bao gồm quảng cáo),,,,,9 tháng 12 năm 2014,,,,,,Hạnh phúc của người khác,Phim truyền hình,,40,"Hãng phim H.H, IMC",TodayTV,,3 tháng 2 năm 2015,,,,,,,,,,,,,,,,,,Pink,,,,,,,,,,,,,,,,,,,,,,,,,,,,,,,,,,,,,,,,,,,,,,,,,,,,,,,,,,,,,,,,,,,,,,,,,,,,,,,,,,,,,,,,,,,,,,,,,,,,
Ải mỹ nhân,film,,,,,,,,,,,,,,,,,,,,,,,,,,,,,,,,,,,Ải mỹ nhân,,Xuân Phước,,,,"Lương Thế Thành, Thúy Diễm, Dương Cẩm Lynh, Diệp Bảo Ngọc, Huy Cường",,,,,,,40 - 45 phút/tập (không bao gồm quảng cáo),tiếng Việt,,,,,,,,,,,,,,,,,,,truyền hình,,,,,,,,,,,Việt Nam,,,,,,,,,,,,,,,,,,Áp phích phim Ải mỹ nhân.jpg,,,Phạm Thị Thúy Phượng,,,,,,,,,Phim truyền hình,Hãng phim Xuân Phước,,,35,,THVL1,20 tháng 8 năm 2016,29 tháng 9 năm 2016,,,,,,,,,,,,,,,,,,,,,,,,,,,,,,,Danh vọng phù hoa,Dòng nhớ,,,,,,,,,,,,,,,,,,,,,,,,,,,,,,,,,,,,,,,,,,,,,,,,,,,,,,,,,,,,,,,,,,,,,,,,,,,,,,,,,,,,,,,,,,,,,,
Trận đồ bát quái,film,,,,,,,,,,,,,,,,,,,,,,,,,,,,,,,,,,,,,Chu Thiện,,,,,,,,,,,,tiếng Việt,,,,,,,,,,,,,,,,,,,truyền hình,,,,,,,,,,,Việt Nam,,,,,,,,,,,,,,,,,,,,,Võ Uyên Dung,"Hoàng Phúc, Lê Phương, Lương Thế Thành, Hoàng Mai Anh, Lan Phương",,,,,,45 phút/tập (không bao gồm quảng cáo),,,,,4 tháng 4 năm 2016,,,,,,Trận đồ bát quái,Phim truyền hình,,45,M&T Pictures,THVL1,Việt Nam,26 tháng 5 năm 2016,,,,,,,,,,,,,,,,,,,,,,,Bông trang đỏ,Máu chảy về tim,,,,,,,,,,,,,,,,,,,,,,,,,,,,,,,,,,,,,,,,,,,,,,,,,,,,,,,,,,,,,,,,,,,,,,,,,,,,,,,,,,,,,,,,,,,,,,
Khúc tương tư,film,,,,,,,,,,,,,,,,,,,,,,,,,,,,,,,,,,,,,Xuân Phước,,,,,,,,,,,,tiếng Việt,,,,,,,,,,,,,,,,,,,truyền hình,,,,,,,,,,,Việt Nam,,,,,,,,,,,,,,,,,,,,,"Đoàn Bá, Phạm Thị Thúy Phượng","Lương Thế Thành, Lê Phương, Hứa Vĩ Văn, Bích Trâm",,,,,,45 phút/tập (không bao gồm quảng cáo),,,,,30 tháng 6 năm 2015,,,,,,Khúc tương tư,Phim truyền hình,,30,"M&T Pictures , TKL",HTV7,,3 tháng 8 năm 2015,,,,,,,,,,,,,,,,,,,,,,,,,,,,,,,,,,,,,,,,,,,,,,,,,,,,,,,,,,,,,,,,,,,,,,,,,,,,,,,,,,,,,,,,,,,,,,,,,,,,,,,,,,,,,,,,,,,,,,
Ngày ấy mình đã yêu,film,,,,,,,,,,,,,,,,,,,,,,,,,,,,,,,,,,,,,Nguyễn Khải Anh,,,,,,,,,,,,Tiếng Việt,,,,,,,,,,,,,,,,,,,"chính kịch, truyền hình",,,,,,,,,,,Việt Nam,http://www.vfc.com.vn/,,,,,,,,,,,,,,,,,Ngay ay minh da yeu.jpeg,,,,"Nhã Phương, Lương Thế Thành, Nhan Phúc Vinh, Bảo Thanh, Chí Thiện",,Nguyễn Mạnh Hùng,,,,45 phút,,,,,,,,,,,Ngày ấy mình đã yêu,Phim truyền hình,Discovery of Love,24,"Trung tâm Phim truyền hình Việt Nam, Đài Truyền hình Việt Nam",,Việt Nam,,,,,,,,,,,,,,,,Đỗ Thanh Hải,Nguyễn Thu Thủy,"Thành phố Hồ Chí Minh, Phú Yên",,,Xuân Phương,Only You,Gọi,Mộng phù hoa,Quỳnh búp bê,,,,,,,,,1080p,,,,,,,,,,,,150px,11 tháng 6 năm 2018 – 28 tháng 8 năm 2018,VTV3,'''Tình yêu tìm thấy''',,,,,,,,,,,,,,,,,,,,,,,,,,,,,,,,,,,,,,,,,,,,,,,,,,,,,,,,,,,,,,,,,,,,,,
Cô Thắm về làng (phim truyền hình),film,,,,,,,,,,,,,,,,,,,,,,,,,,,,,,,,,,,,,"Lê Hướng Nam (phần 1), Nguyễn Hoàng Anh (phần 2, 3) , Lương Trung Tín (phần 3), Võ Thạch Thảo (phần 4)",,,,,,,,,,,,Tiếng Việt,,,,,,,,,,,,,,,,,,,truyền hình,,,,,,,,,,,Việt Nam,https://www.facebook.com/CoThamVeLang.Official/,,,,,,,,,,,,,,,,,250px,,,Nguyễn Hoàng Anh,"Tường Vi, Nhan Phúc Vinh, Jun Phạm, Sam Hà My, Puka, Long Đẹp Trai, Hoàng Anh, Hoàng Sơn, Thanh Thủy, Hoàng Trinh, Lê Thiện, Thụy Mười",,,,,,45 phút/tập (không bao gồm quảng cáo),,,,HTV2 - Vie Channel ; Vie Giải Trí và Vie Dramas,"2016, 01, 16 - 2016, 2, 07 (Phần Một) , 2017, 01, 10 - 2017, 01, 27 (Phần 2) , 2018, 01, 20 - 2018, 02, 11 (Phần 3) , 2019, 01, 15 - 2019, 01, 30 (Phần 4)",,,,,,Cô Thắm về làng,"Phim truyền hình, Phim ca nhạc",,"Phần 1: 8 tập , Phần 2: 12 tập , Phần 3: 8 tập , Phần 4: 8 tập","DID TV(nay là Vie Channel), Đài truyền hình Thành phố Hồ Chí Minh",,Việt Nam,,,,,,,,,,,,,DID TV(nay là Vie Channel),,4,Bùi Hữu Đức,,Việt Nam,,,,Cô Thắm về làng,Đường về quê,,,,,,,,,,,,,,,,,,,,,,,,,,,,,,,,pink,Cô Thắm về làng - Xuân hội ngộ 2018 trên kênh HTV2 (15/2/2018),,,,,,,,,,,,,,,,,,,,,,,,,,,,,,,,,,,,,,,,,,,,,,,,,,,,,,,,,,,,,,,
Ngũ hợi tấn hỷ,film,,,,,,,,,,,,,,,,,,,,,,,,,,,,,,,,,,,,,Dũng Nghệ,,,,,,,,,,,,tiếng Việt,,,,,,,,,,,,,,,,,,,truyền hình,,,,,,,,,,,Việt Nam,,,,,,,,,,,,,,,,,,,,,"Nguyễn Anh Đào, Phạm Hồng Anh, Hoàng Thu Thủy, Trần Tuyết Mai, Tân Hoàng Hồng Nhung, Kim Urly, Nguyễn Ngọc Thảo Trâm, Lê Trần Ngọc Mỹ","Thanh Nam, Đàm Phương Linh, Lương Thế Thành, Dương Cẩm Lynh, Dương Hoàng Anh, Hồng Thanh, An Vy, Tuyền Mập, Lê Nam, Vũ Ngọc Ánh, Quốc Khánh, Thủy Cúc, Ngân Quỳnh",,,,,,70 - 75 phút/tập (không bao gồm quảng cáo),,,,,30 tháng 1 năm 2019,,,,,,Ngũ hợi tấn hỷ,Phim truyền hình,,20,Điền Quân Media & Entertainment,HTV7,,5 tháng 4 năm 2019,,,,,,,,,,,,,,,,,,,,,,,,,,,,,,,,,,,,,,,,,,,,,,,,,,,,,,,,,,,,,,,,,,,,,,,,,,,,,,,,,,,,,,,,,,,,,,,,,,,,,,,,,,,,,,,,,,,,,,
Tình mẫu tử (phim truyền hình Việt Nam),film,,,,,,,,,,,,,,,,,,,,,,,,,,,,,,,,,,,,,Hoàng Tuấn Cường,,,,,,,,,,,,tiếng Việt,,,,,,,,,,,,,,,,,,,truyền hình,,,,,,,,,,,Việt Nam,,,,,,,,,,,,,,,,,,,,,Nguyễn Thị Mộng Thu,"Kim Xuân, Lương Thế Thành, Oanh Kiều, Lê Hạ Anh, Bích Trâm, Quốc Cường, Đình Hiếu, Thanh Hiền, Lương Ánh Ngọc, Duy Trần",,,,,,45 phút/tập (không bao gồm quảng cáo),,,,,19 tháng 7 năm 2019,,,,,,Tình mẫu tử,Phim truyền hình,vở cải lương cùng tên của soạn giả Viễn Châu,38,Mega GS,THVL1,,31 tháng 8 năm 2019,,,,,,,,,,,,,,,,,,,,,,,Giữa hai bờ thiện ác,Tiếng sét trong mưa,,,,,,,,,,,,,,,,,,,,,,,,,,,,,,,,,,,,,,,,,,,,,,,,,,,,,,,,,,,,,,,,,,,,,,,,,,,,,,,,,,,,,,,,,,,,,,
Mẹ ghẻ (phim truyền hình),film,,,,,,,,,,,,,,,,,,,,,,,,,,,,,,,,,,,Mẹ ghẻ,,Trương Dũng,,,,"Văn Phượng, Tuyết Thu, Lương Thế Thành, Thúy Diễm, Thanh Trúc, Thanh Thức, Trịnh Kim Chi, Mai Thanh Hà, Kiều Khanh, Mai Huỳnh, Hà Trí Quang, Thanh Hiền, Lê Nam, Huỳnh Quý, Huỳnh Anh Tuấn",,,,,,,45 phút/tập (không bao gồm quảng cáo),tiếng Việt,,,,,,,,,,,,,,,,,,,truyền hình,,,,,,,,,Ngọc Diễm,,Việt Nam,,,,,,,,,,,,,,,,,,,,,,,,,,,,,,Phim truyền hình,DT Film,,,1-22(phần 1) 22-59(phần 2),,THVL1,8 tháng 5 năm 2020,15 tháng 7 năm 2020,,,,,,,,,,,,,,,,,,,,,,,,,,,,,,,,,,,,,,,,,,,,,,Luật trời,Dâu bể đường trần,,,,,,,,,,,Trương Dũng,,,,,,,,,,,2,,,,,,,,,,,,,,,,,,,,,,,,,,,,,,,,,,,,,,,,,,,,,,,,,,,,,,,,,
Canh bạc tình yêu,film,,,,,,,,,,,,,,,,,,,,,,,,,,,,,,,,,,,Canh bạc tình yêu,,Trương Dũng,,,,"Lương Thế Thành, Vân Trang, Minh Luân, Văn Phượng, Phương Hằng, Thanh Hiền, Đặng Trà Xuân Minh, Tuyết Thu",,,,,,,45 phút/tập (không bao gồm quảng cáo),tiếng Việt,,,,,,,,,,,,,,,,,,,truyền hình,,,,,,,,,Nguyễn Thị Mộng Thu,,Việt Nam,,,,,,,,,,,,,,,,,,,,,,,,,,,,,,Phim truyền hình,MIA,,,102,,THVL1,26 tháng 6 năm 2021,22 tháng 10 năm 2021,,,,,,,,,,,,,,,,,,,,,,,,,,,,,,,,,,,,,,,,,,,,,,Nghiệp sinh tử (phần 2),Nghiệp sinh tử (phần 3),,,,,,,,,,,,,,,,,,,,,,,,,,,,,,,,,,,,,,,,,,,,,,,,,,,,,,,,,,,,,,,,,,,,,,,,,,,,,,,
Chống lại số phận,film,,,,,,,,,,,,,,,,,,,,,,,,,,,,,,,,,,,,,NSƯT Nhâm Minh Hiền,,,,,,,,,,,,tiếng Việt,,,,,,,,,,,,,,,,,,,truyền hình,,,,,,,,,,,Việt Nam,,,,,,,,,,,,,,,,,,,,,Hoàng Thơ,"Lương Thế Thành, Thúy Diễm, Đàm Phương Linh, Đoàn Minh Tài, Ngô Phương Anh",,,,,,45 phút/tập (không bao gồm quảng cáo),,,,,1 tháng 3 năm 2021,,,,,,Chống lại số phận,Phim truyền hình,,32,Hãng phim Ngôi Sao Việt,SCTV14,Việt Nam,1 tháng 4 năm 2021,,,,,,,,,,,,,,,,,,,,,,,,,,,,,,,,,,,,,,,,,,,,,,,,,,,,,,,,,,,,,,,,,,,,,,,,,,,,,,,,,,,,,,,,,,,,,,,,,,,,,,,,,,,,,,,,,,,,,,
Bánh mì ông Màu,film,,,,,,,,,,,,,,,,,,,,,,,,,,,,,,,,,,,,,Nguyễn Quang Minh,,,,,,,,,,,,tiếng Việt,,,,,,,,,,,,,,,,,,,truyền hình,,,,,,,,,,,Việt Nam,,,,,,,,,,,,,,,,,,,,,Điền Quân,"Thanh Nam, Hoài An, Quang Tuấn, Tường Vi, Cao Minh Đạt, Dương Cẩm Lynh, Yeye Nhật Hạ, Lê Minh Thành, Lý Bình, Trương Quỳnh Anh, Lương Thế Thành, Ngô Phương Anh, Huy Cường, Đào Vân Anh, Đoàn Minh Tài, Đàm Phương Linh, Khương Dừa",,,,,,30 - 40 phút/tập (không bao gồm quảng cáo),,,,,"5 tháng 10 năm 2020 - 4 tháng 3 năm 2021 (phần 1), 14 tháng 6 năm 2021 - 10 tháng 3 năm 2022 (phần 2)",,,,,,Bánh mì ông Màu,Phim truyền hình,,"86 (phần 1), 54 (phần 2)",Điền Quân Media & Entertainment,HTV7,,,,,,,,,,,,,,,,2,,,,,,,,,,,,,,,,,,,,,,,,,,,,,,,,,,,,,,,,,,,,,,,,,,,,,,,,,,,,,,,,,,,,,,,,,,,,,,,,,,,,,,,,,,,,,,,,,,,,,,,,
Hello cô Ba,film,,,,,,,,,,,,,,,,,,,,,,,,,,,,,,,,,,,Hello Cô Ba,Áp phích của phim.,Nguyễn Quang Minh,"Vũ Thị Bích Liên, Lưu Phước Sang",,,"NSƯT Hoài Linh, Tấn Beo, Kim Thư, Hiếu Hiền, NSND Việt Anh, Thanh Thủy, Lương Thế Thành, Huỳnh Anh Tuấn, NSƯT Trịnh Kim Chi",Tân Rock,"Kiều Phương Giang, Nguyễn Ngọc Hùng, Peter Bo","Tommy Thế Hiển, Hoàng Quân",,Hãng phim Phước Sang,18 tháng 1 năm 2012,"'''Phiên bản điện ảnh''': 90 phút, '''Phiên bản truyền hình''': 45 phút / tập (4 tập)",Tiếng Việt,,25 tỷ VND (sau 1 tuần công chiếu),,,,,,,,,,,,,,,,,"chính kịch, hài, tâm lý, viễn tưởng",,,,,,,,Thạch Tuyền,,Hãng phim Phước Sang,Việt Nam,,,,,,,,,,,,,,,,,,,,,,,,,,,,,,,,,,,,,,,,,,,,,,,,,,,,,,,,,,,,,,,,,,,,,,,280px,,,,,,,,,,,,,,,,,,,,,,,,,,,,,,,,,,,,,,,,,,,,,,,,,,,,,,,,,,,,,,,,,,,,,,,,,,,,,,,,,,,,,,,,,,,,,
Bay vào cõi mộng,film,,,,,,,,,,,,,,,,,,,,,,,,,,,,,,,,,,,,,Nguyễn Phương Điền,,,,,,,,,,,,Tiếng Việt,8 tỷ VND,,,,,,,,,,,,,,,,,,"hài, hành động, tâm lý, võ thuật",,,,,,,,,,"HKFilm, VT Pro",25px Việt Nam,,,,,,,,,,,,,,,,,Bay vào cõi mộng,BayVaoCoiMongPoster.jpg,Áp phích của bộ phim.,"Trương Thị Thu Dung, Vĩnh Thuyên, Trinh Hoan",,"Vĩnh Thuyên Kim, Lương Thế Thành, Nikki Dương Nhật Vi, Kiều Oanh, Lê Huỳnh, Tommy Ngô, Lynda Trang Đài, Khánh Phương",Minh Khang,Diệp Thế Vinh,HKFilm,Hãng phim Rạng Đông,2 tháng 2 năm 2013,87 phút,4 tỷ VND (sau một tuần công chiếu),,,,,,,,,,,,,,,,,,260px,Kiều Oanh,Vĩnh Thuyên,Thạch Tuyền,,,,,,,,,,,,,,,,,,,,,,,,,,,,,,,,,,,,,,,,,,,,,,,,,,,,,,,,,,,,,,,,,,,,,,,,,,,,,,,,,,,,,,,,,,,,,,,,,,,,,,,,,,,,,,,,,,
Đất phương Nam,film,,,,,,,,,,,,,,,,,,,,,,,,,,,,,,,,,,,,,Nguyễn Vinh Sơn,,,,,,,,,,,,Tiếng Việt,,,,,,,,,,,,,,,,,,,"chính kịch, truyền hình",,,,,,,,,,,Việt Nam,,,,,,,,,,,,,,,,,Đất Phương Nam,Tuade DatPhuongNam.PNG,Tựa đề phim ở tập 1,,Nguyễn Vinh Sơn,"Hùng Thuận, Phùng Ngọc, Thúy Loan, Thanh Điền, Lê Quang, Mạnh Dung, Kiều Oanh, Cát Phượng, Trung Dân, Ánh Hoa, Mạc Can",,Nguyễn Trinh Hoan,,Đài Truyền hình Thành phố Hồ Chí Minh,,60 phút,,,,"HTV9, DRT, HTV3, HTV7",1997,,,,,,,,''Đất rừng phương Nam'' của Đoàn Giỏi,11,Hãng phim Truyền hình Thành phố Hồ Chí Minh,,,,,,,,,,,,,,,,,,NSND Phạm Khắc,Nguyễn Hồ,"Cà Mau, Việt Nam",,,"Lư Nhất Vũ, Lê Giang, Trần Vương Thạch",,,,,,,,,,,,,SDTV 480p,,,,,,,,,,,,,,,,Lư Nhất Vũ,,,,,,,,,,,,,,,,,,,,,,,,,,,,,,,,,,,,,,,,,,,,,,,,,,,,,,,,,,,,,,,,,,,,,
Thuyền giấy,film,,,,,,,,,,,,,,,,,,,,,,,,,,,,,,,,,,,Thuyền giấy,,Nhâm Minh Hiền,,,,"Ngọc Lan, Quang Tuấn, Quang Thảo, Vũ Ngọc Ánh, Mã Hiểu Đông, Hồ Bích Trâm, Hùng Thuận",,,,,,,45 phút/tập (không bao gồm quảng cáo),tiếng Việt,,,,,,,,,,,,,,,,,,,truyền hình,,,,,,,,,Vũ Thị Thanh Hương,,Việt Nam,,,,,,,,,,,,,,,,,,,,,,,,,,,,,,Phim truyền hình,"M&T Pictures, TKL",HTV7,,,,,11 tháng 11 năm 2013,31 tháng 12 năm 2013,,,,32,,,,,,,,,,,,,,,,,,,,,,,,,,,,,,,,,,,,,,,,,,,,,,,,,,,,,,,,,,,,,,,,,,,,,,,,,,,,,,,,,,,,,,,,,,,,,,,,,,,,,,,,,,,,,,,,,,,,,,,,,,
Mật mã hoa hồng vàng,film,,,,,,,,,,,,,,,,,,,,,,,,,,,,,,,,,,,Mật mã hoa hồng vàng,,Quách Khoa Nam,,,,"Kim Tuyến, Trí Quang, Hà Kim, Quốc Cường, Quốc Huy, Mai Sơn Lâm",,,,,,,45 phút/tập (không bao gồm quảng cáo),tiếng Việt,,,,,,,,,,,,,,,,,,,truyền hình,,,,,,,,,Đỗ Thị Thanh Hương,,Việt Nam,,,,,,,,,,,,,,,,,,,,,,,,,,,,,,Phim truyền hình,M&T Pictures,,,46,,THVL1,26 tháng 5 năm 2018,18 tháng 7 năm 2018,,,,,,,,,,,,,,,,,,,,,,,,,,,,,,,,,,,,,,,,,,,,,,Duyên nợ ba sinh,Phận làm dâu,,,,,,,,,,,,,,,,,,,,,,,,,,,,,,,,,,,,,,,,,,,,,,,,,,,,,,,,,,,,,,,,,,,,,,,,,,,,,,,
Dưới cờ đại nghĩa,film,,,,,,,,,,,,,,,,,,,,,,,,,,,,,,,,,,,,,"Nguyễn Tường Phương, Lê Phương Nam",,,,,,,,,,,,tiếng Việt,,,,,,,,,,,,,,,,,,,truyền hình,,,,,,,,,,,Việt Nam,,,,,,,,,,,,,,,,,,230px,Áp phích phim,,"Nguyễn Tường Phương, Lê Phương Nam","Trung Dũng, Trương Minh Quốc Thái, Võ Thành Tâm, Công Ninh, Lý Thanh Thảo, Mạnh Hùng, NSƯT Đào Bá Sơn, Đại Nghĩa",,,,,,30 phút/tập (không bao gồm quảng cáo),,,,,19 tháng 3 năm 2006,,,,,,Dưới cờ đại nghĩa,Phim truyền hình,''Người Bình Xuyên'' của nhà văn Nguyên Hùng,78,"Hãng phim Truyền hình Thành phố Hồ Chí Minh, Đài Truyền hình Thành phố Hồ Chí Minh",HTV7,,3 tháng 8 năm 2006,,,,,,,,,,,,,,,,,,green,,"Nguyễn Ánh 9, Quang Anh",,,,,,,,,,,,,,,,,,,,,,,,,,,,,,,,,,,Vó ngựa trời Nam,,,,,,,,,,,,,,,,,,,,,,,,,,,,,,,,,,,,,,,,,,,,,,,,,,,,,,,,,,,,,,,
Nghề báo (phim truyền hình),film,,,,,,,,,,,,,,,,,,,,,,,,,,,,,,,,,,,,,Phi Tiến Sơn,,,,,,,,,,,,tiếng Việt,,,,,,,,,,,,,,,,,,,truyền hình,,,,,,,,,,,Việt Nam,,,,,,,,,,,,,,,,,,,,,Nguyễn Mạnh Tuấn,"Hồng Ánh, Hoàng Phúc, Xuân Hòa, Hòa Hiệp, Tạ Minh Tâm, Đỗ Đức Thịnh",,,,,,45 phút/tập (không bao gồm quảng cáo),,,,,2006,,,,,,Nghề báo,Phim truyền hình,,20,"Hãng phim Truyền hình Thành phố Hồ Chí Minh, Đài Truyền hình Thành phố Hồ Chí Minh",HTV9,Việt Nam,,,,,,,,,,,,,,,,,,,,,,,,,,,,,,,,,,,,,,,,,,,,,,,,,,,,,,,,,,,,,,,,,,,,,,,,,,,,,,,,,,,,,,,,,,,,,,,,,,,,,,,,,,,,,,,,,,,,,,,
Nhật ký Vàng Anh,film,,,,,,,,,,,,,,,,,,,,,,,,,,,,,,,,,,,,,Nguyễn Khải Anh,,,,,,,,,,,,Tiếng Việt,,,,,,,,,,,,,,,,,,,"chính kịch, truyền hình",,,,,,,,,,,Việt Nam,,,,,,,,,,,,,,,,,,Nhật_ký_Vàng_Anh_1.jpg,Hình hiệu Nhật ký Vàng Anh (phần 1),,,,,,,,,,,,"Trung tâm Phim truyền hình Việt Nam, Đài Truyền hình Việt Nam, Đông Tây Promotion",,,,,,,,Nhật ký Vàng Anh,Truyền hình tương tác,,,,,,,,,,,,,,,,,,,,2,,,,,,,,,,,,,,,,,,,,,,,,,,,,,"Trung tâm Phim truyền hình Việt Nam, Đài Truyền hình Việt Nam",,,"7 tháng 1 năm 2006 (phần 1), 21 tháng 5 2007 - 14 tháng 10 năm 2007 (phần 2)",VTV3,,,,,,,,,,,,,,,,,,,,,,,,,,,,,,,,,,,,,,,,,,,,,,,,,,,,,,,,,,,,,,,,,,,,,,,
Hương phù sa,film,,,,,,,,,,,,,,,,,,,,,,,,,,,,,,,,,,,,,Võ Tấn Bình,,,,,,,,,,,,tiếng Việt,,,,,,,,,,,,,,,,,,,truyền hình,,,,,,,,,,,Việt Nam,,,,,,,,,,,,,,,,,Hương phù sa,Tập tin:Ap phich Huong Phu Sa.jpg,,,Võ Tấn Bình,"Tăng Thanh Hà, Kim Hiền, Trương Minh Quốc Thái, Huỳnh Anh Tuấn, Minh Thư, Lý Thanh Thảo, Ngọc Lan",Duy Thoán,,,,2006,45 phút/tập (không bao gồm quảng cáo),,Phim truyền hình,"Hãng phim Truyền hình Thành phố Hồ Chí Minh, Đài Truyền hình Thành phố Hồ Chí Minh",HTV9,4 tháng 4 năm 2006,,,,,,,,,29,,,,2 tháng 5 năm 2006,,,,,,,,,,,,,,,,,,,,,,,,,,,,,,,,,,,,,,,,,,,,,,,,,,,,,,,,,,,,,,,,,,,,,,,,,,,,,,,,,,,,,,,,,,,,,,,,,,,,,,,,,,,,,,,,,,,,,,
Thề không gục ngã,film,,,,,,,,,,,,,,,,,,,,,,,,,,,,,,,,,,,,,Nguyễn Minh Cao,,,,,,,,,,,,tiếng Việt,,,,,,,,,,,,,,,,,,,truyền hình,,,,,,,,,,,Việt Nam,,,,,,,,,,,,,,,,,,Áp phích phim Thề không gục ngã.jpg,,,Bùi Anh Tấn,"Bình Minh, Trương Quỳnh Anh, Thiên Bảo, Bích Trâm, Lý Hùng, Minh Luân",,,,,,45 phút/tập (không bao gồm quảng cáo),,,,,2 tháng 9 năm 2015,,,,,,Thề không gục ngã,Phim truyền hình,,32,Công ty cổ phần Truyền thông Bách Việt Phương Nam,HTV7,Việt Nam,27 tháng 10 năm 2015,,,,,,,,,,,,,,,,,,,,,,,,,,,,,,,,,,,,,,,,,,,,,,,,,,,,,,,,,,,,,,,,,,,,,,,,,,,,,,,,,,,,,,,,,,,,,,,,,,,,,,,,,,,,,,,,,,,,,,
Lẩn khuất một tên người,film,,,,,,,,,,,,,,,,,,,,,,,,,,,,,,,,,,,,,Vũ Thái Hòa,,,,,,,,,,,,tiếng Việt,,,,,,,,,,,,,,,,,,,truyền hình,,,,,,,,,,,Việt Nam,,,,,,,,,,,,,,,,,,Lankhuatmottennguoi.jpg,,Lý Quang Trung,"Trần Thị Bảo Châu, Trần Hồng Ngọc","Xuân Văn, Kim Cương, Thanh Vy, Huỳnh Trường Thịnh, Thanh Thức",,,,,,45 phút/tập (không bao gồm quảng cáo),,,,,25 tháng 9 năm 2017,,,,,,Lẩn khuất một tên người,Phim truyền hình,tiểu thuyết cùng tên của Trần Thị Bảo Châu,37,"Hãng phim Truyền hình Thành phố Hồ Chí Minh, Đài Truyền hình Thành phố Hồ Chí Minh",HTV9,,3 tháng 7 năm 2017,,,,,,,,,,,,,,,,,,,,,,,,,,,,,,,,,,,,,,,,,,,,,,,,,,,,,,,,,,,,,,,,,,,,,,,,,,,,,,,,,,,,,,,,,,,,,,,,,,,,,,,,,,,,,,,,,,,,,,
Mỹ nhân Sài Thành,film,,,,,,,,,,,,,,,,,,,,,,,,,,,,,,,,,,,Mỹ nhân Sài Thành,,Lê Cung Bắc,,,,"Dương Mỹ Linh, Khánh My, Ngân Khánh, Lê Bình, Thương Tín, Lý Hùng, Huỳnh Đông, Khánh Huyền, Mai Sơn Lâm",,,,,,,45 phút/tập (có quảng cáo),tiếng Việt,,,,,,,,,,,,,,,,,,,truyền hình,,,,,,,,,Đinh Thiên Phúc,,Việt Nam,,,,,,,,,,,,,,,,,,,,,,,,,,,,,,Phim truyền hình,"Đài Truyền hình Việt Nam, Cát Tiên Sa","VTV1, VTV3, VTV6, VTV9",,,,,7 tháng 5 năm 2018,28 tháng 8 năm 2018,,,,49,,,,,,,,,,,,,,,,,,,,,,,,,,,,,,,,,,,,,,,,,,Đánh tráo số phận,Trang trại hoa hồng,,,,,,,,,,,,,,,,,,,,,HD 1080i,,,,,,,,,,,,,,,,,,,,,,,,,,,,,,,,,,,,,,,,,,,,,,,,,,,,,,,,,,
Nước mắt loài cỏ dại,film,,,,,,,,,,,,,,,,,,,,,,,,,,,,,,,,,,,Nước mắt loài cỏ dại,,Hoàng Tuấn Cường,,,,"Minh Đức, Khương Thịnh, Thạch Thu Huyền, Xuân Phúc, Lê Vinh, Yến Nhi",,,,,,,40 - 45 phút/tập (không bao gồm quảng cáo),tiếng Việt,,,,,,,,,,,,,,,,,,,truyền hình,,,,,,,,,,,Việt Nam,,,,,,,,,,,,,,,,,,,,,Nguyễn Thị Mộng Thu,,,,,,,,,Phim truyền hình,Mega GS,,,40,,VTV3,16 tháng 11 năm 2019,5 tháng 4 năm 2020,,,,,,,,,,,,,,,,,,,,,,,,,,,,,,,Đánh cắp giấc mơ,Những nàng dâu nổi loạn,,,,,,,,,,,,,,,,,,,,,,,,,,,,,,,,,,,,,,"Đà Lạt, Việt Nam",,,,,,,,,,,,,,,,,,,,,,,,,,,,,,,,,,,,,,,,,,,,,,,,,,,,,,,,
Thương con cá rô đồng,film,,,,,,,,,,,,,,,,,,,,,,,,,,,,,,,,,,,Thương con cá rô đồng,,Hoàng Tuấn Cường,,,,"Lê Phương, Quốc Huy, Huỳnh Như Đan, Quang Thái, Hoàng Yến",,,,,,,40 - 45 phút/tập (không bao gồm quảng cáo),tiếng Việt,,,,,,,,,,,,,,,,,,,truyền hình,,,,,,,,,,,Việt Nam,,,,,,,,,,,,,,,,,,Thương con cá rô đồng.jpg,,,"Ngọc Bích, La Nguyễn Quốc Vinh",,,,,,,,,Phim truyền hình,Mega GS,,,40,,VTV3,2 tháng 5 năm 2021,18 tháng 9 năm 2021,,,,,,,,,,,,,,,,,,,,,,,,,,,,,,,Ngày em đến,,,,,,,,,,,,,,,,,,,,,,,,,,,,,,,,,,,,,,,,,,,,,,,,,,,,,,,,,,,,,,,,,,,,,,,,,,,,,,,,,,,,,,,,,,,,,,,
Duyên kiếp,film,,,,,,,,,,,,,,,,,,,,,,,,,,,,,,,,,,,,,"Chu Thiện, Hồng Phú Vinh",,,,,,,,,,,,tiếng Việt,,,,,,,,,,,,,,,,,,,truyền hình,,,,,,,,,,,Việt Nam,,,,,,,,,,,,,,,,,,Duyen Kiep Poster.png,,,"Hạ Thu, Bảo Hoàng","Thân Thúy Hà, Khương Thịnh, Trương Minh Quốc Thái, Trương Mỹ Nhân, Oanh Kiều, Bạch Công Khanh, Huỳnh Đông, Trọng Nhân, Ngô Phương Anh",,,,,,45 phút/tập (không bao gồm quảng cáo),,,,,6 tháng 8 năm 2022,,,,,,Duyên kiếp,Phim truyền hình,vở cải lương cùng tên của soạn giả Hoàng Song Việt,37,Mega GS,THVL1,,17 tháng 9 năm 2022,,,,,,,,,,,,,,,,,,,,,,,Nơi ngọn gió dừng chân,Rồi 30 năm sau,,,,,,,,,,,,,,,,,,,,,,,,,,,,,,,,,,,,,,,,,,,,,,,,,,,,,,,,,,,,,,,,,,,,,,,,,,,,,,,,,,,,,,,,,,,,,,
Mẹ biển,film,,,,,,,,,,,,,,,,,,,,,,,,,,,,,,,,,,,,,Nguyễn Phương Điền,,,,,,,,,,,,,,,,,,,,,,,,,,,,,,,truyền hình,,,,,,,,,,,Việt Nam,,,,,,,,,,,,,,,,,Mẹ biển,,,,"Kim Li Bắc, Ngọc Bích","* Trần Thị Kim Tuyến, * Cao Minh Đạt * Trương Minh Quốc Thái * Cao Thái Hà * Minh Dự * Trần Minh Đăng * Quyên Qui * Trần Quang Thái * Trúc Mây * Phạm Thanh Thức",,,,Đài truyền hình Việt Nam,,25 – 30 phút/tập (không bao gồm quảng cáo),,,,VTV1,17 tháng 3 năm 2025,,,,,,,,,50,Trung tâm Phim truyền hình Việt Nam,,,30 tháng 5 năm 2025,,,,,,,,,,,,,,,Nghiêm Bá Hoài,Hoàng Hồng Hạnh,,,Lê Mạnh,"Alex Vũ, Lily Chen",,,,,,,,,,,,,,,,,,''Không thời gian'',''Dịu dàng màu nắng'',,,,,,,,,,,,,,"""Mẹ biển""",,,,,,,,,,,,,,,,,,,,,,,,,,,,,,,,,,,,,,,,,,,,,,,,,,,,,,,,,,,,,,,,,
Giữa hai thế giới,film,,,,,,,,,,,,,,,,,,,,,,,,,,,,,,,,,,,,,Vũ Thái Hòa,,,,,,,,,,,,Tiếng Việt,,,,,,,,,,,,,,,,,,,"kinh dị, tâm lý",,,,,,,,,,"DoFilm, HKFilm, Hãng phim Việt",Việt Nam,,,,,,,,,,,,,,,,,Giữa hai thế giới,Giuahaithegioiposter.jpg,Áp phích của phim.,"Đỗ Quang Minh, Đỗ Tường Quân",Đỗ Minh Viên,"Dustin Nguyễn, Ngọc Diệp, Tâm Tít, Đình Hiếu",,,,BHD,22 tháng 7 năm 2011,90 phút,,,,,,,,,,,,,,,,,,,,,,,,,,,,,,,,,,,,,,,,,,,,,,,,,,,,,,,,,,,,,,,,,,,,,,,,,,,,,,,,,,,,,,,,,,,,,,,,,,,,,,,,,,,,,,,,,,,,,,,,,,,,,,,,,,,,,,,,
Nàng men chàng bóng,film,,,,,,,,,,,,,,,,,,,,,,,,,,,,,,,,,,,,,Võ Tấn Bình,,,,,,,,,,,,Tiếng Việt,,,,,,,,,,,,,,,,,,,"điện ảnh, hài, hành động",,,,,,,,,,Galaxy Studio,Việt Nam,,,,,,,,,,,,,,,,,Nàng men chàng bóng,Nàng men chàng bóng poster.jpg,Áp phích chiếu rạp của phim,,Võ Tấn Bình,"Đinh Ngọc Diệp, Ngô Kiến Huy",,,,"HKFilm, Công ty Toàn Việt",31 tháng 8 năm 2012,90 phút,,,,,,,,,,,,,,,,,,,,,,,,,,,,,,,,,,,,,,,,,,,,,,,,,,,,,,,,,,,,,,,,,,,,,,,,,,,,,,,,,,,,,,,,,,,,,,,,,,,,,,,,,,,,,,,,,,,,,,,,,,,,,,,,,,,,,,,,
Em và Trịnh,film,,,,,,,,,,,,,,,,,,,,,,,,,,,,,,,,,,,Em và Trịnh,,Phan Gia Nhật Linh,"Vũ Quỳnh Hà, Nguyễn Quốc Công, Nguyễn Quang Dũng, Phan Gia Nhật Linh",,,"Avin Lu, Trần Lực, Phạm Nguyễn Lan Thy, Hoàng Hà, Phạm Nhật Linh, Bùi Lan Hương, Trọng Trinh, Nakatani Akari","Trần Hữu Tuấn Bách, Đức Trí","Nguyễn Vinh Phúc, Dominic Pereira, Trương Huyền Đức",Quyền Ngô,"Galaxy Play, Galaxy EE, Anh Tễu Studio",Galaxy Studio,"2022, 6, 17, Việt Nam",136 phút,"Tiếng Việt, Tiếng Pháp",50 tỷ VND,100 tỷ VND,2022,6,17,Việt Nam,,,,,,,,,,,,,"chính kịch, điện ảnh, lãng mạn",,,,,,,,,"Nguyễn Thái Hà, Nguyễn Thanh Bình, Phan Gia Nhật Linh",,Việt Nam,,,,,,,,,,,,,,,,,,,Áp phích giới thiệu của phim,,,,,,,,,,,,,,,,,,,,,,,,,,,,,,,,,,,,,,,,,,,,,,,,,,,,,,,,,,,,,,,,,,,,,,,,,,,,,,,,,,,,,,,,,,,,,,,,,,,,,,,,,,,,,,,,,,,,,,,,,,,,,,,,,,,,,,,,,,,,,,,,,
Hạ sĩ quan (phim),film,,,,,,,,,,,,,,,,,,,,,,,,,,,,,,,,,,,Hạ sĩ quan,,Lê Dũng,Dương Minh Hoàng,,,"Huỳnh Anh Tuấn, Hà Phương, Trung Dũng, Thái San, Nguyễn Hoàng, Phương Điền",Diệp Minh Tuyền,Bằng Phong,Kim Hoàng,Hãng phim Giải Phóng,,1997,,Tiếng Việt,,,,,,,,,,,,,,,,,,,"chiến tranh, điện ảnh",,,,,,,,,Ung Ngọc Trí,,Việt Nam,,,,,,,,,,,,,,,,,,,,,,,,,,,,,,,,,,,,,,,,,,,,,,,,,,,,,,,,,,,,,,,,,,,,,,,,,,,,,,,,,,,,,,,,,,,,,,,,,,,,,,,,,,,,,,,,,,,,,,,,,,,,,,,,,,,,,,,,,,,,,,,,,,,,,,,,,,,,,,,,,,,,
Khi đàn ông có bầu,film,,,,,,,,,,,,,,,,,,,,,,,,,,,,,,,,,,,,,Phạm Hoàng Nam,,,,,,,,,,,,Tiếng Việt,,,,,,,,,,,,,,,,,,,"hài, tâm lý",,,,,,,,,,Hãng phim Phước Sang,25px Việt Nam,,,,,,,,,,,,,,,,,Khi đàn ông có bầu,,Áp phích của phim.,Lưu Phước Sang,"Triệu Vũ, Phạm Hoàng Nam","Nguyễn Phi Hùng, Kim Thư, Việt Anh, Hồng Nga, Tấn Beo, Trương Ngọc Ánh, Bảo Chung, Quyền Linh, Phước Sang, Bảo Quốc",Lê Quang,Lâm Lân Triết,"Đinh Thái Bình, Bùi Thị Noan",Hãng phim Phước Sang,Tết 2005,108 phút,,,,,,,,,,,,,,,,,,,,Nguyễn Phi Hùng,,,,,,,,,,,,,,,,,,,,,,,,,,,,,,,,,,,,,,,,,,,,,,,,,,,,,,,,,,,,,,,,,,,,,,,,,,,,,,,,,,,,,,,,,,,,,,,,,,,,,,,,,,,,,,,,,,,,
Những nẻo đường phù sa,film,,,,,,,,,,,,,,,,,,,,,,,,,,,,,,,,,,,,,"Châu Huế, Trần Ngọc Phong",,,,,,,,,,,,"tiếng Việt, tiếng Pháp, tiếng Anh",,,,,,,,,,,,,,,,,,,truyền hình,,,,,,,,,,,Việt Nam,,,,,,,,,,,,,,,,,,Những nẻo đường phù sa.PNG,,,Nguyễn Khắc Phục,,,,,,,45 phút,,,,,1997,50,,,,,Những nẻo đường phù sa,Phim truyền hình,,,"Hãng phim Truyền hình Thành phố Hồ Chí Minh, Đài Truyền hình Thành phố Hồ Chí Minh",HTV9,Việt Nam,,,,,,,,,,,,,,,,,,,Pink,,,,,,,,,,,,,,,,,,,,,,,,,,,,,,,Bảo Phúc,,,,,,,,,,,,,,,,,,,,,,,,,,,,,,,,,,,,,,,,,,,,,,,,,,,,,,,,,,,,,,,,,,,,,
Ngọn nến Hoàng cung,film,,,,,,,,,,,,,,,,,,,,,,,,,,,,,,,,,,,,,Nguyễn Quốc Hưng,,,,,,,,,,,,"Tiếng Việt, Tiếng Pháp, Tiếng Quảng Đông",,,,,,,,,,,,,,,,,,,truyền hình,,,,,,,,,,,Việt Nam,http://www.tfs.com.vn/vn/phim.cfm?id=356&id_loai=1,,,,,,,,,,,,,,,,,230px,Áp phích phim,,Lê Nhị Hà,,,Cao Thành Danh,,,,30 phút,,,,,13 tháng 8 năm 2004,45,,,,,Ngọn nến hoàng cung,,,45,"* Hãng phim Truyền hình Thành phố Hồ Chí Minh, Đài Truyền hình Thành phố Hồ Chí Minh",* HTV9 * VTV1 * HTV7,Việt Nam,,,,,,,,,,,,,,,,,"Nguyễn Hồ, Lê Điệp","Thừa Thiên Huế, Lâm Đồng, Đồng Nai, Thành phố Hồ Chí Minh",Pink,Phạm Khắc,Bảo Chấn,,,,,,,,,,,,,,,,,,,,,,,,,,,,,,,,,,,,,,,,,,,,,,,,,,,,,,,,,,,,,,,,,,,,,,,,,,,,,,,,,,,,,,,,,,,,,,,,,,
Lẵng hoa tình yêu,film,,,,,,,,,,,,,,,,,,,,,,,,,,,,,,,,,,,,,Vinh Hương,,,,,,,,,,,,Tiếng Việt,,,,,,,,,,,,,,,,,,,"chính kịch, hài, truyền hình",,,,,,,,,,,Việt Nam,,,,,,,,,,,,,,,,,,Lẵng_hoa_tình_yêu.jpg,Áp phích phim,,"Shin Dong-ik, Hồ Diệu Hương","NSND Ngọc Giàu, NSƯT Thanh Hoàng, NSND Kim Xuân, Hoàng Sơn, NSƯT Ngọc Trinh, Chi Bảo, Cao Minh Đạt, Thanh Thúy",,,,,,45 phút/tập (không bao gồm quảng cáo),,,,,2004,,,,2 tháng 2 năm 2005,25 tháng 3 năm 2005,Lẵng hoa tình yêu,Phim truyền hình,,24,"Hãng phim Truyền hình Thành phố Hồ Chí Minh, Đài Truyền hình Thành phố Hồ Chí Minh, Công ty FNC (Hàn Quốc)",HTV9,Việt Nam,,,,,,,,,,,,,,,,,,,Pink,,Tuấn Khanh,,,,,,,,,,,,,,,,,,,,,,,,Áp phích phim,,,,,,,,,,,Dù gió có thổi,,,,,,,,,,,,,,,,,,,,,,,,,,,,,,,,,,,,,,,,,,,,,,,,,,,,,,,,,,,,,,,
Âm tính,film,,,,,,,,,,,,,,,,,,,,,,,,,,,,,,,,,,,,,Nguyễn Phương Điền,,,,,,,,,,,,tiếng Việt,,,,,,,,,,,,,,,,,,,truyền hình,,,,,,,,,,,Việt Nam,,,,,,,,,,,,,,,,,,,,,"Nguyễn Quang Lập, Nhóm Lưỡng Hà Đông Thủy","Mai Phương Thúy, Huỳnh Anh Tuấn, Ngọc Lan, Kim Thoa, Quang Tuấn, Ngọc Thuận",,,,,,45 phút/tập (không bao gồm quảng cáo),,,,,14 tháng 3 năm 2010,,,,,,Âm tính,Phim truyền hình,,20,"Hãng phim Truyền hình Thành phố Hồ Chí Minh, Đài Truyền hình Thành phố Hồ Chí Minh",HTV9,,14 tháng 4 năm 2010,,,,,,,,,,,,,,,,,,,,,,,,,,,,,,,,,,,,,,,,,,,,,,,,,,,,,,,,,,,,,,,,,,,,,,,,,,,,,,,,,,,,,,,,,,,,,,,,,,,,,,,,,,,,,,,,,,,,,,
Gia tài bác sĩ,film,,,,,,,,,,,,,,,,,,,,,,,,,,,,,,,,,,,,,Nguyễn Minh Cao,,,,,,,,,,,,tiếng Việt,,,,,,,,,,,,,,,,,,,truyền hình,,,,,,,,,,,Việt Nam,,,,,,,,,,,,,,,,,,,,,Thiên Thư,"Việt Anh, Thanh Hằng, Dương Hoàng Anh, Mai Huỳnh, Huỳnh Anh Tuấn",,,,,,45 phút/tập (không bao gồm quảng cáo),,,,,5 tháng 9 năm 2008,,,,,,Gia tài bác sĩ,Phim truyền hình,,34,"M&T Pictures, HK Film",HTV9,,21 tháng 11 năm 2008,,,,,,,,,,,,,,,,,,,,,,,,,,,,,,,,,,,,,,,,,,,,,,,,,,,,,,,,,,,,,,,,,,,,,,,,,,,,,,,,,,,,,,,,,,,,,,,,,,,,,,,,,,,,,,,,,,,,,,
Tình án,film,,,,,,,,,,,,,,,,,,,,,,,,,,,,,,,,,,,,,Võ Việt Hùng,,,,,,,,,,,,tiếng Việt,,,,,,,,,,,,,,,,,,,truyền hình,,,,,,,,,,,Việt Nam,,,,,,,,,,,,,,,,,,,,,Võ Đắc Dự,"Huỳnh Anh Tuấn, Thiên Hương, Trương Minh Quốc Thái, Quốc Cường, Tấn Beo, Quế Phương",,,,,,45 phút/tập (không bao gồm quảng cáo),,,,,8 tháng 2 năm 2009,,,,,,Tình án,Phim truyền hình,''Cư Kỉnh'' của nhà văn Hồ Biểu Chánh,23,"Hãng phim Truyền hình Thành phố Hồ Chí Minh, Đài Truyền hình Thành phố Hồ Chí Minh",HTV9,,30 tháng 3 năm 2009,,,,,,,,,,,,,,,,,,,,,,,,,,,,,,,,,,,,,,,,,,,,,,,,,,,,,,,,,,,,,,,,,,,,,,,,,,,,,,,,,,,,,,,,,,,,,,,,,,,,,,,,,,,,,,,,,,,,,,
Vó ngựa trời Nam,film,,,,,,,,,,,,,,,,,,,,,,,,,,,,,,,,,,,,,NSƯT Lê Cung Bắc,,,,,,,,,,,,tiếng Việt,,,230px,,,,,,,,,,,,,,,,truyền hình,,,,,,,,,,,Việt Nam,,,,,,,,,,,,,,,,,,Tập tin:Vo ngua troi nam7.jpg,,,Phạm Thùy Nhân,"Huỳnh Đông, Thạch Kim Long, Tấn Hưng, Khương Thịnh, Bích Hằng, Mai Văn Hiệp, Lê Phương",,,,,,45 phút/tập (không bao gồm quảng cáo),,,,,27 tháng 3 năm 2010,,,,,,Vó ngựa trời Nam,Phim truyền hình,,37,"Hãng phim Truyền hình Thành phố Hồ Chí Minh, Đài Truyền hình Thành phố Hồ Chí Minh",HTV7,Việt Nam,29 tháng 4 năm 2010,,,,,,,,,,,,,,,,,,,,,,,,,,,,,,,,,,,,,,,,,,,,,,,,,,,,,,,,,,,,,,,,,,,,,,,,,,,,,,,,,,,,,,,,,,,,,,,,,,,,,,,,,,,,,,,,,,,,,,
Anh chàng vượt thời gian,film,,,,,,,,,,,,,,,,,,,,,,,,,,,,,,,,,,,Anh chàng vượt thời gian,,"Trương Thị Ngọc Ngân, Hoàng Thiên Trụ",,,,"Hứa Vĩ Văn, Huỳnh Anh Tuấn, Thủy Hương, Thu Minh, Nhã Phương, Kim Hiền, Don Nguyễn",,,,,,,45 phút/tập (có bao gồm quảng cáo),tiếng Việt,,,,,,,,,,,,,,,,,,,truyền hình,,,,,,,,,,,Việt Nam,,,,,,,,,,,,,,,,,,,,,Trương Thị Ngọc Ngân,,,,,,,,,Phim truyền hình,,,,18 (phần 1),,VTV3,8 tháng 3 năm 2011,20 tháng 4 năm 2011,,,,,Hãng phim Smartbiz.pro,,,,,,,,,,,,,,,,,,,,,,,,,,Cuộc gọi lúc 0 giờ,Lời thú nhận của Eva,,,,,,,,,,,,,,,,,,,,,,,,,,,,,,,,,,,,,,,,,,,,,,,,,,,,,,,,,,,,,,,,,,,,,,,,,,,,,,,,,,,,,,,,,,,,,,
Nghiệt oan,film,,,,,,,,,,,,,,,,,,,,,,,,,,,,,,,,,,,,,Hoàng Tuấn Cường,,,,,,,,,,,,tiếng Việt,,,,,,,,,,,,,,,,,,,truyền hình,,,,,,,,,,,Việt Nam,,,,,,,,,,,,,,,,,,,,,Hoàng Việt,"Chi Bảo, Lý Hùng, Khánh Nam, Cao Minh Đạt, Huy Khánh",,,,,,45 phút/tập (không bao gồm quảng cáo),,,,,9 tháng 9 năm 2013,,,,,,Nghiệt oan,Phim truyền hình,,26,"Hãng phim Thanh Niên, Icinema",HTV7,,14 tháng 10 năm 2013,,,,,,,,,,,,,,,,,,,,,,,,,,,,,,,,,,,,,,,,,,,,,,,,,,,,,,,,,,,,,,,,,,,,,,,,,,,,,,,,,,,,,,,,,,,,,,,,,,,,,,,,,,,,,,,,,,,,,,
Sông dài (phim),film,,,,,,,,,,,,,,,,,,,,,,,,,,,,,,,,,,,Sông dài,,Trương Dũng,,,,"Quý Bình, Vân Trang, NSƯT Thanh Nam, Tuyết Thu",,,,,,,45 phút/tập (không bao gồm quảng cáo),tiếng Việt,,,,,,,,,,,,,,,,,,,truyền hình,,,,,,,,,Hạ Thu,,Việt Nam,,,,,,,,,,,,,,,,,,,,,,,,,,,,,,,Công ty Sóng Vàng,,,39,,VTV9,1 tháng 8 năm 2013,24 tháng 9 năm 2013,,,,,,,,,,,,,,vở cải lương cùng tên của soạn giả Hà Triều và Hoa Phượng,,,,,,,,,,,,,,,,,,,,,,,,,,,,,,,,,,,,,,,,,,,,,,,,,,,,,,,,,Vũ Thị Bích Liên,,,,,,,,,,,,,,,,,,,,,,,,,,,,,,,,,,,,,,,,,,,,,,,,,,,,,,,
Mùa cúc susi,film,,,,,,,,,,,,,,,,,,,,,,,,,,,,,,,,,,,,,Phạm Lộc,,,,,,,,,,,,tiếng Việt,,,,,,,,,,,,,,,,,,,truyền hình,,,,,,,,,,,Việt Nam,,,,,,,,,,,,,,,,,Mùa cúc susi,Mùa_cúc_Susi.jpg,,,Trần Thị Bảo Châu,"Huỳnh Trường Thịnh, Xuân Văn",,,,,,45 phút/tập (không bao gồm quảng cáo),,,,,18 tháng 1 năm 2019 - 4 tháng 3 năm 2019,30,,,,,,Phim truyền hình,tiểu thuyết cùng tên của Trần Thị Bảo Châu,30,"Hãng phim Truyền hình Thành phố Hồ Chí Minh, Đài Truyền hình Thành phố Hồ Chí Minh",HTV9,,,,,,,,,,,,,,,,,,,,,,,,,,,,,,,,,,,,,,,,,,Lối thu lạc dấu,,,,,,,,,,,,,,,,,,,,,,,,Nợ nhau ân tình,,,,,,,,,,,,,,,,,,,,,,,,,,,,,,,,,,,,,,,,,,,,,,,,,,,,,,
Vũ điệu giữa bầy sói,film,,,,,,,,,,,,,,,,,,,,,,,,,,,,,,,,,,,,,Hoàng Thơ,,,,,,,,,,,,tiếng Việt,,,,,,,,,,,,,,,,,,,truyền hình,,,,,,,,,,,Việt Nam,,,,,,,,,,,,,,,,,,,,,Hoàng Thơ,"Quang Sự, Quỳnh Lương, Huỳnh Anh Tuấn, Lee Nghĩa",,,,,,45 phút/tập (không bao gồm quảng cáo),,,,,10 tháng 8 năm 2021,,,,,,Vũ điệu giữa bầy sói,Phim truyền hình,,34,Lee Entertainment,SCTV14,,12 tháng 9 năm 2021,,,,,,,,,,,,,,,,,,,,,,,Trong vòng xoay tội ác,Muôn kiểu làm dâu,,,,,,,,,,,,,,,,,,,,,,,,,,,,,,,,,,,,,,,,,,,,,,,,,,,,,,,,,,,,,,,,,,,,,,,,,,,,,,,,,,,,,,,,,,,,,,
Giã từ những đêm hoang,film,,,,,,,,,,,,,,,,,,,,,,,,,,,,,,,,,,,,,"Nguyễn Đỗ Khoa, Phạm Lộc",,,,,,,,,,,,tiếng Việt,,,,,,,,,,,,,,,,,,,truyền hình,,,,,,,,,,,Việt Nam,,,,,,,,,,,,,,,,,,,,,Trần Thị Bảo Châu,"Huỳnh Trường Thịnh, Tăng Huỳnh Như, Huỳnh Điệp Kiều Ngân, Trần Kim Hải",,,,,,45 phút/tập (không bao gồm quảng cáo),,,,,14 tháng 6 năm 2022,,,,,,Giã từ những đêm hoang,Phim truyền hình,,30,"Hãng phim Truyền hình Thành phố Hồ Chí Minh, Đài Truyền hình Thành phố Hồ Chí Minh",HTV9,,4 tháng 8 năm 2022,,,,,,,,,,,,,,,,,,,,,,,,,,,,,,,,,,,,,,,,,,,,,,,,,,,,,,,,,,,,,,,,,,,,,,,,,,,,,,,,,,,,,,,,,,,,,,,,,,,,,,,,,,,,,,,,,,,,,,
Giấc mơ của mẹ,film,,,,,,,,,,,,,,,,,,,,,,,,,,,,,,,,,,,,,,,,,,,,,,,,,Tiếng Việt,,,,,,,,,,,,,,,,,,,"chính kịch, truyền hình",,,,,,,,,,,Việt Nam,,,,,,,,,,,,,,,,,Giấc mơ của mẹ,,,,Trần Duy Linh,Xem diễn viên,,,,,,45-52 phút/tập,,,,,,,,,,,,Phim truyền hình,'''All About My Mom''' (Tiếng Hàn: '''부탁해요'''),87,VieON và Vie Channel,,Việt Nam,,,,,,,,,,,,,,,1,,,Việt Nam,,,,Giấc mơ của mẹ,,Cây táo nở hoa,Hoa vương,,,,,,,,,1080p,,,,,,,,,,,,,4 tháng 7 năm 2022,"HTV2 - Vie Channel, Vie Giải Trí (VTVcab 1), Vie Dramas (VTVcab 19)",,,,,,,,,,,,,,,,,,"18 tháng 1 năm 2023 (trên HTV2 và Vie Giải Trí), 1 tháng 2 năm 2023 (trên Vie Dramas)",,,,,,,,,,,,,,,,,,,,,,,,,,,,,,,,,,,,,,,,,,,,,,,,,,,,,
Người đẹp Tây Đô,film,,,,,,,,,,,,,,,,,,,,,,,,,,,,,,,,,,,,,Lê Cung Bắc,,,,"Việt Trinh, Kim Xuân, Hồng Ánh, Hoàng SơnHương Giang, Tú Trinh, Thành Trí",,,,,,,,Tiếng Việt,,,,,,,,,,,,,,,,,,,truyền hình,,,,,,,,,,,Việt Nam,,,,,,,,,,,,,,,,,,Người_đẹp_Tây_Đô.jpg,Áp phích phim,,,,,,,,,55 - 60 phút/15 tập (không bao gồm quảng cáo),,,,,20 tháng 6 năm 1996 &ndash; 5 tháng 7 năm 1996,,,,,,Người đẹp Tây Đô,Phim truyền hình,,,"Hãng phim Truyền hình Thành phố Hồ Chí Minh, Đài Truyền hình Thành phố Hồ Chí Minh","HTV9, VTV3, HanoiTV",,,,,,,,,,,,,,,,,,,,,Phạm Khắc,,,,,,,,,,,,,,,,,,,,,,,,,,,,,,,,,,,,,,,,,,,,,,,20 tháng 6 1996 - 5 tháng 7 năm 1996,Phạm Minh Tuấn,,,,,,,,,,,,,,,,,,,,,,,,,,,,,,,,,,,,,,,,,,,,,,,,,,,
Hướng nghiệp (phim truyền hình),film,,,,,,,,,,,,,,,,,,,,,,,,,,,,,,,,,,,,,Châu Huế,,,,,,,,,,,,tiếng Việt,,,,,,,,,,,,,,,,,,,truyền hình,,,,,,,,,,,Việt Nam,,,,,,,,,,,,,,,,,,,,,Nguyễn Mạnh Tuấn,"Huệ Minh, Khương Thịnh, Lê Khánh, Tiết Cương, Trí Quang, Như Phúc, Kinh Quốc, Kim Tiểu Long",,Nguyễn Quốc Thành,,,,45 phút/tập (không bao gồm quảng cáo),,,,,"2004 (phần 1), 2006 (phần 2)",,,,,,Hướng nghiệp,Phim truyền hình,,"37 (phần 1), 49 (phần 2)","Hãng phim Truyền hình Thành phố Hồ Chí Minh, Đài Truyền hình Thành phố Hồ Chí Minh",HTV9,,,,,,,,,,,,,,,,,,,,,,,,,,,,,,,,,,,,,,,,,,,,,,,,,,,,,,,,,,,,,,,,,Phạm Khắc,,,,,,,,,,,,,,,,,,,,,,,,,,,,,,,,,,,,,,,,,,,,,,,,,,,,,,,
Áo cưới thiên đường,film,,,,,,,,,,,,,,,,,,,,,,,,,,,,,,,,,,,,,Nguyễn Duy Võ Ngọc,,,,,,,,,,,,tiếng Việt,,,,,,,,,,,,,,,,,,,truyền hình,,,,,,,,,,,Việt Nam,,,,,,,,,,,,,,,,,,,,,Dương Nghiêm,"Huy Khánh, Đinh Ngọc Diệp, Xuân Hòa, Bằng Lăng, Minh Trí, Quyền Lộc, Diễm My 9x",,,,,,45 phút/tập (không bao gồm quảng cáo),,,,,11 tháng 6 năm 2009,,,,,,Áo cưới thiên đường,Phim truyền hình,,46,Công ty Cổ phần Phim Thiên Ngân,HTV9,Việt Nam,28 tháng 8 năm 2009,,,,,,,,,,,,,,,,,,,,,,,,,,,,,,,,,,,,,,,,,,,,,,,,,,,,,,,,,,,,,,,,,,,,,,,,,,,,,,,,,,,,,,,,,,,,,,,,,,,,,,,,,,,,,,,,,,,,,,
Vật chứng mong manh,film,,,,,,,,,,,,,,,,,,,,,,,,,,,,,,,,,,,,,Nguyễn Duy Võ Ngọc,,,,,,,,,,,,tiếng Việt,,,,,,,,,,,,,,,,,,,truyền hình,,,,,,,,,,,Việt Nam,,,,,,,,,,,,,,,,,,,,,Quý Dũng,"Bình Minh, Tiết Cương, Hàn Thái Tú, Hoàng Ny, Thúy Diễm, Kinh Quốc",,,,,,45 phút/tập (không bao gồm quảng cáo),,,,,24 tháng 2 năm 2011,,,,,,Vật chứng mong manh,Phim truyền hình,,33,Hãng phim Hành Tinh Xanh,HTV7,Việt Nam,18 tháng 3 năm 2011,,,,,,,,,,,,,,,,,,,,,,,,,,,,,,,,,,,,,,,,,,,,,,,,,,,,,,,,,,,,,,,,,,,,,,,,,,,,,,,,,,,,,,,,,,,,,,,,,,,,,,,,,,,,,,,,,,,,,,
Chạm vào quá khứ,film,,,,,,,,,,,,,,,,,,,,,,,,,,,,,,,,,,,Chạm vào quá khứ,,"Trần Văn Thành, Quách Hiền Minh",,,,"Nhan Phúc Vinh, Huyền Trâm, Nguyên Vũ",,,,,,,45 phút/tập (không bao gồm quảng cáo),tiếng Việt,,,,,,,,,,,,,,,,,,,truyền hình,,,,,,,,,"Giáp Kiều Hưng, Trịnh Khánh Hà, Nguyễn Thu Thủy",,Việt Nam,,,,,,,,,,,,,,,,,,,,,,,,,,,,,,Phim truyền hình,Hãng phim Vietcom,,,37,,SCTV14,22 tháng 10 năm 2010,27 tháng 11 năm 2010,,,,,,,,,,,,,,,,,,,,,,,,,,,,,,,,,,,,,,,,,,,,,,,,,,,,,,,,,,,,,,,,,,,,,,,,,,,,,,,,,,,,,,,,,,,,,,,,,,,,,,,,,,,,,,,,,,,,,,,,,,,,,,
Bước nhảy hoàn vũ,film,,,,,,,,,,,,,,,,,,,,,,,,,,,,,,,,,,,,,Thế Anh,,,,,,,,,,,,Tiếng Việt,,,,,,,,,,,,,,,,,,,,,,,,,,,,,,Việt Nam,,,,,,,,,,,,,,,,,,250px,Biểu trưng của ''Bước nhảy hoàn vũ'',Ngọc Diệp,,,,,,,,90–120 phút (bao gồm quảng cáo),,,,,11 tháng 4 năm 2010,,,,,,Bước nhảy hoàn vũ,,,68,"Đài Truyền hình Việt Nam , Công ty Cát Tiên Sa",VTV3,,25 tháng 1 năm 2025,,,,,,,,,,,,,BBC Worldwide,8,Lại Văn Sâm,"Quốc Long, Bông Mai","Nhà thi đấu Nguyễn Du, Nhà thi đấu Phan Đình Phùng, Nhà thi đấu Đa năng Bà Rịa - Vũng Tàu, Cung thể thao Quần Ngựa",,,,,,,,,,,,,,,Bố trí nhiều máy quay,,,,,,,,,,,,,,,,,,,,,,,,,,,,,,,,,,,,Xem danh sách đầy đủ,Xem danh sách đầy đủ,,,,,,,,,,,,,,,,,,,,,,,,,,,,,,,,,,,,,,,,,,,,,,,,,
Ba người đàn ông,film,,,,,,,,,,,,,,,,,,,,,,,,,,,,,,,,,,,Ba người đàn ông,,Trần Ngọc Phong,Dương Minh Hoàng,Việt Linh,,* Công Ninh * Quốc Khánh * Năng Minh Huệ * Thanh Nga * Mai Trần * Phương Bằng * Mỹ Dung * Lê Bình,Lê Hồng Phúc,Quốc Thành,Thúy Chung,Hãng phim Giải Phóng,,22 tháng 4 năm 2001,67 phút,Tiếng Việt,,,,,,,,,,,,,,,,,,,chính kịch,,,,,,,,,,,,,,,,,,,,,,,,,,,,,,,,,,,,,,,,,,,,,,,,,,,,,,,,,,,,,,,truyện ngắn ''Hai người cha'' của Lê Văn Thảo,,,,,,,,,,,,,,,,,,,,,,,,,,,,,,,,,,,,,,,,,,,,,,,,,,,,,,,,,,,,,,,,,,,,,,,,,,,,,,,,,,,,,,,,,,,,,,,,,,,,,,,,,,,,,,,,
Ai xuôi vạn lý,film,,,,,,,,,,,,,,,,,,,,,,,,,,,,,,,,,,,Ai xuôi vạn lý,,Lê Hoàng,,,,"NSƯT Công Ninh, Mộc Miên, NSƯT Lê Mai",,Phạm Hoàng Nam,,,Hãng phim Giải Phóng,1996,90 phút,tiếng Việt,,,,,,,,,,,,,,,,,,,điện ảnh,,,,,,,,,"Nguyễn Thiện Đĩnh, Ngụy Ngữ",,,,,,,,,,,,,,,,,,,,,,,,,,,,,,,,,,,,,,,,,,,,,,,,,,,,,,,,,,,,,,,,,,,,,,,,,,,,,,,,,,,,,,,,,,,,,,,,,,,,,,,,,,,,,,,,,,,,,,,,,,,,,,,,,,,,,,,,,,,,,,,,,,,,,,,,,,,,,,,,,,,,,,
Mẹ con Đậu Đũa,film,,,,,,,,,,,,,,,,,,,,,,,,,,,,,,,,,,,,,Trương Dũng,,,,,,,,,,,,tiếng Việt,,,,,,,,,,,,,,,,,,,"điện ảnh, truyền hình",,,,,,,,,,,Việt Nam,,,,,,,,,,,,,,,,,,Mẹ con Đậu Đũa.jpg,,,Ngụy Ngữ,"Công Ninh, Thiên Tú, Tuyết Dung",,,,,,98 phút,,,,,28 tháng 1 năm 1998,,,,,,Mẹ con Đậu Đũa,Điện ảnh truyền hình,truyện ngắn cùng tên của nhà văn Nguyên Hương,1,"Hãng phim Truyền hình Thành phố Hồ Chí Minh, Đài Truyền hình Thành phố Hồ Chí Minh",HTV9,,,,,,,,,,,,,,,,,,,,Pink,,Bảo Phúc,,,,,,,,,,,,,,,,,,,,,,,,,,,,,,,,,,,,,,,,,,,,,,,,,,Mẹ con Đậu Đũa.jpg,,,,,,,,,,,,,,,,,,,,,,,,,,,,,,,,,,,,,,,,,,,,,,,,
Đời cát,film,,,,,,,,,,,,,,,,,,,,,,,,,,,,,,,,,,,Đời cát,,Nguyễn Thanh Vân,Nguyễn Văn Nam,,,* Đơn Dương * Hồng Ánh * Công Ninh * Mai Hoa * Lan Hà,Phó Đức Phương,Nguyễn Đức Việt,Nguyễn Việt Hương,Hãng phim truyện Việt Nam,,1999,88 phút,Tiếng Việt,"~ 700 triệu đồng (50,000 USD)",,,,,,,,,,,,,,,,,,"âm nhạc, chính kịch, lãng mạn",,,,,,,,,Nguyễn Quang Lập,,,,,,,,,,,,,,,,,,,,,,,,,,,,,,,,,,,,,,,,,,,,,,,,,,,,,,"''Ba người trên sân ga'', Hữu Phương",,,,,,,,,,,,,,,,,,,,,,,,,,,,,,,,,,,,,,,,,,,,,,,,,,,,,,,,,,,,,,,,,,,,,,,,,,,,,,,,,,,,,,,,,,,,,,,,,,,,,,,,,,,,,,,,
Tôi vào đời,film,,,,,,,,,,,,,,,,,,,,,,,,,,,,,,,,,,,,,Nguyễn Quốc Hưng,,,,,,,,,,,,Tiếng Việt,,,,,,,,,,,,,,,,,,,"điện ảnh, truyền hình",,,,,,,,,,,Việt Nam,,,,,,,,,,,,,,,,,,,,,Nguyễn Quốc Hưng,"Tạ Ngọc Bảo, Công Ninh, Tiểu Phụng, Yến Chi",,,,,,92 phút,,,,,2000,,,,,,Tôi vào đời,Điện ảnh truyền hình,,1,"Hãng phim Truyền hình Thành phố Hồ Chí Minh, Đài Truyền hình Thành phố Hồ Chí Minh",HTV9,Việt Nam,,,,,,,,,,,,,,,,,,,,,Bảo Chấn,,,,,,,,,,,,,PAL,,,,,,,,,,,,,,,,,,,,,,,,,,,,,,,,,,,,,,,,,,,,,,,,,,,,,,,,,,,,,,,,,,,,,,,,,,,,,,,,,,,,,
Blouse trắng,film,,,,,,,,,,,,,,,,,,,,,,,,,,,,,,,,,,,,,Trần Mỹ Hà,,,,,,,,,,,,tiếng Việt,,,,,,,,,,,,,,,,,,,truyền hình,,,,,,,,,,,Việt Nam,,,,,,,,,,,,,,,,,,,,,Nguyễn Mạnh Tuấn,"Tạ Minh Tâm, Thanh Hoàng, Tuyết Thu",,,,,,30 phút/tập (không bao gồm quảng cáo),,,,,13 tháng 12 năm 2002,,,,,,Blouse trắng,Phim truyền hình,,70,"Hãng phim Truyền hình Thành phố Hồ Chí Minh, Đài Truyền hình Thành phố Hồ Chí Minh",HTV7,,12 tháng 4 năm 2003,,,,,,,,,,,,,,,,,,,Phạm Khắc,,,,,,,,,,,,,,,,,,,,,,,,,,,,,,,,,,,,,,,,,,,,,,,,,,,,,,,,,,,,,,,,,,,,,,,,,,,,,,,,,,,,,,,,,,,,,,,,,,,
Giải cứu thần chết,film,,,,,,,,,,,,,,,,,,,,,,,,,,,,,,,,,,,,,Nguyễn Quang Dũng,,,,,,,,,,,,Tiếng Việt,,,,,,,,,,,,,,,,,,,hài,,,,,,,,,,"Cinebox, Công ty cổ phần truyền thông Thanh Niên",Việt Nam,,,,,,,,,,,,,,,,,Giải cứu thần chết,Giải cứu thần chết.jpg,Áp phích phim ''Giải cứu thần chết''.,Đinh Thanh Hương,Nguyễn Quang Dũng,"Minh Hằng, Chí Thiện, Saetti Baggio, Đông Nhi, Tường Vy, Võ Ngọc Trai, Thành Lộc, Hồng Nhung, Phương Thanh, Hương Giang",Võ Thiện Thanh,Trinh Hoan,"Võ Thạch Thảo, Dương Anh Tôn","Galaxy Studio, HKFilm",15 tháng 1 năm 2009,120 phút,119 tỷ,,,,,,,,,,,,,,,,,,,,,,,,,,,,,,,,,,,,,,,,Nụ hôn thần chết,,,,,,,,,,,,,,,,,,,,,,,,,,,,,,,,,,,,,,,,,,,,,,,,,,,,,,,,,,,,,,,,,,,,,,,,,,,,,,,,,,,,,,,,,,,,,,,
Câu chuyện pháp đình,film,,,,,,,,,,,,,,,,,,,,,,,,,,,,,,,,,,,,,Nguyễn Tường Phương,,,,,,,,,,,,Tiếng Việt,,,,,,,,,,,,,,,,,,,truyền hình,,,,,,,,,,,Việt Nam,,,,,,,,,,,,,,,,,,Áp phích phim Câu chuyện pháp đình.jpg,,,Minh Viên,"NSƯT Trương Minh Quốc Thái, NSƯT Công Ninh, Lâm Bảo Như, Trung Dũng, Xuân Hương, NSƯT Mỹ Uyên, Phương Chi, Kiến An, Võ Thành Tâm",,,,,,45 phút/tập (không bao gồm quảng cáo),,,,,"31 tháng 3 năm 2009 - 18 tháng 5 năm 2009 (phần 1 và 2), 11 tháng 10 năm 2010 - 30 tháng 11 năm 2010 (phần 3)",,,,,,Câu chuyện pháp đình,Phim truyền hình,,"21 (phần 1 và 2), 30 (phần 3)","Hãng phim Truyền hình Thành phố Hồ Chí Minh, Đài truyền hình Thành phố Hồ Chí Minh",HTV9,,,,,,,,,,,,,,,,,,,Việt Nam,deepskyblue,,Quang Anh,,,,,,,,,,,,,,,,,,,,,,,,,,,,,,,,,,,,,,,,,,,,,,,,,,,,,,,,,,,,,,,,,,,,,,,,,,,,,,,,,,,,,,,,,,,,,,,,,,
Trái đắng,film,,,,,,,,,,,,,,,,,,,,,,,,,,,,,,,,,,,,,"Đỗ Lệnh Hùng Vỹ, Trần Cảnh Đôn",,,,,,,,,,,,tiếng Việt,,,,,,,,,,,,,,,,,,,truyền hình,,,,,,,,,,,Việt Nam,,,,,,,,,,,,,,,,,,,,,"Đỗ Tài, Minh Nghĩa","Quang Tuấn, Maya, Thanh Trúc, Huỳnh Đông",,,,,,45 phút/tập (không bao gồm quảng cáo),,,,,29 tháng 6 năm 2010,,,,,,Trái đắng,Phim truyền hình,,33,"M&T Pictures , TKL",HTV7,,13 tháng 9 năm 2010,,,,,,,,,,,,,,,,,,,,,,,,,,,,,,,,,,,,,,,,,,,,,,,,,,,,,,,,,,,,,,,,,,,,,,,,,,,,,,,,,,,,,,,,,,,,,,,,,,,,,,,,,,,,,,,,,,,,,,
Nhiệm vụ đặc biệt,film,,,,,,,,,,,,,,,,,,,,,,,,,,,,,,,,,,,,,Bùi Tuấn Dũng,,,,,,,,,,,,tiếng Việt,,,,,,,,,,,,,,,,,,,truyền hình,,,,,,,,,,,Việt Nam,,,,,,,,,,,,,,,,,,,,,Hoài Hương,"Hoàng Phúc, Đào Vân Anh, Thanh Thúy, Võ Thành Tâm",,,,,,45 phút/tập (không bao gồm quảng cáo),,,,,17 tháng 1 năm 2010,,,,,,Nhiệm vụ đặc biệt,Phim truyền hình,tập phóng sự ''Nữ trinh sát'' tủ sách Tuổi Trẻ,32,"Hãng phim Truyền hình Thành phố Hồ Chí Minh, Đài Truyền hình Thành phố Hồ Chí Minh, Hãng phim Người Bảo Vệ",HTV9,,10 tháng 3 năm 2010,,,,,,,,,,,,,,,,,,,,,,,,,,,,,,,,,,,,,,,,,,,,,,,,,,,,,,,,,,,,,,,,,,,,,,,,,,,,,,,,,,,,,,,,,,,,,,,,,,,,,,,,,,,,,,,,,,,,,,
"Cá Rô, em yêu anh!",film,,,,,,,,,,,,,,,,,,,,,,,,,,,,,,,,,,,,,NSƯT Nguyễn Phương Điền,,,,,,,,,,,,tiếng Việt,,,,,,,,,,,,,,,,,,,truyền hình,,,,,,,,,,,Việt Nam,,,,,,,,,,,,,,,,,,220px,,,Hoàng Anh,"Tường Vi, Bình Minh, Quỳnh Thư, Quý Bình, Lê Phương, Hoàng Anh",,,,,,45 phút/tập (không bao gồm quảng cáo),,,,,"19 tháng 7 năm 2010 (lần đầu tiên), 27 tháng 8 năm 2011 (phát sóng trở lại)",,,,,,"Cá Rô, em yêu anh!",Phim truyền hình,,52 (13 tập trên HTV3),Công ty Cổ phần Truyền thông Trí Việt,"HTV3 (kênh phát đầu tiên), HTV9",Việt Nam,"27 tháng 8 năm 2010, 25 tháng 11 năm 2011",,,,,,,,,,,,,,,,,,,,,,,,,,,,,,,,,,,,,,,,,,,,,,,,,,,,,,,,,,,,,,,,,,,,,,,,,,,,,,,,,,,,,,,,,,,,,,,,,,,,,,,,,,,,,,,,,,,,,,
Sống trong bóng đêm,film,,,,,,,,,,,,,,,,,,,,,,,,,,,,,,,,,,,Sống trong bóng đêm,,Nguyễn Phương Điền,,,,"Bích Huyên, Quốc Cường, Thái Hòa, Trương Mỹ Nhân, Hương Giang, Đào Anh Tuấn",,,,,,,40 - 45 phút/tập (không bao gồm quảng cáo),tiếng Việt,,,,,,,,,,,,,,,,,,,truyền hình,,,,,,,,,,,Việt Nam,,,,,,,,,,,,,,,,,,Áp phích phim Sống trong bóng đêm.jpg,,,Vĩ Tuyến,,,,,,,,,Phim truyền hình,Công ty Sóng Vàng,,,40,,THVL1,5 tháng 7 năm 2017. 23 tháng 8 năm 2017,,,,,,,,,,,,,,,,,,,,,,,,,,,,,,,,Con gái chị Hằng,Chỉ là ảo ảnh,,,,,,,,,,,,,,,,,,,,,,,,,,,,,,,,,,,,,,,,,,,,,,,,,,,,,,,,,,,,,,,,,,,,,,,,,,,,,,,,,,,,,,,,,,,,,,
Lạc lối,film,,,,,,,,,,,,,,,,,,,,,,,,,,,,,,,,,,,Lạc lối,,Phạm Nhuệ Giang,Nguyễn Thanh Vân,,,"Hán Quang Tú, Trần Thúy An, Đào Văn Bích",Lương Minh,Nguyễn Hữu Tuấn,Julie Béziau,"Fond Francophonie, Vision Sud Est (Thụy Sĩ), Hãng phim truyện Việt Nam",,9/2013,85 phút,Tiếng Việt,"3,2 tỉ VNĐ",,,,,,,,,,,,,,,,,,,,,,,,,,,"Nguyễn Quang, Phạm Nhuệ Giang",,Việt Nam,,,,,,,,,,,,,,,,,,,,,,,,,,,,,,,,,,,,,,,,,,,,,,,,,,,,Kịch bản ''Không có Eva'' của Nguyễn Quang Lập,,,,,,,,,,,,,,,,,,,,,,,,,,,,,,,,,,,,,,,,,,,,,,,,,,,,,,,,,,,,,,,,,,,,,,,,,,,,,,,,,,,,,,,,,,,,,,,,,,,,,,,,,,,,,,,,
Trà táo đỏ,film,,,,,,,,,,,,,,,,,,,,,,,,,,,,,,,,,,,,,"Võ Việt Hùng (phần 1), Chu Thiện (phần 2)",,,,,,,,,,,,tiếng Việt,,,,,,,,,,,,,,,,,,,truyền hình,,,,,,,,,,,Việt Nam,,,,,,,,,,,,,,,,,,TTD P2.jpg,,,Võ Uyên Dung,"Quý Bình, Thanh Trúc, Quỳnh Lam, Thanh Hiền, Hà Trí Quang",,,,,,45 phút/tập (không bao gồm quảng cáo),,,,THVL1,"21 tháng 2 năm 2019 – 24 tháng 4 năm 2019 (phần 1), 14 tháng 3 năm 2022 – 10 tháng 6 năm 2022 (phần 2)",,,,,,Trà táo đỏ,Phim truyền hình,,"54 (phần 1), 76 (phần 2)",MIA,,,,,,,,,,,,,,,,,2,,,,,,,,,"Chàng trai hệ mặt trời, Vũ điệu đón xuân","Dập tắt lửa lòng, Nơi ngọn gió dừng chân",,,,,,,,,,,,,,,,,,,,,,,,,,,,,,blue,,,,,,,,,,,,,,,,,,,,,,,,,,,,,,,,,,,,,,,,,,,,,,,,,,,,,,,,,,,,,,,,
Gia đình là số 1 - Phần 2 (phim truyền hình 2019),film,,,,,,,,,,,,,,,,,,,,,,,,,,,,,,,,,,,,,"Nguyễn Hồng Chi, Nhật Trung",,,,,,,,,,,,Tiếng Việt,,,,,,,,,,,,,,,,,,,"chính kịch, gia đình, hài, truyền hình",,,,,,,,,,,Việt Nam,,,,,,,,,,,,,,,,,,,Bìa quảng cáo chính thức,,"Diệu Như Trang, Trần Thị Hồng Thơ, Nguyễn Đức Cảnh, Nguyễn Thị Hà Thanh, Đinh Hoàng Yến, Nguyễn Thị Anh Đào, Huỳnh Anh Thư","NSƯT Việt Anh, Phi Phụng, Tiến Luật, Thu Trang, Quang Tuấn, Phát La, Gin Tuấn Kiệt, Diệu Nhi, Sam, Thiên Nga, Anh Tú Atus",,,,,,53 phút / tập,,,,,"2017, 1, 16",,,,,,Gia đình là số 1,Phim truyền hình nhiều tập,,248 (mùa 1); 173 (mùa 2); 98 (mùa 3),"Công ty giải trí & truyền thông Điền Quân, Ban khai thác phim truyền hình - Đài Truyền hình Thành phố Hồ Chí Minh",HTV7,Việt Nam,en,,,,,,,,,,,,,,3,,,"Thành phố Hồ Chí Minh, Việt Nam",,,,,,,,,,,,,,,,1080i,,,,,,,,,,,,,,,,,,,,,,,,,,,,,,,,,,,,,,Dolby Digital 2.0,,,,,,,,,,,,,,,,,,,,,,,,,,,,,,,,,,,,,,,,,,,,,,,
Kẻ sát nhân cô độc,film,,,,,,,,,,,,,,,,,,,,,,,,,,,,,,,,,,,,,Trần Đức Long,,,,,,,,,,,,tiếng Việt,,,,,,,,,,,,,,,,,,,truyền hình,,,,,,,,,,,Việt Nam,,,,,,,,,,,,,,,,,,,,,Any Nguyễn,"Mã Hiểu Đông, Huỳnh Trường Thịnh, Thạch Thu Huyền, Thạch Kim Long",,,,,,45 phút/tập (không bao gồm quảng cáo),,,,,28 tháng 10 năm 2020,,,,,,Kẻ sát nhân cô độc,Phim truyền hình,,30,"Hãng phim Truyền hình Thành phố Hồ Chí Minh, Đài Truyền hình Thành phố Hồ Chí Minh",HTV9,,17 tháng 12 năm 2020,,,,,,,,,,,,,,,,,,,,,,,,,,,,,,,,,,,,,,,,,,,,,,,,,,,,,,,,,,,,,,,,,,,,,,,,,,,,,,,,,,,,,,,,,,,,,,,,,,,,,,,,,,,,,,,,,,,,,,
Cây táo nở hoa,film,,,,,,,,,,,,,,,,,,,,,,,,,,,,,,,,,,,,,Võ Thạch Thảo,,,,,,,,,,,,tiếng Việt,,,,,,,,,,,,,,,,,,,"chính kịch, truyền hình",,,,,,,,,,,Việt Nam,https://www.youtube.com/playlist?list=PLxKLMN7WdG5CB2QM9Q9XrdfJf6ehzeKIg,,,,,,,,,,,,,,,,Cây Táo Nở Hoa,Cây_táo_nở_hoa_poster.jpeg,Áp phích phim,"Trần Thu Hiền, Đỗ Đình Trường","Nguyễn Ngọc Anh, Lê Thị Tuyết Lan, Trần Thị Tuyết Mai, Võ Duy Lam","Hồng Ánh, Thái Hòa, Trương Thế Vinh , Thúy Ngân, Nhã Phương, Song Luân",,,,,,45 phút/tập (có quảng cáo),,,,,,,,,,,,Phim truyền hình,''Chuyện nhà Poong Sang'' (2019),71 + 9 tập đặc biệt,Vie Channel và VieON,,Việt Nam,,230px,,,,,,,,,,,,,1,Bùi Hữu Đức,,,,,,,,Gạo nếp gạo tẻ (Phần 2),Giấc mơ của mẹ,,,,,,,,,1080p,,,,,,,,,,,,,5 tháng 4 năm 2021,"HTV2, Vie Giải Trí, Vie Dramas, VieON (full)",,Trần Hữu Tuấn Bách,,,,,,,,"Gạo Nếp Gạo Tẻ , Hải Đường Trong Gió 2020",,,,,,,,9 tháng 9 năm 2021,,,,,,,,,,,,,,,,,,,,,,,,,,,,,,,,,,,,,,,,,,,,,,,,,,,,,
Người lắng nghe: Lời thì thầm,film,,,,,,,,,,,,,,,,,,,,,,,,,,,,,,,,,,,"Người lắng nghe:, Lời thì thầm",Áp phích chính thức của phim,Khoa Nguyễn,* Nguyễn Nguyên Duy * Nguyễn Đức Nhật Thanh * Khoa Nguyễn,,,* Quang Sự * Oanh Kiều * Phạm Quỳnh Anh * Quốc Cường * Lý Hồng Ân,Nguyễn Công Phương Nam,Y Zell Bya,Ngọc Nguyễn,,Lotte Entertainment,"2022, 3, 4",120 phút,Tiếng Việt,13 tỷ VNĐ,,2022,3,4,,,,,,,,,,,,,,"âm nhạc, chính kịch, điện ảnh, kinh dị, tâm lý",,,,,,,,,Khoa Nguyễn,nColors Production,Việt Nam,https://www.facebook.com/NguoiLangNgheMovie,https://www.imdb.com/title/tt15170164/?ref_=ext_shr_lnk,,,,,,,,,,,,,,,,,,,,,,,,,,,,,,,,,,,,,,,,,,,,,,,,,,,,,,,,,,,,,,,,,,,,,,,,,,,,,,,,,,,,,,,,,,,,,,,,,,,,,,,,,,,,,,,,,,,,,,,,,,,,,,,,,,,,,,,,,,,,,,,,,,,,,,,,,,,,,,,,,,
Bí mật nghiệt ngã,film,,,,,,,,,,,,,,,,,,,,,,,,,,,,,,,,,,,,,Huỳnh Đông,,,,,,,,,,,,tiếng Việt,,,,,,,,,,,,,,,,,,,truyền hình,,,,,,,,,,,Việt Nam,,,,,,,,,,,,,,,,,,,,,Nguyễn Thị Mộng Thu,"Thùy Trang, Huỳnh Đông, Lưu Đê Ly, Nguyễn Quốc Trường Thịnh, Bùi Lê Kim Ngọc, Khắc Minh",,,,,,25 phút/tập (không bao gồm quảng cáo),,,,,1 tháng 11 năm 2022,,,,,,Bí mật nghiệt ngã,Phim truyền hình,,54,Hãng phim AquaBlue,THVL1,,15 tháng 5 năm 2023,,,,,,,,,,,,,,,,,,,,,,,Lưới trời,Người thầm lặng,,,,,,,,,,,,,,,,,,,,,,,,,,,,,,,,,,,,,,,,,,,,,,,,,,,,,,,,,,,,,,,,,,,,,,,,,,,,,,,,,,,,,,,,,,,,,,
Ăn tết miệt vườn,film,,,,,,,,,,,,,,,,,,,,,,,,,,,,,,,,,,,,,Quách Khoa Nam,,,,,,,,,,,,tiếng Việt,,,,,,,,,,,,,,,,,,,truyền hình,,,,,,,,,,,Việt Nam,,,,,,,,,,,,,,,,,,,,,Hoài Hương,"Quang Thái, Phương Khánh, Nguyễn Quốc Trường Thịnh, Xuân Văn, Lyna Trang, Huỳnh Quý",,,,,,45 phút/tập (không bao gồm quảng cáo),,,,,16 tháng 1 năm 2023,,,,,,Ăn tết miệt vườn,Phim truyền hình,,24,Hãng phim Phương Nam,THVL1,,13 tháng 2 năm 2023,,,,,,,,,,,,,,,,,,,,,,,Nghiệp sinh tử (phần 4),Tình yêu dối lừa,,,,,,,,,,,,,,,,,,,,,,,,,,,,,,,,,,,,,,,,,,,,,,,,,,,,,,,,,,,,,,,,,,,,,,,,,,,,,,,,,,,,,,,,,,,,,,
Lụa (phim truyền hình),film,,,,,,,,,,,,,,,,,,,,,,,,,,,,,,,,,,,,,Trần Đức Long,,,,,,,,,,,,tiếng Việt,,,,,,,,,,,,,,,,,,,truyền hình,,,,,,,,,,,Việt Nam,,,,,,,,,,,,,,,,,Lụa,,,,Đỗ Minh Viên,"Oanh Kiều, Mã Hiểu Đông, Đạt Nguyễn, Bella Mai, NSƯT Công Ninh, Mai Huỳnh, Vũ Hà",,"Nguyễn Hồng Hiếu Hiếu, Nguyễn Khắc Vũ",,,,45 phút/tập (không bao gồm quảng cáo),,,,HTV7,6 tháng 3 năm 2023,,,,,,,,,31,"Hãng phim Truyền hình Thành phố Hồ Chí Minh, Đài Truyền hình Thành phố Hồ Chí Minh",,,15 tháng 5 năm 2023,,,,,,,,,,,,,,,Phạm Việt Phước,Đỗ Thùy Vân,,,,,,,Trăm năm hạnh phúc được không?,Bống thời 4.0,,,,,,,,,,,,,,,,,,,,,,,,,Dani Nguyễn,,,,,,,,,,,,,,,,,,,,,,,,,,,,,,,,,,,,,,,,,,,,,,,,,,,,,,,,,,,,,,,,,,,,,
Nữ sinh (phim truyền hình),film,,,,,,,,,,,,,,,,,,,,,,,,,,,,,,,,,,,,,Xuân Phước,,,,,,,,,,,,tiếng Việt,,,,,,,,,,,,,,,,,,,truyền hình,,,,,,,,,,,Việt Nam,,,,,,,,,,,,,,,,,,Áp phích phim Nữ sinh.jpg,,,Quốc Hưng,"Quang Vinh, Thu Thảo, Minh Phương, Vũ Ngọc Ánh, Sỹ Đạt",,,,,,45 - 50 phút/tập (không bao gồm quảng cáo),,,,,22 tháng 7 năm 2008,,,,,,Nữ sinh,,,10,"Hãng phim Truyền hình Thành phố Hồ Chí Minh, Đài Truyền hình Thành phố Hồ Chí Minh",HTV9,,9 tháng 8 năm 2008,,,,,,"''Nữ sinh'', ''Buổi chiều Windows'', ''Bồ câu không đưa thư'' của Nguyễn Nhật Ánh",,,,,,,,,,,,,,,,,,,,,,,,,,,,,,,,,,,,,,,,,,,,,,,,,,,,,,,,,,,,,,,,,,,,,,,,,,,,,,,,,,,,,,,,,,,,,,,,,,,,,,,,,,,,,,,,
Trả giá (phim truyền hình năm 2014),film,,,,,,,,,,,,,,,,,,,,,,,,,,,,,,,,,,,,,Đinh Đức Liêm,,,,,,,,,,,,,,,,,,,,,,,,,,,,,,,truyền hình,,,,,,,,,,,Việt Nam,,,,,,,,,,,,,,,,,Trả giá,Trả giá 2014.webp,,,Bích Hằng,Quốc Thái * Phương Ngân * Trí Quang * Như Phúc * Lê Thiện * Phùng Ngọc Huy * Bạch Công Khanh * Băng Di * Trí Quang * Thanh Điền,,,,,,,,,,Let's Việt,25 tháng 2 năm 2014,,,,,,,,,39,Lasta Multimedia,,,,200px,,,,,,,,,,,,,,Bùi Quang Tuyến,,,,,,,,,,,,,,,,,"Phạm Đức Dũng, Nguyễn Hồng Nam, Nguyễn Trần Khánh Minh, Nguyễn Hoàng Thực, Phạm Ngọc Thanh, Phạm Văn Chinh",,,,,,,,,,,,,,,,,"Vũ Quốc Bình, Văn Cần",,,,,,,,,,,,,,,,,,,,,,,,,,,,,,,,,,,,,,,,,,,,,,,,,,,,,,,,,,,,,,,,,,,,,
Đường về nhà,film,,,,,,,,,,,,,,,,,,,,,,,,,,,,,,,,,,,,,Trương Nghệ Mưu,,,,,,,,,,,,tiếng Quan Thoại,,,,,,,,,,,,,,,,,,,điện ảnh,,,,,,,,,,,,,0235060,,,,,,,,,,,,,,,Đường Về Nhà,Road Home Poster.jpg,,"Trương Vĩ Bình, Triệu Ngu",Bào Thập (novel),"Chương Tử Di, Tôn Hồng Lôi, Trịnh Hạo, Triệu Ngọc Liên",Tam Bảo,Hầu Vịnh,,"Beijing New Picture Distribution Company (Trung Quốc), Sony Pictures Classics (Hoa Kỳ)","22px|Hong Kong 14 tháng 12 2000, 22px|Japan 05 tháng 11 2000, 22px|USA 25 tháng 05 2001",89 phút,,,,,,,,,,,,,,,,,,,,,,,,,,,,,,,,,,,,,,,,,,,,,,,,,,,,,,,,,,,,,,,,,,,,,,,,,,,,,,,,,,,,,,,,,,,,,,,,,,,,,,,,,,,,,,,,,,,,,,,,,,,,,,,,,,,,,,,,
Những thiên thần áo trắng,film,,,,,,,,,,,,,,,,,,,,,,,,,,,,,,,,,,,,,Lê Hoàng,,,,,,,,,,,,tiếng Việt,,,,,,,,,,,,,,,,,,,truyền hình,,,,,,,,,,,Việt Nam,,,,,,,,,,,,,,,,,,Nhungthienthanaotrang.jpg,Áp phích của phim.,,Lê Hoàng,"Miu Lê, Thanh Hải, Đỗ Tùng Lâm, Nam Cường, Nhã Phương, Mai Phương, Midu, Lan Phương",,,,,,45 phút / tập,,,,,2 tháng 3 năm 2010,,,,,,Những thiên thần áo trắng,Phim truyền hình,,40,"Hãng phim Việt, BHD",VTV3,,1 tháng 6 năm 2010,,,,,,,,,,,,,,,,,"Thành phố Hồ Chí Minh, Việt Nam",,,,,,Cô nàng bất đắc dĩ,Cảnh sát hình sự: Mặt nạ hoàn hảo,,,,,,,,,,,,,,,,,,,,,,,,,,,,,,,,,,,,,,,,,,,,,,,,,,,,,,,,,,,,,,,,,,,,,,,,,,,,,,,,,,,,,,,,,,,,,,
Bên kia sông,film,,,,,,,,,,,,,,,,,,,,,,,,,,,,,,,,,,,,,"Đỗ Phú Hải, Phạm Ngọc Châu",,,,,,,,,,,,tiếng Việt,,,,,,,,,,,,,,,,,,,truyền hình,,,,,,,,,,,Việt Nam,,,,,,,,,,,,,,,,,,,,,"Minh Diệu, Ngô Hoàng Giang","Tạ Minh Tâm, Tuyết Thu, Bích Trâm, Nguyễn Trần Diệu Thúy",,,,,,45 phút/tập (không bao gồm quảng cáo),,,,,9 tháng 3 năm 2018,,,,,,Bên kia sông,Phim truyền hình,,40,"Hãng phim Truyền hình Thành phố Hồ Chí Minh, Đài Truyền hình Thành phố Hồ Chí Minh",HTV9,,24 tháng 4 năm 2018,,,,,,,,,,,,,,,,,,,,,,,,,,,,,,,,,,,,,,,,,,,,,,,,,,,,,,,,,,,,,,,,,,,,,,,,,,,,,,,,,,,,,,,,,,,,,,,,,,,,,,,,,,,,,,,,,,,,,,
Ngọn nến hoàng cung,film,,,,,,,,,,,,,,,,,,,,,,,,,,,,,,,,,,,,,Nguyễn Quốc Hưng,,,,,,,,,,,,"Tiếng Việt, Tiếng Pháp, Tiếng Quảng Đông",,,,,,,,,,,,,,,,,,,truyền hình,,,,,,,,,,,Việt Nam,http://www.tfs.com.vn/vn/phim.cfm?id=356&id_loai=1,,,,,,,,,,,,,,,,,230px,Áp phích phim,,Lê Nhị Hà,,,Cao Thành Danh,,,,30 phút,,,,,13 tháng 8 năm 2004,45,,,,,Ngọn nến hoàng cung,,,45,"* Hãng phim Truyền hình Thành phố Hồ Chí Minh, Đài Truyền hình Thành phố Hồ Chí Minh",* HTV9 * VTV1 * HTV7,Việt Nam,,,,,,,,,,,,,,,,,"Nguyễn Hồ, Lê Điệp","Thừa Thiên Huế, Lâm Đồng, Đồng Nai, Thành phố Hồ Chí Minh",Pink,Phạm Khắc,Bảo Chấn,,,,,,,,,,,,,,,,,,,,,,,,,,,,,,,,,,,,,,,,,,,,,,,,,,,,,,,,,,,,,,,,,,,,,,,,,,,,,,,,,,,,,,,,,,,,,,,,,,
Tuyết nhiệt đới,film,,,,,,,,,,,,,,,,,,,,,,,,,,,,,,,,,,,,,Vũ Ngọc Đãng,,,,,,,,,,,,Tiếng Việt,,,,,,,,,,,,,,,,,,,"lãng mạn, tình cảm, truyền hình",,,,,,,,,,,Việt Nam,,,,,,,,,,,,,,,,,,,,,Vũ Ngọc Đãng,"Anh Thư , Lương Mạnh Hải, Thanh Hằng, Thanh Hoài, Ngọc Quyên",Nhạc sĩ Quốc Bảo,"Kiều Phương Giang, Nguyễn Mạnh Hùng, Phan Công Danh",,,,45 phút/tập,,,,,1 tháng 11 năm 2006,,,,,,Tuyết nhiệt đới,Phim truyền hình,,30,,HTV9,Việt Nam,,,,,,,,,,,,"Tropical Snow, Tuyết miền nhiệt đới",,,,,,,,,Giấc mơ tuyết trắng,Giấc mơ tuyết trắng,,,,,,,,,,,,,,,,,,,,,,,,350px,,,,Nhạc sĩ Quốc Bảo,,,,,,,,,,,,,,,,,,,,,,,Tuyết Nhiệt Đới,Nhóm Xuân Tâm,Bỗng dưng muốn khóc,,,,,,,,,,,,,,,,,,,,,,,,,,,,,,,,,,,,,,,,,,,,
Mười (phim),film,,,,,,,,,,,,,,,,,,,,,,,,,,,,,,,,,,,,,Kim Tae-kyeong,,,,,,,,CJ Entertaiment Phuoc Sang Cinema,,,,"Tiếng Hàn, Tiếng Việt",3 triệu USD,158 tỷ VND (Việt Nam),,,,,,,,,,,,,,,,,"điện ảnh, kinh dị",,,,,,,,,,,"Hàn Quốc, Việt Nam",,0937231,,,,,,,,,,,,,,,Mười,muoi.jpg,Poster chính thức tại Hàn Quốc.,"Bily Pictures, Phước Sang",Kim Tae-kyeong,"Jo An, Cha Ye-ryeon, Anh Thư, Trần Huỳnh Bảo",Ryu Hyeong-wook,Park Jae-hong,Ko Im-pyo,"Cinema Service, CJ Entertainment (Hàn Quốc), Hãng phim Phước Sang (Việt Nam)","25 tháng 7 năm 2007, (Hàn Quốc), 24 tháng 12 năm 2007, (Việt Nam)",98 phút,,,,,,,,,,,,,,,,,,,,,,,,,,,,,,,,,,,,,,,,,,Mười: Lời nguyền trở lại,,,,,,,,,,,,,,,,,,,,,,,,,,,,,,,,,,,,,,,,,,,,,,,,,,,Tập tin:3of5.png 5.7/10,"'''Cánh diều vàng 2008''', ''Quay phim xuất sắc nhất'' , ''Âm thanh xuất sắc nhất''",,,,,,,,,,,,,,,,,,,,,,,,,,,,,,,,,,,,,,,,,,
Kính vạn hoa (phim),film,,,,,,,,,,,,,,,,,,,,,,,,,,,,,,,,,,,Kính vạn hoa,Cảnh tiêu đề của bộ phim với phông nền thiết kế theo tầm nhìn trong kính vạn hoa.,"Nguyễn Minh Chung, Đỗ Phú Hải",Nguyễn Việt Hùng,,,"Ngọc Trai, Vũ Long, Anh Đào, Kim Anh",Tuấn Khanh,Đào Anh Dũng,Thanh Sơn,Hãng phim Truyền hình Thành phố Hồ Chí Minh,Hãng phim Phương Nam (VCD và DVD),"7 tháng 6 2005 - 10 tháng 6 2005 (phần 1, từ tập 1-10), 5 tháng 7 năm 2006 - 4 tháng 9 năm 2006 (phần 2, từ tập 11-20), 8 tháng 7 năm 2008 - 8 tháng 9 năm 2008 (phần 3, từ 21-28)","50 phút x 28 tập (không bao gồm quảng cáo, tổng 3 phần)",Tiếng Việt,,,,,,,,,,,,,,,,,,,truyền hình,,,,,,,,,Nguyễn Nhật Ánh,,Việt Nam,,tt10097984,,,,,,,,,,,,,,,,,,,,,,,,,,,,,,,,,,,,,,,,,,,,,,,,,,Bộ truyện ''Kính vạn hoa'' của Nguyễn Nhật Ánh,,,,,,,,,,,,,,,,,,,260px,,,,,,,,,,,,,,,,,,,,,,,,,,,,,,,,,,,,,,,,,,,,,,,,,,,,34 (3 phần),,,,,,,,,,,,,,,,,,,,,,,,,,,,,,,,,,,,,,,,,
Phim ca nhạc,film,,,,,,,,,,,,,,,,,,,,,,,,,,,,,,,,,,,,,,,,,,,,,,,,,,,,,,,,,,,,,,,,,,,,"âm nhạc, chính kịch",,,,,,,,,,,,,,,,,,,,,,,,,,,,,,,,,,,,,,,,,,,,,,,,,,,,,,,,,,,,,,,,,,,,,,,,,,,,,,,,,,,,,,,,,,,,,,,,,,,,,,,,,,,,,,,,,,,,,,,,,,,,,,,,,,,,,,,,,,,,,,,,,,,,,,,,,,,,,,,,,,,,,,,,,,,,,,,
Bắc kim thang (phim),film,,,,,,,,,,,,,,,,,,,,,,,,,,,,,,,,,,,Bắc kim thang,,Trần Hữu Tấn,Hoàng Quân,,,"Trịnh Tài, Minh Hy, Duy Phương, Bích Hằng, Hữu Tiến, Trung Dân, NSƯT Phi Điểu, Hữu Thành",,Đinh Nam,Nga Bùi,ProductionQ - Creative House,Galaxy Studio,"2019, 10, 25, Việt Nam",,Tiếng Việt,17 tỷ VNĐ,40 tỷ VND,2019,10,25,Việt Nam,,,,,,,,,,,,,"chính kịch, điện ảnh, kinh dị",,,,,,,,,"Trần Hữu Tấn, Abby Hoàng Anh",,Việt Nam,,,,,,,,,,,,,,,,,,,Áp phích chiếu rạp của phim tại Việt Nam,,,,,,,,,,,,,,,,,,,,,,,,,,,,,,,,,,,,,,,,,,,,,,,,,,,,,,,,,,,,,,,,,,,,,,,,,,,,,,90 phút,,,,,,,,,,,,,,,,,,,,,,,,,,,,,,,,,,,,,,,,,,,,,,,,,,,,,,,,,,,,,,,,,,,
Cát đỏ,film,,,,,,,,,,,,,,,,,,,,,,,,,,,,,,,,,,,,,Lưu Trọng Ninh,,,,,,,,,,,,Tiếng Việt,,,,,,,,,,,,,,,,,,,truyền hình,,,,,,,,,,,Việt Nam,,,,,,,,,,,,,,,,,,Cat_do.jpg,,,Lưu Trọng Ninh,"Thúy Diễm , Trinh Tuyết Hương , Nguyễn Hoàng Thúy Nga , Thạch Kim Long , Kim Huyền",,Trần Kim Vũ,,,,45 phút/tập (không bao gồm quảng cáo),,,,,30 tháng 7 năm 2020,,,,,,Cát đỏ,Phim truyền hình,,30,"Trung tâm Phim truyền hình Việt Nam, Đài Truyền hình Việt Nam",VTV3,,12 tháng 11 năm 2020,,,,,,,,,,,,,,,,,,,,,,,Đừng bắt em phải quên,Cảnh sát hình sự: Hồ sơ cá sấu,,,,,,,,,1080i (HDTV),,,,,,,,,,,,,,,,,,,,,,,,,,,,,,,,,,,,,,,,,,,,,,,,,,,,,,,,,,,,,,,,,,,,,,,,,,,,,,,,,,,,,
Lật mặt 7: Một điều ước,film,,,,,,,,,,,,,,,,,,,,,,,,,,,,,,,,,,,Lật mặt 7: Một điều ước,Áp phích chiếu rạp của phim,Lý Hải,* Lý Hải * Trần Minh Hà,,,* Thanh Hiền * Trương Minh Cường * Đinh Y Nhung * Quách Ngọc Tuyên * Trâm Anh * Trần Kim Hải,Khuất Duy Minh,Nguyễn Ngọc Cường,Phạm Quốc Dũng,Lý Hải Production,CJ CGV,"2024, 4, 26, Việt Nam, 2024, 06, 14, Hoa Kỳ, Canada, Úc",138 phút,Tiếng Việt,,482 tỷ VND,,,,,,,,,,,,,,,,,"chính kịch, điện ảnh",,,,,,,,,Lý Hải,,Việt Nam,,,,,,,,,,,,,,,,,,,,,,,,,,,,,,,,,,,,,,,,,,,,,,,,,,,,,,,,,,,,,,,,,,,,,,,,,,,,,,,,,,,,,,,,,,,,,,,,,,,,,,,,,,,,,,,,,,,,,,,,,,,,,,,,,,,,,,,,,,,,,,,,,,,,,,,,,,,,,,,,,,,,
Án mạng lầu 4,film,,,,,,,,,,,,,,,,,,,,,,,,,,,,,,,,,,,Án mạng lầu 4,Áp phích phim.,Nguyễn Hữu Tuấn,* Nguyễn Hữu Tuấn * Trần Đăng Khoa * Nguyễn Hồng Thu,* Nima Javidi * Nguyễn Hữu Tuấn * Trương Thế Vinh,,* Trương Thế Vinh * Lương Bích Hữu * Ngân Quỳnh * Kiều Trinh * Tuyền Mập * Blacka * Nghinh Lộc * Lê Công Hoàng * Quế Minh Hân * Phi Điểu,* Trần Hữu Tuấn Bách * Lý Trang,Trương Trọng Tân,,June Cultural Contents,Galaxy Studio,"2024, 05, 17, Việt Nam",106 phút,Tiếng Việt,,"1,9 tỉ VND",2024,05,17,Việt Nam,,,,,,,,,,,,,"điện ảnh, hình sự, tâm lý",,,,,,,,,,,Việt Nam,,,,,,,,,,,,,,,,,,,,,,,,,,,,,,,,,,,,,,,,,,,,,,,,,,,,''Melbourne'' (2014),,,,,,,,,,,,,,,,,,,,,,,,,,,,,,,,,,,,,,,,,,,,,,,,,,,,,,,,,,,,,,,,,,,,,,,,,,,,,,,,,,,,,,,,,,,,,,,,,,,,,,,,,,,,,,,,
Giấc mơ biển,film,,,,,,,,,,,,,,,,,,,,,,,,,,,,,,,,,,,,,Trương Dũng,,,,,,,,,,,,tiếng Việt,,,,,,,,,,,,,,,,,,,truyền hình,,,,,,,,,,,Việt Nam,,,,,,,,,,,,,,,,,,,,,Nguyễn Quý Dũng,"Minh Nhựt, Trọng Nhân, Xuân Nghi, Khương Ngọc, Thanh Trúc, Kiều Khanh",,,,,,45 phút/tập (không bao gồm quảng cáo),,,,,2 tháng 6 năm 2010,,,,,,Giấc mơ biển,Phim truyền hình,,30,Hãng phim Midi,HTV9,,25 tháng 7 năm 2010,,,,,,,,,,,,,,,,,,,,,,,,,,,,,,,,,,,,,,,,,,,,,,,,,,,,,,,,,,,,,,,,,,,,,,,,,,,,,,,,,,,,,,,,,,,,,,,,,,,,,,,,,,,,,,,,,,,,,,
Lời nguyền lúc 0 giờ,film,,,,,,,,,,,,,,,,,,,,,,,,,,,,,,,,,,,Lời nguyền lúc 0 giờ,,Quách Khoa Nam,,,,"Minh Luân, Thanh Trúc, Huỳnh Đông, Thanh Bình, Hồ Bích Trâm, Khánh Hiền, Quang Thái",,,,,,,45 phút/tập (không bao gồm quảng cáo),tiếng Việt,,,,,,,,,,,,,,,,,,,truyền hình,,,,,,,,,Hạ Thu,,Việt Nam,,,,,,,,,,,,,,,,,,,,,,,,,,,,,,Phim truyền hình,M&T Pictures,,,35,,THVL1,17 tháng 2 năm 2020,27 tháng 3 năm 2020,,,,,,,,,,,,,,,,,,,,,,,,,,,,,,,,,,,,,,,,,,,,,,Anh ba khía,Luật trời,,,,,,,,,,,,,,,,,,,,,,,,,,,,,,,,,,,,,,,,,,,,,,,,,,,,,,,,,,,,,,,,,,,,,,,,,,,,,,,
Rồi 30 năm sau,film,,,,,,,,,,,,,,,,,,,,,,,,,,,,,,,,,,,,,Nguyễn Quang Minh,,,,,,,,,,,,tiếng Việt,,,,,,,,,,,,,,,,,,,truyền hình,,,,,,,,,,,Việt Nam,,,,,,,,,,,,,,,,,,,,,Vũ Thị Thanh Hương,"Trương Minh Quốc Thái, Thanh Trúc, Quang Tuấn, Minh Đăng, Thanh Bình, Yeye Nhật Hạ, Dương Cường",,,,,,45 phút/tập (không bao gồm quảng cáo),,,,,19 tháng 9 năm 2022,,,,,,Rồi 30 năm sau,Phim truyền hình,vở cải lương cùng tên của soạn giả Hà Triều và Hoa Phượng.,44,M&T Pictures,THVL1,,8 tháng 11 năm 2022,,,,,,,,,,,,,,,,,,,,,,,Duyên kiếp,Nghiệp sinh tử (phần 4),,,,,,,,,,,,,,,,,,,,,,,,,,,,,,,,,,,,,,,,,,,,,,,,,,,,,,,,,,,,,,,,,,,,,,,,,,,,,,,,,,,,,,,,,,,,,,
Năm sau con lại về,film,,,,,,,,,,,,,,,,,,,,,,,,,,,,,,,,,,,,,Trần Ngọc Giàu,,,,,,,,,,,,Tiếng Việt,,,2014,1,18,,,,,,,,,,,,,,"chính kịch, điện ảnh, hài",,,,,,,,,,Golden Screen Productions,Việt Nam,,,,,,,,,,,,,,,,,Năm sau con lại về,Năm sau con lại về.jpg,Áp phích chiếu rạp của phim,"Đỗ Thị Mai Liên, Trần Ngọc Giàu, Lê Bình Dương",,"Việt Anh, Thanh Thủy, Quý Bình, Lê Khánh, Hoài Linh, Chí Tài, Nhật Cường, Ngọc Giàu","Phạm Hữu Tâm, Trần Minh Đăng",Nguyễn Nam,"Thanh Digisol, Trần Hiệp, Minh Châu, Khoa Lê",Saigon Movies Media,"2014, 1, 18",93 phút,30 tỷ VND,,,,,,,,,,,,,,,,,,,,Ngô Thế Đàm,,,,,,,,,,,,,,,,,,,,,,,,,,,,,,,"''Đón con về'', Minh Hoàng",,,,,,,,,,,,,,,,,,,,,,,,,,,,,,,,,,,,,,,,,,,,,,,,,,,,,,,,,,,,,,,,,,,,,,,,,,,,,,,,,,,,
Dù gió có thổi,film,,,,,,,,,,,,,,,,,,,,,,,,,,,,,,,,,,,,,Hồ Thái Hòa / Nguyễn Phương Điền,,,,,,,,,,,,Tiếng Việt,,,,,,,,,,,,,,,,,,,truyền hình,,,,,,,,,,TVM Corp,Việt Nam,,,,,,,,,,,,,,,,,Dù gió có thổi,,,"Jimmy Nghiêm Phạm, Tawny Trúc Nguyễn","Duy Linh, Ngọc Khanh, Hoàng Anh","NSƯT Lê Thiện, NSƯT Nguyễn Văn Phúc, Kim Xuân, Đào Anh Tuấn, Hạnh Thúy, Đỗ Đức Thịnh, Hiền Mai, Bình Minh, Lê Khánh, Quý Bình, Tường Vy, Tường Vi, Vân Trang, Phương Trinh Jolie",,,"Duy Linh, Ngọc Khanh, Hoàng Anh",Đài truyền hình Thành phố Hồ Chí Minh,Năm 2009,45 phút / tập (135 tập),,,,,,,,,,,,,,,,,,,,,,,,,,,,,,,,,,,,,,,,,,,,,,,,,,,,,,,,,,,,,,,,,,,,,,,,,,,,,,,,,,,,,,,,,,,,,,,,,,,,,,,,,,,,,,,,,,,,,,,,,,,,,,,,,,,,,,,,
Sông dài (phim truyền hình),film,,,,,,,,,,,,,,,,,,,,,,,,,,,,,,,,,,,Sông dài,,Trương Dũng,,,,"Quý Bình, Vân Trang, NSƯT Thanh Nam, Tuyết Thu",,,,,,,45 phút/tập (không bao gồm quảng cáo),tiếng Việt,,,,,,,,,,,,,,,,,,,truyền hình,,,,,,,,,Hạ Thu,,Việt Nam,,,,,,,,,,,,,,,,,,,,,,,,,,,,,,,Công ty Sóng Vàng,,,39,,VTV9,1 tháng 8 năm 2013,24 tháng 9 năm 2013,,,,,,,,,,,,,,vở cải lương cùng tên của soạn giả Hà Triều và Hoa Phượng,,,,,,,,,,,,,,,,,,,,,,,,,,,,,,,,,,,,,,,,,,,,,,,,,,,,,,,,,Vũ Thị Bích Liên,,,,,,,,,,,,,,,,,,,,,,,,,,,,,,,,,,,,,,,,,,,,,,,,,,,,,,,
Mật mã chuông gió,film,,,,,,,,,,,,,,,,,,,,,,,,,,,,,,,,,,,,,Trương Dũng,,,,,,,,,,,,tiếng Việt,,,,,,,,,,,,,,,,,,,truyền hình,,,,,,,,,,,Việt Nam,,,,,,,,,,,,,,,,,,,,,"Ngọc Bích, Gia Linh","Khương Thịnh, Vân Trang, Bích Trâm, Minh Luân",,,,,,45 phút/tập (không bao gồm quảng cáo),,,,,11 tháng 10 năm 2013,,,,,,Mật mã chuông gió,Phim truyền hình,,31,Công ty Sóng Vàng,HTV9,Việt Nam,10 tháng 11 năm 2013,,,,,,,,,,,,,,,,,,,,,,,,,,,,,,,,,,,,,,,,,,,,,,,,,,,,,,,,,,,,,,,,,,,,,,,,,,,,,,,,,,,,,,,,,,,,,,,,,,,,,,,,,,,,,,,,,,,,,,
Danh vọng phù hoa,film,,,,,,,,,,,,,,,,,,,,,,,,,,,,,,,,,,,,,Trương Dũng,,,,,,,,,,,,Tiếng Việt,,,,,,,,,,,,,,,,,,,truyền hình,,,,,,,,,,,Việt Nam,http://thvl.vn/?p=679698&amp;wpmp_switcher=mobile,,,,,,,,,,,,,,,,,300px,Hình chụp từ tivi.,,La Nguyễn Quốc Vinh,"Vân Trang, Khương Thịnh, Nam Thư, Tuyết Thu, Quang Tuấn, Bảo Trí, Mỹ Dung, Huy Cường, Minh Hạnh, Thanh Hiền, Ngọc Mai, Chế Hoàng Lan",,,,,,45 phút / tập,,,,THVL1,"2016, 07, 6",,,,,,Danh vọng phù hoa,,,39,Sóng Vàng,,Việt Nam,"2016, 8, 19",,,,,,,,,,,,,,,,,,,,,,,,,,,,,,,,,,,,,,,,,,,,,,,,,,,,,,,,,,,,,,,,,,,,,,,,,,,,,,,,,,,,,,,,,,,,,,,,,,,,,,,,,,,,,,,,,,,,,,
Dòng nhớ,film,,,,,,,,,,,,,,,,,,,,,,,,,,,,,,,,,,,,,Trương Dũng,,,,,,,,,,,,Tiếng Việt,,,,,,,,,,,,,,,,,,,"chính kịch, truyền hình",,,,,,,,,,,Việt Nam,http://thvl.vn/?p=712372,,,,,,,,,,,,,,,,,,,,Nguyễn Thị Mộng Thu,"Vân Trang, Hoàng Anh, Thanh Hiền, Thanh Nam, Hà Trí Quang, Bích Hằng, Diễm Kiều",,,,,,45 phút / tập,,,,THVL1,"2016, 09, 30",,,,,,Dòng nhớ,,,34,Sóng Vàng,,Việt Nam,"2016, 11, 08",,,,,,,,,,,,,,,,,,,,,,,,,,,,,,,,,,,,,,,,,,,,,,,,,,,,,,,,,,,,,,,,,,,,,,,,,,,,,,,,,,,,,,,,,,,,,,,,,,,,,,,,,,,,,,,,,,,,,,
Sài Gòn Yo!,film,,,,,,,,,,,,,,,,,,,,,,,,,,,,,,,,,,,,,Stephane Gauger,,,,,,,,,,,,Tiếng Việt,,,,,,,,,,,,,,,,,,,"tâm lý, tình cảm",,,,,,,,,,"Annam Pictures, FAT Media, Hãng phim Chánh Phương",25px Việt Nam,,,,,,,,,,,,,,,,,Sài Gòn Yo!,,Hình ảnh quảng bá phim.,"Stephane Gauger, Elizabeth Ái, Danny Đỗ, Jimmy Phạm Nghiêm, Ryan Hoàng Hubris",Stephane Gauger,"Vân Trang, Quỳnh Hoa, Hà Hiền, Khương Ngọc, Elly Trần, Việt Max, Hữu Luân, Tấn Thi","DJ Slim, Pete Nguyễn","Stephane Gauger, Bảo Nguyễn","Stephane Gauger, Danny Đỗ, Hàm Trần","FAT Media, Hãng phim Chánh Phương",22 tháng 4 năm 2011,103 phút,,,,,,,,,,,,,,,,,,,,,,,,,,,,,,,,,,,,,,,,,,,,,,,,,,,,,,,,,,,,,,,,,,,,,,,,,,,,,,,,,,,,,,,,,,,,,,,,,,,,,,,,,,,,,,,,,,,,,,,,,,,,,,,,,,,,,,,,
Tiền chùa,film,,,,,,,,,,,,,,,,,,,,,,,,,,,,,,,,,,,Tiền chùa,,Thiện Đỗ,Jenni Trang Lê,,,"Khương Ngọc, Vân Trang, Lều Phương Anh, Hiếu Hiền, Xuân Trang, Lê Bình",Timo Chen,Jeff Powers,"Thiện Đỗ, Paul Lê",,MegaStar,18 tháng 10 năm 2013,96 phút,Tiếng Việt,,,,,,,,,,,,,,,,,,,"hài, tâm lý",,,,,,,,Thiện Đỗ,,"Chuông Gió Films, Sudest-Đông Nam Productions",25px Việt Nam,,,,,,,,,,,,,,,,,,,Áp phích chính thức của phim.,,,,,,,,,,,,,,,,,,,,,,,,,,,,,,,,Khương Ngọc,,,,,,,,,,,,,,,,,,,,270px,,,,,,,,,,,,,,,,,,,,,,,,,,,,,,,,,,,,,,,,,,,,,,,,,,,,,,,,,,,,,,,,,,,,,,,,,,,,,,,,,,,,,,,,,,,,,
Võ lâm truyền kỳ (phim),film,,,,,,,,,,,,,,,,,,,,,,,,,,,,,,,,,,,,,Lê Bảo Trung,,,,,,,,,,,,Tiếng Việt,,,,,,,,,,,,,,,,,,,"hài, hành động, tâm lý, võ thuật",,,,,,,,,,Hãng phim Phước Sang,Việt Nam,,,,,,,,,,,,,,,,,Võ lâm truyền kỳ,,Áp phích của phim.,Lưu Phước Sang,,"Đan Trường, Kim Thư, Chi Bảo, Hoài Linh, Tấn Beo, Thanh Thảo, Vũ Thu Phương",Bảo Phúc,Nguyễn Nam,Lưu Phước Sang,Hãng phim Phước Sang,"2007, 02, 09, df=yes",88 phút,,,,,,,,,,,,,,,,,,,,,Lê Bảo Trung,,,,,,,,,,,,,,,,,,,,,,,,,,,,,,,Trò chơi Võ Lâm Truyền Kỳ,,,,,,,,,,,,,,,,,,,,,,,,,,,,,,,,,,,,,,,,,,,,,,,,,,,,,,,,,,,,,,,,,,,,,,,,,,,,,,,,,,,,
Nụ hôn thần chết (phim),film,,,,,,,,,,,,,,,,,,,,,,,,,,,,,,,,,,,,,Nguyễn Quang Dũng,,,,,,,,,,,,Tiếng Việt,5 tỷ VND,,,,,,,,,,,,,,,,,,"hài, kinh dị, lãng mạn",,,,,,,,,,"HKFilm, Hãng phim Phương Nam",Việt Nam,,,,,,,,,,,,,,,,,Nụ hôn thần chết,Nhtc11.jpg,Áp phích của phim.,"Đinh Thị Thanh Hương, Nguyễn Nữ Như Khuê",Nguyễn Quang Dũng,"Johnny Trí Nguyễn, Thanh Hằng, Hoài Linh, Thành Lộc, Phương Thanh","Quốc Bảo, Đằng Phương",Trinh Hoan,HKFilm,Galaxy Studio,25 tháng 1 năm 2008 (trên toàn quốc),93 phút,16 tỷ VND,,,,,,,,,,,,,,,,,,,,,,,,,,,,,,,,,,,,,,,,,Giải cứu thần chết,,,,,,,,,,,,,,,,,,,,,,,,,,,,,,,,,,,,,,,,,,,,,,,,,,,,,,,,,,,,,,,,,,,,,,,,,,,,,,,,,,,,,,,,,,,,,,
Bóng ma học đường,film,,,,,,,,,,,,,,,,,,,,,,,,,,,,,,,,,,,,,Lê Bảo Trung,,,,,,,,,,,,Tiếng Việt,10 tỷ VND,,2011,1,26,,,,,,,,,,,,,,"chính kịch, điện ảnh, hài, kinh dị, tâm lý",,,,,,,,,,"LBT Entertainment, Galaxy Studio",Việt Nam,,,,,,,,,,,,,,,,,Bóng ma học đường,Bongmahocduong.jpg,Áp phích của phim,"Đinh Thanh Hương, Lưu Hồng Minh",,"Hoài Linh, Hoàng Sơn, Wanbi Tuấn Anh, Trương Quỳnh Anh, Ngọc Diệp, Elly Trần, Thiên Minh, Tim, Hoài An",Huy Tuấn,Joel Spezeski,"Phạm Tiến Quốc, Lê Bảo Trung",Galaxy Studio,"2011, 1, 26",82 phút,40 tỷ VND,,,,,,,,,,,,,,,,,,,,"Lê Bảo Trung, Bùi Đăng Quốc Thiều","Đinh Thanh Hương, Lê Bảo Trung",,,,,,,,,,,,,,,,,,,,,,,,,,,,,,,,,,,,,,,,,,,,,,,,,,,,,,,,,,,,,,,,,,,,,,,,,,,,,,,,,,,,,,,,,,,,,,,,,,,,,,,,,,,,,,,,,,
Hoán đổi thân xác,film,,,,,,,,,,,,,,,,,,,,,,,,,,,,,,,,,,,Hoán đổi thân xác,Áp phích phim ''Hoán đổi thân xác''.,Nhất Trung,,,,"Hoài Linh , Chí Tài , Nhật Cường, Trương Thế Vinh , Ngọc Oanh, Gia Bảo, Phi Phụng",,,,,"Thiên Thi, Vinacinema",23 tháng 12 năm 2011,92 phút,Tiếng Việt,,,,,,,,,,,,,,,,,,,hài,,,,,,,,Nhất Trung,,,Việt Nam,,,,,,,,,,,,,,,,,,,,,,,,,,,,,,,,,,,,,,,,,,,,,,,,,,,Ngọc Oanh,,,,,,,,,,,,,,,,,,,,200px,,,,,,,,,,,,,,,,,,,,,,,,,,,,,,,,,,,,,,,,,,,,,,,,,,,,,,,,,,,,,,,,,,,,,,,,,,,,,,,,,,,,,,,,,,,,,
Nhà có 5 nàng tiên,film,,,,,,,,,,,,,,,,,,,,,,,,,,,,,,,,,,,,,Trần Ngọc Giàu,,,,,,,,,,,,Tiếng Việt,8 tỷ VND,,2013,2,2,,,,,,,,,,,,,,,,,,,,,,,,"Golden Screen Productions, Century Star, MIDI",Việt Nam,,,,,,,,,,,,,,,,,Nhà có 5 nàng tiên,Poster nha co 5 nang tien.jpeg,Áp phích chiếu rạp của phim,"Đỗ Thị Mai Liên, Đoàn Nhất Trung, Trần Ngọc Giàu",Thạch Tuyền,"Hoài Linh, Việt Hương, Yaya Trương Nhi, Ngân Khánh, Minh Thảo, Bảo Anh, Miu Lê, Tấn Beo, Minh Luân, Trương Thế Vinh, Hà Trí Quang, Quốc Trường, Phương Thanh, Chí Tài","Phạm Hữu Tâm, Lê Xuân Vũ",Vũ Quốc Hương,"Thanh Digisol, Võ Đăng Trình, Trần Hiệp","Cinebox, Century Star","2013, 2, 2","'''Phiên bản điện ảnh''': 94 phút, '''Phiên bản truyền hình''': 45 phút / tập (5 tập)",60 tỷ VND,,,,,,,,,,,,,,,,,,,,,,,,,,,,,,,,,,,,,,,,,,,,,,,,,,,,,,,,,,,,,,,,,,,,,,,,,,,,,,,,,,,,,,,,,,,,,,,,,,,,,,,,,,,,,,,,,,,,,,,,,,,,,,,,,,,,,,,
Tía tui là cao thủ,film,,,,,,,,,,,,,,,,,,,,,,,,,,,,,,,,,,,Tía tui là cao thủ,Áp phích chiếu rạp của phim tại Việt Nam,* Trần Ngọc Giàu * Nguyễn Thành Nam,* Đỗ Thị Mai Liên * Trần Ngọc Giàu,Ngô Thế Đàm,* Thạch Tuyền * Ngô Thế Đàm,* Hoài Linh * Việt Hương * Khả Như * Ái Phương * Ngô Kiến Huy * Hoài Lâm * Tấn Beo * Cát Tường,* Khương Ngọc * Mạnh Thái * Ngô Thế Anh,* Nguyễn Nam * Y Zell Bya,* Nguyễn Quốc Bảo * Nguyễn Thành Nam * Đỗ Thị Mai Liên,Golden Screen Productions,* Saigon Movies Media * Golden Screen Distribution,"2016, 1, 29",91 phút,Tiếng Việt,10 tỷ VND,50 tỷ VND,,,,,,,,,,,,,,,,,âm nhạc,,,,,,,,,,,Việt Nam,,,,,,,,,,,,,,,,,,,,,,,,,,,,,,,,,,,,,,,,,,,,,,,,,,,Hoài Lâm,,,,,,,,,,,,,,,,,,,,,,,,,,,,,,,,,,,,,,,,,,,,,,,,,,,,,,,,,,,,,,,,,,,,,,,,,,,,,,,,,,,,,,,,,,,,,,,,,,,,,,,,,,,,,,,,,
Tây Sơn hào kiệt,film,,,,,,,,,,,,,,,,,,,,,,,,,,,,,,,,,,,,,"Lý Huỳnh, Lý Hùng, Phượng Hoàng",,,,,,,,,,,,Tiếng Việt,12 tỷ VND,,,,,,,,,,,,,,,,,,"cổ trang, lịch sử, võ thuật",,,,,,,,,,"Hãng phim Lý Huỳnh, Hãng phim Thanh Niên, Hội Điện ảnh TPHCM, Công ty Hải Đăng",Việt Nam,,,,,,,,,,,,,,,,,Tây Sơn hào kiệt,Tay Son Hao Kiet.jpg,Áp phích của phim.,Lý Huỳnh,"Phạm Thùy Nhân, Cao Đức Trường, Huy Thành","Lý Hùng, Thùy Lâm, Công Hậu, Thế Anh, Đoàn Dũng, Tấn Hưng, Lý Huỳnh, Anh Duy",Bảo Chấn,Trần Đình Trung,,Hãng phim Lý Huỳnh,30 tháng 4 năm 2010,90 phút,,,,,,,,,,,,,,,,,,,280px,,,,,,,,,,,,,,,,,,,,,,,,,,,,,,,,,,,,,,,,,,,,,,,,,,,,,,,,,,,,,,,,,,,,,,,,,,,,,,,,,,,,,,,,,,,,,,,,,,,,,,,,,,,,,,,,,,,,,
Tình thắm duyên xuân,film,,,,,,,,,,,,,,,,,,,,,,,,,,,,,,,,,,,,,Nguyễn Phương Điền,,,,,,,,,,,,tiếng Việt,,,,,,,,,,,,,,,,,,,truyền hình,,,,,,,,,,,Việt Nam,,,,,,,,,,,,,,,,,,,,,"Dưa Muối, La Nguyễn Quốc Vinh","Việt Hương, Tấn Beo, Cát Tường, Ngọc Thảo, Lê Văn Anh, Hiếu Hiền",,,,,,45 phút/tập (không bao gồm quảng cáo),,,,,29 tháng 1 năm 2022,,,,,,Tình thắm duyên xuân,Phim truyền hình,,13,Công ty MIA,THVL1,,10 tháng 2 năm 2022,,,,,,,,,,,,,,,,,,,,,,,Xuân ấm tình người,Vũ điệu đón xuân,,,,,,,,,,,,,,,,,,,,,,,,,,,,,,,,,,,,,,,,,,,,,,,,,,,,,,,,,,,,,,,,,,,,,,,,,,,,,,,,,,,,,,,,,,,,,,
Thần tượng (phim),film,,,,,,,,,,,,,,,,,,,,,,,,,,,,,,,,,,,Thần tượng,Áp phích phim tại các rạp.,Nguyễn Quang Huy,*Nguyễn Quang Huy *Nguyễn Văn Tuấn,,,*Harry Lu *Hoàng Thùy Linh *Ngô Kiến Huy *Hứa Vĩ Văn,Nguyễn Hà,Trang Công Minh,*Ngô Phước Trường *Quang Huy,,"Wepro, Saigon Movies Media","2013, 12, 20, Việt Nam",113 phút,Tiếng Việt,,Hơn 20 tỷ đồng,2013,12,20,Việt Nam,,,,,,,,,,,,,"điện ảnh, hài, tình cảm",,,,,,,,*Quang Huy *Ngô Phước Trường,,Wepro,Việt Nam,,,,,,,,,,,,,,,,,,,,,,,,,,,,,,,,,,,,,,,,,,,,,,,,,,,,,,,,,,,,,,,,,,,,,,,270px,,,,,,,,,,,,,,,,,,,,,,,,,,,,,,,,,,,,,,,,,,,,,,,,,,,,,,,,,,,,,,,,,,,,,,,,,,,,,,,,,,,,,,,,,,,,,
Xóm nước đen,film,,,,,,,,,,,,,,,,,,,,,,,,,,,,,,,,,,,,,Đỗ Phú Hải,,,,,,,,,,,,tiếng Việt,,,,,,,,,,,,,,,,,,,truyền hình,,,,,,,,,,,Việt Nam,,,,,,,,,,,,,,,,,,,,,"Trần Tử Văn, Nguyễn Nghệ","Nguyễn Dương, Mỹ Duyên, Mai Hoa",,,,,,55 - 60 phút/tập (không bao gồm quảng cáo),,,,,1996,,,,,,Xóm nước đen,,''Linh hồn Thiếu phụ'' của nhà văn Trần Tử Vân,4,"Hãng phim Truyền hình Thành phố Hồ Chí Minh, Đài Truyền hình Thành phố Hồ Chí Minh",HTV9,,,,,,,,,,,,,,,,,,,,,,,Lối về (do Phương Thanh trình bày),,,,,,,,,,,,,,,,,,,,,,,,,,,,,,,,,,,,,,,,,,,,,,,,,,,,,,,,,,,,,,,,,,,,,,,,,,,,,,,,,,,,,,,,,,,,,,,,,
Bỗng dưng muốn khóc,film,,,,,,,,,,,,,,,,,,,,,,,,,,,,,,,,,,,,,Vũ Ngọc Đãng,,,,,,,,,,,,tiếng Việt,,,,,,,,,,,,,,,,,,,truyền hình,,,,,,,,,,,,,,,,,,,,,,,,,,,,,250px,,,Vũ Ngọc Đãng,"Lương Mạnh Hải, Tăng Thanh Hà, Hiếu Hiền, Nguyễn Văn Tùng, Thanh Thủy, Trần Vân Anh, Tường Vi, Thủy Tiên",,,,,,45 phút/tập (không bao gồm quảng cáo),,Phim truyền hình,,,25 tháng 8 năm 2008,,,,,,Bỗng dưng muốn khóc,,,36,BHD,VTV1,,12 tháng 11 năm 2008,,,,,,,,,,,,,,,"Nguyễn Việt Hùng, Ngô Thị Bích Hiền",,,,"Nguyễn Nam, Nguyễn Trung",Minh Thư,"""Ta thuộc về nhau""","""Giây phút này""",Hành trình bí ẩn,Gió làng Kình,,,,,,,,,,,,,,,,,,,,,,,,,,,,,,,,,,,,,,,,,,,,,,,,,,,,,,,,,,,,,,,,,,,,,,,,,,,,,,,,,,,,,,,,,,,,,,
Chuyện tình đảo ngọc,film,,,,,,,,,,,,,,,,,,,,,,,,,,,,,,,,,,,,,Lê Bảo Trung,,,,,,,,,,,,tiếng Việt,,,,,,,,,,,,,,,,,,,truyền hình,,,,,,,,,,,Việt Nam,,,,,,,,,,,,,,,,,,,,,Vũ Thị Thanh Hương,"Kim Tuyến, Vĩnh Thụy, Dương Hoàng Anh, Cao Thùy Dương, Đức Tiến",,,,,,45 phút/tập (không bao gồm quảng cáo),,,,,4 tháng 9 năm 2009,,,,,,Chuyện tình đảo ngọc,Phim truyền hình,,38,M&T Pictures,HTV9,,12 tháng 11 năm 2009,,,,,,,,,,,,,,,,,,,,,,,,,,,,,,,,,,,,,,,,,,,,,,,,,,,,,,,,,,,,,,,,,,,,,,,,,,,,,,,,,,,,,,,,,,,,,,,,,,,,,,,,,,,,,,,,,,,,,,
Cho một tình yêu,film,,,,,,,,,,,,,,,,,,,,,,,,,,,,,,,,,,,,,"Nguyễn Tranh, Lê Hóa",,,,,,,,,,,,Tiếng Việt,,,200px,,,,,,,,,,,,,,,,truyền hình,,,,,,,,,,,Việt Nam,,,,,,,,,,,,,,,,,"""Cho một tình yêu""",Poster-cho1tinhyeu.jpg,Poster chính thức,"BHD, Hãng phim Việt",Phạm Nhị Trần,"Mỹ Tâm, Tuấn Hưng, Quang Dũng, Hiếu Hiền, Minh Thuận, Leon Quang Lê, Tiến Đạt, Minh Khuê, Minh Tú, Hồ Thái Huy, Lê Phương, Đoàn Minh Tuấn",Mỹ Tâm,"Xuân Minh, Trần Long Hải",,,2010,45 phút37 tập,,,,,,,,,,,,,,,,,,,,,,,,,,,,,,,,,,,,,,,,,,,,,,,,,,,,,,,,Chít và Pi,Cảnh sát hình sự: Đầm lầy bạc,,,,,,,,,,,,,,,,,,,,,,,,,,,,,,,,,,,,,,,,,,,,,,,,,,,,,,,,,,,,,,,,,,,,,,,,,,,,,,,
Khát vọng thượng lưu,film,,,,,,,,,,,,,,,,,,,,,,,,,,,,,,,,,,,,,Nguyễn Dương,,,,,,,,,,,,Tiếng Việt,,,,,,,,,,,,,,,,,,,truyền hình,,,,,,,,,,,Việt Nam,,,,,,,,,,,,,,,,,,,,,Nhóm Nam Quốc,"Bình Minh, Vũ Thu Phương, Elly Trần",,,,,,45 phút/tập (không bao gồm quảng cáo),,,,,23 tháng 11 năm 2011,,,,,,Khát vọng thượng lưu,Phim truyền hình,,40,Hãng phim Vietcom,VTV3,,29 tháng 2 năm 2012,,,,,,,,,,,,,,,,,,,,,,,Người mẫu,Hoa nắng,,,,,,,,,,,,,,,,,,,,,,,,,,,,,,,,,,,,,,,,,,,,,,,,,,,,,,,,,,,,,,,,,,,,,,,,,,,,,,,,,,,,,,,,,,,,,,
Mẹ rơm,film,,,,,,,,,,,,,,,,,,,,,,,,,,,,,,,,,,,Mẹ rơm,,Nguyễn Phương Điền,,,,"Thái Hòa, Suri Nhã Vy, Cao Minh Đạt, Ngọc Lan, Huỳnh Hồng Loan, Cao Thái Hà, Minh Luân, Như Ngọc",,,,,,,2530 phút/tập (có bao gồm quảng cáo),Tiếng Việt,,,,,,,,,,,,,,,,,,,truyền hình,,,,,,,,,,,Việt Nam,,,,,,,,,,,,,,,,,,Mẹ Rơm áp phích phim.png,,,"Trần Ngọc Bích, Kim Li Bắc",,Lê Xuân Vũ,,,,,,,Phim truyền hình,"Trung tâm Phim truyền hình Việt Nam, Đài Truyền hình Việt Nam",,,43,,VTV1,3 tháng 11 năm 2022,11 tháng 1 năm 2023,,,,,,,,,,,,,,,,,,,,,,,,,,,,,,,Đấu trí,Dưới bóng cây hạnh phúc,,,,,,,,,,,,,,,,,,,,,,,,'''''Trái tim tỏa nắng''''',,"Đặng Diệu Hương, Hoàng Hồng Hạnh, Trần Minh Đức",,,,,,,,,,,,,Lê Mạnh,,,,,,,,,,,,,,,"Nghiêm Bá Hoài, Trần Khánh Tùng, Dương Văn Dũng",,,,,,,,,,,,,,,,,,,,,,,,,,,,,,,,,,,,,,,,
Lưới trời (phim 2003),film,,,,,,,,,,,,,,,,,,,,,,,,,,,,,,,,,,,Lưới trời,,Phi Tiến Sơn,Trần Như Hưng,,,*Đào Bá Sơn *Kim Khánh *Hà Xuyên *Thành Trí,Hoàng Lương,Phạm Thanh Hà,Thúy Bình,Hãng Phim truyện I,Phương Nam phim (DVD),27 tháng 3 năm 2003,110 phút,Tiếng Việt,1 tỉ VNĐ,500 triệu đồng,,,,,,,,,,,,,,,,,chính kịch,,,,,,,,,Nguyễn Mạnh Tuấn,,,,,,,,,,,,,,,,,,,,,,,,,,,,,,,,,,,,,,,,,,,,,,,,,,,,,,,,,,,,,,,,,,,,,,,,,,,,,,,,,,,Áp phích phim,,,,,,,,,,,,,,,,,,,,,,,,,,,,,,,,,,,,,,,,,,,,,,,,,,,,,,,,,,,,,,,,,,,,,,,,,,,,,,,,,,,
Những cô gái chân dài,film,,,,,,,,,,,,,,,,,,,,,,,,,,,,,,,,,,,,,Vũ Ngọc Đãng,,,,,,,,Hãng phim Thiên Ngân,,,,Tiếng Việt,"1,6 tỷ VND",,,,,,,,,,,,,,,,,,điện ảnh,,,,,,,,,,,Việt Nam,,,,,,,,,,,,,,,,,Những cô gái chân dài,Nhung co gai chan dai.jpg,Bìa DVD bộ phim,,Vũ Ngọc Đãng,"Minh Anh, Anh Thư, Xuân Lan, Thanh Hằng, Dương Yến Ngọc, Ngọc Nga","Nguyễn Quang Dũng, Bảo Phúc",Trinh Hoan,"Đỗ Quang Minh, Nguyễn Mạnh Tín",,15 tháng 6 năm 2004,,,,,,,,,,,,,,,,,,,,,,,,,,,,,,,,,,,,,,,,,,,,,,,,,,,,,,,,,,,,,,,,,,,,,,,,,,,,,,,,,,,,,,,,,,,,,,,Cánh diều bạc 2004,,,,,,,,,,,,,,,,,,,,,,,,,,,,,,,,,,,,,,,,,,
Hot boy nổi loạn,film,,,,,,,,,,,,,,,,,,,,,,,,,,,,,,,,,,,Hot boy nổi loạn,Áp phích của bộ phim.,Vũ Ngọc Đãng,"Nguyễn Phan Quang Bình, Ngô Thị Bích Hiền",,,"Lương Mạnh Hải, Hồ Vĩnh Khoa, Hiếu Hiền, Phương Thanh, Linh Sơn, La Quốc Hùng, Kim Phương","Minh Thư, Minh Quân",Nguyễn Nam,Khánh Ly,,BHD,14 tháng 10 năm 2011,92 phút,Tiếng Việt,,Hơn 20 tỷ VND,,,,,,,,,,,,,,,,,"điện ảnh, tâm lý, tình cảm, xã hội",,,,,,,,"Vũ Ngọc Đãng, Lương Mạnh Hải",,"Vietnam Studio, Galaxy Studio, Hãng phim Phương Nam, Saiga Films, Saigon Movies Media, HKFilm",Việt Nam,,,,,,,,,,,,,,,,,,,,,,,,,,,,,,,,,,,,,,,,,,,,,,,,,,,,,,,,,,,,,,,,,,,,,,,,,,,,,,,,,,,,,,,,,,,,,,,,,,,,,,,,,,,,,,,,,,,,,,,,,,,,,,,,,,,,,,,,,,,,,,,,,,,,,,,,,,,,,,,,,,,,
Kiều (phim),film,,,,,,,,,,,,,,,,,,,,,,,,,,,,,,,,,,,Kiều,,Mai Thu Huyền,Mai Thu Huyền,,,* Trình Mỹ Duyên * Cao Thái Hà * Lê Anh Huy * Lê Khanh * Phương Thanh * Hiếu Hiền * Long Đẹp Trai * Lê Thu An,Huy Tuấn,,,Tincom Media,* Tincom Media * Galaxy Studio,"df=yes, 2021, 4, 9, Việt Nam",90 phút,Tiếng Việt,30 tỷ VNĐ,"2,7 tỷ VNĐ",2021,4,9,Việt Nam,,,,,,,,,,,,,"cổ trang, điện ảnh, truyền hình",,,,,,,,,Phi Tiến Sơn,,Việt Nam,,,,,,,,,,,,,,,,,,,,,,,,,,,,,,,,,,,,,,,,,,,,,,,,,,,,''Truyện Kiều'' của Nguyễn Du,,,,,,,,,,,,,,,,,,,,,,yes,,,,,,,Áp phích phim,,,,,,,,,,,,,,,,,,,,,,,,,,,,,,,,,,,,,,,,,,,,,,,,,,,,,,,,,,,,,,,,,,,,,,,,,,,,,,,,,,,
Kính vạn hoa (phim truyền hình),film,,,,,,,,,,,,,,,,,,,,,,,,,,,,,,,,,,,Kính vạn hoa,Cảnh tiêu đề của bộ phim với phông nền thiết kế theo tầm nhìn trong kính vạn hoa.,"Nguyễn Minh Chung, Đỗ Phú Hải",Nguyễn Việt Hùng,,,"Ngọc Trai, Vũ Long, Anh Đào, Kim Anh",Tuấn Khanh,Đào Anh Dũng,Thanh Sơn,Hãng phim Truyền hình Thành phố Hồ Chí Minh,Hãng phim Phương Nam (VCD và DVD),"7 tháng 6 2005 - 10 tháng 6 2005 (phần 1, từ tập 1-10), 5 tháng 7 năm 2006 - 4 tháng 9 năm 2006 (phần 2, từ tập 11-20), 8 tháng 7 năm 2008 - 8 tháng 9 năm 2008 (phần 3, từ 21-28)","50 phút x 28 tập (không bao gồm quảng cáo, tổng 3 phần)",Tiếng Việt,,,,,,,,,,,,,,,,,,,truyền hình,,,,,,,,,Nguyễn Nhật Ánh,,Việt Nam,,tt10097984,,,,,,,,,,,,,,,,,,,,,,,,,,,,,,,,,,,,,,,,,,,,,,,,,,Bộ truyện ''Kính vạn hoa'' của Nguyễn Nhật Ánh,,,,,,,,,,,,,,,,,,,260px,,,,,,,,,,,,,,,,,,,,,,,,,,,,,,,,,,,,,,,,,,,,,,,,,,,,34 (3 phần),,,,,,,,,,,,,,,,,,,,,,,,,,,,,,,,,,,,,,,,,
Chàng trai năm ấy,film,,,,,,,,,,,,,,,,,,,,,,,,,,,,,,,,,,,Chàng trai năm ấy,,Nguyễn Quang Huy,*Nguyễn Quang Huy *Đinh Thị Thanh Hương,,,*Sơn Tùng M-TP *Hari Won *Ngô Kiến Huy *Phạm Quỳnh Anh *Hứa Vĩ Văn,Nguyễn Hà,Trang Công Minh,*Ngô Phước Trường *Nguyễn Quang Huy,,"Galaxy Studio, WePro Entertainment","2014, 12, 31, Việt Nam",114 phút,tiếng Việt,10 tỷ VNĐ,60 tỷ VND,2014,12,31,Việt Nam,,,,,,,,,,,,,âm nhạc,,,,,,,,,*Nguyễn Quang Huy *Nhật Bành *Vũ Ngọc Phượng,"Galaxy ME, WePro Entertainment",25px Việt Nam,,,,,,,,,,,,,,,,,,,Áp phích phim tại các rạp.,,,,,,,,,,,,,,,,,,,,,,,,,,,,,,,,,"Cuốn tự truyện ''Bắt đầu từ một kết thúc'', Lý Minh Tùng",,,,,,,,,,,,,,,,,,,260px,,,,,,,,,,,,,,,,,,,,,,,,,,,,,,,,,,,,,,,,,,,,,,,,,,,,,,,,,,,,,,,,,,,,,,,,,,,,,,,,,,,,,,,,,,,,,
Em là bà nội của anh,film,,,,,,,,,,,,,,,,,,,,,,,,,,,,,,,,,,,Em là bà nội của anh,Áp phích quảng bá phim.,Phan Gia Nhật Linh,"Nguyễn Quang Dũng, Vũ Quỳnh Hà, Trần Thu Hiền",,,"Miu Lê, Ngô Kiến Huy, Hứa Vĩ Văn, NSND Thanh Nam, NSND Minh Đức, Hari Won",Trần Hữu Tuấn Bách,Diệp Thế Vinh,"Andy Nguyễn, Quyền Ngô",,CJ CGV,"2015, 12, 11","127 phút, 137 phút (phiên bản Tết)",Tiếng Việt,,102 tỷ VND,2015,12,11,,,,,,,,,,,,,,"điện ảnh, hài, tâm lý, xã hội",,,,,,,,,"Phan Gia Nhật Linh, Nguyễn Thái Hà","CJ Entertainment, HKFilm",25px Việt Nam,,5265702,,,,,,,,,,,,,,,,,,,,,,,,,,,,,,,,,,,,,,,,,,,,,,,,,,''Miss Granny'',,,,,,,,,,,,,,,,,,,200px,,,,,,,,,,,,,,,,,,,,,,,,,,,,,,,,,,,,,,,,,,,,,,,,,,,,,,{},,,,,,,,,,,,,,,,,,,,,,,,,,,,,,,,,,,,,,,
"Yêu đi, đừng sợ!",film,,,,,,,,,,,,,,,,,,,,,,,,,,,,,,,,,,,"Yêu đi, đừng sợ!",,Stephane Gauger,"Choi Yuno, Nguyễn Quang Dũng, Vũ Quỳnh Hà","Stephane Gauger, Nguyễn Thái Hà",,Nhã Phương * Ngô Kiến Huy * Kiều Minh Tuấn * Ái Phương * Puka * Cao Thái Hà,Timo Chen,Dominic Pereira,,"CJ Entertainment, HK Film",,"25 tháng 8, 2017",,Tiếng Việt,,28 tỷ VNĐ,,,,,,,,,,,,,,,,,"hài, kinh dị, lãng mạn",,,,,,,,,,,Việt Nam,,,,,,,,,,,,,,,,,,,,,,,,,,,,,,,,,,,,,,,,,,,,,,,,,,,,''오싹한 연애'' kịch bản gốc: Hwang In-Ho,,,,,,,,,,,,,,,,,,,,,,,,,,,,,,,,,,,,,,,,,,,,,,,,,,,,,,,,,,,,,,,,,,,,,,,,,,,,,,,,,,,,,,,,,,,,,,,,,,,,,,,,,,,,,,,,
Chị trợ lý của anh,film,,,,,,,,,,,,,,,,,,,,,,,,,,,,,,,,,,,,Hình quảng bá phim,Mỹ Tâm (lấy nghệ danh Mira Dương),MT Entertainment,,,"Mỹ Tâm, Mai Tài Phến, Quỳnh Chi, Quốc Bảo, Hữu Châu, Quang Trung","Khắc Hưng, Mỹ Tâm",,,,"MT Entertainment, Ngân Hà Media",4 tháng 1 năm 2019,113 phút,Tiếng Việt,17 tỷ đồng,70 tỷ đồng,,,,,,,,,,,,,,,,,"âm nhạc, chính kịch, hài, tình cảm",,,,,,,,,Mỹ Tâm,,Việt Nam,{},{},,,,,,,,,,,,,,,,,,,,,,,,,,,,,,,,,,,,,,,,,,,,,,,,,,,,,,,,,,,,,,,,,,,,,220px,,,,,,,,,,,,,,,,,,,,,,,,,,,,,,,,,,,,,,,,,,,,,,,,,,,,,,{},,,,,,,,,,,,,,,,,,,,,,,,,,,,,,,,,,,,,,,
Em là của em,film,,,,,,,,,,,,,,,,,,,,,,,,,,,,,,,,,,,Em là của em,,Lê Thiện Viễn,"Lý Minh Thắng , Lê Đào Thy",,,"Ngô Kiến Huy , Maya , Hứa Vĩ Văn , Đại Nghĩa , Lê Giang , Khả Như , Hoàng Phi","Trịnh Thăng Bình (Giám đốc, Nhạc Sĩ Sáng Tác Ca Khúc) Duy Trần (Nhạc Sĩ Soạn Nhạc Phim, Sản Xuất Ca Khúc) XAN (Sản Xuất Ca Khúc) Lynk Nguyễn (Kỹ Sư Âm Thanh)",,,,,8 tháng 1 năm 2021,97 phút,Tiếng Việt,17 tỷ đồng,"15,7 tỷ VNĐ",,,,,,,,,,,,,,,,,,,,,,,,,,Trần Khánh Hoàng,"Lê Đào Media , V Pictures , BLE Entertainment , Y&K Entertainment , Mega GS",Việt Nam,,,,,,,,,,,,,,,,,,,,,,,,,,,,,,,,,,,,,,,,,,,,,,,,,,,,Tie A Yellow Ribbon,,,,,,,,,,,,,,,,,,,,,,,,,,,,,,,,,,,,,,,,,,,,,,,,,,,,,,,,,,,,,,,,,,,,,,,,,,,,,,,,,,,,,,,,,,,,,,,,,,,,,,,,,,,,,,,,
Sút,film,,,,,,,,,,,,,,,,,,,,,,,,,,,,,,,,,,,Sút,,Việt Max,"Tràn Thị Bích Ngọc, Martin Nguyễn","Việt Max, Trịnh Đan Phượng, Saubah Swamy",,"Hà Hiền, Thành Phạm, Gin Tuấn Kiệt, Nhung Kate, Tùng Min","Christopher Wong, Garrett Crosby, Ian Rees",Bob Nguyễn,Nguyễn Thiên Ân,Early Risers Media Group,BHD,25 tháng 11 năm 2016,97 phút,Tiếng Việt,,,,,,,,,,,,,,,,,,,,,,,,,,,,,,,,,,,,,,,,,,,,,,,,,,,,,,,,,,,,,,,,,,,,,,,,,,,,,,,,,,,,,,,,,,,,,,,,,,,,,250px,,,,,,,,,,Áp phích của phim,,,,,,,,,,,,,,,,,,,,,,,,,,,,,,,,,,,,,,,,,,,,,,,,,,,,,,,,,,,,,,,,,,,,,,,,,,,,,,,,,,,
Ròm,film,,,,,,,,,,,,,,,,,,,,,,,,,,,,,,,,,,,,,Trần Thanh Huy,,,,,,,,,,,,Tiếng Việt,,,2020,12,11,Đài Loan,,,,,,,,,,,,,điện ảnh,,,,,,,,,,* CJ HK Entertainment * HKFilm * Red Ruby * East Films,Việt Nam,,,,,,,,,,,,,,,,,RÒM,RomflimVN.jpg,Áp phích phim chính thức,* Nguyễn Trinh Hoan * Nhật Tiên,Trần Thanh Huy,* Trần Anh Khoa * Nguyễn Phan Anh Tú * Wowy * Cát Phượng * Mai Thế Hiệp * Mai Trần * Thanh Tú * Thiên Kim * Đào Hải Triều,Tôn Thất An,"Nguyễn Vinh Phúc, Nguyễn Khắc Nhật",* Lee Chatemetikool * Trần Thanh Huy * Đạt Trần,CJ CGV,"df=yes, 2019, 10, 4, BIFFdf=yes, 2020, 9, 25, Việt Namdf=yes, 2020, 12, 11, Đài Loan",79 phút,"64,6 tỉ VNĐ (theo ''Box Office Vietnam''), 63 tỉ VNĐ (theo ''VnExpress''), 2,509 triệu USD (57,9 tỉ VNĐ) (theo ''Box Office Mojo'')",,,,,,,,,,,,,,,,,,,,,,,"''16:30'', Trần Thanh Huy",,,,,,,,,,,,,,,,,,,,,,yes,,,,,,,,,,,,,,,,,,,,,,,,,,,,,,,,,,,,,,,,,,,,,,,,,,,,collapsed,,,,,,,,,,,,,,,,,,,,,,,,,,,,,,,,,,,,,,
Hạnh phúc của mẹ,film,,,,,,,,,,,,,,,,,,,,,,,,,,,,,,,,,,,Hạnh phúc của mẹ,,Huỳnh Đông,,,,"Cát Phượng, Kiều Minh Tuấn",,,,,,2019-03-08,1 tiếng 27 phút,Việt Nam,,"4,1 tỷ VND",,,,,,,,,,,,,,,,,"điện ảnh, tâm lý, tình cảm, xã hội",,,,,,,,,"Nguyễn Thị Ngọc Bích, Lương Kim Liên",,Việt Nam,,tt9822862,,,,,,,,,,,,,,,,,,,,,,,,,,,,,,,,,,,,,,,,,,,,,,,,,,,,,,,,,,,,,,,,,,,,,,,,,,,,,,,,,,,,,,,,,,,,,,,,,,,,,,,,,,,,,,,,,,,,,,,,,,,,,,,,,,,,,,,,,,,,,,,,,,,,,,,,,,,,,,,,,,
Sắc đẹp và danh vọng,film,,,,,,,,,,,,,,,,,,,,,,,,,,,,,,,,,,,,,Lý Khắc Lynh,,,,,,,,,,,,tiếng Việt,,,,,,,,,,,,,,,,,,,truyền hình,,,,,,,,,,,Việt Nam,,,,,,,,,,,,,,,,,,"Sắc đẹp và danh vọng, tiêu đề phim.png",,,M&T Pictures,"Phan Như Thảo, Kim Tuyến",,,,,,45 phút/tập (không bao gồm quảng cáo),,,,,15 tháng 3 năm 2010,,,,,,Sắc đẹp và danh vọng,Phim truyền hình,,46,"M&T Pictures , TKL",HTV7,,28 tháng 6 năm 2010,,,,,,,,,,,,,,,,,,,,,,,,,,,,,,,,,,,,,,,,,,,,,,,,,,,,,,,,,,,,,,,,,,,,,,,,,,,,,,,,,Tiêu đề bộ phim,,,,,,,,,,,,,,,,,,,,,,,,,,,,,,,,,,,,,
Lật mặt (phim),film,,,,,,,,,,,,,,,,,,,,,,,,,,,,,,,,,,,Lật mặt,,Lý Hải,Lý Hải,,,* Lý Hải * Trường Giang * Lâm Minh Thắng * Kim Xuân * Việt Anh * Phi Phụng * Võ Thành Tâm * Hoàng Sơn * Tiết Cương * Long Đẹp Trai * Mỹ Hòa * Cát Phượng,,,,Lý Hải Production,,15 tháng 5 năm 2015,95 phút,Tiếng Việt,10 tỷ VNĐ,70 tỷ VNĐ,,,,,,,,,,,,,,,,,"điện ảnh, hài, hành động",,,,,,,,Lý Hải,,,Việt Nam,,,,,,,,,,,,,,,,,,,Áp phích phim,,,,,,,,,,,,,,,,,,,,,,,,,,,,,,,,,,,,,,,,,,,,,,,,,,,,,,,,,,,,,,,,,,Lật mặt 2: Phim trường,,,,,,,,,,,,,,,,,,,,,,,,,,,,,,,,,,,,,,,,,,,,,,,,,,,,,,,,,,,,,,,,,,,,,,,,,,,,,,,
"Sài Gòn, anh yêu em",film,,,,,,,,,,,,,,,,,,,,,,,,,,,,,,,,,,,"Sài Gòn, anh yêu em, Saigon, I Love You",,"Lý Minh Thắng ''(tổng đạo diễn)'', Huỳnh Lập, La Quốc Hùng","Lý Minh Thắng, Tài Đỗ, Võ Đỗ Minh Hoàng",,,"NSND Thanh Nam, NSND Ngọc Giàu, Johan Wicklund, Đoan Trang, Huy Khánh, Maya, Phi Phụng, Huỳnh Lập, Brian Trần, Cường Đinh","Đức Trí, Lê Anh Tú ''(âm thanh)''","Võ Thanh Tiền , Lê Hữu Hoàng Nam ''(giám đốc hình ảnh)''","Lê Thiện Viễn, Neo Vương",,CJ CGV,"2016, 10, 07",98 phút,Tiếng Việt,8 tỷ VND,,2016,10,07,,,,,,,,,,,,,,,,,,,,,,"Huyền Trân, Nhật Anh, Ngọc Bích ''(biên tập)''",,Liveon,25px Việt Nam,,,,,,,,,,,,,,,,,,,Áp phích quảng bá phim.,,,,,,,,,,,,,,,,,,,,,,,,,,,,,,,,,,,,,,,,,,,,,,,,,,,,270px,,,,,,,,,,,,,,,,,,,,,,,,,,,,,,,,,,,,,,,,,,,,,,,,,,,,,,,,,,,,,,,,,,,,,,,,,,,,,,,,,,,,,,,,,,,,,
Cô hầu gái,film,,,,,,,,,,,,,,,,,,,,,,,,,,,,,,,,,,,Cô hầu gái,,Derek Nguyen,Timothy Linh Bùi,Derek Nguyen,,*Nhung Kate *Jean Michel Richaud *Kim Xuân *Phi Phụng *Kiến An,Jerome Leroy,Sam P Chase,,"CJ Entertainment , HKFilm",CJ CGV,16 tháng 9 năm 2016,,"Tiếng Việt, Tiếng Anh",,"35,2 tỷ đồng",,,,,,,,,,,,,,,,,"điện ảnh, kinh dị",,,,,,,,,,,Việt Nam,,,,,,,,,,,,,,,,,,,,,,,,,,,,,,,,,,,,,,,,,,,,,,,,,,,,,,,,,,,,,,,,,,,,,,,,,,,,,,,,,,,,,,,,,,Áp phích chính thức của phim,,,,,,,,,,,,,,,,,,,,,,,,,,,,,,,,,,,,,,,,,,,,,,,,,,,,,,,,,,,,,,,,,,,,,,,,,,
"4 năm, 2 chàng, 1 tình yêu",film,,,,,,,,,,,,,,,,,,,,,,,,,,,,,,,,,,,,,Luk Vân,,,,,,,,,,,,Tiếng Việt,,,2016,11,4,Việt Nam,,,,,,,,,,,,,"điện ảnh, hài, tình cảm",,,,,,,,,,*CGV *Yeah1,Việt Nam,,,,,,,,,,,,,,,,,"4 năm, 2 chàng, 1 tình yêu","4 năm, 2 chàng, 1 tình yêu.jpg",Áp phích của phim.,*Nguyễn Tấn Trực *Phạm Hồng Hải Quân,Luk Vân,*Midu *Harry Lu *Anh Tú Atus *Ngọc Trai *Hải Triều *Lò Bảo Linh,Nguyễn Duy Anh,*Y Zell Bya *Tiến Vang *Nguyễn Thanh Sơn,*Minh Châu *Luk Vân,*CGV *Yeah1,"2016, 11, 4, Việt Nam",95 phút,22 tỷ VND (1 triệu USD),,,,,,,,,,,,,,,,,,260px,Midu,,,,,,,,,,,,,,,,,,,,,,,,,,,,,,,,,,,,,,,,,,,,,,,,,,,,,,,,,,,,,,,,,,,,,,,,,,,,,,,,,,,,,,,,,,,,,,,,,,,,,,,,,,,,,,,,,,,,
Cổ tích Việt Nam (phim),film,,,,,,,,,,,,,,,,,,,,,,,,,,,,,,,,,,,,,"Nguyễn Minh Chung, Lâm Lê Dũng, Phạm Ngọc Châu, Xuân Phước, Quách Khoa Nam",,,,,,,,,,,,Tiếng Việt,,,,,,,,,,,,,,,,,,,truyền hình,,,,,,,,,,,Việt Nam,,,,,,,,,,,,,,,,,,CTVN DVD NUOC MY 2-6.jpg,Bìa DVD 2 bản Cổ Tích Việt Nam phát hành lậu tại Mỹ.,Phan Thị Lệ,"Nguyễn Đông Thức, Nguyễn Đổng Chi (truyện)",,,"Lâm Lê Dũng, Vũ Quốc Hương",,"Hãng phim Phương Nam, Đài Phát thanh - Truyền hình Vĩnh Long",,30 phút/phần,,,,,1993,,,,,,Cổ tích Việt Nam,Phim màu,,,"Hãng phim Phương Nam, Cty TNHH Quảng cáo Tùng Hoa","SaoTV, HTV3, THVL",Việt Nam,2020,,,,,,,,,,,,Phan Thị Lệ,,,,,Việt Nam,DeepSkyBlue,,"Bảo Phúc, Nguyễn Ngọc Thiện, Trần Thanh Tùng, Duy Thoán, Việt Hùng",,,,''Thế giới cổ tích'' (2013),,,,,,,,Lưu Nguyễn,"VHS (1993-1999), VCD, DVD (2000-2008), HD (2016-2020)",,,,,,,,,,,,,,,,,,,,,,,,,,,,,,,,,,,,,,,,,,,,,,,,,"Tiến sĩ Tô Thị Ánh, Tuyết Mai , Nguyễn Dzoãn Cẩm Vân, Thy Mai",Dựa theo truyện cổ Việt Nam,,,,,,,,,,,,,,,,,,,,,,,,,,,,,,,,,,,
Tiệm bánh Hoàng tử bé,film,,,,,,,,,,,,,,,,,,,,,,,,,,,,,,,,,,,,,Văn Công Viễn,,,,,,,,,,,,Tiếng Việt,,,,,,,,,,,,,,,,,,,,,,,,,,,,,,Việt Nam,,,,,,,,,,,,,,,,,,Tiệm bánh Hoàng tử bé 1.jpg,Áp phích của phim.,Lê Thị Kiều Nhi,"Bảo Nhân, Hoàng Hằng, 3T Group","Ngọc Thảo, Phương Bella, Kelbin Lei, Văn Anh Duy, Âu Thành Cát, Đại Nghĩa, Hạnh Thúy, Xuân Lan, Phi Phụng, Diễm Châu, Thái Quốc",,"Khoa Nam, Hoài Nam",,,,10 phút/tập,,,,,14 tháng 1 năm 2013,,,,,,Tiệm bánh Hoàng tử bé,Phim truyền hình,,252,,"VTV9, HTV3",Việt Nam,,,,,,,,,,,,,,,,,,"Thành phố Hồ Chí Minh, Việt Nam",Cyan,,,Tiramisu Here We Are,"Hahaha, Cho anh được yêu",,Tiệm bánh Hoàng tử bé 2,,,,,,,,,,,,,,,,,,,,,,,,,"Tăng Nhật Tuệ, Nguyễn Đức Cường, Đại Nhân, Thăng Long",,,,,,,,,,,,,,,,,,,,,,,,,,,,,,,,,,,,,,,,,,,,,,,,,,,,,,,,,,,,,,,,,,,,,
Tiệm bánh Hoàng tử bé 2,film,,,,,,,,,,,,,,,,,,,,,,,,,,,,,,,,,,,,,Văn Công Viễn,,,,,,,,,,,,Tiếng Việt,,,,,,,,,,,,,,,,,,,truyền hình,,,,,,,,,,,Việt Nam,,,,,,,,,,,,,,,,,,Tiệm bánh Hoàng tử bé 2.jpg,Áp phích của phim.,,"Bảo Nhân, Ngô Đại Hải, Hoàng Hằng","Ngọc Thảo, Lê Hạ Anh, MLee, TyhD, Đại Nghĩa, Hạnh Thúy, Xuân Lan, Phi Phụng, Diễm Châu, Thái Quốc",,"Khoa Nam, Hoàng Nam",,,,10 phút/tập,,,,,2 tháng 1 năm 2014,,,,,,Tiệm bánh Hoàng tử bé 2,Phim truyền hình,,100,,VTV9,Việt Nam,,,,,,,,,,,,,,,,Lê Thị Kiều Nhi,,"Thành phố Hồ Chí Minh, Việt Nam",Cyan,,,Tiramisu Here We Are,Những cô nàng xinh đẹp,Tiệm bánh Hoàng tử bé,,,,,,,,,,,,,,,,,,,,,,,,,,"Tăng Nhật Tuệ, Đại Nhân, Thăng Long",,,,,,,,,,,,,,,,,,,,,,,,,,,,,,,,,,,,,,,,,,,,,,,,,,,,,,,,,,,,,,,,,,,,,
Gia đình là số 1 (phim truyền hình 2017),film,,,,,,,,,,,,,,,,,,,,,,,,,,,,,,,,,,,,,"Nguyễn Hồng Chi, Nhật Trung",,,,,,,,,,,,Tiếng Việt,,,,,,,,,,,,,,,,,,,"chính kịch, gia đình, hài, truyền hình",,,,,,,,,,,Việt Nam,,,,,,,,,,,,,,,,,,,Bìa quảng cáo chính thức,,"Diệu Như Trang, Trần Thị Hồng Thơ, Nguyễn Đức Cảnh, Nguyễn Thị Hà Thanh, Đinh Hoàng Yến, Nguyễn Thị Anh Đào, Huỳnh Anh Thư","NSƯT Việt Anh, Phi Phụng, Tiến Luật, Thu Trang, Quang Tuấn, Phát La, Gin Tuấn Kiệt, Diệu Nhi, Sam, Thiên Nga, Anh Tú Atus",,,,,,53 phút / tập,,,,,"2017, 1, 16",,,,,,Gia đình là số 1,Phim truyền hình nhiều tập,,248 (mùa 1); 173 (mùa 2); 98 (mùa 3),"Công ty giải trí & truyền thông Điền Quân, Ban khai thác phim truyền hình - Đài Truyền hình Thành phố Hồ Chí Minh",HTV7,Việt Nam,en,,,,,,,,,,,,,,3,,,"Thành phố Hồ Chí Minh, Việt Nam",,,,,,,,,,,,,,,,1080i,,,,,,,,,,,,,,,,,,,,,,,,,,,,,,,,,,,,,,Dolby Digital 2.0,,,,,,,,,,,,,,,,,,,,,,,,,,,,,,,,,,,,,,,,,,,,,,,
Ai chết giơ tay,film,,,,,,,,,,,,,,,,,,,,,,,,,,,,,,,,,,,,,"* Phần đầu tiên: Huỳnh Lập, * Tiền truyện, bản điện ảnh: Lý Minh Thắng, Huỳnh Lập",,,,,,,,,,,,Tiếng Việt,,,,,,,,,,,,,,,,,,,"điện ảnh, tâm lý",,,,,,,,,,,Việt Nam,,,,,,,,,,,,,,,,,Ai Chết Giơ Tay,"Áp phích Kẻ Độc Hành, Ai Chết Giơ Tay.jpg",Áp phích phần phim mới nhất Kẻ Độc Hành - Ai chết giơ tay tiền truyện.,,Huỳnh Lập,"Huỳnh Lập, Puka, Hồng Vân, Quốc Khánh, Lâm Vỹ Dạ, Đại Nghĩa",,,,,,* Phần 1: 23-35 phút * Phần 2 (Điện ảnh): 117 phút * Tiền truyện: 40-51 phút,,,,Netflix,"* Phần 1 (web drama): 17 tháng 5 năm 2018, * Phần 2 (Bản điện ảnh): 8 tháng 11 năm 2019 * Tiền truyện: 28 tháng 10 năm 2022",,,,,,,,,"* Phần 1: 8 tập, * Bản điện ảnh * Phần tiền truyện: 8 tập",,,27 quốc gia Châu Á,,,,,Huỳnh Lập,,,,,,,,,,,,,,,,,,,,,,,,,,,,,4K,,,,,,,,,,,,,,,,,,,,,,,,,,,,"3 (web drama, bản điện ảnh và tiền truyện)",,,,,,,,,,,,,,,,,,,,,,,,,,,,,,,,,,,,,,,,,,,,,,,,,,,,,,,,,
Gieo gió,film,,,,,,,,,,,,,,,,,,,,,,,,,,,,,,,,,,,,,Trần Hà Sơn,,,,,,,,,,,,tiếng Việt,,,,,,,,,,,,,,,,,,,truyền hình,,,,,,,,,,,Việt Nam,,,,,,,,,,,,,,,,,,,,,Nguyễn Thị Kim Loan,"Hứa Vĩ Văn, Nhật Kim Anh, Thành Được, Quốc Cường, Chung Thục Quyên",,,,,,45 phút/tập (không bao gồm quảng cáo),,,,,27 tháng 6 năm 2011,,,,,,Gieo gió,Phim truyền hình,,30,"M&T Pictures , TKL",HTV7,Việt Nam,31 tháng 8 năm 2011,,,,,,,,,,,,,,,,,,,,,,,,,,,,,,,,,,,,,,,,,,,,,,,,,,,,,,,,,,,,,,,,,,,,,,,,,,,,,,,,,,,,,,,,,,,,,,,,,,,,,,,,,,,,,,,,,,,,,,
Sao đổi ngôi (phim truyền hình Việt Nam),film,,,,,,,,,,,,,,,,,,,,,,,,,,,,,,,,,,,,,Lê Lộc,,,,,,,,,,,,tiếng Việt,,,,,,,,,,,,,,,,,,,"chính kịch, truyền hình",,,,,,,,,,,Việt Nam,,,,,,,,,,,,,,,,,,,,,"Đỗ Tài, Minh Nghĩa","Nhan Phúc Vinh, Tâm Tít, Thúy Ngân, Đoàn Thanh Tài",,,,,,45 phút/tập (không bao gồm quảng cáo),,,,,12 tháng 9 năm 2012,,,,,,Sao đổi ngôi,Phim truyền hình,,31,"M&T Pictures , TKL",HTV7,Việt Nam,21 tháng 11 năm 2012,,,,,,,,,,,,,,,,,,,,,,,,,,,,,,,,,,,,,,,,,,,,,,,,,,,,,,,,,,,,,,,,,,,,,,,,,,,,,,,,,,,,,,,,,,,,,,,,,,,,,,,,,,,,,,,,,,,,,,
Nữ bác sĩ,film,,,,,,,,,,,,,,,,,,,,,,,,,,,,,,,,,,,,,Song Chi,,,,,,,,,,,,tiếng Việt,,,,,,,,,,,,,,,,,,,truyền hình,,,,,,,,,,,Việt Nam,,,,,,,,,,,,,,,,,,,,,Đặng Thanh Bình,"Xuân Hòa, Đinh Y Nhung, Lục Diệp, Quý Bình",,,,,,45 phút/tập (không bao gồm quảng cáo),,,,,21 tháng 10 năm 2007,,,,,,Nữ bác sĩ,Phim truyền hình,,18,"Hãng phim Truyền hình Thành phố Hồ Chí Minh, Đài Truyền hình Thành phố Hồ Chí Minh",HTV9,,27 tháng 11 năm 2007,,,,,,,,,,,,,,,,,,,,,,,,,,,,,,,,,,,,,,,,,,,,,,,,,,,,,,,,,,,,,,Bệnh viện Từ Dũ,,,,,,,,,,,,,,,,,,,,,,,,,,,,,,,,,,,,,,,,,,,,,,,,,,,,,,,,
Những đứa con biệt động Sài Gòn,film,,,,,,,,,,,,,,,,,,,,,,,,,,,,,,,,,,,,,"NSƯT Khương Đức Thuận, Đặng Minh Quang (phần 1), Đỗ Chí Hướng (phần 2), Kiển Châu (Chỉ đạo nghệ thuật)",,,,,,,,,,,,tiếng Việt,,,,,,,,,,,,,,,,,,,truyền hình,,,,,,,,,,,Việt Nam,,,,,,,,,,,,,,,,,,,,,"Long Vân, Nguyễn Xuân Hải (phần 1), Bùi Duy Khánh (phần 2)","NSƯT Khương Đức Thuận, Bá Cường, Ngọc Hùng",,,,,,45 phút/tập (không bao gồm quảng cáo),,,,"THVL1, HTV7","28 tháng 3 năm 2011 – 11 tháng 5 năm 2011 (phần 1), 26 tháng 5 năm 2014 – 13 tháng 7 năm 2014 (phần 2)",,,,,,Những đứa con biệt động Sài Gòn,Phim truyền hình,,"39 (phần 1), 35 (phần 2)","Hãng phim Long Vân Công ty Cổ phần Dịch vụ Truyền thông Hòa Bình, Giám đốc sản xuất: Kiển Châu",,,,,,,,,,,,,,,,,2,,,,,,,,,,,,,,,,,,,,,,,,,,,,,,,,,,'''Không chùn bước''',,,,,,blue,,,,,,,,,,,,,,,,,,,,,,,,,,,,,,,,,,,,,,,,,,,,,,,,,,,,,,,,,,,,,,,,
Váy hồng tầng 24,film,,,,,,,,,,,,,,,,,,,,,,,,,,,,,,,,,,,,,Nguyễn Minh Chung,,,,,,,,,,,,tiếng Việt,,,,,,,,,,,,,,,,,,,"chính kịch, truyền hình",,,,,,,,,,,Việt Nam,,,,,,,,,,,,,,,,,,Váy hồng tầng 24.jpg,,,Thái Hà,"Diễm My 9x, Huy Khánh, Ammy Minh Khuê, Hứa Vĩ Văn, Kim Hiền, Chi Bảo, Khánh My, Quốc Trường, Kyo York, Huỳnh Long",,,,,,40 phút/tập (không bao gồm quảng cáo),,,,,9 tháng 7 năm 2013,,,,,,,Phim truyền hình,"''Unbeatable 1'' (Trung Quốc, 2010)",30,BHD,VTV3,,16 tháng 9 năm 2013,200,,,,,,,,,,,,,,,,,,,,,,Bí mật tam giác vàng,Khi yêu đừng hỏi tại sao,,,,,,,,,,,,,,,,,,,,,,,,,,,,,,,,,,,,,,,,,,,,,,,,,,,,,,,,,,,,,,,,,,,,,,,,,,,,,,,,,,,,,,,,,,,,,,
Người cộng sự,film,,,,,,,,,,,,,,,,,,,,,,,,,,,,,,,,,,,,,"NSƯT Phạm Thanh Phong, Jun Moto",,,,,,,,,,,,"Tiếng Việt, Tiếng Nhật",,,,,,,,,,,,,,,,,,,"điện ảnh, truyền hình",,,,,,,,,,,Việt Nam,,,,,,,,,,,,,,,,,,Người cộng sự.jpg,,,Junichiro Taniguchi,"Huỳnh Đông, Higashiyama Noriyuki, Bình Minh, Takei Emi, Lan Phương, Hồng Đăng",,NSƯT Nguyễn Mai Hiền,,,,120 phút,,,,,29 tháng 9 năm 2013,,,,,,"Người cộng sự, (The Partner 〜愛しき百年の友へ〜)",Điện ảnh truyền hình,,,"Trung tâm Phim truyền hình Việt Nam, Đài Truyền hình Việt Nam, TBS, Nhật Bản","VTV1, TBS",,,,,,,,,,,,,,,,,,,,PaleGreen,,,,,,,,,,,,,,,,,,,,,,,,,,,,,,,,,,,,,,,,,,,,,,,,,,,,,,,,,,,,,,,,,,,,,,,,,,,,,,,,,,,,,,,,,,,,,,,,,,,,
"Mẹ ơi, bố đâu rồi?",film,,,,,,,,,,,,,,,,,,,,,,,,,,,,,,,,,,,,,Bùi Tiến Huy,,,,"Hoàng Sơn, Lê Khanh, Quỳnh Kool, Lê Na, Diễm Hằng, Quang Thắng",,,,,,,25-30 phút/tập (có bao gồm quảng cáo),tiếng Việt,,,,,,,,,,,,,,,,,,,"chính kịch, hài, truyền hình",,,,,,,,,,,Việt Nam,,,,,,,,,,,,,,,,,,,,,,,,,,,,,,,"Trung tâm Phim truyền hình Việt Nam, Đài Truyền hình Việt Nam",,,,,VTV3,5 tháng 11 năm 2018,15 tháng 1 năm 2019,,,,,,,,,235px,,,,,Last Man Standing (2011-2021),,,,,,,,,,,,,,,,,Xin chào hạnh phúc - Mùa 2,Mối tình đầu của tôi,,,,,,,,,,,,,,,,,,,,,,,,,,,,,,,,,,,,,,,,,,,,,,,,,,,,,,Vũ Trung Kiên,,,,,,,,,,,,,,,,,,,,,,,,,,,,,,,,,,,,,,,,
Nàng dâu order,film,,,,,,,,,,,,,,,,,,,,,,,,,,,,,,,,,,,,,Bùi Quốc Việt,,,,"Phương Oanh, Lan Phương, Thanh Sơn, Minh Vượng, Trọng Trinh, Đình Tú, Thanh Hương, Quỳnh Kool",,,,,,,45 phút/tập (không bao gồm quảng cáo),tiếng Việt,,,,,,,,,,,,,,,,,,,truyền hình,,,,,,,,,Lê Huyền,,Việt Nam,,,,,,,,,,,,,,,,,,,,,,,,,,,,,,Phim truyền hình,"Trung tâm Phim truyền hình Việt Nam, Đài Truyền hình Việt Nam",,,30,,VTV3,8 tháng 4 năm 2019,16 tháng 7 năm 2019,,,,,,,,,,,,,,,,,,,,,,,,,,,,,,,Chạy trốn thanh xuân,Bán chồng,,,,,,,,,,,,,,,,,Nàng dâu order,,,,,,,,,,,,,,,,,,,,,,,,,,,,,,,,,,,,,,,,,,,,,,,,,,,,,,,,,,,,,,,,,,,,,,,,,,,,,
Thương ngày nắng về,film,,,,,,,,,,,,,,,,,,,,,,,,,,,,,,,,,,,Thương ngày nắng về,,"Bùi Tiến Huy, Vũ Trường Khoa",,,,"Thanh Quý, Minh Hòa, Bá Anh, Lan Hương, Trung Anh, Lan Phương, Phan Minh Huyền, Hồng Đăng, Đình Tú, Doãn Quốc Đam, Nguyễn Ngọc Huyền",,,,,,,45 – 50 phút/tập (không bao gồm quảng cáo),tiếng Việt,,,,,,,,,,,,,,,,,,,"chính kịch, truyền hình",,,,,,,,,,,Việt Nam,,,,,,,,,,,,,,,,,,Áp phích phim Thương ngày nắng về.jpg,,,"Thu Thủy, Thùy Dương, Nguyễn Nhiệm, Lương Ly, Đỗ Lê",,Nguyễn Xuân Phương,Nghiêm Bá Hoài,,,,,,Phim truyền hình,,,,"33 (phần 1), 54 (phần 2)",,VTV3,15 tháng 11 năm 2021 – 26 tháng 1 năm 2022 (phần 1)4 tháng 4 năm 2022 – 3 tháng 8 năm 2022 (phần 2),,,,''Con gái của mẹ'',,"Trung tâm Phim truyền hình Việt Nam, Đài Truyền hình Việt Nam",,,,,,,,,,,,,,,,,2,,,,,,,,,"11 tháng 5 ngày, Lối về miền hoa",Gara hạnh phúc,,,,,,,,,,,,,,,,,,,,,,,,'''''Con yêu của mẹ''''',,,,,,,,,,,,,,,,,,,,,,,,,,,,,,,,,,,,,,,,,,,,,,,,,,,,,,,,,,,,,,,,,,,,,,
Gia đình mình vui bất thình lình,film,,,,,,,,,,,,,,,,,,,,,,,,,,,,,,,,,,,Gia đình mình vui bất thình lình,,"Nguyễn Đức Hiếu, Lê Đỗ Ngọc Linh",,,,,,,,,,,45 - 50 phút/tập (không bao gồm quảng cáo),Tiếng Việt,,,,,,,,,,,,,,,,,,,"gia đình, truyền hình",,,,,,,,,,,Việt Nam,,,,,,,,,,,,,,,,,,GDMVBTL.jpg,,,"Lại Phương Thảo, Ngô Thị Như Trang, Tiết Kim Oanh, Mai Búp","Bùi Bài Bình, Lan Hương, Quang Sự, Kiều Anh, Lan Phương, Doãn Quốc Đam, Thanh Sơn, Khả Ngân","""Tìm về""",,,,,,,Phim truyền hình,,,,56,,VTV3,9 tháng 3 năm 2023,15 tháng 9 năm 2023,,,,,"Trung tâm Phim truyền hình Việt Nam, Đài Truyền hình Việt Nam",,,,,,,,,,,,,,,,,,,,,,,,,,Đừng làm mẹ cáu,"Không ngại cưới, chỉ cần một lý do",,,,,,,,,,,,,,,,,,,,,,,,'''Nhà có ba nàng dâu''',,,,,,,,,,,,,,,,,,,,,,,,,,,,,,,,,,,,,,,,,,,,,,,,,,,,,,,,,,,,,,,,,,,,,,
Tết ở làng địa ngục,film,,,,,,,,,,,,,,,,,,,,,,,,,,,,,,,,,,,,,Trần Hữu Tấn,,,,,,,,,,,,Tiếng Việt,,,,,,,,,,,,,,,,,,,"cổ trang, kinh dị, truyền hình",,,,,,,,,"Đào Diệu Loan, Thảo Trang",,Việt Nam,,,,,,,,,,,,,,,,,Tết ở làng địa ngục,Poster of series Hellbound village by K+.jpg.png,Áp phích phim,Hoàng Quân,,"Vũ Hoàng Đức , Quang Tuấn, NSUT Phú Đôn, Võ Tấn Phát, Nguyên Thảo, NSƯT Văn Báu, Huỳnh Như Đan, Hải Nam, NSƯT Hạnh Thúy, Đình Khang, NSND Ngọc Thư, Lan Phương, Viết Liên, NSƯT Chiều Xuân, Thiên Tú, NSUT Minh Tuấn, Lương Ngọc Dung, Thanh Chi, Bùi Quỳnh Như, Mạnh Toàn, Hoàng Thoa, Lê Lan Anh",Trần Đức Quang,,,,,45 phút/tập,,,,"K+, Netflix",,,,,,,,,,12,"ProductionQ - Creative House, K+ORIGINAL",,,,,,,,,"''Tết ở làng địa ngục'', Thảo Trang",,,,,,,,,,,,,,,,,,,,,,,,,,,,,,,,,,,,,,,,,,,,,,,,,,,,,,,2,,,,,,,,,,,,,,,,,,,,,,,12,Kẻ sống sót,28 tháng 11 năm 2023,"Khi tai họa ập xuống ngôi làng, Thập và Tam đến đó để đương đầu với nguyên nhân dẫn đến những án mạng liên tiếp và sự hủy diệt một lần cuối cùng.",,,,,,,,,,,,,,,,,,,,,,,,,,,,,,,
Sóng tình (phim truyền hình),film,,,,,,,,,,,,,,,,,,,,,,,,,,,,,,,,,,,,,Xuân Cường,,,,,,,,,,,,tiếng Việt,,,,,,,,,,,,,,,,,,,truyền hình,,,,,,,,,,,Việt Nam,,,,,,,,,,,,,,,,,,,,,Hoàng Chiêu Quân,"Ngân Khánh, Thành Đạt",,,,,,45 phút/tập (không bao gồm quảng cáo),,,,,20 tháng 3 năm 2009,,,,,,Sóng tình,Phim truyền hình,,30,Công ty Sóng Vàng,HTV9,,9 tháng 5 năm 2009,,,,,,,,,,,,,,,,,,,,,,,,,,,,,,,,,,,,,,,,,,,,,,,,,,,,,,,,,,,,,,,,,,,,,,,,,,,,,,,,,,,,,,,,,,,,,,,,,,,,,,,,,,,,,,,,,,,,,,
Chị chị em em 2,film,,,,,,,,,,,,,,,,,,,,,,,,,,,,,,,,,,,Chị chị em em 2,Áp phích chính thức của phim,Vũ Ngọc Đãng,"Will Vũ, Đoàn Di Băng",,,"Minh Hằng, Ngọc Trinh, Lê Giang, NSƯT Kim Phương, Ngọc Nga, Lê Trang, Cao Thiên Trang, Trà Ngọc, Kim Thư, Huy Anh",Trần Hữu Tuấn Bách,,,"Muse Film, Galaxy Play",CJ CGV,"2023, 1, 22",115 phút,Tiếng Việt,,"121,1 tỷ VNĐ",2023,1,22,,,,,,,,,,,,,,"chính kịch, điện ảnh, hài",,,,,,,,,,,Việt Nam,,,,,,,,,,,,,,,,,,,,,,,,,,,,,,,,,,,,,,,,,,,,,,,,,,,,Dựa trên giai thoại mỹ nhân Ba Trà & Tư Nhị,,,,,,,,,,,,,,,,,,,,,,,,,,,,,,,,,,,,,,,,,,,,,,,,,,,,,,,,,,,,,,,,,,,,,,,,,,,,,,,,,,,,,,,,,,,,,,,,,,,,,,,,,,,,,,,,
Gặp lại chị bầu,film,,,,,,,,,,,,,,,,,,,,,,,,,,,,,,,,,,,Gặp lại chị bầu,Áp phích chiếu rạp của phim,Đoàn Nhất Trung,,,,* Diệu Nhi * Anh Tú Atus * Lê Giang * Vũ Quốc Khánh * Ngọc Phước,Chị Mẹ,,,,,"2024, 2, 10, Việt Nam",114 phút,Tiếng Việt,,"92,7 tỷ VND",2024,2,10,Việt Nam,,,,,,,,,,,,,"chính kịch, điện ảnh, hài",,,,,,,,,,,Việt Nam,,,,,,,,,,,,,,,,,,,,,,,,,,,,,,,,,,,,,,,,,,,,,,,,,,,,,,,,,,,,,,,,,,,,,,,,,,,,,,,,,,,,,,,,,,,,,,,,,,,,,,,,,,,,,,,,,,,,,,,,,,,,,,,,,,,,,,,,,,,,,,,,,,,,,,,,,,,,,,,,,,,,
Cha rơi,film,,,,,,,,,,,,,,,,,,,,,,,,,,,,,,,,,,,Cha rơi,,Nguyễn Phương Điền,,,,"Thái Hòa, NSƯT Thành Lộc, NSƯT Thanh Nam, Thanh Hằng, Huỳnh Đông, Ngọc Lan, Hoàng Oanh, Hoài Lâm, Thành Đạt, Chấn Cường",,,,,,,45 phút/tập (không bao gồm quảng cáo),Tiếng Việt,,,,,,,,,,,,,,,,,,,truyền hình,,,,,,,,,Nguyễn Quý Dũng,,Việt Nam,,,,,,,,,,,,,,,,,,,,,,,,,,,,,,,Công ty Sóng Vàng,,,37,,VTV9,16 tháng 9 năm 2014,5 tháng 11 năm 2014,,,,,,,,,,,,,,,,,,,,,,,,,,,,,,,,,,,,,,,,,,,,,,,,,,,,,,,,,,,,,,,,,,,,,,,,,,,,,,,,,,,,,,,,,,,,,,,,,,,,,,,,,,,,,,,,,,,,,,,,,,,,,,
Khúc hát mặt trời,film,,,,,,,,,,,,,,,,,,,,,,,,,,,,,,,,,,,,,Vũ Trường Khoa,,,,,,,,,,,,"Tiếng Việt, Tiếng Nhật",,,,,,,,,,,,,,,,,,,"chính kịch, hình sự, tâm lý, tình cảm, truyền hình, xã hội",,,,,,,,,"Đàm Vân Anh, Hoàng Hồng Hạnh, Đỗ Thủy Tiên",,Việt Nam,,,,,,,,,,,,,,,,,,Khuchatmattroi2016.jpeg,,,,"Nhã Phương, Quang Tuấn, Hoàng Oanh, Huỳnh Anh, Đinh Hương, Trọng Trinh, Thu Hà",,"Nghiêm Bá Hoài, Vũ Trung Kiên",,,,45 phút/tập (không bao gồm quảng cáo),,,,,25 tháng 11 năm 2015 – 18 tháng 2 năm 2016,,,,,,Khúc hát mặt trời,Phim truyền hình,A Song to the Sun,24,"Trung tâm Phim truyền hình Việt Nam, Đài Truyền hình Việt Nam, Đài truyền hình TBS",VTV3,,,,,,,,,,,,,,,,,,,,,,Lê Anh Dũng,,,"Dưới bóng cây hạnh phúc (VTV1), Cảnh sát hình sự: Câu hỏi số 5 (VTV3)","Nơi giấc mơ tìm về (VTV1), Những ngọn nến trong đêm 2 (VTV3)",,,,,,,,,,,,,,,,,,,,,,,,,,,,,,,,,,,,,,,,,,,,,,,,,,,,,,,,,,,,,,,,,,,,,,,,,,,,,,,,,,,,,,,,,,,,,,
Sông phố nhà ghe,film,,,,,,,,,,,,,,,,,,,,,,,,,,,,,,,,,,,,,Trần Ngọc Phong,,,,,,,,,,,,Tiếng Việt,,,,,,,,,,,,,,,,,,,truyền hình,,,,,,,,,,,Việt Nam,,,,,,,,,,,,,,,,,,Tập tin:Song pho nha ghe.jpg,,,"Huê Nam, Võ Thị Nhị Hà","Quý Bình, Lê Phương, Oanh Kiều, Quách Tĩnh, Ngân Quỳnh, Bella Mai",,,,,,45 phút/tập (không bao gồm quảng cáo),,,,,19 tháng 9 năm 2016,,,,,,Sông phố nhà ghe,Phim truyền hình,,35,"Global Star Cinema JSC, IMC",TodayTV,Việt Nam,8 tháng 11 năm 2016,,,,,,,,,,,,,,,,,,Pink,,,Còn thương sắc hoa chung tình,Còn thương sắc hoa chung tình,,,,,,,,,,,,,,,,,,,,,,,,,,,,,,,,,,,,,,,,,,,,,,,,,,,,,,,,,,,,,,,,,,,,,,,,,,,,,,,,,,,,,,,,,,,,,,,,
Kẻ ngược dòng,film,,,,,,,,,,,,,,,,,,,,,,,,,,,,,,,,,,,,,Nguyễn Duy Võ Ngọc,,,,,,,,,,,,Tiếng Việt,,,,,,,,,,,,,,,,,,,truyền hình,,,,,,,,,,,,,,,,,,,,,,,,,,,,,,,,Nguyễn Quý Dũng,"Hà Việt Dũng, Dương Cẩm Lynh, Mai Thanh Hà, Dương Hoàng Anh",,,,,,45 phút/tập (không bao gồm quảng cáo),,,,,"26 tháng 11 – 30 tháng 11 năm 2018 (VTV1), 3 tháng 12 năm 2019 – 13 tháng 1 năm 2020 (VTV9)",,,,,,Kẻ ngược dòng,Phim truyền hình,,30,"Trung tâm Phim truyền hình Việt Nam, Đài Truyền hình Việt Nam","VTV1 (tập 1–4), VTV9 (tập 1–30)",,,,,,,,,,,,,,,,,,,,,,,,,"Trang trại hoa hồng (VTV1), Nhà Voi còi cuối phố (VTV9)","Làn môi trong mưa (VTV1), Bước nhảy hoàn vũ (VTV9)",,,,,,,,Đỗ Cường Việt,,,,,,,,,,,,,,,,,,,,,,,,,,,,,,,,,,,,,,,,,,,,,,,,,,,,,,,,Hoàng Tích Thiện,,,,,,,,,,,,,,,,,,,,,,,,,,,,,,
Về nhà đi con,film,,,,,,,,,,,,,,,,,,,,,,,,,,,,,,,,,,,,,Nguyễn Danh Dũng,,"Thủy Vũ, Trịnh Khánh Hà, Nguyễn Thu Trang, Đỗ Thủy Tiên",,,,,,,,,,tiếng Việt,,,,,,,,,,,,,,,,,,,"chính kịch, truyền hình",,,,,,,,,,,Việt Nam,,,,,,,,,,,,,,,,,,Về nhà đi con poster.jpg,Áp phích phim,,,"Trung Anh, Thu Quỳnh, Bảo Thanh, Bảo Hân",,,,,,30-40 phút/tập (có bao gồm quảng cáo),,,,,8 tháng 4 năm 2019 – 12 tháng 8 năm 2019,,,,,,Về nhà đi con,Phim truyền hình,,"85 (chính thức), 5 (ngoại truyện)","Trung tâm Phim truyền hình Việt Nam, Đài Truyền hình Việt Nam",VTV1,,,,,,,,,,,,,,,,,Đỗ Thanh Hải,Nguyễn Thu Thủy,,,,,''Cảm ơn con nhé'',,Lặng yên dưới vực sâu (bản phát hành lại 25 phút/tập),Những nhân viên gương mẫu,,,,,,,,,,,,,,,,,,,,,350px,,,'''Nước mắt của gà trống''',,,,,,,,,,,,,,,,,,,,,,,,,,Những ngày không quên,,,,,,,,,,,,,,,,,,,,,,,,,,,,,,,,,,,,,,,,,,,,
Lời nguyền Domino,film,,,,,,,,,,,,,,,,,,,,,,,,,,,,,,,,,,,Lời nguyền Domino,,Nhâm Minh Hiền,,,,"Hoài An, Huy Cường, Ngân Quỳnh, Thanh Hoàng, Sĩ Thanh, Trọng Nhân",,,,,,,45 phút/tập (không bao gồm quảng cáo),tiếng Việt,,,,,,,,,,,,,,,,,,,truyền hình,,,,,,,,,"Khánh Bùi, Nhâm Minh Hiền",,Việt Nam,,,,,,,,,,,,,,,,,,,,,,,,,,,,,,Phim truyền hình,M&T Pictures,,,40,,SCTV14,25 tháng 11 năm 2019,24 tháng 2 năm 2020,,,,,,,,,,,,,,,,,,,,,,,,,,,,,,,,,,,,,,,,,,,,,,,,,,,,,,,,,,,,,,,,,,,,,,,,,,,,,,,,,,,,,,,,,,,,,,,,,,,,,,,,,,,,,,,,,,,,,,,,,,,,,,
Luật trời,film,,,,,,,,,,,,,,,,,,,,,,,,,,,,,,,,,,,Luật trời,,Võ Việt Hùng,,,,"Ngọc Lan, Quỳnh Lam, Huy Khánh, Anh Tài, Ngân Quỳnh, Quang Khải, Bích Hằng, Đinh Hữu Tài, Thiên Thanh",,,,,,,45 phút/tập (không bao gồm quảng cáo),tiếng Việt,,,,,,,,,,,,,,,,,,,truyền hình,,,,,,,,,Nguyễn Thị Mộng Thu,,Việt Nam,,,,,,,,,,,,,,,,,,,,,,,,,,,,,,Phim truyền hình,M&T Pictures,,,35,,THVL1,28 tháng 3 năm 2020,7 tháng 5 năm 2020,,,,,,,,,,,,,,,,,,,,,,,,,,,,,,,,,,,,,,,,,,,,,,Lời nguyền lúc 0 giờ,Mẹ ghẻ,,,,,,,,,,,,,,,,,,,,,,,,,,,,,,,,,,,,,,,,,,,,,,,,,,,,,,,,,,,,,,,,,,,,,,,,,,,,,,,
Mẹ trùm,film,,,,,,,,,,,,,,,,,,,,,,,,,,,,,,,,,,,,,Nguyễn Hồng Chi,,,,,,,,,,,,tiếng Việt,,,,,,,,,,,,,,,,,,,truyền hình,,,,,,,,,,,Việt Nam,,,,,,,,,,,,,,,,,,,,,Đông Hoa,"Ngân Quỳnh, Nguyễn Quốc Trường Thịnh Lê Ngọc Trinh , Thuấn Nguyễn, Phạm Hoàng Nguyên, Quang Thái",,,,,,25 phút/tập (không bao gồm quảng cáo),,,,,15 tháng 9 năm 2021,,,,,,Mẹ trùm,Phim truyền hình,,60,"Hãng phim Truyền hình Thành phố Hồ Chí Minh, Đài Truyền hình Thành phố Hồ Chí Minh",HTV7,,7 tháng 12 năm 2021,,,,,,,,,,,,,,,,,,,,,,,,,,,,,,,,,,,,,,,,,,,,,,,,,,,,,,,,,,,,,,,,,,,,,,,,,,,,,,,,,,,,,,,,,,,,,,,,,,,,,,,,,,,,,,,,,,,,,,
Hoa hồng cho sớm mai,film,,,,,,,,,,,,,,,,,,,,,,,,,,,,,,,,,,,,,Võ Việt Hùng,,,,,,,,,,,,tiếng Việt,,,,,,,,,,,,,,,,,,,truyền hình,,,,,,,,,,,Việt Nam,,,,,,,,,,,,,,,,,,,,,Nguyệt Trang,"Tường Vi, Lê Minh Thành, Tim, Đàm Phương Linh",,,,,,45 phút/tập (không bao gồm quảng cáo),,,,,5 tháng 6 năm 2023,,,,,,Hoa hồng cho sớm mai,Phim truyền hình,,41,M&T Pictures,THVL1,,21 tháng 7 năm 2023,,,,,,,,,,,,,,,,,,,,,,,Thử thách cuộc đời,Có hẹn với yêu thương,,,,,,,,,,,,,,,,,,,,,,,,,,,,,,,,,,,,,,,,,,,,,,,,,,,,,,,,,,,,,,,,,,,,,,,,,,,,,,,,,,,,,,,,,,,,,,
Chúng ta phải hạnh phúc,film,,,,,,,,,,,,,,,,,,,,,,,,,,,,,,,,,,,,,Đinh Thái Thụy,,,,"Thanh Thức, Đinh Y Nhung, Vĩnh Xương, Ngô Phương Anh, Linh Sơn",,,,,,,20 – 25 phút/tập (không bao gồm quảng cáo),tiếng Việt,,,,,,,,,,,,,,,,,,,truyền hình,,,,,,,,,,,Việt Nam,,,,,,,,,,,,,,,,,,,,,"Như Trần, Vương Thuần, Võ Kim Bích, Huỳnh Ý, Tuyết Lan, Lê Phương, Lê Khánh, Ngọ Hồ, Anh Thư, Thái Thụy",,"Chúng ta phải hạnh phúc, Niềm hạnh phúc riêng mình",,,,,,,Phim truyền hình,,,,68,,VTV1,9 tháng 11 năm 2023 - 4 tháng 3 năm 2024,,,,,,Vic Group,,,,,,,,,,,,,,,,,,,,,,,,,,Cuộc chiến không giới tuyến,Yêu hơn cả bầu trời (phát lại),,,,,,,,,,,,,,,,,,,,,,,,,,,,,,,,,,,,,,,,,,,,,,,,,,,,,,,,,,,,,,,,,,,,,,,,,,,,,,,,,,,,,,,,,,,,,,
Đối mặt (phim truyền hình),film,,,,,,,,,,,,,,,,,,,,,,,,,,,,,,,,,,,,,"Nguyễn Quang, Đăng Khoa",,,,,,,,,,,,tiếng Việt,,,,,,,,,,,,,,,,,,,truyền hình,,,,,,,,,,,Việt Nam,,,,,,,,,,,,,,,,,,,,,M&T Pictures,"Minh Hằng, Minh Luân, Thùy Trang, Thanh Thức, Phúc An",,,,,,45 phút/tập (không bao gồm quảng cáo),,,,,14 tháng 8 năm 2010,,,,,,Đối mặt,Phim truyền hình,,44,"M&T Pictures , TKL",HTV7,Việt Nam,25 tháng 11 năm 2010,,,,,,,,,,,,,,,,,,,,,,,,,,,,,,,,,,,,,,,,,,,,,,,,,,,,,,,,,,,,,,,,,,,,,,,,,,,,,,,,,,,,,,,,,,,,,,,,,,,,,,,,,,,,,,,,,,,,,,
Bao giờ có yêu nhau,film,,,,,,,,,,,,,,,,,,,,,,,,,,,,,,,,,,,Bao giờ có yêu nhau,,Dustin Nguyễn,Dustin Nguyễn *Bebe Phạm,Trần Lý Trí Tân,,Minh Hằng *Quý Bình *Kim Xuân *Hoài An *Văn Tùng,Christopher Wong,"Garry Waller (DOP, Đạo diễn hình ảnh)",Thắng Vũ *Võ Đình Hoàng,Dreamscape DBS,CGV,12 tháng 5 năm 2016,100 phút,Tiếng Việt,14 tỷ VNĐ,,,,,,,,,,,,,,,,,,"kinh dị, lãng mạn",,,,,,,,,,,,,,,,,,,,,,,,,,,,,,,,,,,,,,,,,,,,,,,,,,,,,,,,,,,,,,,"Kịch bản ""''Bàu trắng''"" của Nguyễn Trọng Khoa",,,,,,,,,,,,,,,,,,,,,,,,,,,,,,,,,,,,,,,,,,,,,,,,,,,,,,,,,,,,,,,,,,,,,,,,,,,,,,,,,,,,,,,,,,,,,,,,,,,,,,,,,,,,,,,,
Sắc đẹp ngàn cân (phim 2017),film,,,,,,,,,,,,,,,,,,,,,,,,,,,,,,,,,,,Sắc đẹp ngàn cân,,James Ngô,Trương Ngọc Ánh,,,* Minh Hằng * Rocker Nguyễn * Phương Trinh Jolie,Huy Tuấn,* Nguyễn Khắc Nhật * Hoàng Văn Đài * Lê Hoàng Vũ,* Geong Seong Han * Theophile Guibout * Tom Lưu * Nguyễn Công Danh,,CJ CGV Vietnam,"2017, 08, 04, Việt Nam",91 phút,Tiếng Việt,,26 tỷ VND,2017,08,04,Việt Nam,,,,,,,,,,,,,"âm nhạc, chính kịch, điện ảnh, hài, lãng mạn",,,,,,,,,* Kim Seon-jeong * Kim Yong-hwa * No Hye-yeong,TNA Entertainment,25px Việt Nam,,,,,,,,,,,,,,,,,,,Áp phích chiếu rạp của phim.,,,,,,,,,,,,,,,,,,,,,,,,,,,,,,,,,"''Sắc đẹp ngàn cân'', Kim Yong-hwa",,,,,,,,,,,,,,,,,,,260px,,,,,,,,,,,,,,,,,,,,,,,,,,,,,,,,,,,,,,,,,,,,,,,,,,,,,,,,,,,,,,,,,,,,,,,,,,,,,,,,,,,,,,,,,,,,,
Bẫy ngọt ngào,film,,,,,,,,,,,,,,,,,,,,,,,,,,,,,,,,,,,Bẫy ngọt ngào,,Đinh Hà Uyên Thư,,,,"* Bảo Anh, * Minh Hằng * Diệu Nhi * Thuận Nguyễn * Quốc Trường",,,,CJ Entertainment,"RẠP 11 tháng 2 năm 2022, VieON 16 tháng 4 năm 2022",,90 phút,Tiếng Việt,20 tỷ đồng,83 tỷ đồng,,,,,,,,,,,,,,,,,"chính kịch, điện ảnh, tâm lý",,,,,,,,,Trân Nguyễn,,,,,,,,,,,,,,,,,,,,,,,,,,,,,,,,,,,,,,,,,,,,,,,,,,,,,,,,,,,,,,,,,,,,,,,,,,,,,,,,,,,Áp phích Bẫy ngọt ngào tại Việt Nam.,,,,,,,,,,,,,,,,,,,,,,,,,,,,,,,,,,,,,,,,,,,,,,,,,,,,,,,,,,,,,,,,,,,,,,,,,,,,,,,,,,,
Chị chị em em,film,,,,,,,,,,,,,,,,,,,,,,,,,,,,,,,,,,,Chị chị em em,,Kathy Uyên,,,,"Chi Pu, Thanh Hằng, Lãnh Thanh",,,,Muse Film,CJ Entertainment,"2019, 12, 18",104 phút (phần một),Tiếng Việt,,71 tỷ VND,2019,12,18,,,,,,,,,,,,,,"tâm lý, tình cảm",,,,,,,,,,,,,,,,,,,,,,,,,,,,,,Áp phích phim Chị chị em em năm 2019.,,,,,,,,,,,,,,,,,,,,,,,,,,,,,,,,,,,,,,,,,,,,,,,,,,,,250px,,,,,,,,,,Áp phích phim Chị chị em em năm 2019.,,,,,,,,,,,,,,,,,,,,,,,,,,,,,,,,,,,,,,,,,,,,,,,,,,,,,,,,,,,,,,,,,,,,,,,,,,,,,,,,,,,
Ầu ơ ví dầu,film,,,,,,,,,,,,,,,,,,,,,,,,,,,,,,,,,,,,,Nguyễn Duy Linh,,,,,,,,,,,,tiếng Việt,,,,,,,,,,,,,,,,,,,truyền hình,,,,,,,,,,,Việt Nam,,,,,,,,,,,,,,,,,,,,,Vương Huyền Cơ,"Ngọc Lan, Kim Dung, Kiều Khanh",,,,,,45 phút/tập (không bao gồm quảng cáo),,,,,28 tháng 10 năm 2012,,,,,,Ầu ơ ví dầu,Phim truyền hình,,42,Công ty Sóng Vàng,HTV9,,10 tháng 12 năm 2012,,,,,,,,,,,,,,,,,,,,,,,,,,,,,,,,,,,,,,,,,,,,,,,,,,,,,,,,,,,,,,,,,,,,,,,,,,,,,,,,,,,,,,,,,,,,,,,,,,,,,,,,,,,,,,,,,,,,,,
Cuộc chiến nhân tình,film,,,,,,,,,,,,,,,,,,,,,,,,,,,,,,,,,,,,,Hoàng Mập,,,,,,,,,,,,tiếng Việt,,,,,,,,,,,,,,,,,,,truyền hình,,,,,,,,,,,Việt Nam,,,,,,,,,,,,,,,,,,,,,Phan Ngọc Liên,"Đông Dương, Đặng Thu Thảo, Phi Linh, Thiên Bảo, Kiều Linh, Mỹ Hạnh",,,,,,45 phút/tập (không bao gồm quảng cáo),,,,,22 tháng 2 năm 2021,,,,,,Cuộc chiến nhân tình,Phim truyền hình,,35,Hãng phim Hoàng Thần Tài,TodayTV,Việt Nam,2 tháng 4 năm 2021,,,,,,,,,,,,,,,,,,,,,,,,,,,,,,,,,,,,,,,,,,,,,,,,,,,,,,,,,,,,,,,,,,,,,,,,,,,,,,,,,,,,,,,,,,,,,,,,,,,,,,,,,,,,,,,,,,,,,,
"Hot boy nổi loạn và câu chuyện về thằng Cười, cô gái điếm và con vịt",film,,,,,,,,,,,,,,,,,,,,,,,,,,,,,,,,,,,Hot boy nổi loạn,Áp phích của bộ phim.,Vũ Ngọc Đãng,"Nguyễn Phan Quang Bình, Ngô Thị Bích Hiền",,,"Lương Mạnh Hải, Hồ Vĩnh Khoa, Hiếu Hiền, Phương Thanh, Linh Sơn, La Quốc Hùng, Kim Phương","Minh Thư, Minh Quân",Nguyễn Nam,Khánh Ly,,BHD,14 tháng 10 năm 2011,92 phút,Tiếng Việt,,Hơn 20 tỷ VND,,,,,,,,,,,,,,,,,"điện ảnh, tâm lý, tình cảm, xã hội",,,,,,,,"Vũ Ngọc Đãng, Lương Mạnh Hải",,"Vietnam Studio, Galaxy Studio, Hãng phim Phương Nam, Saiga Films, Saigon Movies Media, HKFilm",Việt Nam,,,,,,,,,,,,,,,,,,,,,,,,,,,,,,,,,,,,,,,,,,,,,,,,,,,,,,,,,,,,,,,,,,,,,,,,,,,,,,,,,,,,,,,,,,,,,,,,,,,,,,,,,,,,,,,,,,,,,,,,,,,,,,,,,,,,,,,,,,,,,,,,,,,,,,,,,,,,,,,,,,,,
Âm mưu giày gót nhọn,film,,,,,,,,,,,,,,,,,,,,,,,,,,,,,,,,,,,,,Trần Hàm,,,,,,,,,,,,"Tiếng Việt, Tiếng Anh",,,,,,,,,,,,,,,,,,,"hài, lãng mạn",,,,,,,,,,"Galaxy Studio, Wonderboy Entertainment, Happy Canvas, HV Life Entertainment, HKFilm",Việt Nam,,,,,,,,,,,,,,,,,Âm mưu giày gót nhọn,,,"Timothy Linh Bùi, Irene Trịnh, Kathy Uyên, Trần Hàm",,"Kathy Uyên, Don Nguyễn, Petey Majik Nguyễn, Trương Tri Trúc Diễm, Phương Mai, Yaya Trương Nhi",Christopher Wong,Guillermo Rosas,Trần Hàm,Galaxy Studio,"17 tháng 10 năm 2013 (Việt Nam và Vương quốc Anh), 13 tháng 3 năm 2014 (Mỹ)",91 phút,"7,5 tỷ VND (sau bốn ngày chiếu tại Việt Nam)",,,,,,,,,,,,,,,,,,,Kathy Uyên,Tim Tori,Kathy Uyên,,,,,,,,,,,,,,,,,,,,,,,,,,,,,,,,,,,,,,,,,,,,,,,,,,,,,,,,,,,,,,,,,,,,,,,,,,,,,,,,,,,,,,,,,,,,,,,,,,,,,,,,,,,,,,,,,,
Mùa hè chiều thẳng đứng,film,,,,,,,,,,,,,,,,,,,,,,,,,,,,,,,,,,,,,Trần Anh Hùng,,,,,,,,,,,,Tiếng Việt,,"456.387 đô-la Mỹ ((Hoa Kỳ))name=boxoffice, Tại Hoa Kỳ, phim thu về tổng cộng 456.387 đô-la Mỹ trong 26 tuần phát hành tại các rạp chiếu (tuần lễ ngày 6 tháng 7 – 28 tháng 12 năm 2001). Nguồn dữ liệu không đầy đủ tại Box Office Mojo ghi nhận 110.134 đô-la Mỹ, chốt ngày 22 tháng 7 năm 2001, tức 17 ngày chiếu đầu tiên.",at-the-height-of-summer,Mùa hè chiều thẳng đứng,18,Liên hoan phim Cannes,,,,,,,,,,,,,"chính kịch, điện ảnh",,,,,,,,,,* Canal+ * Hãng phim truyện Việt Nam * Lazennec Films * Zweites Deutsches Fernsehen * arte France Cinéma,*Việt Nam *Pháp *Đức,,,,,,,,,,,,,,,,,''Mùa hè chiều thẳng đứng'',Mhctd.jpg,Áp phích chiếu rạp của phim bằng tiếng Pháp,Christophe Rossignon,Trần Anh Hùng,* Trần Nữ Yên Khê * Như Quỳnh * Lê Khanh,Tôn Thất Tiết,Mark Lee Ping-Bin,Mario Battistel,Sony Pictures Classic (Mỹ),"2000, 05, 18, Liên hoan phim Cannes",112 phút,,,,,,,,,,,,,,,,,,,,,,,,,,,,,,,,,,,,,,,,,,,,,,,,,Mùa hè chiều thẳng đứng,,,,,,,,,,,,,,,,,,,,,,,,,,,,,,,,,,,,,,,,,,,,,,,,,,,,,,,,,,240px,,,,,,,,,,,,,,,,,,,,,,,,,,,,,
Vũ khúc con cò,film,,,,,,,,,,,,,,,,,,,,,,,,,,,,,,,,,,,"Vũ khúc con cò, (Song of the Stork)",,"Jonathan Foo, Nguyễn Phan Quang Bình","Peggy Lim, Ngô Thị Bích Hạnh, Hà Phạm Phú",Nguyễn Phan Quang Bình *Ngô Thị Bích Hạnh *Jonathan Foo *Peggy Lim,,Chi Bảo *Quang Hải *Mai Nguyên *Ngọc Hiệp *Hải Yến *Tạ Ngọc Bảo,"Nguyễn Thiện Đạo, Joshua Hong",Mohd Jeffri Mohd Yusof ((D.O.P)),Sean Ashley,"Mega Media Pte Ltd., Hãng phim Hội Nhà văn Việt Nam","'''Quốc tế:''', BV International Pictures, VietNam Media Corp., '''Việt Nam:''' Công ty BHD","22 tháng 13 năm 2002 ((ra mắt)), 4 tháng 1 năm 2003 ((công chiếu VN))",98 phút,"Tiếng Việt, Tiếng Anh",,,,,,,,,,,,,,,,,,,"âm nhạc, chiến tranh, chính kịch, điện ảnh",,,,,,,,,Nguyễn Quang Sáng *Thu Bồn *Nguyễn Duy *Waynes Karlin,,"Việt Nam, Singapore",,,,,,,,,,,,,,,,,,,,,,,,,,,,,,,,,,,,,,,,,,,,,,,,,,,Nhân vật Vinh,,,,,,,,,,,,,,,,,,,,,,,,,,,,,,poster chính thức của phim,,,,,,,,,,,,,,,,,,,,,,,,,,,,,,,,,,,,,,,,,,,,,,,,,,,,,,,,,,,,,,,,,,,,,,,,,,,,,,,,,,,
Chuyện của Pao,film,,,,,,,,,,,,,,,,,,,,,,,,,,,,,,,,,,,Chuyện của Pao,,Ngô Quang Hải,Đặng Tất Bình,,,"Đỗ Thị Hải Yến, NSND Như Quỳnh, Lý Thanh Kha, Trần Doãn Tuấn, Đỗ Hoa Thúy",Nguyễn Thiện Đạo,"Trần Hùng, Cordelia Beresford",,Hãng Phim truyện I,,"10 tháng 4 năm 2006 ((chiếu sớm)), 18 tháng 8 năm 2006 ((chính thức))",100 phút,Tiếng Việt,"2,2 tỉ đồng",,,,,,,,,,,,,,,,,,"chính kịch, điện ảnh",,,,,,,,,Ngô Quang Hải,,Việt Nam,,,,,,,,,,,,,,,,,,,,,,,,,,,,,,,,,,,,,,,,,,,,,,,,,,,,"""Tiếng đàn môi sau bờ rào đá"" của nhà văn Đỗ Bích Thúy",,,,,,,,,,,,,,,,,,,200px,,,,,,,,,,,,,,,,,,,,,,,,,,,,,,,,,,,,,,,,,,,,,,,,,,,,,,,,,,,,,,,,,,,,,,,,,,,,,,,,,,,,,,,,,,,,,
Chơi vơi,film,,,,,,,,,,,,,,,,,,,,,,,,,,,,,,,,,,,,,Bùi Thạc Chuyên,,,,,,,,,,,,Tiếng Việt,,,2009,9,6,Liên hoan phim Venezia lần thứ 66,2010,11,13,Việt Nam,,,,,,,,,điện ảnh,,,,,,,,,,"Hãng Phim truyện I, Acrobates Films",Việt Nam,,,,,,,,,,,,,,,,,Chơi vơi,Chơi vơi.jpg,,"Đặng Tất Bình, Claire-Agnes Lajoumard",Phan Đăng Di,"Phạm Linh Đan, Đỗ Thị Hải Yến, Johnny Trí Nguyễn, Nguyễn Duy Khoa",Ngọc Đại,Lý Thái Dũng,,Galaxy Thiên Ngân (VN),"2009, 9, 6, Liên hoan phim Venezia lần thứ 66, 2010, 11, 13, Việt Nam",110 phút,,,,,,,,,,,,,,,,,,,,,,,,,,,,,,,,,,,,,,,,,,,,,,,,,,,,,,,,,,,,,,,,,,,,,,,,,,,,,,,,,,,,,,,,,,,,,,,,,,,,,,,,,,,,,,,,,,,,,,,,,,,,,,,,,,,,,,,,
Cha và con và...,film,,,,,,,,,,,,,,,,,,,,,,,,,,,,,,,,,,,,,Phan Đăng Di,*Phan Đăng Di *Trần Thị Bích Ngọc *Claire Lajoumard *Lieber Markus Halbertschmidt *Denis Vaslin,,,*Đỗ Thị Hải Yến *Lê Công Hoàng *Trương Thế Vinh *Kiều Trinh *Nguyễn Hà Phong,,,,,,"2015, 02, 13, Đức",100 phút,tiếng Việt,600.000 đô-la Mỹ ((ước tính)),,2015,02,13,Đức,,,,,,,,,,,,,chính kịch,,,,,,,,,Phan Đăng Di,,*Việt Nam *Pháp *Đức *Hà Lan,,,,,,,,,,,,,,,,,Cha và con và...,Chavaconva.jpg,"Một trong các áp phích được sử dụng tại, Liên hoan phim Berlin 2015.",,,,,,,,,,,,,,,,,,,,,,,,,,,,215px,,,,,,,,,,,,,,,,,,,,,,,,,,,,,,,,,,,,,,,,,,,,,,,,,,,,,,,,,,,,,,,,,,,,,,,,,,,,,,,,,,,,,,,,,,,,,,,,,,,,,,,,,,,,,,,,,,,,,
Đẹp từng centimet,film,,,,,,,,,,,,,,,,,,,,,,,,,,,,,,,,,,,,,Vũ Ngọc Đãng,,,,,,,,,,,,Tiếng Việt,,,,,,,,,,,,,,,,,,,"hài, tâm lý, tình cảm, truyền hình",,,,,,,,,,"BHD, Saigon Media",Việt Nam,,,,,,,,,,,,,,,,,Đẹp từng centimet,Poster phim Đẹp từng centimet 2009.jpg,Poster phim.,,Vũ Ngọc Đãng,"Lương Mạnh Hải, Tăng Thanh Hà","Thủy Tiên, Đằng Phương",Nguyễn Nam,Võ Thạch Thảo,"Hãng phim Việt, Hãng phim Giải Phóng, Hãng phim Phương Nam",15 tháng 1 năm 2009,109 phút,"10,1 tỷ VND (sau hơn hai tuần công chiếu)",,,,,,,,,,,,,,,,,,,,,,,,,,,,,,,,,,,,,,,,,,,,,,,,,,,,,,,,,,,,,,,,,,,,,,,,,,,,,,,,,,,,,,,,,,,,,,,,,,,,,,,,,,,,,,,,,,,,,,,,,,,,,,,,,,,,,,,
Mỹ nhân kế (phim),film,,,,,,,,,,,,,,,,,,,,,,,,,,,,,,,,,,,,,Nguyễn Quang Dũng,,,,,,,,,,,,Tiếng Việt,17 tỷ VND,,,,,,,,,,,,,,,,,,"cổ trang, võ thuật",,,,,,,,,,"Galaxy Studio, HKFilm",25px Việt Nam,,,,,,,,,,,,,,,,,Mỹ nhân kế,Poster My nhan ke.jpg,Áp phích chính thức.,Đỗ Quang Minh,Nguyễn Quang Dũng,"Thanh Hằng, Tăng Thanh Hà, Ngọc Quyên, Kim Dung, Diễm My 9x, Phạm Anh Khoa, Lê Thái Hòa",Huy Tuấn,Trinh Hoan,HKFilm,"Galaxy Studio, HKFilm",1 tháng 2 năm 2013,99 phút,52 tỷ VND,,,,,,,,,,,,,,,,,,260px,,,,,,,,,,,,,,,,,,,,,,,,,,,,,,,,,,,,,,,,,,,,,,,,,,,,,,,,,,,,,,,,,,,,,,,,,,,,,,,,,,,,,,,,,,,,,,,,,,,,,,,,,,,,,,,,,,,,,
Người bí ẩn,film,,,,,,,,,,,,,,,,,,,,,,,,,,,,,,,,,,,,,,,,,,,,,,,,,Tiếng Việt,,,show_name_2,,,,,,,,,,,,,,,,,,,,,,,,,,,Việt Nam,,,,,,,,,,,,,,,,,,Nguoi bi an (logo).jpg,Logo của chương trình.,,,"Hoài Linh (Mùa 1, Mùa 2 và Mùa 5) , Vân Sơn - Hồng Đào (Mùa 3 và Mùa 4) , Trấn Thành (Mùa 6) , Việt Hương (Mùa 1, Mùa 2, Mùa 5 và Mùa 6)",,Thiên Trường,,Endemol,,1 giờ 30 phút (kể cả quảng cáo),,,,"HTV7 – Đài Truyền hình thành phố Hồ Chí Minh HTVC Thuần Việt, HTVC Phụ Nữ (phát lại) VTVcab 1 – Vie Giải Trí HanoiTV1 HD – Đài PT-TH Hà Nội DRT1 - Đài PT-TH Đà Nẵng (phát lại)",30/3/2014 - 8/9/2019,,,,,,Người bí ẩn,Trò chơi truyền hình,,92 + 4 tập đặc biệt,Đông Tây Promotion,,,,,,,,,,,,,,,,,,Phạm Lê Hiếu,,Thành phố Hồ Chí Minh,,,,,,,,,,,,,,,,1080i (HDTV),,,,,,,,,,,,,,,,,,,,,,Odd One In,,,,,,,,,,,,,"Trấn Thành (Mùa 1 - Mùa 5), Trường Giang (Mùa 6)",,,,,,,,,,,,,,,,,,,,,,6,Trương Văn Minh,Đỗ Kim Nhung,,,,,,,,,,,,,,,,,,,,,,,,,,
Bước nhảy ngàn cân,film,,,,,,,,,,,,,,,,,,,,,,,,,,,,,,,,,,,,,,,,,,,,,,,,,Tiếng Việt,,,,,,,,,,,,,,,,,,,,,,,,,,,,,,Việt Nam,,,,,,,,,,,,,,,,,,,,,,,,,,,,,,,,,4/10/2015 - 12/11/2017,,,,,,Bước nhảy ngàn cân,,,,Đông Tây Promotion,VTV3,,,,,,,,,,,,,,,,3,,,,,,,,,,,,,,,,,,,1080i (HDTV),,,,,,,,,,,,,,,,,,,,,,Dance Your Fat Off,,,,,,,,,,,,,"Trường Giang - Ngọc Diệp (Mùa 1) , Trấn Thành (Chung kết mùa 1 - Mùa 3)","Hoài Linh (Mùa 1), John Huy Trần (Mùa 1 - Mùa 3), Đàm Vĩnh Hưng (Mùa 1 và Mùa 2), Hồng Vân - Việt Hương (Mùa 3)",,Dolby Digital 5.1,,,,,,,,,,,,,,,,,,,,,,,,,,,,,,,,,,,,,,,,,,,,,,,
Kính vạn hoa: Bắt đền con ma,film,,,,,,,,,,,,,,,,,,,,,,,,,,,,,,,,,,,Kính vạn hoa: Bắt đền con ma,,Võ Thanh Hòa,"Võ Thanh Hòa, Mai Bảo Ngọc",Võ Thanh Hòa,,"Võ Ngọc Trai, Trần Lương Vũ Long, Võ Lê Anh Đào, Trung Dân, Lâm Vỹ Dạ, Hứa Minh Đạt, Phương Duyên, Hùng Anh, Nhật Linh",,,,"89s Group , Galaxy Play",Galaxy Studio,"2024, 12, 24, Việt Nam",127 phút,Tiếng Việt,,,2024,12,24,Việt Nam,,,,,,,,,,,,,"điện ảnh, hài",,,,,,,,,,,,,,,,,,,,,,,,,,,,,,Áp phích chính thức của phim.,,,,,,,,,,,,,,,,,,,,,,,,,,,,,,,,,Bộ truyện ''Kính vạn hoa'' của Nguyễn Nhật Ánh,,,,,,,,,,,,,,,,,,,,,,,,,,,,,,,,,,,,,,,,,,,,,,,,,,,,,,,,,,,,,,,,,,,,,,,,,,,,,,,,,,,,,,,,,,,,,,,,,,,,,,,,,,,,,,,,
Người đàn bà yếu đuối,film,,,,,,,,,,,,,,,,,,,,,,,,,,,,,,,,,,,,,Đinh Đức Liêm,,,,,,,,,,,,"Tiếng Việt, Tiếng Khmer",,,,,,,,,,,,,,,,,,,truyền hình,,,,,,,,,,,Việt Nam,,,,,,,,,,,,,,,,,,222px,Áp phích phim,,Đặng Minh Châu,"Trần Kim Ngân , Trương Minh Quốc Thái , Kim Khánh , Minh Đức , Lân Bích",,,,,,30 phút,,,,,2002,,,,,,Người đàn bà yếu đuối,Phim truyền hình,,59,"Hãng phim Truyền hình Thành phố Hồ Chí Minh, Đài Truyền hình Thành phố Hồ Chí Minh",HTV7,"Việt Nam, Lào",,,,,,,,,,,,,,,,,,,Pink,NSND Phạm Khắc,Nguyễn Đức Trung,Người đàn bà yếu đuối,Người đàn bà yếu đuối,,,,,,,,,,,SD,,,,,,,,,,,,,,,,,,,,,,,,,,,,,,,,,,,,,,,,,,,,,,,,,,,,,,,,,,,,,,,,,,,,,,,,,,,,,,,,,,,,,
100 ngày bên em (phim điện ảnh),film,,,,,,,,,,,,,,,,,,,,,,,,,,,,,,,,,,,100 ngày bên em,,Vũ Ngọc Phượng,,,,"Jun Phạm, Khả Ngân, B Trần, Gin Tuấn Kiệt, Tam Triều Dâng, NSƯT Mỹ Uyên, NSƯT Chiều Xuân","Hứa Kim Tuyền, Nguyễn Hoàng Dũng, Đức Phúc, Hòa Minzy, Văn Mai Hương, Jun Phạm",,,"Galaxy M&E, Ingame, Kross Picture",Galaxy Studio,"2018, 4, 25",99 phút,Tiếng Việt,,,2018,4,25,,,,,,,,,,,,,,,,,,,,,,,"Vũ Ngọc Phượng, Trịnh Đan Phượng",,Việt Nam,,,,,,,,,,,,,,,,,,,,,,,,,,,,,,,,,,,,,,,,,,,,,,,,,,,,,,,,,,,,,,,,,,,,,,,,,,,,,,,,,,,,,,,,,,,,,,,,,,,,,,,,,,,,,,,,,,,,,,,,,,,,,,,,,,,,,,,,,,,,,,,,,,,,,,,,,,,,,,,,,,,,
Đất khổ,film,,,,,,,,,,,,,,,,,,,,,,,,,,,,,,,,,,,Đất khổ,,Hà Thúc Cần,FilmViet,,,Trịnh Công Sơn *Kim Cương *Sơn Nam *Thành Tâm *Bích Hợp *Xuân Hà *Vân Quỳnh *Lưu Nguyên Đạt,?,?,?,,?/AFI,1974,102 phút,"tiếng Việt, tiếng Anh",?,?,,,,,,,,,,,,,,,,,"chiến tranh, chính kịch",,,,,,,,,Hà Thúc Cần,,,IMDB,1286779,,,,,,,,,,,,,,,,,,,,,,,,,,,,,,,,,,,,,,,,,,,,,,,,,,,,,,,,,,,,,,,,,,,,,,,,,,,,,,,,,,?,?,,,,,,,,,,,,,,,,,,,,,,,,,,,,,,,,,,,,,,,,,,,,,,,,,,,,,,,,,,,,,,,,,,,,,,,,,,,,,,,
Cổ tích Việt Nam,film,,,,,,,,,,,,,,,,,,,,,,,,,,,,,,,,,,,,,"Nguyễn Minh Chung, Lâm Lê Dũng, Phạm Ngọc Châu, Xuân Phước, Quách Khoa Nam",,,,,,,,,,,,Tiếng Việt,,,,,,,,,,,,,,,,,,,truyền hình,,,,,,,,,,,Việt Nam,,,,,,,,,,,,,,,,,,CTVN DVD NUOC MY 2-6.jpg,Bìa DVD 2 bản Cổ Tích Việt Nam phát hành lậu tại Mỹ.,Phan Thị Lệ,"Nguyễn Đông Thức, Nguyễn Đổng Chi (truyện)",,,"Lâm Lê Dũng, Vũ Quốc Hương",,"Hãng phim Phương Nam, Đài Phát thanh - Truyền hình Vĩnh Long",,30 phút/phần,,,,,1993,,,,,,Cổ tích Việt Nam,Phim màu,,,"Hãng phim Phương Nam, Cty TNHH Quảng cáo Tùng Hoa","SaoTV, HTV3, THVL",Việt Nam,2020,,,,,,,,,,,,Phan Thị Lệ,,,,,Việt Nam,DeepSkyBlue,,"Bảo Phúc, Nguyễn Ngọc Thiện, Trần Thanh Tùng, Duy Thoán, Việt Hùng",,,,''Thế giới cổ tích'' (2013),,,,,,,,Lưu Nguyễn,"VHS (1993-1999), VCD, DVD (2000-2008), HD (2016-2020)",,,,,,,,,,,,,,,,,,,,,,,,,,,,,,,,,,,,,,,,,,,,,,,,,"Tiến sĩ Tô Thị Ánh, Tuyết Mai , Nguyễn Dzoãn Cẩm Vân, Thy Mai",Dựa theo truyện cổ Việt Nam,,,,,,,,,,,,,,,,,,,,,,,,,,,,,,,,,,,
Nụ hôn thần chết,film,,,,,,,,,,,,,,,,,,,,,,,,,,,,,,,,,,,,,Nguyễn Quang Dũng,,,,,,,,,,,,Tiếng Việt,5 tỷ VND,,,,,,,,,,,,,,,,,,"hài, kinh dị, lãng mạn",,,,,,,,,,"HKFilm, Hãng phim Phương Nam",Việt Nam,,,,,,,,,,,,,,,,,Nụ hôn thần chết,Nhtc11.jpg,Áp phích của phim.,"Đinh Thị Thanh Hương, Nguyễn Nữ Như Khuê",Nguyễn Quang Dũng,"Johnny Trí Nguyễn, Thanh Hằng, Hoài Linh, Thành Lộc, Phương Thanh","Quốc Bảo, Đằng Phương",Trinh Hoan,HKFilm,Galaxy Studio,25 tháng 1 năm 2008 (trên toàn quốc),93 phút,16 tỷ VND,,,,,,,,,,,,,,,,,,,,,,,,,,,,,,,,,,,,,,,,,Giải cứu thần chết,,,,,,,,,,,,,,,,,,,,,,,,,,,,,,,,,,,,,,,,,,,,,,,,,,,,,,,,,,,,,,,,,,,,,,,,,,,,,,,,,,,,,,,,,,,,,,
Lời nguyền huyết ngải,film,,,,,,,,,,,,,,,,,,,,,,,,,,,,,,,,,,,Lời nguyền huyết ngải,Áp phích của phim.,Bùi Thạc Chuyên,"Trần Thị Bích Ngọc, Nguyễn Chí Dũng",,,"Yu Dương, Thành Lộc, Phan Anh, Trịnh Minh Huy, Đỗ Văn Hoàng",Đặng Tuệ Nguyên,Lý Thái Dũng,Julie Beziau,,Galaxy Studio,12 tháng 1 năm 2012,90 phút,Tiếng Việt,,,,,,,,,,,,,,,,,,,,,,,,,,,,"Bùi Thạc Chuyên, Bùi Kim Quy","Galaxy Studio, HKFilm, Kantana Post Vietnam, Bích Thủy Company, Golden Boutique",Việt Nam,,,,,,,,,,,,,,,,,,,,,,,,,,,,,,,,,,,,,,,,,,,,,,,,,,,,Truyện ngắn ''Huyết đằng'' của Phạm Hải Anh,,,,,,,,,,,,,,,,,,,,,,,,,,,,,,,,,,,,,,,,,,,,,,,,,,,,,,,,,,,,,,,,,,,,,,,,,,,,,,,,,,,,,,,,,,,,,,,,,,,,,,,,,,,,,,,,
Lạc giới,film,,,,,,,,,,,,,,,,,,,,,,,,,,,,,,,,,,,,,Phi Tiến Sơn,,,,,,,,,,,,Tiếng Việt,,,2014,10,17,,,,,,,,,,,,,,"chính kịch, điện ảnh, lãng mạn, tâm lý",,,,,,,,,,Tincom Media,Việt Nam,,,,,,,,,,,,,,,,,Lạc giới,Lạc Giới.jpg,Áp phích chiếu rạp của phim,Mai Thu Huyền,Phi Tiến Sơn,"Trung Dũng, Mai Thu Huyền, Bình An",Huy Tuấn,Joel Spezeski,"HTAT, Huỳnh Đông",Galaxy Studio,"2014, 10, 17",96 phút,,,,,,,,,,,,,,,,,,,,,,,,,,,,,,,,,,,,,,,,,,,,,,,,,,,,,,,,,,,,,,,,,,,,,,,,,,,,,,,,,,,,,,,,,,,,,,,,,,,,,,,,,,,,,,,,,,,,,,,,,,,,,,,,,,,,,,,,
Ma da (phim),film,,,,,,,,,,,,,,,,,,,,,,,,,,,,,,,,,,,Ma Da,Áp phích chiếu rạp của phim,Nguyễn Hữu Hoàng,"Loan Võ, Quyền NN, Nguyễn Đình Cường",,,* Việt Hương * Dạ Chúc * Trung Dân * Diệu Đức * Thành Lộc * Cẩm Ly * Minh Khang,,* Đặng Quốc Thịnh * Nguyễn Đức Anh * Ngô Ngọc Thạch * Đạt JP * Trần Ngọc Khuyên,"Vũ Hoàng Anh, Nguyễn Định","AI Media Film, Synapse Studio, Film Việt Australia",Lotte Entertainment,"2024, 8, 16, Việt Nam, 2024, 8, 16, Hàn Quốc, Úc, New Zealand",95 phút,Tiếng Việt,35 tỷ VND,127 tỷ VND,,,,,,,,,,,,,,,,,"điện ảnh, kinh dị",,,,,,,,,"Hẻm Chuyện, Nhất Trung",,Việt Nam,,,,,,,,,,,,,,,,,,,,,,,,,,,,,,,,,,,,,,,,,,,,,,,,,,,,,,,,,,,,,,,,,,,,,,,,,,,,,,,,,,,,,,,,,,,,,,,,,,,,,,,,,,,,,,,,,,,,,,,,,,,,,,,,,,,,,,,,,,,,,,,,,,,,,,,,,,,,,,,,,,,,
Bán chồng,film,,,,,,,,,,,,,,,,,,,,,,,,,,,,,,,,,,,Bán chồng,,Lê Hùng Phương,,,,"Oanh Kiều, Nguyễn Anh Tú, Cao Thái Hà, Ngọc Lan, Tim",,,,,,,45 phút/tập (không bao gồm quảng cáo),tiếng Việt,,,,,,,,,,,,,,,,,,,truyền hình,,,,,,,,,"Hạnh Ngộ, Kim Oanh",,Việt Nam,,,,,,,,,,,,,,,,,,,,,,,,,,,,,,Phim truyền hình,"Trung tâm Phim truyền hình Việt Nam, Đài Truyền hình Việt Nam",,,34,,VTV3,22 tháng 7 năm 2019,12 tháng 11 năm 2019,,,,,,,,,,,,,,tiểu thuyết cùng tên của nhà văn Lê Nguyệt,,,,,,,,,,,,,,Vũ Việt Anh,,,Nàng dâu order,Tiệm ăn dì ghẻ,,,,,,,,,,,,,,Nàng dâu order,Tiệm ăn dì ghẻ,,,,,,,,,,,"Đặng Diệu Hương, Hoàng Hồng Hạnh",,,,,,,,Đỗ Thanh Hải,,,,,,,,,,,,,,,,,,,,,,,,,,,,,,,,,,,,,,,,,,,,,,,,,,,,,,,,,,,,
Gia đình là số 1,film,,,,,,,,,,,,,,,,,,,,,,,,,,,,,,,,,,,,,"Nguyễn Hồng Chi, Nhật Trung",,,,,,,,,,,,Tiếng Việt,,,,,,,,,,,,,,,,,,,"chính kịch, gia đình, hài, truyền hình",,,,,,,,,,,Việt Nam,,,,,,,,,,,,,,,,,,,Bìa quảng cáo chính thức,,"Diệu Như Trang, Trần Thị Hồng Thơ, Nguyễn Đức Cảnh, Nguyễn Thị Hà Thanh, Đinh Hoàng Yến, Nguyễn Thị Anh Đào, Huỳnh Anh Thư","NSƯT Việt Anh, Phi Phụng, Tiến Luật, Thu Trang, Quang Tuấn, Phát La, Gin Tuấn Kiệt, Diệu Nhi, Sam, Thiên Nga, Anh Tú Atus",,,,,,53 phút / tập,,,,,"2017, 1, 16",,,,,,Gia đình là số 1,Phim truyền hình nhiều tập,,248 (mùa 1); 173 (mùa 2); 98 (mùa 3),"Công ty giải trí & truyền thông Điền Quân, Ban khai thác phim truyền hình - Đài Truyền hình Thành phố Hồ Chí Minh",HTV7,Việt Nam,en,,,,,,,,,,,,,,3,,,"Thành phố Hồ Chí Minh, Việt Nam",,,,,,,,,,,,,,,,1080i,,,,,,,,,,,,,,,,,,,,,,,,,,,,,,,,,,,,,,Dolby Digital 2.0,,,,,,,,,,,,,,,,,,,,,,,,,,,,,,,,,,,,,,,,,,,,,,,
Gái già lắm chiêu V,film,,,,,,,,,,,,,,,,,,,,,,,,,,,,,,,,,,,"Gái già lắm chiêu V:, Những cuộc đời vương giả",,* Bảo Nhân * Namcito,* Bảo Nhân * Ngô Huệ Chi * Namcito,,,* Kaity Nguyễn * Lê Khanh * Hồng Vân * Khương Lê * Đặng Trà Xuân Minh * Mai Thanh Hoàng * Hoàng Dũng,Christopher Wong,Nguyễn Ngọc Cường,Leo Vương,,Lotte Entertainment,"2021, 3, 5, Việt Nam",115 phút,Tiếng Việt,2 triệu USD,55 tỷ VND,2021,3,5,Việt Nam,,,,,,,,,,,,,"chính kịch, điện ảnh",,,,,,,,* Bảo Nhân * Namcito,,Mar6 Pictures,Việt Nam,,,,,,,,,,,,,,,,,,,,,,,,,,,,,,,,,,,,,,,,,,,,,,,,,,,,,,,,,,,,,,,,,,,,,,,,,,,Phạm Hùng - Diêm Đăng Vượng,,,,,,,,,,,,,,,,,,,,,,,,,,,,,,,,,,,,,,,,,,,,,,,,,,,,,,,,,,,,,,,,,,,,,,,,,,,,,,,,,,,,,,,,,
Công ty thời trang,film,,,,,,,,,,,,,,,,,,,,,,,,,,,,,,,,,,,,,Đinh Đức Liêm,,,,,,,,,,,,tiếng Việt,,,,,,,,,,,,,,,,,,,truyền hình,,,,,,,,,,,Việt Nam,,,,,,,,,,,,,,,,,,,,,Nguyễn Thu Phương,"Trương Ngọc Ánh, Bình Minh, Thanh Phương, Ngọc Lan, Đào Vân Anh",,,,,,30 phút/tập (không bao gồm quảng cáo),,,,,2005,,,,,,Công ty thời trang,Phim truyền hình,,30,"Hãng phim Truyền hình Thành phố Hồ Chí Minh, Đài Truyền hình Thành phố Hồ Chí Minh",HTV9,Việt Nam,,,,,,,,,,,,,,,,,,,,,,,,,,,,,,,,,,,,,,,,,,,,,,,,,,,,,,,,,,,,,,,,,,,,,,,,,,,,,,,,,,,,,,,,,,,,,,,,,,,,,,,,,,,,,,,,,,,,,,,
Ngũ quái Sài Gòn,film,,,,,,,,,,,,,,,,,,,,,,,,,,,,,,,,,,,,,Nguyễn Trọng Nghĩa,,,,,,,,,,,,Tiếng Việt,,,,,,,,,,,,,,,,,,,truyền hình,,,,,,,,,,,Việt Nam,,,,,,,,,,,,,,,,,,Post-37440-1156466761.jpg,Bìa DVD của phim,,Xuân Cường,"Kim Hiền, Xuân Vy, Đinh Yến, Thế Vũ, Quốc Huy",,,,,,45 phút/tập (không bao gồm quảng cáo),,,,,17 tháng 7 năm 2006,,,,,,Ngũ quái Sài Gòn,,,15,"Hãng phim Truyền hình Thành phố Hồ Chí Minh, Đài Truyền hình Thành phố Hồ Chí Minh",HTV9,,2 tháng 8 năm 2006,,,,,,,,,,,,,,,,,,Pink,,Giấc mơ phiêu lãng,,,,,,,,,,,,,,,,,,,,,,,,,,,,,,,,,,,,,,,,,,,,,,,,,,,,,,,,,,,,,,,,,,,,,,,,,,,,,,,,,,,,,,,,,,,,,,,,,,
Vịt kêu đồng,film,,,,,,,,,,,,,,,,,,,,,,,,,,,,,,,,,,,,,Lê Phương Nam,,,,,,,,,,,,tiếng Việt,,,,,,,,,,,,,,,,,,,truyền hình,,,,,,,,,,,Việt Nam,,,,,,,,,,,,,,,,,,,,,Nhất Mai,"Mộng Trúc, Ngọc Hùng, Hoàng Sơn, Lê Bình, Hạnh Thúy, Hoàng Nhân, Thúy Diễm, Quách Khoa Nam",,,,,,45 - 50 phút/tập (không bao gồm quảng cáo),,,,,19 tháng 5 năm 2010,,,,,,Vịt kêu đồng,,,8,"Hãng phim Truyền hình Thành phố Hồ Chí Minh, Đài Truyền hình Thành phố Hồ Chí Minh",HTV9,,1 tháng 6 năm 2010,,,,,,''Trôi dạt những mảnh đời'' của nhà văn Trần Thôi,,,,,,,,,,,,Wheat,,,,,,,,,,,,,,,,,,,,,,,,,,,,,,,,,,,,,,,,,,,,,,,,,,,,,,,,,,,,,,,,,,,,,,,,,,,,,,,,,,,,,,,,,,,,,,,,,,,,
Đồng quê (phim truyền hình),film,,,,,,,,,,,,,,,,,,,,,,,,,,,,,,,,,,,,,Lê Phương Nam,,,,,,,,,,,,tiếng Việt,,,,,,,,,,,,,,,,,,,truyền hình,,,,,,,,,,,Việt Nam,,,,,,,,,,,,,,,,,,,,,Nguyễn Trọng Nghĩa,"Ngọc Hùng, Phương Khánh, Đình Toàn, Minh Thảo",,,,,,45 phút/tập (không bao gồm quảng cáo),,,,,11 tháng 5 năm 2012,,,,,,Đồng quê,Phim truyền hình,tác phẩm cùng tên của nhà văn Phi Vân,22,"Hãng phim Truyền hình Thành phố Hồ Chí Minh, Đài Truyền hình Thành phố Hồ Chí Minh",HTV9,,1 tháng 6 năm 2012,,,,,,,,,,,,,,,,,,,,,,,,,,,,,,,,,,,,,,,,,,,,,,,,,,,,,,,,,,,,,,,,,,,,,,,,,,,,,,,,,,,,,,,,,,,,,,,,,,,,,,,,,,,,,,,,,,,,,,
Nếu còn có ngày mai (phim truyền hình Việt Nam),film,,,,,,,,,,,,,,,,,,,,,,,,,,,,,,,,,,,Nếu còn có ngày mai,,Hoàng Tuấn Cường,,,,"Thân Thúy Hà, Quang Tuấn, Quốc Trường, Bella Mai, Sam",,,,,,,40 - 45 phút/tập (không bao gồm quảng cáo),tiếng Việt,,,,,,,,,,,,,,,,,,,truyền hình,,,,,,,,,,,Việt Nam,,,,,,,,,,,,,,,,,,Neuconcongaymaiposter.jpeg,,,Văn Như Cương,,,,,,,,,Phim truyền hình,MegaGS,,,38,,VTV3,10 tháng 3 năm 2018,15 tháng 7 năm 2018,,,,,,,,,,,,,,,,,,,,,,,,,,,,,,,Thương nhớ ở ai,Cung đường tội lỗi,,,,,,,,,,,,,,,,,,,,,,,,,,,,,,,,,,,,,,,,,,,,,,,,,,,,,,,,,,,,,,,,,,,,,,,,,,,,,,,,,,,,,,,,,,,,,,
Giọt máu vô hình,film,,,,,,,,,,,,,,,,,,,,,,,,,,,,,,,,,,,Giọt máu vô hình,,Nhâm Minh Hiền,,,,"Hoài An, Lê Nguyên Bảo, Quang Thảo, Trung Dũng, Hồ Bích Trâm",Minh Đăng,,,,,,45 phút/tập (không bao gồm quảng cáo),tiếng Việt,,,,,,,,,,,,,,,,,,,truyền hình,,,,,,,,,Hạ Thu,,Việt Nam,,,,,,,,,,,,,,,,,,,,,,,,,,,,,,Phim truyền hình,,,26 tháng 8 năm 2020,30,,SCTV14,,24 tháng 9 năm 2020,,,,,Hãng phim SCTV,,,,,,,,,,,,,,,,,,,,,,,,,,,,,,,,,,,,,,,,,Đò xuôi vạn lý,Dòng đời chảy ngược,,,,,,,,,,,,,,,,,,,,,,,,,,,,,,,,,,,,,,,,,,,,,,,,,,,,,,,,,,,,,,,,,,,,,,,,,,,,,,,
Vợ quan,film,,,,,,,,,,,,,,,,,,,,,,,,,,,,,,,,,,,,,Nhâm Minh Hiền,,,,,,,,,,,,tiếng Việt,,,,,,,,,,,,,,,,,,,truyền hình,,,,,,,,,,,Việt Nam,,,,,,,,,,,,,,,,,,,,,"Nguyễn Thu Phương, Nhâm Minh Hiền, Quách Thùy Dung, Đặng Thanh","Trương Minh Quốc Thái, Thân Thúy Hà, Chu Anh",,,,,,45 phút/tập (không bao gồm quảng cáo),,,,,12 tháng 6 năm 2022,,,,,,Vợ quan,Phim truyền hình,tiểu thuyết cùng tên của tác giả Ðường Ðạt Thiên,47,MegaGS,SCTV14,,28 tháng 7 năm 2022,,,,,,,,,,,'''''Lưới tình''''',,,,,,,,,,,,Bánh mì ông Màu,Mặt trời khuyết,,,,,,,,,,,,,,,,,,,,,,,,,,,,,,,,,,,,,,,,,,,,,,,,,,,,,,,,,,,,,,,,,,,,,,,,,,,,,,,,,,,,,,,,,,,,,,
Sống trong sợ hãi,film,,,,,,,,,,,,,,,,,,,,,,,,,,,,,,,,,,,Sống trong sợ hãi,,Bùi Thạc Chuyên,Makoto Ueda,,,"Trần Hữu Phúc, Hạnh Thúy, Mai Ngọc Phượng, Mai Trần, Mỹ Uyên",Đỗ Hồng Quân,Hoàng Tấn Phát,Bùi Thạc Quân,,"Hãng Phim truyện I, NHK",Tháng 12 năm 2005,105 phút,Tiếng Việt,"3,5 tỷ đồng",,,,,,,,,,,,,,,,,,"chiến tranh, điện ảnh, tâm lý, tình cảm",,,,,,,,,"Bùi Thạc Chuyên, Nguyễn Thị Minh Ngọc","Hãng Phim truyện I, NHK",25px Việt Nam,,,,,,,,,,,,,,,,,,,,,,,,,,,,,,,,,,,,,,,,,,,,,,,,,,,Trần Hữu Phúc,,,,,,,,,,,,,,,,,,,,,,,,,,,,,,,,,,,,,,,,,,,,,,,,,,,,,,,,,,,,,,,,,,,,,,,,,,,,,,,,,,,,,,,,,,,,,,,,,,,,,,,,,,,,,,,,,
Tro tàn rực rỡ,film,,,,,,,,,,,,,,,,,,,,,,,,,,,,,,,,,,,Tro tàn rực rỡ,Áp phích chiếu rạp của phim tại Việt Nam,Bùi Thạc Chuyên,Trần Thị Bích Ngọc,,,* Lê Công Hoàng * Juliet Bảo Ngọc Doling * Phương Anh Đào * Ngô Quang Tuấn * Ngô Phạm Hạnh Thúy * Thạch Kim Long * Trần Huỳnh Bảo * Nguyễn Thị Ngọc Hiệp * Mai Thế Hiệp,Tôn Thất An,Nguyễn K'Linh,Julie Béziau,,CGV,"2022, 10, 24, Tokyo, 2022, 11, 22, Nantes, Pháp, 2022, 12, 02, Việt Nam",117 phút,Tiếng Việt,3 triệu USD,"4,135 tỷ đồng (Việt Nam)",2022,10,24,Tokyo,2022,11,22,"Nantes, Pháp",2022,12,02,Việt Nam,,,,,"chính kịch, điện ảnh",,,,,,,,,Bùi Thạc Chuyên,*Ân Nam Films (Việt Nam) *Viet Vision (Việt Nam) *Fleur de Lys (Việt Nam) *MAT Productions (Pháp) *Potocol (Singapore),,,tt22179758,,,,,,,,,,,,,,,,,,,,,,,,,,,,,,,,,,,,,,,,,,,,,,,,,,"''Tro tàn rực rỡ'' và ''Củi mục trôi về'', Nguyễn Ngọc Tư",,,,,,,,,,,,,,,,,,,,,,,,,,,,,,,,,,,,"Trần Việt Anh , Andy Võ, Cao Trung Hiếu",,,,,,,,,,,,,,,,,,,,,,,,,,,,,,,,,,,,,,,,,,,,,,,,,,,,,,,,,,,,,,,,,,,,,,,,,,,,
Vong nhi,film,,,,,,,,,,,,,,,,,,,,,,,,,,,,,,,,,,,Vong nhi,Áp phích phim tại Việt Nam,Hoàng Tuấn Cường,* Nguyễn Thiên Hương * Hoàng Tuấn Cường,Hạnh Thúy,* Hạnh Thúy * Hoàng Tuấn Cường,* Lê Phương * Quốc Huy * Nhật Kim Anh * Lê Trang * Hạnh Thúy,Lê Xuân Vũ,Nguyễn Duy Bình,* Lâm Thọ Hưng * Mai Thu,Mega GS Entertainment,Galaxy Studio,"2023, 2, 3",117 phút,Tiếng Việt,,"24,9 tỷ VND",2023,2,3,,,,,,,,,,,,,,"chính kịch, điện ảnh",,,,,,,,,,,Việt Nam,,,,,,,,,,,,,,,,,,,,,,,,,,,,,,,,,,,,,,,,,,,,,,,,,,,,,,,,,,,,,,,,,,,,,,,,,,,,,,,,,,,,,,,,,,,,,,,,,,,,,,,,,,,,,,,,,,,,,,,,,,,,,,,,,,,,,,,,,,,,,,,,,,,,,,,,,,,,,,,,,,,,
Cám (phim),film,,,,,,,,,,,,,,,,,,,,,,,,,,,,,,,,,,,Cám,Áp phích chiếu rạp của phim.,Trần Hữu Tấn,Hoàng Quân,"Hải Âu , Thanh Thu , Andy",Trần Hữu Tấn,*Lâm Thanh Mỹ *Rima Thanh Vy *Thúy Diễm *Hải Nam *Quốc Cường *Trần Doãn Hoàng *NSƯT Ngọc Hiệp *Nguyễn Phước Lộc *NSƯT Hạnh Thúy *Mai Thế Hiệp *Trần Thiên Tú,Trần Đức Quang,F.A Châu Trần,Nghĩa Bùi,ProductionQ - Creative House,CJ CGV,"2024, 9, 20, Việt Nam, 2024, 10, 17, Úc, New Zealand, Singapore, 2024, 10, 18, Hoa Kỳ, Canada, 2024, 11, 25, Campuchia, 2024, 12, 27, Đài Loan",122 phút,Tiếng Việt,"26 tỷ VNĐname=""kinhphi""","117 tỷ VNĐTheo Box Office Vietnam, doanh thu của phim là 96,3 tỷ VNĐ. Theo đơn vị phát hành CJ CGV, phim có doanh thu là 117 tỷ VNĐ.",,,,,,,,,,,,,,,,,"cổ trang, điện ảnh, kinh dị",,,,,,,,,,,Việt Nam,,,,,,,,,,,,,,,,,,,,,,,,,,,,,,,,,,,,,,,,,,,,,,,,,,,,Truyện cổ tích ''Tấm Cám'',,,,,,,,,,,,,,,,,,,,,,,,,,,,,,,,,,,,,,,,,,,,,,,,,,,,,,,,,,,,,,,,,,,,,,,,,,,,,,,,,,,,,,,,,,,,,,,,,,,,,,,,,,,,,,,,
Nhà gia tiên,film,,,,,,,,,,,,,,,,,,,,,,,,,,,,,,,,,,,Nhà gia tiên,Áp phích chiếu rạp của phim,Huỳnh Lập,* Nguyễn Nhật Phương * Huỳnh Lập,Huỳnh Lập,* Huỳnh Lập * Lý Minh Thắng,* Phương Mỹ Chi * Huỳnh Lập * Puka * Huỳnh Đông * Chí Tâm * Kiều Linh * Lê Nam * Hạnh Thúy * Đào Anh Tuấn,* Nguyễn Hoàng Anh * Khuất Duy Minh,Lê Hữu Hoàng Nam,* Neo Vương * Nguyễn Đức Tâm,* 17 Production * CJ HK Entertainment,CJ CGV,"2025, 2, 21, Việt Nam",117 phút,Tiếng Việt,,"242,5 tỷ VND",,,,,,,,,,,,,,,,,"chính kịch, điện ảnh, hài, tâm lý",,,,,,,,,,,Việt Nam,,,,,,,,,,,,,,,,,,,,,,,,,,,,,,,,,,,,,,,,,,,,,,,,,,,,,,,,,,,,,,,,,,,,,,,,,,,,,,,,,,,,,,,,,,,,,,,,,,,,,,,,,,,,,,,,,,,,,,,,,,,,,,,,,,,,,,,,,,,,,,,,,,,,,,,,,,,,,,,,,,,,
Huyền thoại bất tử,film,,,,,,,,,,,,,,,,,,,,,,,,,,,,,,,,,,,Huyền thoại bất tử,,Lưu Huỳnh,,,,"Dustin Nguyễn, Kim Xuân, Trần Bảo Sơn, Siu Black, Thái Hòa, Đinh Y Nhung",Đức Trí,Nguyễn K'Linh,*Vũ Đức Tùng *Lưu Huỳnh *Tobias Kavelar,Hãng phim Phước Sang,Hãng phim Phương Nam,"2009, 01, 14, Việt Nam, 2009, 09, 21, Nhật Bản, 2009, 09, 25, Hoa Kỳ, 2009, 10, 11, Hàn Quốc",106 phút,Tiếng Việt,> 10 tỷ VNĐ,,2009,01,14,Việt Nam,2009,09,21,Nhật Bản,2009,09,25,Hoa Kỳ,2009,10,11,Hàn Quốc,"điện ảnh, thần thoại, võ thuật",,,,,,,,,Lưu Huỳnh,,Việt Nam,,,,,,,,,,,,,,,,,,,,,,,,,,,,,,,,,,,,,,,,,,,,,,,,,,,,,,,,,,,,,,,,,,,,,,,,,,,,,,,,,,,,,,,,,,,,,,,,,,,,,,,,,,,,,,,,,,,,,,,,,,,,,,,,,,,,,,,,,,,,,,,,,,,,,,,,,,,,,,,,,,,,
Đoạt hồn,film,,,,,,,,,,,,,,,,,,,,,,,,,,,,,,,,,,,,,Trần Hàm,,,,,,,,,,,,Tiếng Việt,,,2014,7,18,,,,,,,,,,,,,,"hài, kinh dị",,,,,,,,,,"Vietnam Studio, PS Vietnam, Saigon Movies Media, OPF",Việt Nam,,,,,,,,,,,,,,,,,Đoạt hồn,ThanhMy DoatHon.jpg,Áp phích của phim.,*Jenni Trang Lê *Nguyễn Quân *Mai Thế Hiệp,Trần Hàm,"Trần Bảo Sơn, Nguyễn Ngọc Hiệp, Nguyễn Hồng Ân, Lâm Thanh Mỹ, Mai Thế Hiệp, Thương Tín",Christopher Wong,Nate Fu,Trần Hàm,BHD,"2014, 7, 18, df=y",97 phút,12 tỷ VND (sau 4 ngày đầu công chiếu tại Việt Nam),,,,,,,,,,,,,,,,,,,,,,,,,,,,,,,,,,,,,,,,,,,,,y,,,,,,,,,,,,,,,,,,,,,,,,,,,,,,,,,,,,,,,,,,,,,,,,,,,,,,,,,,,,,,,,,,,,,,,,,,,,,,,,,,,,,,,,,,
Đập cánh giữa không trung,film,,,,,,,,,,,,,,,,,,,,,,,,,,,,,,,,,,,,,Nguyễn Hoàng Điệp,,,,,,,,,,,,Tiếng Việt,,,615016,09,02,Venezia,2015,01,23,Việt Nam,,,,,,,,,"chính kịch, điện ảnh",,,,,,,,,,* Vietnam VBlock Media * France Ciné-Sud Promotion * Norway Film Farms * Germany Filmallee,* Việt Nam * * Na Uy *,,,,,,,,,,,,,,,,,Đập cánh giữa không trung,Flapping In The Middle Of Nowhere.jpeg,Áp phích chiếu rạp của phim,* Nguyễn Hoàng Điệp * Thierry Lenouvel * Alan R. Milligan * David Lindner,Nguyễn Hoàng Điệp,* Nguyễn Thùy Anh * Hoàng Hà * Phạm Trần Thanh Duy * Trần Bảo Sơn,Pierre Aviat,Phạm Quang Minh,* Jacques Comets * Gustavo Vasco,CGV,"2014, 09, 02, Venezia, 2015, 01, 23, Việt Nam",99 phút,,,,,,,,,,,,,,,,,,,,,,,,,,,,,,,,,,,,,,,,,,,,,,,,,,,,,,,,,,,,,,,,,,,,,,,,,,,,,,,,,,,,,,,,,,,,,,,,,,,,,,,,,,,,,,,,,,,,,,,,,,,,,,,,,,,,,,,,
Những đứa con của làng,film,,,,,,,,,,,,,,,,,,,,,,,,,,,,,,,,,,,Những đứa con của làng,,Nguyễn Đức Việt,Nguyễn Thị Hồng Ngát,Phạm Dũng,,* NSND Trung Anh * Thúy Hằng * Trần Bảo Sơn * Huy Cường,,Hoàng Dũng,,Hong Ngat Film,,27 tháng 2 năm 2015,90 phút,Tiếng Việt,16 tỷ VNĐ,,,,,,,,,,,,,,,,,,"chính kịch, điện ảnh",,,,,,,,,,,Việt Nam,,,,,,,,,,,,,,,,,,,,,,,,,,,,,,,,,,,,,,,,,,,,,,,,,,,,,,,,,,,,,,,,,,,,,,,,,,,,,,,,,,,,,,,,,,,,,,,,,,,,,,,,,,,,,,,,,,,,,,,,,,,,,,,,,,,,,,,,,,,,,,,,,,,,,,,,,,,,,,,,,,,,
Vòng xoáy tình yêu,film,,,,,,,,,,,,,,,,,,,,,,,,,,,,,,,,,,,,,"Vũ Trường Khoa, Trần Quang Đại",,,,"Cao Minh Đạt, Thanh Thúy, Như Phúc, Kim Xuân, Đức Tiến",,,,,,,45 - 50 phút/tập (không bao gồm quảng cáo),tiếng Việt,,,,,,,,,,,,,,,,,,,"chính kịch, truyền hình",,,,,,,,,Mai Hà Linh,,Việt Nam,,,,,,,,,,,,,,,,,,,,,,,,,,,,,,Phim truyền hình,"Đài Truyền hình Thành phố Hồ Chí Minh, Công ty cổ phần truyền thông đa phương tiện Lasta",,,,,HTV7,19 tháng 5 năm 2005,15 tháng 7 năm 2005,,,Mia Jum Pen,29,,,,,230px,,,,,,,,,,,,,,,,,,,,,,,,,,,,,,,,,,,,,,,,Vòng xoáy tình yêu,,"Đài Truyền hình Thành phố Hồ Chí Minh, Công ty cổ phần truyền thông đa phương tiện Lasta",,,,,,,,,,,,,,,,,,,,,,,,,,,,,,,,,,,,,,,,,,,,,,,,,,,,,,,,,,,,,,,,,,,,,,,,,,,
Áo lụa Hà Đông (phim),film,,,,,,,,,,,,,,,,,,,,,,,,,,,,,,,,,,,Áo lụa Hà Đông,Áp phích của bộ phim.,Lưu Huỳnh,Lưu Huỳnh,,,"Trương Ngọc Ánh, Quốc Khánh, Nguyễn Thu Trang, Trần Thiên Tú, Đỗ Thu Hằng",Đức Trí,Trinh Hoan,Nguyễn Vi Bảo,,Vietnam Media Corp.,2006,142 phút,Tiếng Việt,1 triệu USD,,,,,,,,,,,,,,,,,,"chiến tranh, tâm lý, tình cảm",,,,,,,,Lưu Huỳnh,Lưu Huỳnh,"Hãng phim Phước Sang, AVA Productions, Vietnam Studio",Việt Nam,,1083983,,,,,,,,,,,,,,,,,,,,,,,,,,,,,,,,,,,,,,,,,,,,,,,,,,,,,,,,,,,,,,,,,,,,,,,,,,,,,,,,,,,,,,,,,,,,,,,,,,,,,,,,,,,,,,,,,,,,,,,,,,,,,,,,,,,,,,,,,,,,,,,,,,,,,,,,,,,,,,,,,,
Trăng nơi đáy giếng,film,,,,,,,,,,,,,,,,,,,,,,,,,,,,,,,,,,,,,Nguyễn Vinh Sơn,,,,,,,,Hãng phim Giải Phóng,,,,Tiếng Việt,,,,,,,,,,,,,,,,,,,tình cảm,,,,,,,,,Châu Thổ,,Việt Nam,,,,,,,,,,,,,,,,,Trăng nơi đáy giếng,Trăng nơi đáy giêng Poster.jpg,Áp phích phim tại thị trường quốc tế,"Nguyễn Thái Hòa ((sản xuất chính)) , Morteza Mohammadi ((hợp tác sx))",,"Hồng Ánh, Hoàng Cao Đề, NSƯT Thanh Vy, Lan Phương",Quốc Bảo,"Nguyễn Trinh Hoan, Nguyễn Nam",Phùng Độc Lập,,8 tháng 10 năm 2008,116 phút,,,,,,,,,,,,,,,,,,,,,,,,Truyện ngắn cùng tên của Trần Thùy Mai,,,,,,,,,,,,,,,,,,,,,,,,,,,,,,,,,,,,,,,,,,,,,,,,,,,,,,,,,,,,,,,,,,,,,,,,,,,,,,,,,,,,,,,,,,,,,,,,,,,,,,,,,,,,,,,,
Cột mốc 23,film,,,,,,,,,,,,,,,,,,,,,,,,,,,,,,,,,,,,,Nguyễn Quốc Duy,,,,,,,,,,,,Tiếng Việt,,,,,,,,,,,,,,,,,,,"điện ảnh, kinh dị, tâm lý",,,,,,,,,,Hãng phim Hòa Bình,Việt Nam,,,,,,,,,,,,,,,,,Cột mốc 23,Cotmoc23poster.jpg,Áp phích của phim.,Nguyễn Minh Hiền,Nguyễn Quốc Duy,"Bảo Trúc, Quốc Cường, Huy Khánh, Diễm Châu, Võ Thành Tâm, Phi Thanh Vân, Trung Dân, Tiết Cương, Thân Thúy Hà",Nguyễn Hải Phong,"Thanh Phúc, Xuân Bằng",,"V-Art Films, LS Production",Năm 2011,110 phút,,,,,,,,,,,,,,,,,,,,,,,,,,,,,,,,,,,,,,,,,,,,,,,,,,,,,,,,,,,,,,,,,,,,,,,,,,,,,,,,,,,,,,,,,,,,,,,,,,,,,,,,,,,,,,,,,,,,,,,,,,,,,,,,,,,,,,,,
Vali tình yêu,film,,,,,,,,,,,,,,,,,,,,,,,,,,,,,,,,,,,Vali tình yêu,Áp phích chiếu rạp của phim.,"Lê Quang Thanh Tâm, Hoàng Bùi",Bùi Minh Hoàng,,,"Huy Khánh, Kiều Linh, Bạch Công Khanh, Vy Oanh, Huỳnh Lam Anh, Đông Dương, Tuấn Dũng, Châu Minh Chí","Lex Vũ, Phúc Trường","Nguyễn Hậu, Đinh Văn Duy",,,"Lotte Cinema, CGV",3 tháng 3 năm 2017,93 phút,Tiếng Việt,,,,,,,,,,,,,,,,,,,"hài, lãng mạn, tâm lý",,,,,,,,Phan Ngọc Liên,,Hoàng Thần Tài,Việt Nam,,,,,,,,,,,,,,,,,,,,,,,,,,,,,,,,,,,270px,,,,,,,,,,,,,,,,,,,,,,,,,,,,,,,,,,,,,,,,,,,,,,,,,,,,,,,,,,,,,,,,,,,,,,,,,,,,,,,,,,,,,,,,,,,,,,,,,,,,,,,,,,,,,,,,,,,,,,,,,,,,,,,,,
Lật Mặt 6: Tấm vé định mệnh,film,,,,,,,,,,,,,,,,,,,,,,,,,,,,,,,,,,,Lật Mặt 6: Tấm vé định mệnh,Áp phích chiếu rạp của phim,Lý Hải,,,,* Trung Dũng * Huy Khánh * Thanh Thức * Quốc Cường * Huỳnh Thi * Kim Hải,,,,Lý Hải Production,CJ CGV,28 tháng 4 năm 2023,132 phút,Tiếng Việt,,"273,1 tỉ VNĐ",,,,,,,,,,,,,,,,,điện ảnh,,,,,,,,,,,Việt Nam,,,,,,,,,,,,,,,,,,,,,,,,,,,,,,,,,,,,,,,,,,,,,,,,,,,,,,,,,,,,,,,,,,,,,,,,,,,,,,,,,,,,,,,,,,,,,,,,,,,,,,,,,,,,,,,,,,,,,,,,,,,,,,,,,,,,,,,,,,,,,,,,,,,,,,,,,,,,,,,,,,,,
Cô nàng bất đắc dĩ,film,,,,,,,,,,,,,,,,,,,,,,,,,,,,,,,,,,,,,"Davina Hồng Ngân (tập 1-29), Xuân Cường (từ tập 30)",,,,,,,,,,,,tiếng Việt,,,,,,,,,,,,,,,,,,,truyền hình,,,,,,,,,,,,,,,,,,,,,,,,,,,,,200px,,,,"Đức Hải, Vũ Thu Phương, Thúy Hằng, Thanh Hoài, Quang Thịnh, Huy Khánh, Tiết Cương",,,,,,45 phút (Tính cả quảng cáo),,,,VTV3,6 tháng 7 năm 2009,,,,,,Cô nàng bất đắc dĩ,,,,Kiết Tường & VTV,,,1 tháng 3 năm 2010,,,,,,,,,,,,,,,,,,,,,Tình yêu thiên thần,,Lập trình cho trái tim,Những thiên thần áo trắng,,,,,,,,,,,,,,,,,,,,,,,,,,,,,,,,,,,,,,,,,,,,,,,,,,,,,,,,,,,,,,,,,,,,,,,,,,,,,,,,,,,,,,,,,,,,,,
Con gái vị thẩm phán,film,,,,,,,,,,,,,,,,,,,,,,,,,,,,,,,,,,,,,Đỗ Phú Hải,,,,,,,,,,,,tiếng Việt,,,,,,,,,,,,,,,,,,,truyền hình,,,,,,,,,,,Việt Nam,,,,,,,,,,,,,,,,,,,,,Nguyễn Quý Dũng,"Hà Kiều Anh, Huy Khánh, Minh Thảo, Thân Thúy Hà, NSƯT Việt Anh, NSƯT Trần Tường, NSƯT Lân Bích, Võ Thành Tâm",,,,,,45 phút/tập (không bao gồm quảng cáo),,,,,30 tháng 1 năm 2014,,,,,,Con gái vị thẩm phán,Phim truyền hình,,30,"Hãng phim Truyền hình Thành phố Hồ Chí Minh, Đài Truyền hình Thành phố Hồ Chí Minh, Hãng phim Midi",HTV9,,25 tháng 3 năm 2014,,,,,,,,,,,,,,,,,,,,,,,,,,,,,,,,,,,,,,,,,,,,,,,,,,,,,,,,,,,,,,,,,,,,,,,,,,,,,,,,,,,,,,,,,,,,,,,,,,,,,,,,,,,,,,,,,,,,,,
Nhà ông Hoàng có ma,film,,,,,,,,,,,,,,,,,,,,,,,,,,,,,,,,,,,Nhà ông Hoàng có ma,,Hoàng Mập,,,,"Huy Khánh, Ngọc Lan, Chí Dũng, Thùy Trang, Hà Trí Quang, Đặng Thu Thảo, Đông Dương, Khánh Trinh",,,,,,,45 phút/tập (không bao gồm quảng cáo),tiếng Việt,,,,,,,,,,,,,,,,,,,truyền hình,,,,,,,,,Phan Ngọc Liên,,Việt Nam,,,,,,,,,,,,,,,,,,,,,,,,,,,,,,Phim truyền hình,Hãng phim Hoàng Thần Tài,,,36,,SCTV14,8 tháng 6 năm 2018,13 tháng 7 năm 2018,,,,,,,,,,,,,,,,,,,,,,,,,,,,,,,,,,,,,,,,,,,,,,Khi người đàn ông trở lại,Nhà có hai cửa chính,,,,,,,,,,,,,,,,,,,,,,,,,,,,,,,,,,,,,,,,,,,,,,,,,,,,,,,,,,,,,,,,,,,,,,,,,,,,,,,
Lều chõng (phim truyền hình),film,,,,,,,,,,,,,,,,,,,,,,,,,,,,,,,,,,,,,NSƯT Nguyễn Thanh Vân,,,,,,,,,,,,tiếng Việt,,,,,,,,,,,,,,,,,,,truyền hình,,,,,,,,,,,Việt Nam,,,,,,,,,,,,,,,,,,Lều chõng (phim).PNG,,,Lê Ngọc Minh,"Trần Chí Trung, Thu Trang, Duy Khoa, Thiện Tùng, Bảo Yến, NSND Như Quỳnh, NSƯT Khôi Nguyên",,Nguyễn Hữu Tuấn,,,,45 - 50 phút/tập (không bao gồm quảng cáo),,,,,31 tháng 8 năm 2010,,,,,,Lều chõng,Phim truyền hình,,23,"Hãng phim Truyền hình Thành phố Hồ Chí Minh, Đài Truyền hình Thành phố Hồ Chí Minh",HTV9,,10 tháng 10 năm 2010,150px,,,,,tiểu thuyết cùng tên của nhà văn Ngô Tất Tố,,,,,,,,,,,,Wheat,,,,,,,,,,,,,,,,,,,,,,,,,,,,,,,,,,,,,,,,,,,,,,,,,,,,,,,,,,,,,,,,,,,,,,,,,,,,,,,,,,,,,,,,,,,,,,,,,,,,
Tâm hồn mẹ,film,,,,,,,,,,,,,,,,,,,,,,,,,,,,,,,,,,,Tâm hồn mẹ,,Phạm Nhuệ Giang,"Cố Khắc Ứng ((Chủ nhiệm)), Vương Đức, Nguyễn Thanh Vân, Pierre-Emmanuel Raccaud",,,"Phùng Hoa Hoài Linh, Hồng Ánh, Nguyễn Bách Tùng Lâm, Trương Minh Quốc Thái, Phát Triệu, Công Lý",Lương Minh,Phạm Văn Khuê,"Gadmer Sylvie, Nguyễn Ngọc Nga","Hãng phim truyện Việt Nam, Hãng phim Sông Hồng",,Tháng 11/2011 ((chiếu thử)) Tháng 12/2011 ((chiếu sớm LHPVN17)) Tháng 12/2012 ((chiếu thương mại)),92 phút,Tiếng Việt,"6,6 tỉ đồng",,,,,,,,,,,,,,,,,,"chính kịch, điện ảnh, lãng mạn",,,,,,,,,Phạm Nhuệ Giang,,Việt Nam,,,,,,,,,,,,,,,,,,,,,,,,,,,,,,,,,,,,,,,,,,,,,,,,,,,,"''Tâm hồn mẹ'', Nguyễn Huy Thiệp",,,,,,,,,,,,,,,,,,,,,,,,,,,,,,,,,,,,,,,,,,,,,,,,,,,,,,,,,,,,,,,,,,,,,,,,,,,,,,,,,,,,,,,,,,,,,,,,,,,,,,,,,,,,,,,,
Lý Công Uẩn: Đường tới thành Thăng Long,film,,,,,,,,,,,,,,,,,,,,,,,,,,,,,,,,,,,,,"Cận Đức Mậu, Tạ Huy Cường",,,,,,,,,,,,Tiếng Việt,100 tỉ đồng,,,,,,,,,,,,,,,,,,"lịch sử, truyền hình",,,,,,,,,,,,,,,,,,,,,,,,,,,,,Ly Cong Uan-Duong toi thanh Thang Long.jpg,Poster không chính thức,Trịnh Văn Sơn,"Trịnh Văn Sơn, Kha Chương Hòa","Phạm Tiến Lộc, Nguyễn Thụy Vân, Trung Hiếu, Hoàng Hải",,,,,,45 phút / tập,,,,,phim bị cấm chiếu,,,,,,Lý Công Uẩn - Đường tới thành Thăng Long,,,19,"Công ty truyền thông Trường Thành, Đài truyền hình Việt Nam",,,,,,,,,,,,,,,,,,,,,yellow,,,''Hào khí ngàn năm'' do Quang Hào trình bày,,,,,,,,,,,,,,,,,,,,,,,,,,,,,,,,,,,,,,,,,,,,,,,,,,,,,,,,,,,,,,,,,,,,,,,,Đoàn Thị Tình,Phan Cẩm Thượng,,,,,,,,,,,,,,,,,,,,,,,,
Những người viết huyền thoại,film,,,,,,,,,,,,,,,,,,,,,,,,,,,,,,,,,,,,,Bùi Tuấn Dũng,,,,,,,,,,,,Tiếng Việt,10 tỷ VND,,,,,,,,,,,,,,,,,,"chiến tranh, hành động",,,,,,,,,,,Việt Nam,,,,,,,,,,,,,,,,,Những người viết huyền thoại,,Poster chính thức,Nguyễn Huy Hoàng,Nguyễn Anh Dũng,"Trương Minh Quốc Thái, Tăng Bảo Quyên, NSƯT Hoàng Hải",Hoàng Lương,Lý Thái Dũng,,Hãng phim truyện Việt Nam,2013,100 phút,,,,,,,,,,,,,,,,,,,,,,,,,,,,,,,,,,,,,,,,,,,,,,,,,,,,,,,,,,,,,,,,,,,,,,,,,,,,,,,,,,,,,,,,,,,,,,,,,,,,,,,,,,,,,,,,,,,,,,,,,,,,,,,,,,,,,,,,
Phía cuối cầu vồng,film,,,,,,,,,,,,,,,,,,,,,,,,,,,,,,,,,,,,,Mai Hồng Phong,,,,,,,,,,,,tiếng Việt,,,,,,,,,,,,,,,,,,,truyền hình,,,,,,,,,,,Việt Nam,,,,,,,,,,,,,,,,,,,,,"Hoàng Nhung, Ngô Phương Hạnh","Dương Hoàng Anh, Ngô Tiến Đoàn, Bích Huyền, Lục Diệp, Dương Thùy Linh",,,,,,45 phút/tập (có bao gồm quảng cáo),,,,,16 tháng 9 năm 2010,,,,,,Phía cuối cầu vồng,Phim truyền hình,"tập truyện ""Công ty"" của Phan Hồn Nhiên",43,"Đài Truyền hình Việt Nam, Công ty cổ phần Trần Gia",VTV3,,13 tháng 12 năm 2010,,,,,,,,,,,,,,,,,,,,,,,Vệt nắng cuối trời,Cuộc gọi lúc 0 giờ,,,,,,,,,,,,,,,,,,,,,,,,,,,,,,,,,,,,,,,,,,,,,,,,,,,,,,,,,,,,,,,,,,,,,,,,,,,,,,,,,,,,,,,,,,,,,,
"Taxi, em tên gì?",film,,,,,,,,,,,,,,,,,,,,,,,,,,,,,,,,,,,"Taxi, em tên gì?",,"Đỗ Đức Thịnh, Đinh Tuấn Vũ","Lê Thị Thanh Thúy, Đỗ Đức Thịnh",Đỗ Đức Thịnh,,"Trường Giang, Angela Phương Trinh, Khánh Hiền",Nguyễn Hồng Thuận,James Ngô,Ngọc Nguyễn,,CJ CGV,"2016, 03, 04",95 phút,Tiếng Việt,,47 tỷ VND,2016,03,04,,,,,,,,,,,,,,"chính kịch, điện ảnh",,,,,,,,,"Đỗ Đức Thịnh, Đinh Thái Thụy",Thiên Phúc Entertainment,Việt Nam,,,,,,,,,,,,,,,,,,,Áp phích chiếu rạp của phim,,,,,,,,,,,,,,,,,,,,,,,,,,,,,,,,,,,,,,,,,,,,,,,,,,,,,,,,,,,,,,,,,,,,,,,,,,,,,,,,,,,,,,,,,,,,,,,,,,,,,,,,,,,,,,,,,,,,,,,,,,,,,,,,,,,,,,,,,,,,,,,,,
Những mảnh đời rừng,film,,,,,,,,,,,,,,,,,,,,,,,,,,,,,,,,,,,Những mảnh đời rừng,,"Jörg Foth, Trần Vũ",,,,,"Christoph Theusner, de, Christoph Theusner","Günter Jaeuthe, de, Günter Jaeuthe, Phạm Thiện Thuyết","Nguyễn Thị Yến, Lotti Mehnert, de, Lotti Mehnert","DEFA, Hãng phim truyện Việt Nam",,"1988, 04, 14, Đức",95 phút,"Tiếng Đức, Tiếng Việt",,,1988,04,14,Đức,,,,,,,,,,,,,,,,,,,,,,"Bành Bảo, Trần Vũ, Jörg Foth, de, Jörg Foth",,Việt Nam,,,,,,,,,,,,,,,,,,,,,,,,,,,,,,,,,,,,,,,,,,,,,,,,,,,,,,,,,,,,,,,,,,,,,,,,,,,,,,,,,,,,,,,,,,,,,,,,,,,,,,,,,,,,,,,,,,,,,,,,,,,,,,,,,,,,,,,,,,,,,,,,,,,,,,,,,,,,,,,,,,,,
Tìm chồng cho vợ tôi,film,,,,,,,,,,,,,,,,,,,,,,,,,,,,,,,,,,,,,Võ Việt Hùng,,,,,,,,,,,,tiếng Việt,,,,,,,,,,,,,,,,,,,truyền hình,,,,,,,,,,,Việt Nam,,,,,,,,,,,,,,,,,,,,,Lâm Quang Tèo,"Nhật Kim Anh, Quốc Cường, Hà Trí Quang, Hoàng Ny, Cao Thái Hà",,,,,,45 phút/tập (không bao gồm quảng cáo),,,,,13 tháng 6 năm 2013,,,,,,Tìm chồng cho vợ tôi,Phim truyền hình,,44,Hãng phim Tâm Điểm,SCTV14,Việt Nam,26 tháng 7 năm 2013,,,,,,,,,,,,,,,,,,,,,,,,,,,,,,,,,,,,,,,,,,,,,,,,,,,,,,,,,,,,,,,,,,,,,,,,,,,,,,,,,,,,,,,,,,,,,,,,,,,,,,,,,,,,,,,,,,,,,,
Duyên định kim tiền,film,,,,,,,,,,,,,,,,,,,,,,,,,,,,,,,,,,,,,Hồ Ngọc Xum,,,,,,,,,,,,tiếng Việt,,,,,,,,,,,,,,,,,,,truyền hình,,,,,,,,,,,Việt Nam,,,,,,,,,,,,,,,,,,Áp phích phim Duyên định kim tiền.jpg,,,"Hứa Mỹ Ngọc, Kim Tuyên","Võ Đình Hiếu, Cao Thái Hà, Nam Cường, Thùy Trang, Thành Đạt, Thân Thúy Hà",,,,,,45 phút/tập (không bao gồm quảng cáo),,,,,21 tháng 12 năm 2017,,,,,,Duyên định kim tiền,Phim truyền hình,,30,"Hãng phim Giải Phóng, IMC",TodayTV,,24 tháng 1 năm 2018,,,,,,''Thầy Thông Ngôn'' của nhà văn Hồ Biểu Chánh,,,,,,,,,,,,Pink,,,,,,,,,,,,,,,,,,,,,,,,,,,,,,,,,,,,,,,,,,,,,,,,,,,,,,,,,,,,,,,,,,,,,,,,,,,,,,,,,,,,,,,,,,,,,,,,,,,,
Lật mặt 6: Tấm vé định mệnh,film,,,,,,,,,,,,,,,,,,,,,,,,,,,,,,,,,,,Lật Mặt 6: Tấm vé định mệnh,Áp phích chiếu rạp của phim,Lý Hải,,,,* Trung Dũng * Huy Khánh * Thanh Thức * Quốc Cường * Huỳnh Thi * Kim Hải,,,,Lý Hải Production,CJ CGV,28 tháng 4 năm 2023,132 phút,Tiếng Việt,,"273,1 tỉ VNĐ",,,,,,,,,,,,,,,,,điện ảnh,,,,,,,,,,,Việt Nam,,,,,,,,,,,,,,,,,,,,,,,,,,,,,,,,,,,,,,,,,,,,,,,,,,,,,,,,,,,,,,,,,,,,,,,,,,,,,,,,,,,,,,,,,,,,,,,,,,,,,,,,,,,,,,,,,,,,,,,,,,,,,,,,,,,,,,,,,,,,,,,,,,,,,,,,,,,,,,,,,,,,
Vua bánh mì (phim truyền hình Việt Nam),film,,,,,,,,,,,,,,,,,,,,,,,,,,,,,,,,,,,,,Nguyễn Phương Điền,,,,,,,,,,,,tiếng Việt,,,,,,,,,,,,,,,,,,,"chính kịch, truyền hình",,,,,,,,,,,,,,,,,,,,,,,,,,,,,,,,Nguyễn Hoàng Anh,"Quốc Huy, Bạch Công Khanh, Trương Mỹ Nhân, Ngọc Thảo, Cao Minh Đạt, Thân Thúy Hà, Trương Minh Quốc Thái, Nhật Kim Anh",,,,,,45 phút/tập (không bao gồm quảng cáo),,,,,22 tháng 9 năm 2020,,,,,,Vua bánh mì,Phim truyền hình,''Phim truyền hình cùng tên'',81,Mega GS,THVL1,,24 tháng 12 năm 2020,,,,,,,,,,,,,,,,,,,,,,,Dâu bể đường trần,Nghiệp sinh tử,,,,,,,,,,,,,,,,,,,,,,,,,,,,,,,,,,,,,,,,,,,,,,,,,,,,,,,,,,,,,,,,,,,,,,,,,,,,,,,,,,,,,,,,,,,,,,
Để mai tính,film,,,,,,,,,,,,,,,,,,,,,,,,,,,,,,,,,,,,,Charlie Nguyễn,,,,,,,,,,,,Tiếng Việt,,,,,,,,,,,,,,,,,,,"hài, lãng mạn, tâm lý, tình cảm",,,,,,,,,,Wonderboy Entertainment,25px Việt Nam,,,,,,,,,,,,,,,,,Để Mai tính,Demaitinh.jpg,Hình ảnh quảng bá phim.,"Dustin Nguyễn, Irene Trịnh",Dustin Nguyễn,"Dustin Nguyễn, Kathy Uyên, Thái Hòa, Charlie Nguyễn, Bùi Văn Hải, Maryline Tâm Võ",Christopher Wong,Dominic Pereira,"Charlie Nguyễn, Hàm Trần, Thắng Vũ",EarlyRisers Media Group,"2010, 04, 23",95 phút,Hơn 18 tỷ VND,,,,,,,,,,,,,,,,,,300px,,,,,,,,,,,,,,,,,,,,,,,Để Mai tính 2,,,,,,,,,,,,,,,,,,,,,,,,,,,,,,,,,,,,,,,,,,,,,,,,,,,,,,,,,,,,,,,,,,,,,,,,,,,,,,,,,,,,,,,,,,,,,,
Long thành cầm giả ca (phim),film,,,,,,,,,,,,,,,,,,,,,,,,,,,,,,,,,,,Long thành cầm giả ca,,Đào Bá Sơn,,,,"Quách Ngọc Ngoan, Nhật Kim Anh, Trần Lực, Bùi Bài Bình, Đỗ Kỷ",Quốc Trung,Đặng Phúc Yên,"Trịnh Quốc Hùng, Đào Thái Anh",,Hãng phim Phương Nam,Năm 2010,124 phút,Tiếng Việt,7 tỷ VND,,,,,,,,,,,,,,,,,,"âm nhạc, chính kịch",,,,,,,,,Văn Lê,Hãng phim Giải Phóng,Việt Nam,,,,,,,,,,,,,,,,,,,Áp phích của phim.,,,,,,,,,,,,,,,,,,,,,,,,,,,,,,,,Quách Ngọc Ngoan,"''Long thành cầm giả ca'', của Nguyễn Du",,,,,,,,,,,,,,,,,,,260px,,,,,,,,,,,,,,,,,,,,,,,,,,,,,,,,,,,,,,,,,,,,,,,,,,,,,,,,,,,,,,,,,,,,,,,,,,,,,,,,,,,,,,,,,,,,,
Thất sơn tâm linh,film,,,,,,,,,,,,,,,,,,,,,,,,,,,,,,,,,,,,,"Hàm Trần, Lê Bình Giang, Phan Gia Nhật Linh, Nguyễn Hữu Tuấn",,,,,,,,"Yeah1 CMG, Galaxy ME, Galaxy Studio",,,,Tiếng Việt,,,2019,10,09,Việt Nam,2019,10,17,Malaysia,2019,10,17,Campuchia,,,,,"điện ảnh, kinh dị",,,,,,,,,,,Việt Nam,,,,,,,,,,,,,,,,,Thất sơn tâm linh,Thatsontamlinhphim.jpg,Áp phích của phim.,,"Trần Khánh Hoàng, Nguyễn Hoài Tâm",* Hoàng Yến Chibi * Quang Tuấn * Đinh Y Nhung * Thanh Tú * La Thành * Lâm Thanh Mỹ,Seth Tsui,"Nguyễn Vinh Phúc, Raymond Lavers","Nguyễn Công Danh, Nguyễn Cao Tùng","Galaxy Studio (Việt Nam), Golden Screen Cinemas (Malaysia)","2019, 10, 09, Việt Nam, 2019, 10, 17, Malaysia, 2019, 10, 17, Campuchia",100 phút,48 tỷ VND,,,,,,,,,,,,Vụ án Thiên Linh Cái,,,,,,260px,,,,,,,,,,,,,,,,,,,,,,,,,,,,,,,,,,,,,,,,,,,,,,,,,,,,,,,,,,,,,,,,,,,,,,,,,,,,,,,,,,,,,,,,,,,,,,no,,,,,,,,,,,,,,,,,,,,,,,
Nhà có nhiều cửa sổ,film,,,,,,,,,,,,,,,,,,,,,,,,,,,,,,,,,,,,,"Phi Tiến Sơn, Vũ Hồng Sơn",,,,,,,,,,,,Tiếng Việt,,,,,,,,,,,,,,,,,,,"tâm lý, tình cảm, truyền hình, xã hội",,,,,,,,,"BBC World Service Trust, Đỗ Trí Hùng, Vũ Nguyệt Ánh , Nguyễn Khải Hưng",,Việt Nam,,,,,,,,,,,,,,,,,Nhà có nhiều cửa sổ,,,,,"Lưu Huyền Trang, Hoàng Công, Vi Cầm, Tiến Lộc, Lê Mai",,"Trần Anh Phương, Vũ Trung Kiên, Nguyễn Đức Hiếu",,,,50 phút/tập (không bao gồm quảng cáo),,Phim truyền hình,"Trung tâm Phim truyền hình Việt Nam, Đài Truyền hình Việt Nam, Bộ Y Tế",,,,,VTV1,21 tháng 8 năm 20087 tháng 5 năm 2010,,,,,53,,,,,,,,,,,,,,,,,,2,"Nguyễn Khải Hưng, Đỗ Thanh Hải",,,,,,,,Cảnh sát hình sự: Hành trình bí ẩn,Gió làng Kình,,,,,,,,,,,,,,,,,,,,,,,,,"Huy Tuấn, Xuân Phương",,,,,,,,,,,,,,,,,,,,,,,,,,,,,,,,,,,,,,,,,,,,,,,,,,,,,,,,,,,,,,,,,,,,,
Huyền sử thiên đô,film,,,,,,,,,,,,,,,,,,,,,,,,,,,,,,,,,,,,,"NSƯT Tất Bình, NSND Phạm Thanh Phong",,,,,,,,,,,,tiếng Việt,,,,,,,,,,,,,,,,,,,truyền hình,,,,,,,,,,,,,,,,,,,,,,,,,,,,,,,,Nguyễn Mạnh Tuấn,"Công Dũng, BB Minh Thúy, Trung Dũng, Bá Anh, Giáng My, Mạnh Trường, Thu Quỳnh, NSND Trần Nhượng, Viết Liên, Rich Ting Nguyễn, Tạ Vũ Thu, NSƯT Trịnh Mai Nguyên, Bình Xuyên, NSƯT Phú Đôn",,,,,,45 phút/tập (không bao gồm quảng cáo),,,,,21 tháng 4 năm 2011,,,,,,Huyền sử thiên đô,Phim truyền hình,,"20 (phần 1), 22 (phần 2)","Công ty cổ phần Sao Thế Giới, Hãng Phim truyện I",VTV3,,9 tháng 9 năm 2011,,,,,,,,,,,,,,,,,,green,,,,,,,,,,,,,,,,,,,,Đầm lầy bạc,Cầu vồng tình yêu,Huyền sử thiên đô,,,,,,,,,,,,,,,,,,,,,,,,,,,,,,,,,,,,,,,,,,,,,,,,,,,,,,,,,,,,,,,,,,,,,,,,,,,,,,
Sống chung với mẹ chồng,film,,,,,,,,,,,,,,,,,,,,,,,,,,,,,,,,,,,,,Vũ Trường Khoa,,,,,,,,,,,,Tiếng Việt,,,,,,,,,,,,,,,,,,,"chính kịch, truyền hình",,,,,,,,,Đặng Thiếu Ngân,,Việt Nam,,,,,,,,,,,,,,,,,,Song-chung-voi-me-chong-phim_viet_nam_poster.jpg,,,,"Lan Hương, Bảo Thanh, Anh Dũng, Việt Anh",,,,,,45 - 50 phút/tập (không bao gồm quảng cáo),,,,,5 tháng 4 năm 2017 - 30 tháng 6 năm 2017,,,,,,Sống chung với mẹ chồng,Phim truyền hình,,34,"Trung tâm Phim truyền hình Việt Nam, Đài Truyền hình Việt Nam",VTV1,,,,,,,,''Phù thủy dưới đáy biển'' của tác giả Giả Hiểu,,,,,,,,,,,,,,,Hạnh phúc mong manh,,Chiều ngang qua phố cũ,Những người nhiều chuyện,,,,,,,,,,,,,,,,,,,,,,,,,,,,,,,,,,,,,,,,,,,,,,,,,,,,,,,,,,,,,,,,,,,,,,,,,,,,,,,,,,,,,,,,,,,,,,
Quỳnh búp bê,film,,,,,,,,,,,,,,,,,,,,,,,,,,,,,,,,,,,,,Mai Hồng Phong,,,,,,,,,,,,Tiếng Việt,,,,,,,,,,,,,,,,,,,truyền hình,,,,,,,,,,,,,,,,,,,,,,,,,,,,,Quỳnh búp bê poster.jpg,,,"Phạm Kim Ngân, Đặng Minh Châu, Mai Việt, Nguyễn Thu Thủy","Phương Oanh, Thu Quỳnh, Doãn Quốc Đam, Thanh Hương, Minh Tiệp, Quỳnh Kool, Duy Hưng, Trọng Lân, Nguyễn Hải",,,,,,44–47 phút/tập (không bao gồm quảng cáo),,,,,"15 tháng 6 – 6 tháng 7 năm 2018 (VTV1), 3 tháng 9 – 20 tháng 11 năm 2018 (VTV3)",,,,,,Quỳnh búp bê,Phim truyền hình,,28,"Trung tâm Phim truyền hình Việt Nam, Đài Truyền hình Việt Nam","VTV1 (tập 1–6), VTV3 (tập 7–28)",,,,,,,,,,,,,,,,,,,,,Đỗ Thanh Hải,,,,"Tình khúc Bạch Dương (VTV1), Ngày ấy mình đã yêu (VTV3)","Hạnh phúc không có ở cuối con đường (VTV1), Chạy trốn thanh xuân (VTV3)",,,,,,,,,,,,,,,,,,,,,,,,,,,,,,,,,,,,,,,,,,,,,,,,,,,,,,,,,,,,,,,,,,,,,,,,,,,,,,,,,,,,,,,,,,,,,,
Yêu thì ghét thôi,film,,,,,,,,,,,,,,,,,,,,,,,,,,,,,,,,,,,Yêu thì ghét thôi,,Trịnh Lê Phong,,,,"Phương Anh, Đình Tú, Chí Trung, Vân Dung, Quang Thắng, Vũ Thu Hoài, Anh Dũng, Hoàng Thu Trang, Đỗ Duy Nam, Đặng Ngọc Dũng",,,,,,,45-50 phút/tập (có quảng cáo),Tiếng Việt,,,,,,,,,,,,,,,,,,,truyền hình,,,,,,,,,Huyền Lê,,Việt Nam,,,,,,,,,,,,,,,,,,,,,,,,,,,,,,,"Trung tâm Phim truyền hình Việt Nam, Đài Truyền hình Việt Nam",,,30,,VTV3,29 tháng 8 năm 2018,13 tháng 12 năm 2018,,,,,,,,,,,,,,,,,,,,,,,,,,,,,,,Cả một đời ân oán,Những cô gái trong thành phố,,,,,,,,,,,,,,,,,,,,,,,,'''Ghét thì yêu thôi 2''',,,,,,,,,,,,,,,,,,,,,,,,,,,,,,,,,,,,,,,,,,,,,,,,,,,,,,,,,,,,,,,,,,,,,,
Những ngày không quên,film,,,,,,,,,,,,,,,,,,,,,,,,,,,,,,,,,,,,,"Nguyễn Danh Dũng, Trịnh Lê Phong",,,,,,,,,,,,Tiếng Việt,,,,,,,,,,,,,,,,,,,truyền hình,,,,,,,,,,,Việt Nam,,,,,,,,,,,,,,,,,,Những ngày không quên.jpg,,,"Nguyễn Thu Thủy, Trịnh Khánh Hà","Trung Anh, Bùi Bài Bình, Tiến Quang, Thu Quỳnh, Bảo Thanh, Đình Tú, Phương Oanh, Bảo Hân, Thanh Hương, Tuấn Tú, Việt Hoa, Việt Bắc, Hương Giang",,"Hoàng Tích Thiện, Nghiêm Bá Hoài",,,,,,,,,6 tháng 4 năm 2020,,,,,,Những ngày không quên,Phim truyền hình,,50,Trung tâm Phim truyền hình Việt Nam,VTV1,,16 tháng 6 năm 2020,,,,,,,,,,,,,,,,"Thủy Vũ, Mai Diệp",,,Đỗ Thanh Hải,,,"Ghen Cô Vy (tập 1-13), Glimpse Of Hope (tập 15-50)","Mùa xuân ở lại (bản 25 phút/tập), Đừng bắt em phải quên (Tập 1-9)",Lựa chọn số phận,,,,,,,,,,,,,,,,,,,,,,,,,,,,,,,,,,,,,,,,,,,,,,,,,,"Về nhà đi con, Cô gái nhà người ta, Hoa hồng trên ngực trái",,,,,,,,,,,,,,,,,,,,,,Dolby Digital,,,,,,,,,,,,,,,,,,,,,,
Lửa ấm,film,,,,,,,,,,,,,,,,,,,,,,,,,,,,,,,,,,,Lửa ấm,,Đào Duy Phúc,,,,"Trương Minh Quốc Thái, Thu Quỳnh, Đỗ Thúy Hằng, Trọng Trinh, Lan Hương, Tô Dũng, Nguyễn Mạnh Quân",,,,,,,35-40 phút (bao gồm cả quảng cáo),tiếng Việt,,,,,,,,,,,,,,,,,,,truyền hình,,,,,,,,,,,Việt Nam,,,,,,,,,,,,,,,,,,,,,,,,,,,,,,Phim truyền hình,Trung tâm Phim truyền hình Việt Nam,,,52,,VTV1,1 tháng 10 năm 2020 - 15 tháng 12 năm 2020,,,,,,,,,,,,,,,,,,,,,,,,,,,,,,,,Lựa chọn số phận,Trở về giữa yêu thương,,,,,,,,,,,,,,,,,,Đỗ Thanh Hải,,,,,,,,,,,,,,,,,,,,,,,,,,,,,,,,,,,,,,,,,,,,,,,,,,,,,,,,,,,,,,,,,,,,,,,,,,,,
Hành trình công lý,film,,,,,,,,,,,,,,,,,,,,,,,,,,,,,,,,,,,Hành trình công lý,,Nguyễn Mai Hiền,,,,,,,,,,,45 – 50 phút/tập (không bao gồm quảng cáo),tiếng Việt,,,,,,,,,,,,,,,,,,,"chính kịch, truyền hình",,,,,,,,,,,Việt Nam,,,,,,,,,,,,,,,,,,Áp phích phim Hành trình công lý.png,,,"Lê Thu Thủy, Đàm Vân Anh, Nguyễn Trung Dũng, Vũ Liêm","Hồng Diễm, Việt Anh, Như Quỳnh, Quốc Huy, Thu Quỳnh, Hà Việt Dũng",,Trần Kim Vũ,,,,,,Phim truyền hình,,,,45,,VTV3,10 tháng 10 năm 2022,18 tháng 1 năm 2023,,,''The Good Wife'',,"Trung tâm Phim truyền hình Việt Nam, Đài Truyền hình Việt Nam",,,,,,,,,,,,,,,,,,,,,,,,,,Gara hạnh phúc,Đừng nói khi yêu,,,,,,,,,,,,,,,,,,,,,,,,'''''Người vợ tốt''''',,,,,,,,,,,,,,,,,,,,,,,,,,,,,,,,,,,,,,,,,,,,,,,,,,,,,,,,,,,,,,,,,,,,,,
Cuộc chiến không giới tuyến,film,,,,,,,,,,,,,,,,,,,,,,,,,,,,,,,,,,,Cuộc chiến không giới tuyến,,Nguyễn Danh Dũng,,,,"Hoàng Hải, Việt Anh, Thu Quỳnh, Hà Việt Dũng, Tô Dũng, Phan Thắng, Trần Trung Kiên, Hoàng Chí Công",,,,,,,20 – 25 phút/tập (không bao gồm quảng cáo),tiếng Việt,,,,,,,,,,,,,,,,,,,"âm nhạc, truyền hình",,,,,,,,,,,Việt Nam,,,,,,,,,,,,,,,,,,bo-phim-cuoc-chien-khong-gioi-tuyen-poster.jpg,,,"Thu Thủy, Dương Hồng Hải, Đức Bảo",,,,,,,,,Phim truyền hình,,,,40,,VTV1,11 tháng 9 năm 2023 - 8 tháng 11 năm 2023,,,,,,"Trung tâm Phim truyền hình Việt Nam, Đài Truyền hình Việt Nam, Tổng cục Chính trị Quân đội Nhân dân Việt Nam",,,,,,,,,,,,,,,,,,,,,,,,,,Làng trong phố,Chúng ta phải hạnh phúc,,,,,,,,,,,,,,,,,,,,,,,,,,,,,,,,,,,,,,,,,,,,,,,,,,,,,,,,,,,,,,,,,,,,,,,,,,,,,,,,,,,,,,,,,,,,,,
"Cha tôi, người ở lại",film,,,,,,,,,,,,,,,,,,,,,,,,,,,,,,,,,,,,,Vũ Trường Khoa,,,,,,,,,,,,,,,,,,,,,,,,,,,,,,,"chính kịch, truyền hình",,,,,,,,,,,Việt Nam,,,,,,,,,,,,,,,,,"Cha tôi, người ở lại",Cha-toi-nguoi-o-lai.webp,,,"Thảo Đan, An Nguyên, Trần Thu","* Bùi Như Lai, * Trần Thái Sơn, * Nguyễn Hoàng Ngọc Huyền, * Trần Nghĩa, * Thái Vũ, * Nguyễn Thị Kiều Anh, * Nguyễn Thu Quỳnh, * Trần Trung Kiên, * Nguyễn Minh Tiệp, * Lương Thu Trang, * Nguyễn Thị Thanh Huế, * Vũ Tuấn Việt",,,,Đài truyền hình Việt Nam,,45 – 50 phút/tập (không bao gồm quảng cáo),,,,VTV3,17 tháng 2 năm 2025,,,,,,,,''Lấy danh nghĩa người nhà'',45,Trung tâm Phim truyền hình Việt Nam,,,28 tháng 5 năm 2025,250px,,,,,,,,,,,,,,Nguyễn Bích Ngọc,"Trịnh Cẩm Hằng, Trịnh Đan Phượng",,,Lê Mạnh,Phùng Tiến Minh,,,,,,,,,,,,,,,,,,,''Mặt trời lạnh'',,,,,,,,,'''''Lấy danh nghĩa người nhà''''',,,,,"Đi một đường, về hai hướng",,,,,,,,,,,,,,,,,,,,,,,,,,,,,,,,,,,,,,,,,,,,"""Tìm về"" , ""Hoa dại khờ""",,,,,,,,,,,,,,,,,,,,,
Sống cùng lịch sử (phim),film,,,,,,,,,,,,,,,,,,,,,,,,,,,,,,,,,,,Sống cùng lịch sử,Áp phích của phim.,Nguyễn Thanh Vân,Vương Đức,,,"Nguyễn Thu Quỳnh, Đào Chí Nhân, Hoàng Tuấn Kiên, Hoàng Mai Anh",Quốc Trung,Lý Thái Dũng,"Lê Vinh Quốc, Nguyễn Ngọc Nga",,Hãng phim truyện Việt Nam,Ngày 2 tháng 9 năm 2014,88 phút,Tiếng Việt,21 tỷ đồng,,,,,,,,,,,,,,,,,,,,,,,,,,Đoàn Tuấn,,,Việt Nam,,,,,,,,,,,,,,,,,,,,,,,,,,,,,,,,,,,,,,,,,,,,,,,,,,,,,,,,,,,,,,,,,,,,,,,,,,,,,,,,,,,,,,,,,,,,,,,,,,,,,,,,,,,,,,,,,,,,,,,,,,,,,,,,,,,,,,,,,,,,,,,,,,,,,,,,,,,,,,,,,,,,
Hi vọng cuối cùng,film,,,,,,,,,,,,,,,,,,,,,,,,,,,,,,,,,,,Hy vọng cuối cùng,,Trần Phương,,,,"Tất Bình, Lân Bích, Như Quỳnh",,Nguyễn Hữu Tuấn,,Xưởng phim truyện Việt Nam,,1981,,Tiếng Việt,,,,,,,,,,,,,,,,,,,điện ảnh,,,,,,,,,Trần Hoàng Bách,,Việt Nam,,,,,,,,,,,,,,,,,,,,,,,,,,,,,,,,,,,,,,,,,,,,,,,,,,,,,,,,,,,,,,,,,,,,,,,,,,,,,,,,,,,,,,,,,,,,,,,,,,,,,,,,,,,,,,,,,,,,,,,,,,,,,,,,,,,,,,,,,,,,,,,,,,,,,,,,,,,,,,,,,,,,
12A và 4H,film,,,,,,,,,,,,,,,,,,,,,,,,,,,,,,,,,,,,,"Bùi Thạc Chuyên, Trần Quốc Trọng",,,,,,,,,,,,tiếng Việt,,,,,,,,,,,,,,,,,,,"điện ảnh, truyền hình",,,,,,,,,,,Việt Nam,,,,,,,,,,,,,,,,,,12ava4h.jpg,Áp phích phim,,"Nguyễn Mỹ Linh, Nguyễn Thu Dung, Bùi Thạc Chuyên",,,,,,,75 phút/tập (không bao gồm quảng cáo),,,,,8 tháng 10 năm 1995,,,,,,12A và 4H,Phim truyền hình,,4,"Trung tâm Phim truyền hình Việt Nam, Đài Truyền hình Việt Nam",VTV3,,29 tháng 10 năm 1995,230px,,,,,"''Vĩnh biệt mùa hè'' (phim 1992), tiểu thuyết cùng tên của nhà văn Nguyễn Đông Thức",,,,,,,,,,,,Red,,"Đỗ Hồng Quân, Serafim Tulikov",''Mùa hè đã qua'',,,,,,,,,,,,,,,,,,,,,,,,,,,,,,,,,,,,,,,,,,,,,,,,,,,,,,,,,,,,,,,,,,,,,,,,,,,,,,,,,,,,,,,,,,,,,,,,,
Con nhện xanh,film,,,,,,,,,,,,,,,,,,,,,,,,,,,,,,,,,,,,,Đỗ Đức Thành,,,,,,,,,,,,tiếng Việt,,,,,,,,,,,,,,,,,,,truyền hình,,,,,,,,,,,Việt Nam,,,,,,,,,,,,,,,,,,,,,"Lê Phương, Trịnh Thanh Nhã","NSND Trọng Khôi, NSND Tiến Đạt, NSND Mạnh Cường, Khánh Huyền, NSƯT An Chinh",,,,,,75 phút/tập (không bao gồm quảng cáo),,,,,24 tháng 6 năm 2001 - 22 tháng 7 năm 2001,,,,,,Con nhện xanh,Phim truyền hình,,5,"Trung tâm Phim truyền hình Việt Nam, Đài Truyền hình Việt Nam",VTV3,,,,,,,,,,,,,,,,,,,,DeepSkyBlue,,Đặng Hữu Phúc,,,,,,,,,,,,,,,,,,,,,,,,,,,,,,,,,,,,,,,,,,,,,,,,,,,,,,,,,,,,,,,,,,,,,,,,,,,,,,,,,,,,,,,,,,,,,,,,,,
Niệm khúc cuối,film,,,,,,,,,,,,,,,,,,,,,,,,,,,,,,,,,,,,,Anh Dũng,,,,"Hà Hương, Xuân Bắc, Minh Trang, Trọng Khôi, Trung Anh",,,,,,,,tiếng Việt,,,,,,,,,,,,,,,,,,,"điện ảnh, truyền hình",,,,,,,,,,,Việt Nam,,,,,,,,,,,,,,,,,,,,,Nguyễn Thu Dung,,,,,,,118 phút,,,,,2003,,,,,,Niệm khúc cuối,Điện ảnh truyền hình,,,"Trung tâm Phim truyền hình Việt Nam, Đài Truyền hình Việt Nam, Hãng phim Truyền hình Thành phố Hồ Chí Minh",VTV3,,,,,,,,,,,,,,,,,,,,PaleGreen,,,,,,,,,,,,,,,,,,,,,,,,,,,,,,,,,,,,,,,,,,,,,,,,,,,,,,,,,,,,,,,,,,,,,,,,,,,,,,,,,,,,,,,,,,,,,,,,,,,,
Một lần đi bụi,film,,,,,,,,,,,,,,,,,,,,,,,,,,,,,,,,,,,,,Trần Quốc Trọng,,,,,,,,,,,,,,,,,,,,,,,,,,,,,,,truyền hình,,,,,,,,,,,Việt Nam,,,,,,,,,,,,,,,,,Một lần đi bụi,,,,Trần Hoài Văn,*Trọng Khôi *Phương Khanh *Văn Anh *Nguyễn Kiều Anh,,,,,,,,,,VTV3,12 tháng 4 năm 2006,,,,,,,,"""Một lần đi bụi"" của Trần Hoài Văn",,"Trung tâm Phim truyền hình Việt Nam, Đài Truyền hình Việt Nam",,,,,,,,,,,,,,,,,,,Phạm Ngọc Tiến,,,,,,,,,,,,,,,,Lê Mạnh,,,,,,,,,,,,,,,,,Trọng Đài,,,,,,,,,,,,,,,,,,,,,,,,,,,,,,,,,,,,,,,,,,,,,,,,,,,,,,,,,,,,,,,,,,,,,
Mùa lá rụng,film,,,,,,,,,,,,,,,,,,,,,,,,,,,,,,,,,,,,,NSƯT Quốc Trọng,,,,,,,,,,,,tiếng Việt,,,,,,,,,,,,,,,,,,,truyền hình,,,,,,,,,,,Việt Nam,,,,,,,,,,,,,,,,,,230px,,,Đặng Minh Châu,"Dũng Nhi, NSƯT Thanh Quý, NSND Chu Văn Thức, NSƯT Bạch Diện, Tuấn Kiên, Thanh Lan, NSƯT Đỗ Kỷ",,,,,,75 phút/tập (không bao gồm quảng cáo),,,,,2001,,,,,,Mùa lá rụng,Phim truyền hình,,13,"Trung tâm Phim truyền hình Việt Nam, Đài Truyền hình Việt Nam",VTV3,,,,,,,,,,,,,,,,,,,,Pink,,Trọng Đài,Mùa lá rụng,,,,,,,,,,,,,,,,,,,,,,,,,,,,,,,,,,,,,,,,,,,,,,,,,,,,,,,,,,,,,,,,,,,,,,,,,,,,,"tiểu thuyết ""Mùa lá rụng trong vườn"" và ""Đám cưới không giấy giá thú"" của Ma Văn Kháng",,,,,,,,,,,,,,,,,,,,
Sang sông,film,,,,,,,,,,,,,,,,,,,,,,,,,,,,,,,,,,,Sang sông,,Trọng Trinh,,Trịnh Thanh Nhã,,* Minh Châu * Phạm Thị Tần * Tạ Minh Thảo * Đình Chiến * Phú Đôn,Hoàng Lương,Phạm Quang Minh,Phương Nga,Hãng phim truyền hình Việt Nam,Đài Truyền hình Việt Nam,,72 phút,Tiếng Việt,,,,,,,,,,,,,,,,,,,"điện ảnh, truyền hình",,,,,,,,,,,Việt Nam,,,,,,,,,,,,,,,,,,,,,,,,,,,,,,,,,,,,,,,,,,,,,,,,,,,,,,,,,,,,,,,,,,,,,,,,,,,,,,,,,,,,,,,,,,,,,,,,,,,,,,,,,,,,,,,,,,,,,,,,,,,,,,,,,,,,,,,,,,,,,,,,,,,,,,,,,,,,,,,,,,,,
Ranh giới (phim 2002),film,,,,,,,,,,,,,,,,,,,,,,,,,,,,,,,,,,,,,Vũ Hồng Sơn,,,,,,,,,,,,,,,,,,,,,,,,,,,,,,,"điện ảnh, truyền hình",,,,,,,,,,,Việt Nam,,,,,,,,,,,,,,,,,Ranh giới,,,,Trần Anh Đào,*Tăng Nhật Tuệ *Thu An *Minh Hòa *Phạm Cường *Minh Phương,,Hoàng Tích Thiện,,,,86 phút,,,,,,,,,,,,,,1,Hãng phim truyền hình Việt Nam,,,,,,,,,,,,,,,,,,Phạm Tuấn,Thùy Linh,,,,,,,,,,,,,,,,,,,,,,,,,,,,,,,,,Xuân Phương,,,,,,,,,,,,,,,,,,,,,,,,,,,,,,,,,,,,,,,,,,,,,,,,,,,,,,,,,,,,,,,,,,,,,
Những người đã hết thời,film,,,,,,,,,,,,,,,,,,,,,,,,,,,,,,,,,,,,,Bùi Huy Thuần,,,,,,,,,,,,,,,,,,,,,,,,,,,,,,,"điện ảnh, truyền hình",,,,,,,,,,,Việt Nam,,,,,,,,,,,,,,,,,Những người đã hết thời,,,,Đỗ Trí Hùng,* Nguyễn Bá Cường * Hà Văn Trọng * Thành An * Thanh Hiền * Mỹ Linh * Trần Hạnh * Tạ Minh Thảo,,Lê Mạnh,,,,75 phút,,,,,,,,,,,,,,1,Hãng phim truyền hình Việt Nam,,,,,,,,,,,,,,,,,,,,,,,,,,,,,,,,,,,,,,,,,,,,,,,,,,,,Vũ Thảo,,,,,,,,,,,,,,,,,,,,,,,,,,,,,,,,,,,,,,,,,,,,,,,,,,,,,,,,,,,,,,,,,,,,,
Đường đời,film,,,,,,,,,,,,,,,,,,,,,,,,,,,,,,,,,,,,,Trần Quốc Trọng Trần Hoài Sơn,,,,,,,,,,,,tiếng Việt,,,,,,,,,,,,,,,,,,,truyền hình,,,,,,,,,,,Việt Nam,,,,,,,,,,,,,,,,,,230px,,,"Trung Trung Đỉnh, Trần Thùy Linh","Hoàng Hải, Thu Hà, Trung Hiếu, Đặng Lưu Hà, Thương Huyền",,,,,,75 phút/tập (không bao gồm quảng cáo),,,,,18 tháng 7 năm 2004,,,,,,Đường đời,Phim truyền hình,,25,"Trung tâm Phim truyền hình Việt Nam, Đài Truyền hình Việt Nam",VTV3,,2 tháng 1 năm 2005,,,,,,,,,,,,,,,,,,Pink,,Trọng Đài,Đường đời,,,,,,,,,,,,,''Nợ đời'' của nhà báo Hoàng Dự,,,,,,,,,,,,,,,,,,,,,,,,,,,,,,,,,,,,,,,,,,,,,,,,,,,,,,,,,,,,,,,,,,,,,,,,,,,,,,,,,,,,
Dòng sông phẳng lặng (phim truyền hình),film,,,,,,,,,,,,,,,,,,,,,,,,,,,,,,,,,,,Dòng sông phẳng lặng,,Đỗ Đức Thành,,,,"Kiều Thanh, Hoàng Hải, Đàm Hằng, Tùng Dương, NSƯT Diễm Lộc",,,,,,,50 phút/tập (không bao gồm quảng cáo),tiếng Việt,,,,,,,,,,,,,,,,,,,truyền hình,,,,,,,,,Lưu Nghiệp Quỳnh,,Việt Nam,,,,,,,,,,,,,,,,,,Dòng sông phẳng lặng.jpg,,,,,,,,,,,,Phim truyền hình,"Trung tâm Phim truyền hình Việt Nam, Đài Truyền hình Việt Nam, Đài Phát thanh - Truyền hình Thừa Thiên – Huế",,,13,,"VTV3, TRT",2005,,,,,,,,,,,,,,,tiểu thuyết cùng tên của nhà văn Tô Nhuận Vỹ,,,,,,,,,,,,,,,,,,,,,,,,,,,,,,,,,,,,,,,,,,,,,,,,,,,,,,,,,,,,,,,,,,,,,,,,Phạm Quang Minh,,,,,,,,,,,,,,,,,,,,,,,,,,,,,,,,,,,,,,,,
Lời sám hối muộn màng,film,,,,,,,,,,,,,,,,,,,,,,,,,,,,,,,,,,,,,,,,,,,,,,,,,Tiếng Việt,,,,,,,,,,,,,,,,,,,hình sự,,,,,,,,,,,,,,,,,,,,,,,,,,,,Lời sám hối muộn màng,,,VFC,,,,,,,,,,,,VTV3,2006,,,,,,,,Hồ sơ một tử tù,11,,,,,,,,,,,,,,,,,,,,,,,,,,,,,,,,,,,,,,,,,,,,,,,,,,,,,,,,,Những bàn chân lặng lẽ,,,,,,,,,,,,,,,,,,,,,,,,,,,,,,,,,,,,,,,,,,,,Những bàn chân lặng lẽ,,,,,,,,,,,,,,,,,,,,,
Đột kích (phim truyền hình),film,,,,,,,,,,,,,,,,,,,,,,,,,,,,,,,,,,,,,Vũ Minh Trí,,,,,,,,,,,,tiếng Việt,,,,,,,,,,,,,,,,,,,"hình sự, truyền hình",,,,,,,,,,,Việt Nam,,,,,,,,,,,,,,,,,,,,,,"Kiều Thanh, Trọng Trinh, Thanh Tùng, Tạ Minh Thảo, Vũ Phan Anh, Thanh Hiền, Tạ Am",,,,,,45 - 50 phút/tập (không bao gồm quảng cáo),,,,,20 tháng 9 năm 2007,,,,,,Đột kích,Phim truyền hình,,12,"Trung tâm Phim truyền hình Việt Nam, Đài Truyền hình Việt Nam",VTV1,,5 tháng 10 năm 2007,,,,,,,,,,,,,,,,,,,,Những bàn chân lặng lẽ,,,Cỏ lông chông,Ma làng,,,,,,,,,,,,,,,,,,,,,,,,,,,,,,,,,,,,,,,,,,,,,,,,,,,,,,,,,,,,,,,,,,,,,,,,,,,,,,,,,,,,,,,,,,,,,,
Luật đời,film,,,,,,,,,,,,,,,,,,,,,,,,,,,,,,,,,,,,,"Mai Hồng Phong, Hoàng Nhung",,,,,,,,,,,,tiếng Việt,,,,,,,,,,,,,,,,,,,truyền hình,,,,,,,,,,,Việt Nam,,,,,,,,,,,,,,,,,,250px,Áp phích phim,,"Đặng Diệu Hương, Trần Phương Lan","Hà Văn Trọng, Quốc Tuấn, Thanh Quý, Mạnh Cường, Anh Dũng, Hương Giang, Hoàng Mai, Thúy Hà, Diệu Hương, Mẫn Đức Kiên",,"Phan Hà Sơn, Trương Đình Phúc",,,,45 phút,,,,,2 tháng 11 năm 2007,,,,,,Luật đời,Phim truyền hình,,26,"Trung tâm Phim truyền hình Việt Nam, Đài Truyền hình Việt Nam",VTV1,Việt Nam,10 tháng 12 năm 2007,,,,,,,,,,,,,Tiểu thuyết ''Luật đời & Cha con'' của Nguyễn Bắc Sơn,,,Phạm Ngọc Tiến,Hà Nội,PaleGreen,,,,,Ma làng,Cổng trường thời mở cửa,,,,,,,,,,,,,,,,,,,,,,,,,,,,,,,,,,,,,,,,,,,,,,,,,,,,,,,,,,,,,,,,,,,,,,,,,,,,,,,,,,,,,,,,,,,,,,
Cuồng phong (phim truyền hình),film,,,,,,,,,,,,,,,,,,,,,,,,,,,,,,,,,,,,,Bùi Huy Thuần,,,,,,,,,,,,tiếng Việt,,,,,,,,,,,,,,,,,,,"hình sự, truyền hình",,,,,,,,,,,Việt Nam,,,,,,,,,,,,,,,,,,,,,"Khương Hồng Minh, Quách Thùy Nhung, Lê Anh Thúy, Tống Phương Dung","Hoàng Dũng, Minh Hòa, Trung Hiếu, Tạ Minh Thảo, Kiều Thanh, Diệu Hương, Hoa Thúy, Tiến Đạt, Đỗ Kỷ, Bảo Anh",,,,,,45 - 50 phút/tập (không bao gồm quảng cáo),,,,,16 tháng 6 năm 2010,,,,,,Cuồng phong,Phim truyền hình,,41,"Công ty cổ phần Truyền thông Đa phương tiện Lasta, Hãng phim truyện Việt Nam",VTV1,,22 tháng 9 năm 2010,,,,,,,,,,,,,,,,,,,,Cuồng phong,,,Ám ảnh xanh,Bí thư tỉnh ủy,,,,,,,,,,,,,,,,,,,,,,,,,,,,,,,,,,,,,,,,,,,,,,,,,,,,,,,,,,,,,,,,,,,,,,,,,,,,,,,,,,,,,,,,,,,,,,
Người lính đặc nhiệm,film,,,,,,,,,,,,,,,,,,,,,,,,,,,,,,,,,,,,,Nguyễn Trung Thực,,,,,,,,,,,,Tiếng Việt,,,,,,,,,,,,,,,,,,,"điện ảnh, hình sự",,,,,,,,,,,Việt Nam,,,,,,,,,,,,,,,,,Người lính đặc nhiệm,,,,Mai Vũ,* Phạm Cường * Thiện Tùng * Ngọc Bích,,Phạm Thanh Hà,,,,,,,,,2010,,,,,,,,,10,"Điện ảnh Công an nhân dân, Điện ảnh chiều thứ bảy",,,,,,,,,,,,,,,,,1,,,Hải Phòng,,,,,,,,,,,,,,,,,,,,,,,,,,,,,,,,,,,Đội đặc nhiêm H88,,,,,,,,,,,,,,,,,,,,,,,,,,,,,,,,,,,,,,,,,,,,,,,Đội đặc nhiêm H88,,,,,,,,,,,,,,,,,,,
Đầm lầy bạc,film,,,,,,,,,,,,,,,,,,,,,,,,,,,,,,,,,,,,,Bùi Quốc Việt,,,,,,,,,,,,tiếng Việt,,,,,,,,,,,,,,,,,,,"hình sự, truyền hình",,,,,,,,,,,Việt Nam,,,,,,,,,,,,,,,,,,Áp phích phim Đầm lầy bạc.jpg,,,"Trần Thục Uyên, Nguyễn Trung Dũng","NSƯT Trần Đức, NSƯT Thanh Quý, Quang Sự, Thanh Hoa, Tuấn Cường, Pha Lê",,NSƯT Nguyễn Mai Hiền,,,,45 - 50 phút/tập (không bao gồm quảng cáo),,,,,11 tháng 2 năm 2011 - 15 tháng 4 năm 2011,,,,,,Đầm lầy bạc,Phim truyền hình,,20,"Trung tâm Phim truyền hình Việt Nam, Đài Truyền hình Việt Nam",VTV3,,,,,,,,,,,,,,,,,,,,,,Đến nơi bình yên,,,Cho một tình yêu,Huyền sử thiên đô,,,,,,,,,,,,,,,,,,,,,,,,,,,,,,,,,,,,,,,,,,,,,,,,,,,,,,,,,,,,,,,,,,,,,,,,,,,,,,,,,,,,,,,,,,,,,,
Chủ tịch tỉnh (phim truyền hình),film,,,,,,,,,,,,,,,,,,,,,,,,,,,,,,,,,,,,,"Bùi Huy Thuần, Bùi Quốc Việt",,,,,,,,,,,,tiếng Việt,,,,,,,,,,,,,,,,,,,truyền hình,,,,,,,,,,,Việt Nam,,,,,,,,,,,,,,,,,,,,,Đình Kính,"NSƯT Phạm Cường, NSƯT Trần Nhượng, NSƯT Minh Hòa, NSƯT Tạ Minh Thảo, NSƯT Lệ Thu, NSƯT Tiến Mộc",,,,,,45 phút/tập (có bao gồm quảng cáo),,Phim truyền hình,,,6 tháng 6 năm 2011,38,,,,,Chủ tịch tỉnh,,,,"Trung tâm Phim truyền hình Việt Nam, Đài Truyền hình Việt Nam",VTV1,,31 tháng 8 năm 2011,,,,,,,,,,,,,,,,,,PaleGreen,,,,,Xin thề anh nói thật,Những đứa con biệt động Sài Gòn,,,,,,,,,,,,,,,,,,,,,,,,,,,,,,,,,,,,,,,,,,,,,,,,,,,,,,,,,,,,,,,,,,,,,,,,,,,,,,,,,,,,,,,,,,,,,,
Thái sư Trần Thủ Độ (phim truyền hình),film,,,,,,,,,,,,,,,,,,,,,,,,,,,,,,,,,,,,,Đào Duy Phúc,,,,,,,,,,,,Tiếng Việt,,,,,,,,,,,,,,,,,,,"lịch sử, truyền hình",,,,,,,,,,,,,,,,,,,,,,,,,,,,,Thái sư Trần Thủ Độ.jpg,Áp phích phim,,Nguyễn Mạnh Tuấn,"Thiên Bảo, Lã Thanh Huyền, Hứa Vĩ Văn",,,,,,45 phút/tập (không bao gồm quảng cáo),,,,,22 tháng 10 năm 2013 - 15 tháng 1 năm 2014,,,VTV3,,,Thái sư Trần Thủ Độ,,,34,Hãng Phim truyện I,VTV1,,,,,,,,,,,,,,,,,,,,yellow,,,''Tình ngút ngàn đau'' do Trọng Tấn trình bày,''Con hạc vàng'' do Tùng Dương trình bày,Giấc mơ hạnh phúc,Nơi chốn ta quay về,,,,,,,,,,,,,,,,,,,,,,,,,,,,,,,,,,,,,,,,,,,,,,,,,,,,,,,,,,,,,,,,,,,,,Đoàn Thị Tình,Phan Cẩm Thượng,,,,,,,,,,,,,,,,,,,,,,,,
Chạm tay vào nỗi nhớ,film,,,,,,,,,,,,,,,,,,,,,,,,,,,,,,,,,,,,,NSƯT Vũ Hồng Sơn,,,,"Saetti Baggio, Diệp Anh, Huyền Trang, Tiến Lộc, Thanh Sơn, Doãn Quốc Đam",,,,,,,,tiếng Việt,,,,,,,,,,,,,,,,,,,truyền hình,,,,,,,,,Chu Thanh Hương,,Việt Nam,,,,,,,,,,,,,,,,,,,,,,,,,,,,40 - 45 phút/tập (không bao gồm quảng cáo),,Phim truyền hình,"Trung tâm Phim truyền hình Việt Nam, Đài Truyền hình Việt Nam",,,38,,VTV3,7 tháng 11 năm 2013,21 tháng 3 năm 2014,,,,,,,,,,,,,,,,,,,,,,,,,,,,,,,Cảnh sát hình sự: Bản di chúc bí ẩn,Yêu đến tận cùng,,,,,,,,,,,,,,,,,,,,,,,,'''Học viện cảnh sát''',,,,,,,,,,,,,,,,,,,,,,,,,,,,,,,,,,,,,,,,,,,,,,,,,,,,,,,,,,,,,,,,,,,,,,
Giọt nước rơi,film,,,,,,,,,,,,,,,,,,,,,,,,,,,,,,,,,,,Giọt nước rơi,,Bùi Quốc Việt,,,,"Hồng Đăng, Chi Pu, NSƯT Trần Đức, NSƯT Thanh Quý, Chí Nhân, Bảo Thanh",,,,,,,45 - 50 phút/tập (có bao gồm quảng cáo),tiếng Việt,,,,,,,,,,,,,,,,,,,"chính kịch, truyền hình",,,,,,,,,,,Việt Nam,,,,,,,,,,,,,,,,,,Áp phích phim Giọt nước rơi.jpg,,,"Võ Thị Xuân Hà, Nguyễn Thị Vân Anh",,,,,,,,,Phim truyền hình,"Trung tâm Phim truyền hình Việt Nam, Đài Truyền hình Việt Nam",,,30,,VTV3,11 tháng 5 năm 2013,18 tháng 8 năm 2013,,,"""Aquarius hay là Chuyện dân gian ở thời đại chúng ta"" của Đức Hoàng",,,,,,,,,,,,,,,,,,,,,,,,,,,,Hương ngọc lan,Hoa nở trái mùa,,,,,,,,,,,,,,,,,,,,,,,,,,,,,,,,,,,,,,,,,,,,,,,,,,,,,,,,,,,,,,,,,,,,,,,,,,,,,,,,,,,,,,,,,,,,,,
Hoa bay,film,,,,,,,,,,,,,,,,,,,,,,,,,,,,,,,,,,,,,"NSƯT Xuân Sơn, NSƯT Đăng Khoa",,,,,,,,,,,,tiếng Việt,,,,,,,,,,,,,,,,,,,truyền hình,,,,,,,,,,,Việt Nam,,,,,,,,,,,,,,,,,,,,,"Từ Nguyên Trực, Ngô Phương Hạnh","Phương Oanh, Ngọc Quỳnh, NSƯT Tiến Mộc, NSƯT Trần Đức, Ngọc Tản, NSƯT Tạ Minh Thảo, Vũ Hải",,,,,,45 phút/tập (không bao gồm quảng cáo),,,,,10 tháng 10 năm 2014,,,,,,Hoa bay,Phim truyền hình,tiểu thuyết cùng tên của Chu Thanh Hương,40,"Hãng phim Truyền hình Thành phố Hồ Chí Minh, Đài Truyền hình Thành phố Hồ Chí Minh",HTV9,,10 tháng 1 năm 2015,,,,,,,,,,,,,,,,,,,,,,,,,,,,,,,,,,,,,,,,,,,,,,,,,,,,,,,,,,,,,,,,,,,,,,,,,,,,,,,,,,,,,,,,,,,,,,,,,,,,,,,,,,,,,,,,,,,,,,
Câu hỏi số 5,film,,,,,,,,,,,,,,,,,,,,,,,,,,,,,,,,,,,,,Bùi Quốc Việt,,,,,,,,,,,,Tiếng Việt,,,,,,,,,,,,,,,,,,,"chính kịch, hình sự, truyền hình",,,,,,,,,"Nguyễn Trung Dũng, Khánh Bùi",,Việt Nam,,,,,,,,,,,,,,,,,,Áp phích phim Câu hỏi số 5.jpg,,,,"Tiến Lộc, Chí Nhân, Doãn Quốc Đam, Kiều Thanh, Thanh Hoa, Bảo Anh",,,,,,45 - 50 phút/tập (không bao gồm quảng cáo),,,,,,,,,12 tháng 8 năm 2015,19 tháng 11 năm 2015,Câu hỏi số 5,Phim truyền hình,,30,"Trung tâm Phim truyền hình Việt Nam, Đài Truyền hình Việt Nam",VTV3,,,,,,,,,,,,,,,,,,,,,,"Đến nơi bình yên, Nỗi đau không tên",,,Hôn nhân trong ngõ hẹp,Khúc hát mặt trời,,,,,,,,,,,,,,,,,,,,,,,,,,,,,,,,,,,,,,,,,,,,,,,,,,,,,,,,,,,,,,,,,,,,,,,,,,,,,,,,,,,,,,,,,,,,,,
Lựa chọn cuối cùng,film,,,,,,,,,,,,,,,,,,,,,,,,,,,,,,,,,,,Lựa chọn cuối cùng,,Vũ Hồng Sơn,,,,"Mạnh Cường, Chí Nhân, Thanh Sơn, Minh Hà, Doãn Quốc Đam",,,,,,,45 phút/tập (không bao gồm quảng cáo),tiếng Việt,,,,,,,,,,,,,,,,,,,truyền hình,,,,,,,,,"Chu Hồng Vân, Nguyễn Tuấn Thành",,Việt Nam,,,,,,,,,,,,,,,,,,,,,,,,,,,,,,Phim truyền hình,"Trung tâm Phim truyền hình Việt Nam, Đài Truyền hình Việt Nam",,,38,,VTV1,8 tháng 7 năm 2016,1 tháng 12 năm 2016,,,,,,,,,,,,,,,,,,,,,,,,,,,,,,,Gia phả của đất,Chiều ngang qua phố cũ,,,,,,,,,,,,,,,,,,,,,,,,,,,,,,,,,,Đỗ Thanh Hải,,,,,,,,,,,,,,,,,,,,,,,,,,,,,,,,,,,,,,,,,,,,,,,,,,,,,,,,,,,,
Người phán xử (phim truyền hình Việt Nam),film,,,,,,,,,,,,,,,,,,,,,,,,,,,,,,,,,,,,,"Nguyễn Khải Anh, Nguyễn Mai Hiền, Nguyễn Danh Dũng",,,,,,,,,,,,Tiếng Việt,,,,,,,,,,,,,,,,,,,"chính kịch, hình sự, truyền hình",,,,,,,,,,,Việt Nam,,0070233,,,,,,,,,,,,,,,Người phán xử,Người phán xử (phim Việt Nam).jpg,,,"Nguyễn Trung Dũng, Khánh Bùi","Hoàng Dũng, Việt Anh, Trung Anh, Thanh Quý, Chu Hùng, Hồng Đăng, Bảo Anh, Bảo Thanh, Thanh Hương, Doãn Quốc Đam",,"Vũ Trung Kiên, Nguyễn Mạnh Hùng",,,,45 phút/tập (không bao gồm quảng cáo),,,,,23 tháng 3 năm 2017,,,,,,,Phim truyền hình,''Phim truyền hình cùng tên'',47,"Trung tâm Phim truyền hình Việt Nam, Đài Truyền hình Việt Nam",VTV3,,31 tháng 8 năm 2017,230px,,,,,,,,,,,"Reshef Levi, Shay Kanot",,,Đỗ Thanh Hải,,,,,,,,Tuổi thanh xuân 2,Ghét thì yêu thôi,,,,,,,,,,,,,,,,,,,,,,,,,,,,,,,,,,,,,,,,,,,,,,,,,,,,,,,,,,,,,,,,,,,,,,,,,,,,,,,,,,,,,,,,,,,,,,
Đấu trí (phim truyền hình Việt Nam),film,,,,,,,,,,,,,,,,,,,,,,,,,,,,,,,,,,,Đấu trí,,"Nguyễn Danh Dũng, Bùi Quốc Việt, Nguyễn Đức Hiếu",,,,"Trung Anh, Thanh Sơn, Doãn Quốc Đam, Lương Thu Trang, Vĩnh Xương, Trịnh Mai Nguyên, Trần Nhượng, Tú Oanh, Đặng Tất Bình, Phạm Anh Tuấn, Nguyệt Hằng, Xuân Phúc, Hồng Quang, Tô Dũng, Phan Thắng, Anh Đào",,,,,,,25 - 30 phút/tập (có bao gồm quảng cáo),tiếng Việt,,,,,,,,,,,,,,,,,,,truyền hình,,,,,,,,,,,Việt Nam,,,,,,,,,,,,,,,,,,Đấu trí poster.jpeg,,,"Từ Hải Vân, Thành Long, Trương Thuỳ Linh, Tạ Hồng Minh",,Trần Quang Duy,Vũ Trung Kiên,,,,,,Phim truyền hình,,,,74,,VTV1,18 tháng 7 năm 2022,1 tháng 11 năm 2022,,,,,"Trung tâm Phim truyền hình Việt Nam, Đài Truyền hình Việt Nam, Bộ Công an",,,,,,,,,,,,,,,,,,,,,,,,,,Lối nhỏ vào đời,Mẹ rơm,,,,,,,,,,,,,,,,,,,,,,,,,,,,,,,,,,,,,,,,,,,,,,,,,,,,,,,,,,,,,,,,,,,,,,,,,,,,,,,,,,,,,,,,,,,,,,
Gara hạnh phúc,film,,,,,,,,,,,,,,,,,,,,,,,,,,,,,,,,,,,Gara hạnh phúc,,Bùi Quốc Việt,,,,,,,,,,,45 – 50 phút/tập (không bao gồm quảng cáo),tiếng Việt,,,,,,,,,,,,,,,,,,,truyền hình,,,,,,,,,,,Việt Nam,,,,,,,,,,,,,,,,,,Garahanhphucposter.png,,,"Trịnh Khánh Hà, Lê Huyền","Viết Liên, Quỳnh Kool, Phạm Bảo Anh, Duy Hưng, Nguyễn Hoàng Ngọc Huyền, Bình An, Nguyễn Diễm Hương, Phạm Anh Tuấn",Nguyễn Xuân Phương,Trần Anh Phương,,,,,,Phim truyền hình,,,,27,,VTV3,8 tháng 8 năm 2022,5 tháng 10 năm 2022,,,,,"Trung tâm Phim truyền hình Việt Nam, Đài Truyền hình Việt Nam",,,,,,,,,,,,,,,,,,,,,,,,,,Thương ngày nắng về (phần 2),Hành trình công lý,,,,,,,,,,,,,,,,,,,,,,,,'''''Năm tháng bên nhau''''',,,,,,,,,,,,,,,,,,,,,,,,,,,,,,,,,,,,,,,,,,,,,,,,,,,,,,,,,,,,,,,,,,,,,,
Gió làng Kình,film,,,,,,,,,,,,,,,,,,,,,,,,,,,,,,,,,,,Gió làng Kình,,"Nguyễn Hữu Phần, Bùi Thọ Thịnh",,,,"Bùi Bài Bình, Hồng Sơn, Công Lý, Đỗ Kỷ, Phạm Viết Liên",,,,,,,45 - 50 phút/tập (không bao gồm quảng cáo),tiếng Việt,,,,,,,,,,,,,,,,,,,truyền hình,,,,,,,,,Phạm Ngọc Tiến,,Việt Nam,,,,,,,,,,,,,,,,,,Áp phích phim Gió làng Kình.jpeg,,,,,,,,,,,,Phim truyền hình,"Trung tâm Phim truyền hình Việt Nam, Đài Truyền hình Việt Nam",,,25,,VTV1,17 tháng 11 năm 2008,24 tháng 12 năm 2008,,,,,,,,,,,,,,,,,,,,,,,,,,,,,,,,,,,,,,,,,,,,,,Nhà có nhiều cửa sổ (phần 1),Cảnh sát hình sự: Cổ vật,,,,,,,,,'''Những trận gió người''',,Nguyễn Hữu Phần,,,,,,,,,,,,,,,,,,,,,,,,,,,,,,,,,,,,,,,,,,,,,,,,,,,,,,,,,,,,,,,,,,,,
Ngõ lỗ thủng,film,,,,,,,,,,,,,,,,,,,,,,,,,,,,,,,,,,,,,Trần Quốc Trọng,,,,,,,,,,,,tiếng Việt,,,,,,,,,,,,,,,,,,,truyền hình,,,,,,,,,,,Việt Nam,,,,,,,,,,,,,,,,,,,,,Đặng Diệu Hương,"Đỗ Kỷ, NSƯT Thanh Hiền, NSƯT Phú Kiên, Ngô Duy Phương, Lê Dũng Nhi",,,,,,50 phút/tập (bao gồm quảng cáo),,,,,4 tháng 2 năm 2009,,,,,,Ngõ lỗ thủng,Phim truyền hình,''Tiễn biệt những ngày buồn'' và ''Ngõ lỗ thủng'' của nhà văn Trung Trung Đỉnh,29,"Trung tâm Phim truyền hình Việt Nam, Đài Truyền hình Việt Nam",VTV1,,17 tháng 3 năm 2009,,,,,,,,,,,,,,,,,,,,NSƯT Trọng Đài,,,Cảnh sát hình sự: Cổ vật,Chuyện thám tử,,,,,,,,,,,,,,,,,,,,,,,,,,,,,,,,,,,,,,,,,,,,,,,,,,,,,,,,,,,,,,,,,,,,,,,,,,,,,,,,,,,,,,,,,,,,,,
Vệt nắng cuối trời,film,,,,,,,,,,,,,,,,,,,,,,,,,,,,,,,,,,,Vệt nắng cuối trời,,Trần Hoài Sơn,,,,"Tuấn Quang, Nguyệt Hằng, NSƯT Lan Hương, NSƯT Anh Dũng, NSƯT Trung Hiếu",,,,,,,45 - 50 phút/tập (không bao gồm quảng cáo),tiếng Việt,,,,,,,,,,,,,,,,,,,truyền hình,,,,,,,,,,,Việt Nam,,,,,,,,,,,,,,,,,,Vệt nắng cuối trời.jpg,,,"Hà Thu Hà, Đinh Thị Thủy, Nguyễn Thị Thanh Thủy",,,,,,,,,Phim truyền hình,Công ty cổ phần Truyền thông Đa phương tiện Lasta,,,38,,VTV3,29 tháng 6 năm 2010,15 tháng 9 năm 2010,,,,,,,,,220px,,,,,,,,,,,,,,,,,,,,,,Cảnh sát hình sự: Mặt nạ hoàn hảo,Phía cuối cầu vồng,,,,,,,,,,,,,,,,,,,,,,,,,,,,,,,,,,,,,,,,,,,,,,,,,,,,,,,,,,,,,,,,,,,,,,,,,,,,,,,,,,,,,,,,,,,,,,
Mê cung (phim truyền hình),film,,,,,,,,,,,,,,,,,,,,,,,,,,,,,,,,,,,,,"Nguyễn Khải Anh, Trần Trọng Khôi",,,,,,,,,,,,Tiếng Việt,,,,,,,,,,,,,,,,,,,"hình sự, truyền hình",,,,,,,,,,,Việt Nam,,,,,,,,,,,,,,,,,,Mê_cung.jpeg,Áp phích phim,,,"Công Lý, Hoàng Hải, Nguyễn Minh Trang, Hồng Đăng, Quốc Đam, Việt Anh, Hoàng Thùy Linh, Bảo Anh, Phan Thắng, Dương Anh Đức, Huyền Trang",,,,,,45 - 50 phút/tập (có bao gồm quảng cáo),,,,,24 tháng 4 năm 2019 - 1 tháng 8 năm 2019,,,,,,Mê cung,Phim truyền hình,,30,Trung tâm Phim truyền hình Việt Nam,VTV3,,,,,,,,,,,,,,,,,Đỗ Thanh Hải,,,,,Mê cung,,,Những cô gái trong thành phố,Hoa hồng trên ngực trái,,,,,,,,,,,,,,,,,,,,,,,,,,,,,,,,,,,,,,,,,,,,,,,,,,,,,,,,,,,,,,,,,,,,,,,,,,,,,,,,,,,,,,,,,,,,,,
Đừng bắt em phải quên,film,,,,,,,,,,,,,,,,,,,,,,,,,,,,,,,,,,,,,Vũ Minh Trí,,,,,,,,,,,,Tiếng Việt,,,,,,,,,,,,,,,,,,,truyền hình,,,,,,,,,,,Việt Nam,,,,,,,,,,,,,,,,,,Đừng bắt em phải quên.jpeg,Áp phích phim,,,"Như Quỳnh, Kim Oanh, Hoàng Hải, Quách Thu Phương, Quỳnh Kool, Thanh Sơn",,,,,,"25–30 phút (Tập 1–9), 45–50 phút (Tập 10–30)",,,,,"10 tháng 3 – 20 tháng 3 năm 2020 (VTV1), 10 tháng 6 – 24 tháng 7 năm 2020 (VTV3)",,,,,,Đừng bắt em phải quên,Phim truyền hình,,30,"Trung tâm Phim truyền hình Việt Nam, Đài Truyền hình Việt Nam","VTV1 (Tập 1–9), VTV3 (Tập 10–30)",,,,,,,,,,,,,,,,,,,,,Đỗ Thanh Hải,,Gió mùa thu năm ấy,,"Sinh tử (VTV1), Nhà trọ Balanha (VTV3)","Mùa xuân ở lại (bản 25 phút/tập; phát lại); Những ngày không quên (VTV1), Cát đỏ (VTV3)",,,,,,,,,,,,,,,,,,,,,,,,,,,,,,,,,,,,,,,,,,,,,,,,,,,,,,,,,,,,,,,,,,,,,,,,,,,,,,,,,,,,,,,,,,,,,,
Mặt nạ gương,film,,,,,,,,,,,,,,,,,,,,,,,,,,,,,,,,,,,Mặt nạ gương,,Bùi Quốc Việt,,,,"Hoàng Hải, Ngọc Lan, Lương Thu Trang, Bảo Anh, Bình An, Ngọc Quỳnh, Nguyễn Hoàng Ngọc Huyền",,,,,,,50 - 60 phút/tập (không bao gồm quảng cáo),Tiếng Việt,,,,,,,,,,,,,,,,,,,"hình sự, truyền hình",,,,,,,,,Vũ Liêm,,Việt Nam,,,,,,,,,,,,,,,,,,Matnaguongposter.jpeg,,,,,,Vũ Trung Kiên,,,,,,Phim truyền hình,,,,26,,,14 tháng 10 năm 2021,7 tháng 1 năm 2022,,,,,"Trung tâm Phim truyền hình Việt Nam, Đài Truyền hình Việt Nam",VTV3,,,,,,,,,,,,,,,,,,,,,,Trần Quang Duy,,,Ngày mai bình yên,Anh có phải đàn ông không,,,,,,,,,,,,,,,,,,,,,,,,'''''Bí mật sau khung cửa''''',,,,,,,,,,,,,,,,,,,,,,,,,,,,,,,,,,,,,,,,,,,,,,,,,,,,,,,,,,,,,,,,,,,,,,
Cuộc đời vẫn đẹp sao (phim truyền hình),film,,,,,,,,,,,,,,,,,,,,,,,,,,,,,,,,,,,Cuộc đời vẫn đẹp sao,,Nguyễn Danh Dũng,,,,"Thanh Hương, Hoàng Hải, Thanh Quý, Tô Dũng, Anh Thơ, Hoàng Du Ka, Đặng Minh Cúc, Trần Việt Hoàng, Hà Đan",,,,,,,45 - 50 phút/tập (không bao gồm quảng cáo),tiếng Việt,,,,,,,,,,,,,,,,,,,truyền hình,,,,,,,,,,,Việt Nam,,,,,,,,,,,,,,,,,,Cuocdoivandepsao.jpg,,,"Trịnh Khánh Hà, Mai Diệp, Lê Huyền",,"''A Í A'', ''Giấc mơ nhẹ nhàng''",Trần Anh Phương,,,,,,Phim truyền hình,,,,45,,VTV3,3 tháng 4 năm 2023,12 tháng 7 năm 2023,,,,,"Trung tâm Phim truyền hình Việt Nam, Đài Truyền hình Việt Nam",,,,,,,,,,,,,,,,,,,,,,,,,,Đừng nói khi yêu,Món quà của cha,,,,,,,,,,,,,,,,,,,,,,,,,,,,,,,,,,,,,,,,,,,,,,,,,,,,,,,,,,,,,,,,,,,,,,,,,,,,,,,,,,,,,,,,,,,,,,
Đi giữa trời rực rỡ,film,,,,,,,,,,,,,,,,,,,,,,,,,,,,,,,,,,,Đi giữa trời rực rỡ,,Đỗ Thanh Sơn,,,,"Hoàng Hải, Đức Khuê, Lương Thu Hà, Nguyễn Long Vũ, Trần Vương Anh, Võ Hoài Vũ, Hoàng Khánh Ly, Yên Đan, Quỳnh Châu, Việt Pháp, Trường Sơn",,,,,,,22 - 29 phút/tập,Tiếng Việt,,,,,,,,,,,,,,,,,,,"âm nhạc, truyền hình",,,,,,,,,,,Việt Nam,,,,,,,,,,,,,,,,,,Đi giữa trời rực rỡ.jpg,,,"Nguyễn Ngọc Quỳnh Chi, Lê Hải Anh",,,,,,,,,Phim truyền hình,,"VTV3, YouTube: SK Pictures, VTV Giải Trí Official",,58,,,31 tháng 7 năm 2024,18 tháng 10 năm 2024,,,,,"Đài Truyền hình Việt Nam, SK Pictures",,,,,,,,,,,,,,,,,,,,,,,,,,,Tuổi trẻ giá bao nhiêu,,,,,,,,,,,,,,"Mình yêu nhau, bình yên thôi",,,,,SK Pictures,,,,,,,,,'''Đi về phía mặt trời''',,,,,,,,,,,,,,,,,,,,,,,,,,,,,,,,,,,,,,,,,,,,,,,,,,,,,,,,,,,,,,,,,,
"Hà Nội, Hà Nội",film,,,,,,,,,,,,,,,,,,,,,,,,,,,,,,,,,,,,,"Bùi Tuấn Dũng, Lý Vỹ ((Trung Quốc))",Hà Phạm Phú,''Nội tình muôn năm'' của Lê Ngọc Minh,,,,,,,,,,"Tiếng Việt, tiếng Trung",400.000USD,,,,,,,,,,,,,,,,,,điện ảnh,,,,,,,,,,"Hãng phim Hội Nhà Văn, Hãng phim Vân Nam ((Trung Quốc))",Việt Nam,,,,,,,,,,,,,,,,,"Hà Nội, Hà Nội",Hà_nội.jpg,Poster tiếng Việt của phim,,"Lê Ngọc Minh, Cao Húc Phàm ((Trung Quốc))","Hoàng Hải, Quách Thu Phương, Can Đình Đình ((Trung Quốc)), Minh Tiệp","Nguyễn Côn Sinh, 阮昆生 ((Trung Quốc))",Vương Tiến Lực ((Trung Quốc)),,,2008,130 phút,,,,,,,,,,,,,,,,,,,222px,,,,,,,,,,,,,,,,,,,,,,,,,,,,,,,,,,,,,,,,,,,,,,,,,,,,,,,,,,,,,,,,,,,,,,,,,,,,,,,,,,,,,,,,,,,,,,,,,,,,,,,,,,,,,,,,,,,,,
Vũ điệu tử thần (phim 2007),film,,,,,,,,,,,,,,,,,,,,,,,,,,,,,,,,,,,Vũ điệu tử thần,,Bùi Tuấn Dũng,Dương Đăng Hinh,Bùi Tuấn Dũng,,Bình Minh *Thanh Thúy *Tuấn Tú *Hoàng Hải,Huy Tuấn,Lý Thái Dũng,Phạm Xuân Thắng,Hãng Phim truyện Việt Nam,"17 tháng 8, 2007((Tp. Hồ Chí Minh)), 14 tháng 9, 2007((Hà Nội))","11 tháng 8, 2007",92 phút,Tiếng Việt,"1,5 tỉ đồng",,,,,,,,,,,,,,,,,,"điện ảnh, hành động",,,,,,,,,,,,,,,,,,,,,,,,,,,,,,,,,,,,,,,,,,,,,,,,,,,,,,,,,,,,,,,,,,,,,,,,,,,,,,,,,,180px,,,,,,,,,,,,,,,,,,,,,,,,,,,,,,,,,,,,,,,,,,,,,,,,,,,,,,,,,,,,,,,,,,,,,,,,,,,,,,,,,,,,,,,,,,,,,
Hậu họa,film,,,,,,,,,,,,,,,,,,,,,,,,,,,,,,,,,,,,,Phạm Nhuệ Giang,,,,,,,,,,,,,,,,,,,,,,,,,,,,,,,"điện ảnh, truyền hình",,,,,,,,,,,Việt Nam,,,,,,,,,,,,,,,,,Hậu họa,,,,Nguyễn Mạnh Tuấn,"Kiều Thanh, Minh Châu, Diệu Hương, Thanh Hương",,,,,,,,,,VTC1,2007,,,,,,,,,25 tập,"Điện ảnh chiều thứ bảy, Đài Truyền hình Việt Nam",,,,,,,,,,,,,,,,,,,,,,,,,,,,,,,,,,,,,,,,,,,,,,,,,,,,,,,,,,,,,,,,,,,,,,,,,,,,,,,,,,,,,,,,,,,,,,,,,,,,,,,,,,,,,,,,,,,,,,,,,
Điều bí mật,film,,,,,,,,,,,,,,,,,,,,,,,,,,,,,,,,,,,,,Mai Hồng Phong,,,,,,,,,,,,tiếng Việt,,,,,,,,,,,,,,,,,,,truyền hình,,,,,,,,,,,Việt Nam,,,,,,,,,,,,,,,,,,Áp phích phim Điều bí mật.jpg,,,"Thu Trang, Thủy Tiên, Quỳnh Lam, Song Thy, Hồng Hạnh, Mai Linh","Phan Minh Huyền, Chí Nhân, Thanh Hương, Công Dũng",,,,,,45-50 phút/tập (có bao gồm quảng cáo),,,,,26 tháng 11 năm 2016,,,,,,Điều bí mật,Phim truyền hình,Tiểu thuyết cùng tên của tác giả Hân Như,36,Trung tâm Phim truyền hình Việt Nam,VTV3,,26 tháng 3 năm 2017,,,,,,,,,,,,,,,,,,,,Đừng vội,,,Bồng bềnh trên sông,Lặng yên dưới vực sâu,,,,,,,,,,,,,,,,,,,,,,,,,,,,,,,,,,,,,,,,,,,,,,,,,,,,,,,,,,,,,,,,,,,,,,,,,,,,,,,,,,,,,,,,,,,,,,
Thương nhớ ở ai,film,,,,,,,,,,,,,,,,,,,,,,,,,,,,,,,,,,,,,"Lưu Trọng Ninh, Bùi Thọ Thịnh",,,,,,,,,,,,tiếng Việt,,,,,,,,,,,,,,,,,,,truyền hình,,,,,,,,,,,Việt Nam,http://vtv.vn/thuong-nho-o-ai.html,,,,,,,,,,,,,,,,Thương nhớ ở ai,Thương nhớ ở ai (bích chương).jpg,Áp phích phim,,"Lưu Trọng Ninh, Dương Hướng (tiểu thuyết)","Lâm Vissay, Ngọc Anh, Hồng Kim Hạnh, Trà My",,Hoàng Tích Thiện,,,,45 phút/tập (có quảng cáo),,,,,,,,,,,,Phim truyền hình,''Bến không chồng'' (tiểu thuyết),34,"Trung tâm Phim truyền hình Việt Nam, Đài Truyền hình Việt Nam",,Việt Nam,,303px,,,,,,,,,,,Lưu Trọng Ninh,,,Đỗ Thanh Hải,Phạm Ngọc Tiến,"Hà Nội, Ninh Bình, Bắc Giang, Quảng Ninh",,,,,,Đi qua mùa hạ,Nếu còn có ngày mai,,,,,,,,,1080p,,,,,,,,,,,,,4 tháng 11 năm 2017,VTV3,,,,,,,,,,,,,,,,,,4 tháng 3 năm 2018,,,,,,,,,,,,,,,,,,,,,,,,,,,,,,,,,,,https://www.facebook.com/Thuongnhooai,,,,,,,,,,,,,,,,,,
Lựa chọn số phận,film,,,,,,,,,,,,,,,,,,,,,,,,,,,,,,,,,,,Lựa chọn số phận,,"Mai Hồng Phong, Bùi Quốc Việt",,,,"Mạnh Cường, Hà Việt Dũng, Huỳnh Anh, Phương Oanh, Huỳnh Hồng Loan",,,,,,,30 phút/tập (không bao gồm quảng cáo),Tiếng Việt,,,,,,,,,,,,,,,,,,,truyền hình,,,,,,,,,Đặng Minh Châu,,Việt Nam,,,,,,,,,,,,,,,,,,,,,,,,,,,,,,Phim truyền hình,"Trung tâm Phim truyền hình Việt Nam, Đài truyền hình Việt Nam, Tòa án Nhân dân tối cao",,,72,,VTV1,17 tháng 6 năm 2020,30 tháng 9 năm 2020,,,,,,,,,,,,,,,,,,,,,,,,,,,,,,,Những ngày không quên,Lửa ấm,,,,,,,,,,,,,,,,,,,,,,,,'''Người nối nghiệp''',,"Đỗ Mạnh Cường, Đặng Diệu Hương",,,,,,,,Đỗ Thanh Hải,,,,,,,,,,,,,,,,,,,,,,,,,,,,,,,,,,,,,,,,,,,,,,,,,,,,,,,,,,,,
Xin chào hạnh phúc,film,,,,,,,,,,,,,,,,,,,,,,,,,,,,,,,,,,,,,Nguyễn Bảo Trâm,,,,,,,,,,,,Tiếng Việt,,,,,,,,,,,,,,,,,,,"gia đình, truyền hình",,,,,,,,,,,Việt Nam,http://vietcomfilm.com/vi/,,,,,,,,,,,,,,,,,,,,,,,,,,,,,,,,10/7/2017 - nay,,,,,,Xin chào hạnh phúc,,,1034,VietComFilm,VTV3 - Đài Truyền hình Việt Nam,,,,,,,,,,,,,,VietComFilm,,5,,,,,,,,,,,,,,,,,,,,,,,,,,,,Nguyễn Bảo Trâm,,,,,,,,,,,,,,,,,,,,,,,,,,,,,,,,,,,,,,,,,,,,,,,,,,,,,,,,,,,,,,,,,,,,,,,,,,,,
Hướng dương ngược nắng,film,,,,,,,,,,,,,,,,,,,,,,,,,,,,,,,,,,,,,Vũ Trường Khoa,,,,"Lương Thu Trang, Thu Hà, Việt Anh, Hồng Đăng, Hồng Diễm, Doãn Quốc Đam, Đình Tú, Quỳnh Kool",,,,,,,45 - 50 phút/tập (có bao gồm quảng cáo),Tiếng Việt,,,,,,,,,,,,,,,,,,,truyền hình,,,,,,,,,,,Việt Nam,,,,,,,,,,,,,,,,,,,,,"Thủy Vũ, Minh Ngọc, Quỳnh Thy",,,,,,,,,Phim truyền hình,"Trung tâm Phim truyền hình Việt Nam, Đài Truyền hình Việt Nam",,,"30 (phần 1), 40 (phần 2)",,VTV3,"14 tháng 12 năm 2020 - 19 tháng 2 năm 2021 (phần 1), 22 tháng 2 năm 2021 - 24 tháng 5 năm 2021 (phần 2)",,,,,,,,,,,,,,,,,,,,,,,,Đỗ Thanh Hải,,,,,,,,Trói buộc yêu thương,Mùa hoa tìm lại,,,,,,,,,,,,,,,,,Hướng dương ngược nắng,,,,,,,,,,,,,,,,,,,,2,,,,,,,,,,,,,,,,,,,,,,,,,,,,,,,,,,,,,,,,,,,,,,,,,,,,,,,,,
Mùa hoa tìm lại,film,,,,,,,,,,,,,,,,,,,,,,,,,,,,,,,,,,,,,Vũ Minh Trí,,,,"Thanh Hương, Hương Giang, Duy Hưng, Duy Khoa, Mạnh Hưng, Vũ Thu Hoài, Thạch Thu Huyền, Lâm Đức Anh",,,,,,,45 - 50 phút/tập (không bao gồm quảng cáo),tiếng Việt,,,,,,,,,,,,,,,,,,,truyền hình,,,,,,,,,,,Việt Nam,,,,,,,,,,,,,,,,,,,,,Huyền Lê,,,,,,,,,Phim truyền hình,"Trung tâm Phim truyền hình Việt Nam, Đài Truyền hình Việt Nam",,,28,,VTV3,25 tháng 5 năm 2021,27 tháng 7 năm 2021,,,,,,,,,,,,,,,,,,,,,,,,Trịnh Khánh Hà,,,,Trần Quang Duy,,,Hướng dương ngược nắng,11 tháng 5 ngày,,,,,,,,,,,,,,,,,Mùa hoa tìm lại,,,,,,,,,,,,,,,,,,,,,,,,,,,,,,,,,,,,,,,,,,,,,,,,,,,,,,,,,,,,,,,,,,,,,,,,,,,,,
Anh có phải đàn ông không,film,,,,,,,,,,,,,,,,,,,,,,,,,,,,,,,,,,,,,Trịnh Lê Phong,,,,,,,,,,,,Tiếng Việt,,,,,,,,,,,,,,,,,,,truyền hình,,,,,,,,,,,Việt Nam,,,,,,,,,,,,,,,,,Anh có phải đàn ông không,Áp phích phim Anh có phải đàn ông không.jpeg,,,"Chang Chang Ngô, Tiết Kim Oanh, Ngọc Khánh An, Mai Búp","Nhan Phúc Vinh, Tuấn Tú, Hà Việt Dũng, Mạnh Cường, Bùi Bài Bình, Thuý An, Việt Hoa, Thanh Hương, Đan Lê, Quỳnh Kool, Jenna Anh Phương",,Trần Kim Dũng,,,,50 - 60 phút/tập (không bao gồm quảng cáo),,,,VTV3,13 tháng 1 năm 2022,28,,,,,,Phim truyền hình,,,"Trung tâm Phim truyền hình Việt Nam, Đài Truyền hình Việt Nam",,,22 tháng 4 năm 2022,,,,,,,,,,,,,,,,"Lại Phương Thảo, Đàm Vân Anh",,,,"Đặng Duy Chiến, Nguyễn Văn Chung",,,,,,,,,,,,"Nguyễn Tuấn Dũng, Trần Xuân Đại",,,,,,Mặt nạ gương,"Chồng cũ, vợ cũ, người yêu cũ",,,,,,,,,,,,,,,,,,,,,,,,,,,,,,,,,,,,,,,,,,,,,,,,,,,,,,,,,,"""Hôm nay anh rất mệt""",,,,,,,,,,,,,,,,,,,,,
Đừng làm mẹ cáu,film,,,,,,,,,,,,,,,,,,,,,,,,,,,,,,,,,,,Đừng làm mẹ cáu,,Vũ Minh Trí,,,,,,,,,,,45 - 50 phút/tập (không bao gồm quảng cáo),Tiếng Việt,,,,,,,,,,,,,,,,,,,truyền hình,,,,,,,,,,,Việt Nam,,,,,,,,,,,,,,,,,,,,,"Diệu Thủy, Thu Thủy","Quỳnh Kool, Nhan Phúc Vinh, Quỳnh Lương, Bình An, Phạm Tuấn Phong, Nguyễn Ngọc An Nhiên","''Đừng làm mẹ cáu'', ''Con là tình yêu'', ''Happy in love'', ''Câu chuyện tình yêu''",,,,,,,Phim truyền hình,,,,25,,VTV3,1 tháng 12 năm 2022,3 tháng 3 năm 2023,,,,,"Trung tâm Phim truyền hình Việt Nam, Đài Truyền hình Việt Nam",,,,,,,,,,,,,,,,,,,,,,,,,,Thông gia ngõ hẹp,Gia đình mình vui bất thình lình,,,,,,,,,,,,,,,,,,,,,,,,,,,,,,,,,,,,,,,,,,,,,,,,,,,,,,,,,,,,,,,,,,,,,,,,,,,,,,,,,,,,,,,,,,,,,,
Người một nhà,film,,,,,,,,,,,,,,,,,,,,,,,,,,,,,,,,,,,Người một nhà,,Trịnh Lê Phong,,,,"Nguyễn Duy Hưng, Tuấn Tú, Hà Việt Dũng, Thanh Hương, Vân Dung",,,,,,,45 – 50 phút/tập (bao gồm quảng cáo),Tiếng Việt,,,,,,,,,,,,,,,,,,,truyền hình,,,,,,,,,,,Việt Nam,,,,,,,,,,,,,,,,,,Nguoimotnha.jpg,,,Lê Huyền,,Vũ Khắc Anh,Trần Kim Vũ,,,,,,Phim truyền hình,,,,26,,VTV3,28 tháng 3 năm 2024,21 tháng 6 năm 2024,,,,,"Trung tâm Phim truyền hình Việt Nam, Đài Truyền hình Việt Nam",,,,,,,,,,,,,,,,,,,,,,Nguyễn Khải Anh,,,,Gặp em ngày nắng,Sao Kim bắn tim Sao Hỏa,,,,,,,,"Nguyễn Hoàng Anh, Đỗ Văn Thuật, Trịnh Quốc Đạt",,,,,,,,,,,,,,,,'''''Nhà có hai anh em''''',,,,,,,,,,,,,,,,,,,,,,,,,,,,,,,,,,,,,,,,,,,,,,,,,,,,,,,,,,,,,,,,,,,,,,
Hoa sữa về trong gió,film,,,,,,,,,,,,,,,,,,,,,,,,,,,,,,,,,,,Hoa sữa về trong gió,,Bùi Tiến Huy,,,,"Thanh Quý, Bá Anh, Thanh Hương, Võ Hoài Anh, Ngọc Quỳnh, Huyền Sâm, Tú Oanh",,,,,,,25 – 30 phút/tập (không bao gồm quảng cáo),tiếng Việt,,,,,,,,,,,,,,,,,,,truyền hình,,,,,,,,,,,Việt Nam,,,,,,,,,,,,,,,,,,,,,"Đỗ Hương Anh, Đặng Thiếu Ngân, Chu Hồng Vân, Chu Hà Linh",,"Nếu buồn, hãy buồn ở Hà Nội",,,,,,,Phim truyền hình,,,,56,,VTV1,28 tháng 8 năm 2024 - 22 tháng 11 năm 2024,,,,,,"Trung tâm Phim truyền hình Việt Nam, Đài Truyền hình Việt Nam",,,,,,,,,,,,,,,,,,,,,,,,,,Những nẻo đường gần xa,Không thời gian,,,,,,,,,,,,,,,,,,,Trung tâm Phim truyền hình Việt Nam,,,,,'''Chung một mái nhà''',,,,,,,,,,,,,,,,,,,,,,,,,,,,,,,,,,,,,,,,,,,,,,,,,,,,,,,,,,,,,,,,,,,,,,
Đi về phía mặt trời,film,,,,,,,,,,,,,,,,,,,,,,,,,,,,,,,,,,,Đi giữa trời rực rỡ,,Đỗ Thanh Sơn,,,,"Hoàng Hải, Đức Khuê, Lương Thu Hà, Nguyễn Long Vũ, Trần Vương Anh, Võ Hoài Vũ, Hoàng Khánh Ly, Yên Đan, Quỳnh Châu, Việt Pháp, Trường Sơn",,,,,,,22 - 29 phút/tập,Tiếng Việt,,,,,,,,,,,,,,,,,,,"âm nhạc, truyền hình",,,,,,,,,,,Việt Nam,,,,,,,,,,,,,,,,,,Đi giữa trời rực rỡ.jpg,,,"Nguyễn Ngọc Quỳnh Chi, Lê Hải Anh",,,,,,,,,Phim truyền hình,,"VTV3, YouTube: SK Pictures, VTV Giải Trí Official",,58,,,31 tháng 7 năm 2024,18 tháng 10 năm 2024,,,,,"Đài Truyền hình Việt Nam, SK Pictures",,,,,,,,,,,,,,,,,,,,,,,,,,,Tuổi trẻ giá bao nhiêu,,,,,,,,,,,,,,"Mình yêu nhau, bình yên thôi",,,,,SK Pictures,,,,,,,,,'''Đi về phía mặt trời''',,,,,,,,,,,,,,,,,,,,,,,,,,,,,,,,,,,,,,,,,,,,,,,,,,,,,,,,,,,,,,,,,,
Tình yêu không hẹn trước,film,,,,,,,,,,,,,,,,,,,,,,,,,,,,,,,,,,,,,"NSND Trọng Trinh, Bùi Tiến Huy",,,,"Việt Anh, Lã Thanh Huyền, NSND Mạnh Cường, NSƯT Quế Hằng, NSND Lan Hương, Minh Hương, Ngọc Quỳnh",,,,,,,,tiếng Việt,,,,,,,,,,,,,,,,,,,truyền hình,,,,,,,,,"Chu Thu Hằng, Trịnh Vĩnh Hà",,Việt Nam,,,,,,,,,,,,,,,,,Tình yêu không hẹn trước,,Poster phim,,,,,,,,,40-45 phút/tập (không bao gồm quảng cáo),,Phim truyền hình,"Trung tâm Phim truyền hình Việt Nam, Đài Truyền hình Việt Nam",,14 tháng 3 năm 2013,40,,VTV3,,,,,,,,,,26 tháng 7 năm 2013,,,,,,,,,,,,,,,,,,,,,,,"Ba đám cưới, một đời chồng",Cảnh sát hình sự: Bản di chúc bí ẩn,,,,,,,,,,,,,,,,,,,,,,,,,,,,,,,,,,,,,,,,,,,,,,,,,,,,,,,,,,,,,,,,,,,,,,,,,,,,,,,,,,,,,,,,,,,,,,
"Chồng cũ, vợ cũ, người yêu cũ",film,,,,,,,,,,,,,,,,,,,,,,,,,,,,,,,,,,,"Chồng cũ, vợ cũ, người yêu cũ",,Vũ Trường Khoa,,,,,,,,,,,45 - 50 phút/tập (không bao gồm quảng cáo),Tiếng Việt,,,,,,,,,,,,,,,,,,,truyền hình,,,,,,,,,,,Việt Nam,,,,,,,,,,,,,,,,,,"Chồng cũ, vợ cũ, người yêu cũ poster.jpeg",,,"Cẩm Hằng, Đan Phượng, Thu Trang, Khánh Hà","Công Lý, Quang Thắng, Vân Dung, Việt Anh, Lã Thanh Huyền, Chí Nhân, Đỗ Thúy Hằng, Quỳnh Trang, Thuỳ Dương, Quỳnh Nga, Ngô Minh Hoàng",''Sẽ chưa là quá muộn'',,,,,,,Phim truyền hình,,,,40,,VTV3,28 tháng 4 năm 2022,15 tháng 9 năm 2022,,,,,"Trung tâm Phim truyền hình Việt Nam, Đài Truyền hình Việt Nam",,,,,,,,,,,,,,,,,,,,,,,,,,Anh có phải đàn ông không,Thông gia ngõ hẹp,,,,,,,,,,,,,,,,,,,,,,,,'''''Về chung một nhà''''',,,,,,,,,,,,,,,,,,,,,,,,,,,,,,,,,,,,,,,,,,,,,,,,,,,,,,,,,,,,,,,,,,,,,,
Lời thú nhận của Eva,film,,,,,,,,,,,,,,,,,,,,,,,,,,,,,,,,,,,Lời thú nhận của Eva,,Nguyễn Mạnh Hà,,,,"Phan Minh Huyền, Hứa Vĩ Văn, NSƯT Chiều Xuân, NSƯT Thanh Tú",,,,,,,45 - 50 phút/tập (có bao gồm quảng cáo),Tiếng Việt,,,,,,,,,,,,,,,,,,,truyền hình,,,,,,,,,,,Việt Nam,,,,,,,,,,,,,,,,,,Lời thú nhận của Eva áp phích phim.jpg,,,"Ngọc Anh, Nguyễn Việt, Trịnh Cẩm Hằng, Nguyễn Thu Thủy, Nguyễn Mỹ Trang, Đoàn Mai Hoa, Trịnh Đan Phượng",,,,,,,,,Phim truyền hình,Hãng phim Thiên Ngân,,,52,,VTV3,25 tháng 4 năm 2011,22 tháng 8 năm 2011,,,,,,,,,,,,,,,,,,,,,,,,,,,,,,,Anh chàng vượt thời gian,Người mẫu,,,,,,,,,,,,,,,,,,,,,,,,,,,,,,,,,,,,,,,,,,,,,,,,,,,,,,,,,,,,,,,,,,,,,,,,,,,,,,,,,,,,,,,,,,,,,,
Lời thì thầm từ quá khứ,film,,,,,,,,,,,,,,,,,,,,,,,,,,,,,,,,,,,Lời thì thầm từ quá khứ,,NSƯT Mai Hồng Phong,,,,"Phan Minh Huyền, Tiến Lộc, Chí Nhân, Thanh Sơn, Phương Oanh",,,,,,,45 - 50 phút/tập (không bao gồm quảng cáo),Tiếng Việt,,,,,,,,,,,,,,,,,,,truyền hình,,,,,,,,,,,Việt Nam,,,,,,,,,,,,,,,,,,Áp phích phim Lời thì thầm từ quá khứ.jpg,,,"Vũ Liêm, Phương Nhung, Tố Mai",,,,,,,,,Phim truyền hình,"Trung tâm Phim truyền hình Việt Nam, Đài Truyền hình Việt Nam",,,35,,VTV3,23 tháng 7 năm 2014,20 tháng 11 năm 2014,,,,,,,,,,,,,,,,,,,,,,,,,,,,,,,Yêu đến tận cùng,Tuổi thanh xuân 1,,,,,,,,,,,,,,,,,,,,,,,,,,,,,,,,,,,,,,,,,,,,,,,,,,,,,,,,,,,,,,,,,,,,,,,,,,,,,,,,,,,,,,,,,,,,,,
Trái tim có nắng,film,,,,,,,,,,,,,,,,,,,,,,,,,,,,,,,,,,,,,"Bùi Tiến Huy, Nguyễn Đức Hiếu",,,,,,,,,,,,tiếng Việt,,,,,,,,,,,,,,,,,,,truyền hình,,,,,,,,,,,Việt Nam,,,,,,,,,,,,,,,,,,Traitimconangposter.jpeg,,,Hoàng Hồng Hạnh,"Phan Minh Huyền, Phạm Anh Tuấn, Phanh Lee, NSND Minh Hòa, NSND Lan Hương, NSƯT Đỗ Kỷ",,,,,,45-50 phút/tập (không bao gồm quảng cáo),,,,,6 tháng 9 năm 2014 - 4 tháng 1 năm 2015,,,,,,Trái tim có nắng,Phim truyền hình,,26,"Trung tâm Phim truyền hình Việt Nam, Đài Truyền hình Việt Nam",VTV3,,,,,,,,,,,,,,,,,,,,,,"""Em muốn"", ""Có bao giờ anh biết""",,,Những kẻ hai mặt,Màu của tình yêu,,,,,,,,,,,,,,,,,,,,,,,,,,,,,,,,,,,,,,,,,,,,,,,,,,,,,,,,,,,,,,,,,,,,,,,,,,,,,,,,,,,,,,,,,,,,,,
Giao mùa,film,,,,,,,,,,,,,,,,,,,,,,,,,,,,,,,,,,,,,Trần Hoài Sơn,,,,,,,,,,,,Tiếng Việt,,,,,,,,,,,,,,,,,,,"chính kịch, truyền hình",,,,,,,,,"Nguyễn Thanh Bình, Bùi Thúy Hà, Trần Phương Nhung",,Việt Nam,,,,,,,,,,,,,,,,,,,,,,"Phan Minh Huyền, Công Dũng, Tiến Lộc, Thanh Huyền, Thùy Dương",,,,,,45 - 50 phút/tập (không bao gồm quảng cáo),,,,,19 tháng 6 năm 2017 - 10 tháng 10 năm 2017,,,,,,Giao mùa,Phim truyền hình,,45,"Đài Truyền hình Việt Nam, Galaxy Studio",VTV1,,,,,,,,,,,,,,,,,,,,,,,,,Nơi ẩn nấp bình yên,Hoa cỏ may (phần 3),,,,,,,,,,,,,,,,,,,,,,,,,,,,'''Hoa sữa cuối thu''',,,,,,,,,,,,,,,,,,,,,,,,,,,,,,,,,,,,,,,,,,,,,,,,,,,,,,,,,,,,,,,,,,
Tình khúc bạch dương,film,,,,,,,,,,,,,,,,,,,,,,,,,,,,,,,,,,,,,"Vũ Trường Khoa (tổng đạo diễn), Nguyễn Mai Hiền, Nguyễn Đức Hiếu",,,,"Chi Bảo, Thanh Mai, Lê Vũ Long, Hoa Thúy, Nhã Phương, Bình An, Huỳnh Anh, Phan Minh Huyền, Quang Tuấn, Minh Trang, Huỳnh Hồng Loan",,,,,,,,tiếng Việt,,,,,,,,,,,,,,,,,,,truyền hình,,,,,,,,,,,Việt Nam,,,,,,,,,,,,,,,,,Tình khúc bạch dương,Tinhkhucbachduong.jpeg,,,"Đặng Diệu Hương, Phạm Kim Ngân, Nguyễn Hải Anh",,,,,,,45 - 50 phút/tập (không bao gồm quảng cáo),,,"Trung tâm Phim truyền hình Việt Nam, Đài Truyền hình Việt Nam",VTV1,25 tháng 1 năm 2018,36,,,,,,Phim truyền hình,,,,,,14 tháng 6 năm 2018,,,,,,,,,,,,,,,,,,,,,,,Ngược chiều nước mắt,Quỳnh búp bê,,,,,,,,,,''Tình khúc Lavanda'' của nhóm FBKN,,,,,,,,,,,,,,,,,,,,,,,,,,,,,,,,,,,,,,,,,,,,,,,,,,,,,,,,,,,,,,,,,,,,,,,,,,,,,,,,,,,,
Dưới bầu trời xa cách,film,,,,,,,,,,,,,,,,,,,,,,,,,,,,,,,,,,,,,"Vũ Trường Khoa, Đào Duy Phúc",,,,"Quang Sự, Miyagi Karin, Chí Nhân, Teruya Toshiyuki, Viết Liên, Đình Tú",,,,,,,120 phút,"Tiếng Việt, Tiếng NhậtTiếng Anh",,,,,,,,,,,,,,,,,,,"điện ảnh, truyền hình",,,,,,,,,,,Việt Nam,,,,,,,,,,,,,,,,,,,,,Mieko Shimojima,,,,,,,,,Điện ảnh truyền hình,"Trung tâm Phim truyền hình Việt Nam, Đài Truyền hình Việt Nam, Đài Truyền hình Ryukyu Asahi, Nhật Bản",,,,,"VTV1, QAB, VTV3","22 tháng 1 năm 2017 (Việt Nam), 20 tháng 3 năm 2017 (Nhật Bản)",,,,,,,,,,,,,,,,,,,,,,,,,,,,,,,,,,,,,,,,,,,,,,,,,,"Dưới bầu trời xa cách, 遠く離れた 同じ空の下で",,"Trung tâm Phim truyền hình Việt Nam, Đài Truyền hình Việt Nam, Đài Truyền hình Ryukyu Asahi thuộc tỉnh Okinawa, Nhật Bản",,,,,,,,,,,,,,,,,,,,,,,22 tháng 1 năm 2017,,,,,,,,,,,,,,,,,,,,,,,,,,,,,,,,,,,,,,,,,,,,,,,,,,,,
Lặng yên dưới vực sâu,film,,,,,,,,,,,,,,,,,,,,,,,,,,,,,,,,,,,,,Đào Duy Phúc,,,,"Đình Tú, Phương Oanh, Doãn Quốc Đam, Hương Giang",,,,,,,40 - 45 phút/tập (không bao gồm quảng cáo),tiếng Việt,,,,,,,,,,,,,,,,,,,truyền hình,,,,,,,,,Đỗ Bích Thúy,,Việt Nam,,,,,,,,,,,,,,,,,,Lặng yên dưới vực sâu.jpg,,,,,,,,,,,,Phim truyền hình,,,,32,,VTV3,1 tháng 4 năm 2017,15 tháng 7 năm 2017,,,tiểu thuyết cùng tên của Đỗ Bích Thủy,,"Trung tâm Phim truyền hình Việt Nam, Đài Truyền hình Việt Nam",,,,,,,,,,,,,,,,,,,,,,,,,,Điều bí mật,Đi qua mùa hạ,,,,,,,,,,,,,,,,,Lặng yên dưới vực sâu,NSƯT Đỗ Thanh Hải,,,,,,,,,,,,,,,,,,,,,,Lặng Yên,,,,,,,,,,,,,,,,,,,,,,,,,,,,,,,,,,,,,,,,,,,,,,,,,,,,,,
Đi qua mùa hạ,film,,,,,,,,,,,,,,,,,,,,,,,,,,,,,,,,,,,,,Bùi Quốc Việt,,,,"Bình An, Linh Chi, Quỳnh Đan, Đình Tú, Quỳnh Kool",,,,,,,40 - 45 phút/tập (không bao gồm quảng cáo),tiếng Việt,,,,,,,,,,,,,,,,,,,truyền hình,,,,,,,,,"Nguyễn Minh Nguyệt, Trịnh Khánh Hà",,Việt Nam,,,,,,,,,,,,,,,,,,Áp phích phim Đi qua mùa hạ.jpg,,,,,,,,,,,,Phim truyền hình,,,,30,,VTV3,22 tháng 7 năm 2017,29 tháng 10 năm 2017,,,,,"Trung tâm Phim truyền hình Việt Nam, Đài Truyền hình Việt Nam",,,,,,,,,,,,,,,,,,,,,,,,,,Lặng yên dưới vực sâu,Thương nhớ ở ai,,,,,,,,,,,,,,,,,Đi qua mùa hạ,NSƯT Đỗ Thanh Hải,,,,,,'''''Vòng tay bè bạn''''',,,,,,,,,,,,,,,,Trở lại với nhau,,,,,,,,,,,,,,,,,,,,,,,,,,,,,,,,,,,,,,,,,,,,,,,,,,,,,,
Ghét thì yêu thôi,film,,,,,,,,,,,,,,,,,,,,,,,,,,,,,,,,,,,Ghét thì yêu thôi,,Trịnh Lê Phong,,,,"Lê Phương Anh, Đình Tú, Chí Trung, Vân Dung, Danh Tùng, Hoàng Thu Trang, Đặng Ngọc Dũng, Trương Tùng Lan, Mạnh Hưng",,,,,,,45-50 phút/tập (có quảng cáo),Tiếng Việt,,,,,,,,,,,,,,,,,,,truyền hình,,,,,,,,,"Huyền Lê, Trần Diệu Linh",,Việt Nam,,,,,,,,,,,,,,,,,,,,,,,,,,,,,,,"Trung tâm Phim truyền hình Việt Nam, Đài Truyền hình Việt Nam",,,28,,VTV3,6 tháng 9 năm 2017,7 tháng 12 năm 2017,,,,,,,,,,,,,,,,,,,,,,,,,,,,,,,Người phán xử,Cả một đời ân oán,,,,,,,,,,,,,,,,,,,,,,,,,,,,,,,,,,,,,,,,,,,,,,,,,,,,,,,,,,,,,,,,,,,,,,,,,,,,,,,,,,,,,,,,,,,,,,
Cô gái nhà người ta,film,,,,,,,,,,,,,,,,,,,,,,,,,,,,,,,,,,,,,Trịnh Lê Phong,,,,,,,,,,,,Tiếng Việt,,,,,,,,,,,,,,,,,,,truyền hình,,,,,,,,,,,Việt Nam,,,,,,,,,,,,,,,,,,Co_gai_nha_nguoi_ta.jpeg,,,Lê Huyền,"Đình Tú, Phương Oanh, Tiến Đạt, Bùi Bài Bình, Tiến Quang, Linh Huệ, Hương Giang, Việt Bắc, Quang Trọng, Việt Hoa, Trọng Lân, Hoàng Huy, Huyền Trang, Đình Chiến",,Nguyễn Hoàng Phương,,,,40–50 phút,,,,,15 tháng 1 năm 2020,,,,,,Cô gái nhà người ta,Phim truyền hình,,25 (Danh sách chi tiết),Trung tâm Phim truyền hình Việt Nam,VTV3,,18 tháng 3 năm 2020,,,,,,,,,,,'''''Chuyện làng đẩu''''',,,,,"Trịnh Khánh Hà, Nguyễn Thu Thủy",,,Đỗ Thanh Hải,Đặng Duy Chiến,,"""Cô gái nhà người ta""",Hoa hồng trên ngực trái,Nhà trọ Balanha,,,,,,,,,,,,,,,,,,,,,,,,,,,,,,,,,,,,,,,,,,,,,,,,,,Những ngày không quên,,,,,,,,,,,,,,,,,,,,,,Dolby Digital,,,,,,,,,,,,,,,,,,,,,,
Gặp em ngày nắng,film,,,,,,,,,,,,,,,,,,,,,,,,,,,,,,,,,,,Gặp em ngày nắng,,Nguyễn Đức Hiếu,,,,"Đình Tú, Anh Đào, Thanh Quý, Lan Hương, Quốc Trị, Thanh Tú",,,,,,,45 – 50 phút/tập (bao gồm quảng cáo),Tiếng Việt,,,,,,,,,,,,,,,,,,,truyền hình,,,,,,,,,,,Việt Nam,,,,,,,,,,,,,,,,,,,,,"Lại Phương Thảo, Chu Hồng Vân, Kim Thư",,,"Nguyễn Tuấn Dũng , Nguyễn Việt Thắng",,,,,,Phim truyền hình,,,,16,,VTV3,25 tháng 1 năm 2024,22 tháng 3 năm 2024,,,,,"Trung tâm Phim truyền hình Việt Nam, Đài Truyền hình Việt Nam",,,,,,,,,,,,,,,,,,,,,,,,,,"Không ngại cưới, chỉ cần một lý do",Người một nhà,,,,,,,,,,,,,,,,,,,,,,,,'''''Tia nắng của mùa xuân''''',,,,,,,,,,,,,,,,,,,,,,,,,,,,,,,,,,,,,,,,,,,,,,,,,,,,,,,,,,,,,,,,,,,,,,
Những chặng đường bụi bặm,film,,,,,,,,,,,,,,,,,,,,,,,,,,,,,,,,,,,,,Trịnh Lê Phong,,,,,,,,,,,,,,,,,,,,,,,,,,,,,,,truyền hình,,,,,,,,,,,Việt Nam,,,,,,,,,,,,,,,,,Những chặng đường bụi bặm,,,Triệu Phương Thanh,"Minh Ngọc, Hồng Tươi, Thủy Vũ","* Võ Hoài Nam, * Nguyễn Đình Tú, * Nguyễn Quỳnh Châu, * Nguyễn Thanh Bình, * Đức Phong",,Phạm Quang Minh,,Đài truyền hình Việt Nam,,45 – 50 phút/tập (không bao gồm quảng cáo),,,,VTV3,20 tháng 2 năm 2025,,,,,,,,,30,Trung tâm Phim truyền hình Việt Nam,,,30 tháng 5 năm 2025,,,,,,,,,,,,,,,,Nguyễn Thu Thủy,,,Nguyễn Khải Anh,Hà Anh Tuấn,,,,,,,,,,,,,,,,,,,''Cầu vồng ở phía chân trời'',,,,,,,,,,,,,,,,,,,,,,,,,,,,,,,,,,,,,,,,,,,,,,,,,,,,,,,,,,"""Đến cùng tận""",,,,,,,,,,,,,,,,,,,,,
Cha tôi người ở lại,film,,,,,,,,,,,,,,,,,,,,,,,,,,,,,,,,,,,,,Vũ Trường Khoa,,,,,,,,,,,,,,,,,,,,,,,,,,,,,,,"chính kịch, truyền hình",,,,,,,,,,,Việt Nam,,,,,,,,,,,,,,,,,"Cha tôi, người ở lại",Cha-toi-nguoi-o-lai.webp,,,"Thảo Đan, An Nguyên, Trần Thu","* Bùi Như Lai, * Trần Thái Sơn, * Nguyễn Hoàng Ngọc Huyền, * Trần Nghĩa, * Thái Vũ, * Nguyễn Thị Kiều Anh, * Nguyễn Thu Quỳnh, * Trần Trung Kiên, * Nguyễn Minh Tiệp, * Lương Thu Trang, * Nguyễn Thị Thanh Huế, * Vũ Tuấn Việt",,,,Đài truyền hình Việt Nam,,45 – 50 phút/tập (không bao gồm quảng cáo),,,,VTV3,17 tháng 2 năm 2025,,,,,,,,''Lấy danh nghĩa người nhà'',45,Trung tâm Phim truyền hình Việt Nam,,,28 tháng 5 năm 2025,250px,,,,,,,,,,,,,,Nguyễn Bích Ngọc,"Trịnh Cẩm Hằng, Trịnh Đan Phượng",,,Lê Mạnh,Phùng Tiến Minh,,,,,,,,,,,,,,,,,,,''Mặt trời lạnh'',,,,,,,,,'''''Lấy danh nghĩa người nhà''''',,,,,"Đi một đường, về hai hướng",,,,,,,,,,,,,,,,,,,,,,,,,,,,,,,,,,,,,,,,,,,,"""Tìm về"" , ""Hoa dại khờ""",,,,,,,,,,,,,,,,,,,,,
Rừng thế mạng,film,,,,,,,,,,,,,,,,,,,,,,,,,,,,,,,,,,,Rừng thế mạng,,Trần Hữu Tấn,Hoàng Quân,"Trần Hữu Tấn, Abby Hoàng Anh",,"Huỳnh Thanh Trực, Trần Phong, Thùy Anh, Thùy Dương, Nguyễn Phước Lộc, Lê Quang Vinh",Seth Tsui,,Bùi Hoàng Nga,"ProductionQ - Creative House , Galaxy Studio",Galaxy Studio,"2021, 12, 31, Việt Nam",94 phút,Tiếng Việt,17 tỷ VNĐ,"14,6 tỷ VND",2021,12,31,Việt Nam,,,,,,,,,,,,,"chính kịch, điện ảnh, kinh dị, lịch sử, tâm lý",,,,,,,,,,,Việt Nam,,,,,,,,,,,,,,,,,,,Áp phích chiếu rạp của phim tại Việt Nam,,,,,,,,,,,,,,,,,,,,,,,,,,,,,,,,,Tà Năng – Phan Dũng,,,,,,,,,,,,,,,,,,,,,,,,,,,,,,,,,,,,,,,,,,,,,,,,,,,,,,,,,,,,,,,,,,,,,,,,,,,,,,,,,,,,,,,,,,,,,,,,,,,,,,,,,,,,,,,,
Hai bến một dòng sông,film,,,,,,,,,,,,,,,,,,,,,,,,,,,,,,,,,,,Hai bến một dòng sông,Áp phích phim,NSƯT Nguyễn Danh Dũng,,,,"Hà Hương, Lê Tuấn, Tiến Dũng, Thúy Vi",,,,"Trung tâm Phim truyền hình Việt Nam, Đài Truyền hình Việt Nam",,2000,120 phút,tiếng Việt,,,,,,,,,,,,,,,,,,,"điện ảnh, truyền hình",,,,,,,,,"Đình Thành, Hoàng Nhung",,Việt Nam,,,,,,,,,,,,,,,,,,,,,,,,Hoàng Tích Thiện,,,,,,,,,2000,,,VTV1,,,,,,,,,,,,,,,,"truyện ngắn ""Làng êm ả bên sông"" của Nguyễn Hiếu",,,,,,,,,,,,,,,,,,,220px,,,,,,,,,,,,,,,,,,,,,,,,,,,,,,,,,,,,,,,,,,,,,,,,,,,,,,,,,,,,,,,,,,,,,,,,,,,,,,,,,,,,,,,,,,,,,
Phía trước là bầu trời,film,,,,,,,,,,,,,,,,,,,,,,,,,,,,,,,,,,,,,Đỗ Thanh Hải,,,,,,,,,,,,tiếng Việt,,,,,,,,,,,,,,,,,,,truyền hình,,,,,,,,,,,Việt Nam,,,,,,,,,,,,,,,,,,Phía trước là bầu trời.jpg,,,"Đặng Diệu Hương, Nguyễn Kim Hoa, Trần Thanh Linh","Hà Hương, Thu Nga, Kiều Anh","""Lời chưa nói"" bởi Trần Thu Hà",,,,,70 phút/tập (không bao gồm quảng cáo),,,,,2 tháng 10 năm 2001,,,,,,Phía trước là bầu trời,Phim truyền hình,,9,"Trung tâm Phim truyền hình Việt Nam, Đài Truyền hình Việt Nam",VTV3,,30 tháng 5 năm 2002,,,,,,,,,,,,,,,,,,,,,,,,,,,,,,,,,,,,,,,,,,,,,,,,,Xuân Phương,,,,,,,,,,,,,,,,,,,,,,,,,,,,,,,,,,,,,,,,,,,,,,,,,,,,,,,,,,,,,,,,,,,,,
Cảnh sát hình sự (loạt phim),film,,,,,,,,,,,,,,,,,,,,,,,,,,,,,,,,,,,,,,,,,,,,,,,,,tiếng Việt,,,,,,,,,,,,,,,,,,,"hình sự, truyền hình",,,,,,,,,,,Việt Nam,,,,,,,,,,,,,,,,,,,,,,,,,,,,,,,"Trung tâm Phim truyền hình Việt Nam, Đài Truyền hình Việt Nam","VTV1, VTV3",1999,,,,,,Cảnh sát hình sự,,,,,,,nay,,,,,,,,,,,,,,,,,,,,"*Những bàn chân lặng lẽ , (1999–2009, 2023) *Đến nơi bình yên, (2010–2015)",,,,,,,,,,,,,,,,,,,,,,,,,,,,,,,,,,,,,,,,,,,,,,,,,,,,,,,,,,,,,,,,,,,,,,,,,,,,,,,,,,,,,,,,,,,,,,,,,,
Tình xa,film,,,,,,,,,,,,,,,,,,,,,,,,,,,,,,,,,,,,,"Vũ Trường Khoa, Anuwat Thanomrod",,,,,,,,,,,,"tiếng Việt, tiếng Thái",,,,,,,,,,,,,,,,,,,truyền hình,,,,,,,,,,,Việt Nam,,,,,,,,,,,,,,,,,,230px,DVD phim được phát hành lậu bởi Mỹ Vân Films,,Lương Xuân Thủy,"Hà Hương, Atsadawut Luengsuntorn, Công Dũng, Siriwan Yoisagul, May Fuengarom",,,,,,60 phút/tập (không bao gồm quảng cáo),,,,,2004,,,,2004,,Tình xa,Phim truyền hình,,5,"Trung tâm Phim truyền hình Việt Nam, Đài Truyền hình Việt Nam, Tập đoàn Kantana, Thái Lan","VTV1, Channel 7",,,,,,,,,,,,,'''รักไร้พรมแดน''',,,,,,,PaleGreen,,,,,,,,,,,,,,,,,,,,,,,,,,,,,,,,,,,,,,,,,,,,,,,,,,,,,,,,,,,,,,,,,,,,,,,,,,,,,,,,,,,,,,,,,,,,,,,,,,,,
Truyện cổ tích cho tuổi mười bảy,film,,,,,,,,,,,,,,,,,,,,,,,,,,,,,,,,,,,,,"Xuân Sơn, Phạm Xuân Lộc",,,,,,,,,,,,Tiếng Việt,,,,,,,,,,,,,,,,,,,tâm lý,,,,,,,,,,,Việt Nam,,,,,,,,,,,,,,,,,,Cổ tích cho tuổi mười bảy.jpg,,,Trịnh Thanh Nhã,,,,,Hãng phim Phương Nam,,90 phút,,,,,1988,,,,,,"Truyện cổ tích, cho tuổi mười bảy",,,,Hãng phim truyện Việt Nam,,Việt Nam,,,,,,,,,,,,,,,,,,Hà Nội,Pink,,,,,,,,,,,,,,"Trương Minh, Phạm Văn Lưu",,,,,,,,,,,,,,,,,,,,,,,,,,,,,,,,,,,,,,,,,,,,,,,,,,,,,,,,,,,,Trần Quang Đích,,,,,,,,,,,,,,,,,,,,,,,,,,
Canh bạc,film,,,,,,,,,,,,,,,,,,,,,,,,,,,,,,,,,,,Canh bạc,,Lưu Trọng Ninh,Trần Ngọc Truật,Nguyễn Thị Hồng Ngát,,"Đơn Dương, Thu Hà, Kim Xuyến",Trọng Đài,Trần Thế Dân,Lê Vinh Quốc,Hãng Phim truyện Việt Nam,,1991,85 phút,Tiếng Việt,,,,,,,,,,,,,,,,,,,điện ảnh,,,,,,,,,,,,,,,,,,,,,,,,,,,,,,,,,,,,,,,,,,,,,,,,,,,,,,,,,,,,,,,"""''Canh bạc gá vợ''"" của Nguyễn Thành Phong",,,,,,,,,,,,,,,,,,,,,,,,,,,,,,,,,,,,,,,,,,,,,,,,,,,,,,,,,,,,,,,,,,,,,,,,,,,,,,,,,,,,,,,,,,,,,,,,,,,,,,,,,,,,,,,,
Mẹ chồng tôi,film,,,,,,,,,,,,,,,,,,,,,,,,,,,,,,,,,,,,,Khải Hưng,,,,,,,,,,,,tiếng Việt,,,,,,,,,,,,,,,,,,,"điện ảnh, truyền hình",,,,,,,,,,,Việt Nam,,,,,,,,,,,,,,,,,,Mechongtoititle.png,,,Vũ Thảo (bút danh Quang Huy),"Nguyễn Thị Thu An, Chiều Xuân, Trần Lực",,,,,,80 phút/tập (không bao gồm quảng cáo),,,,,4 tháng 9 năm 1994,,,,,,Mẹ chồng tôi,Phim truyền hình,Truyện ngắn cùng tên của nhà văn Nguyễn Minh Chính,2,"Trung tâm Phim truyền hình Việt Nam, Đài Truyền hình Việt Nam",VTV1,,11 tháng 9 năm 1994,,,,,,,,,,,,,,,,,,PaleGreen,,,,,,,,,,,,,,,,,,,,,,,,,,,,,,,,,,,,,,,,,,,,,,,,,,,,,,,,,,,,,,,,,,,,,,,,,,,,,,,,,,,,,,,,,,,,,,,,,,,,
Người Hà Nội (phim),film,,,,,,,,,,,,,,,,,,,,,,,,,,,,,,,,,,,,,"Hoàng Tích Chỉ, Đoàn Lê",,,,,,,,,,,,Tiếng Việt,,,,,,,,,,,,,,,,,,,truyền hình,,,,,,,,,,,Việt Nam,,,,,,,,,,,,,,,,,,230px,,,Lịch Du,,,,,,,62 phút/tập,,,,,1996,,,,,,Người Hà Nội,Phim truyền hình,,8,"Trung tâm Phim truyền hình Việt Nam, Đài Truyền hình Việt Nam",VTV3,Việt Nam,,,,,,,Phố của Chu Lai,,,,,,,,,,,,PaleGreen,,,,,,,,,,,,,,,,,,,,,,,,,,,,,,,Trọng Đài,,,,,,,,,,,,,,,,,,,,,,,,,,,,,,,,,,,,,,,,,,,,,,,,,,,,,,,,,,,,,,,,,,,,,
Hà Nội 12 ngày đêm,film,,,,,,,,,,,,,,,,,,,,,,,,,,,,,,,,,,,,,Bùi Đình Hạc,,,,,,,,,,,,Tiếng Việt,"7,5 tỉ VNĐ",,,,,,,,,,,,,,,,,,điện ảnh,,,,,,,,,,Hãng phim truyện Việt Nam,,,,,,,,,,,,,,,,,,Hà Nội 12 ngày đêm,Hà Nội 12 ngày đêm.PNG,Áp phích phim.,Nguyễn Huy Hoàng,"Thiên Phúc, Hồ Phương, Hữu Mai, Chu Lai, Nguyễn Thị Hồng Ngát","Quốc Tuấn, Hoàng Nhật Mai, Xuân Tùng, Chiều Xuân, Mai Thu Huyền Hạnh Đạt- Chính ủy Hoàng Phong",Đỗ Hồng Quân,Bùi Trung Hải,"Nguyễn Ngọc Nga, Nguyễn Việt Nga",Hãng phim truyện Việt Nam,2002,120 phút,,,,,,,,,,,,,,,,,,,,,,,,,,,,,,,,,,,,,,,,,,,,,,,,,,,,,,,,,,,,,,,,,,,,,,,,,,,,,,,,,,,,,,,,,,,,,,,,,,,,,,,,,,,,,,,,,,,,,,,,,,,,,,,,,,,,,,,,
Mùa ổi,film,,,,,,,,,,,,,,,,,,,,,,,,,,,,,,,,,,,,,Đặng Nhật Minh,,,,,,,,,,,,Tiếng Việt,,,,,,,,,,,,,,,,,,,"điện ảnh, tâm lý",,,,,,,,,,"Hãng phim Thanh Niên , Viện phim Việt Nam , Bộ Văn hóa, Thể thao và Du lịch , Les Films d'ici , Studio de la Jeunesse",Việt Nam,,tt0257939,,,,,,,,,,,,,,,Mùa ổi,Mùa ổi (phim).jpg,Áp phích của ''Mùa ổi'' khi được phát hành tại thị trường Pháp,"Đặng Nhật Minh , Nguyễn Thúy Vinh",,"Bùi Bài Bình, Lan Hương, Phạm Thu Thủy",Đặng Hữu Phúc,Vũ Đức Tùng,"Nguyễn Việt Nga , Trần Anh Hoa",D'Vision,2000,100 phút,"42,250 USD",,,,,,,,,,,,"Truyện ngắn ''Ngôi nhà xưa'' (1993), Đặng Nhật Minh",,,,,,,,Đặng Nhật Minh,,,,,,,,,,,,,,,,,,,,,,,,,,,,,,,,,,,,,,,,,,,,,,,,,,,,,,,,,,,,,,,,,,,,,,,,"IMDb 7,3/10 (136 phiếu bầu)",Giải Bông sen vàng,,,,,,,,,,,,,,,,,,,,,,,,,,,,,,,,,,,,,,,,,,
Hàng xóm (phim),film,,,,,,,,,,,,,,,,,,,,,,,,,,,,,,,,,,,Hàng xóm,,Phạm Lộc,,Lưu Nghiệp Quỳnh,,Đức Khuê * Chiều Xuân * Hồ Tú * Thủy Hương,Hoàng Lương,Lý Thái Dũng,Nguyễn Việt Hương,Hãng phim truyện Việt Nam,"Cục Điện ảnh Việt Nam, FAFILM Việt Nam","8 tháng 10, 2004",,Tiếng Việt,,,,,,,,,,,,,,,,,,,"chính kịch, điện ảnh",,,,,,,,,,,,,,,,,,,,,,,,,,,,,,,,,,,,,,,,,,,,,,,,,,,,,,,,,,,,,,,,,,,,,,,,,,,,,,,,,,,,,,,,,,,,,,,,,,,,,,,,,,,,,,,,,,,,,,,,,,,,,,,,,,,,,,,,,,,,,,,,,,,,,,,,,,,,,,,,,,,,,,,,,,,,,,,
100 ngày bên em,film,,,,,,,,,,,,,,,,,,,,,,,,,,,,,,,,,,,100 ngày bên em,,Vũ Ngọc Phượng,,,,"Jun Phạm, Khả Ngân, B Trần, Gin Tuấn Kiệt, Tam Triều Dâng, NSƯT Mỹ Uyên, NSƯT Chiều Xuân","Hứa Kim Tuyền, Nguyễn Hoàng Dũng, Đức Phúc, Hòa Minzy, Văn Mai Hương, Jun Phạm",,,"Galaxy M&E, Ingame, Kross Picture",Galaxy Studio,"2018, 4, 25",99 phút,Tiếng Việt,,,2018,4,25,,,,,,,,,,,,,,,,,,,,,,,"Vũ Ngọc Phượng, Trịnh Đan Phượng",,Việt Nam,,,,,,,,,,,,,,,,,,,,,,,,,,,,,,,,,,,,,,,,,,,,,,,,,,,,,,,,,,,,,,,,,,,,,,,,,,,,,,,,,,,,,,,,,,,,,,,,,,,,,,,,,,,,,,,,,,,,,,,,,,,,,,,,,,,,,,,,,,,,,,,,,,,,,,,,,,,,,,,,,,,,
Yêu hơn cả bầu trời,film,,,,,,,,,,,,,,,,,,,,,,,,,,,,,,,,,,,,,Nguyễn Khải Anh,,,,"Thanh Sơn, Bình An, Mạnh Quân, Quang Sự, Ngô Mai Phương",,,,,,,"45 - 50 phút/tập (tính cả quảng cáo), 130 phút (bản đặc biệt)",tiếng Việt,,,,,,,,,,,,,,,,,,,truyền hình,,,,,,,,,,,Việt Nam,,,,,,,,,,,,,,,,,,,,,"Trịnh Khánh Hà, Nguyễn Thu Thủy",,,,,,,,,Phim truyền hình,"Trung tâm Phim truyền hình Việt Nam, Đài Truyền hình Việt Nam",,,"4, 1 (bản đặc biệt)",,"VTV1, VTV3","12 tháng 2 năm 2021 - 15 tháng 2 năm 2021, 14 tháng 3 năm 2021 (phiên bản đặc biệt), Tết nguyên đán 2023 - (phát lại VTV3), 5 tháng 3 năm 2024 - 15 tháng 3 năm 2024 (phát lại VTV1)",,,,,,,,,,,,,,,,,,,,,,,,,,,,,,,,,,,,,,,,,,,,,,,,,,Yêu hơn cả bầu trời,,"Trung tâm Phim truyền hình Việt Nam, Đài Truyền hình Việt Nam",,,,,'''Chung một bầu trời''',,,,,,,,,,,,,,,,,,,,,,,,,,,,,,,,,,,,,,,,,,,,,,,,,,,,,,,,,,,,,,,,,,,,,,
Kẻ ăn hồn,film,,,,,,,,,,,,,,,,,,,,,,,,,,,,,,,,,,,Kẻ ăn hồn,Áp phích chiếu rạp của phim,Trần Hữu Tấn,Hoàng Quân,*Thảo Trang *Thanh Thu,,*Hoàng Hà *Võ Điền Gia Huy *Huỳnh Thanh Trực *Lan Phương *Lý Hồng Ân *NSUT Chiều Xuân *NSND Ngọc Thư *Viết Liên *Nguyễn Phước Lộc *Nguyễn Nghinh Lộc *Nguyễn Hữu Tiến,Trần Đức Quang,,Nghĩa Bùi,ProductionQ - Creative House,CJ CGV,"2023, 12, 15, Việt Nam, 2024, 01, 19, Hoa Kỳ, 2024, 01, 26, Myanmar, 2024, 02, 26, Campuchia, 2024, 03, 01, Đài Loan",105 phút,Tiếng Việt,45 tỷ VNĐĐấy là tổng kinh phí của hai phim ''Kẻ ăn hồn'' và ''Tết ở làng địa ngục''.,67 tỷ VNĐ,2023,12,15,Việt Nam,2024,01,19,Hoa Kỳ,2024,01,26,Myanmar,2024,02,26,Campuchia,"âm nhạc, cổ trang, điện ảnh, kinh dị, truyền hình",,,,,,,,,Thảo Trang,,Việt Nam,,,,,,,,,,,,,,,,,,,,,,,,,,,,,,,,,,,,,,,,,,,,,,,,,,,Võ Tấn Phát,"''Kẻ ăn hồn'', Thảo Trang",2024,03,01,Đài Loan,,,,,,,,,,,,,,,,,,,,,,,,,,,,,,,,,,,,,,,,,,,,,,,,,,,,,,,,,,,,,,,,,,,,,,,,,,,,,,,,,,,,,,,,,,,,,,,,,,,,,,,,,,,,
Đèn âm hồn,film,,,,,,,,,,,,,,,,,,,,,,,,,,,,,,,,,,,Đèn âm hồn,,Hoàng Nam,Nguyễn Cao Tùng,,,"Syni Trang , Phú Thịnh , Hoàng Kim Ngọc , Tuấn Mõ , Đình Khang , Kiều Trinh, Huỳnh Hạo Khang","Nguyễn Văn Chung , Đông Thiên Đức , Nguyễn Ngọc Thưởng , Phúc Bồ","Trần Thế Anh , Kiên Khuất , Duy Hưng","Nghĩa Bùi , Hoàng Nam",Challenge Me Studios,CJ CGV,"2025, 02, 07, Việt Nam",,Tiếng Việt,,"105,51 tỷ VNĐ",2025,02,07,Việt Nam,,,,,,,,,,,,,"cổ trang, điện ảnh, kinh dị",,,,,,,,,Hoàng Nam,,Việt Nam,,,,,,,,,,,,,,,,,,,Áp phích chiếu rạp của phim,,,,,,,,,,,,,,,,,,,,,,,,,,,,,,,,,''Chuyện người con gái Nam Xương'' của Nguyễn Dữ,,,,,,,,,,,,,,,,,,,,,,,,,,,,,,,,,,,,,,,,,,,,,101 phút,,,,,,,,,,,,,,,,,,,,,,,,,,,,,,,,,,,,,,,,,,,,,,,,,,,,,,,,,,,,,,,,,,,
Vẫn có em bên đời,film,,,,,,,,,,,,,,,,,,,,,,,,,,,,,,,,,,,,,"Nguyễn Thanh Vui, Nguyễn Quang Minh",,,,,,,,,,,,tiếng Việt,,,,,,,,,,,,,,,,,,,truyền hình,,,,,,,,,"Thanh Vui, Chí Thanh Đẹp Trai",,Việt Nam,,,,,,,,,,,,,,,,,,,,Thanh Vui Film Company,,"Chí Thanh Đẹp Trai, Mai Thảo Linh, Lâm Thanh Mỹ , Trương Thanh Hoài, Nguyễn Ngọc Kim Cương, Nguyễn Phương Trinh, Hồng Sơn, Tú Quyên, Thoại Khanh, Yllie Tâm Anh, Candy Ngọc Hà, Thanh Vui, Nguyễn Phương Nhi, Thu Sương, Mơ Phan, Nguyễn Trần Phương Thảo, Sơn Tùng M-TP, Ninh Dương Lan Ngọc, Mono, Jun Vũ, Nicky, Amee, Karik, Nguyễn Trần Huyền My, Bigdaddy , Emily, Quang Hải",,,,,,30 - 118 phút,,,,,25 tháng 3 năm 2015,,,,,,Vẫn có em bên đời,"Phim chiếu mạng, Phim truyền hình",,398,"M&T Pictures, Thanh Vui Film Company, Mega GS, Hãng phim Truyền hình Thành phố Hồ Chí Minh, Đài Phát thanh - Truyền hình Vĩnh Long","YouTube, VieOn, HTV7, HTV9, THVL1, THVL2, THVL3, THVL4",,7 tháng 5 năm 2015,,,,,,,,,,,,Thanh Vui,Thanh Vui Film Company,,,,,,Nguyễn Thanh Vui,,,,,,,,,,,,,,,,,,,,,,,,,,,,,,,,,,,,,,,,,,,,,,,,,,,,,,,,,,,,,,,Thanh Vui,,,,,,,,,,,,,,,,,,,,,,,,,,,,,,,,,,,,
"Không ngại cưới, chỉ cần một lý do",film,,,,,,,,,,,,,,,,,,,,,,,,,,,,,,,,,,,"Không ngại cưới, chỉ cần một lý do",,Bùi Quốc Việt,,,,"Hoàng Thùy Linh, Nhan Phúc Vinh, Lương Quỳnh, Nguyễn Trọng Lân, Lại Phú Đôn, Nguyễn Thanh Bình, Phạm Bảo Hân, Quang Anh",,,,,,,45 – 50 phút/tập (bao gồm quảng cáo),Tiếng Việt,,,,,,,,,,,,,,,,,,,"âm nhạc, truyền hình",,,,,,,,,,,Việt Nam,,,,,,,,,,,,,,,,,,KNCCCMLD.jpg,,,"Trần Diệu Linh, Ngô Thị Như Trang",,,"Phạm Thiện, Đỗ Cường Việt",,,,,,Phim truyền hình,,,,36,,VTV3,21 tháng 9 năm 2023,19 tháng 1 năm 2024,,,,,"Trung tâm Phim truyền hình Việt Nam, Đài Truyền hình Việt Nam",,,,,,,,,,,,,,,,,,,,,,,,,,Gia đình mình vui bất thình lình,Gặp em ngày nắng,,,,,,,,,,,,,,,,,,,,,,,,'''''Ngao hoa lục sắc''''',,,,,,,,,,,,,,,,,,,,,,,,,,,,,,,,,,,,,,,,,,,,,,,,,,,,,,,,,,,,,,,,,,,,,,
Đường đua (phim năm 2013),film,,,,,,,,,,,,,,,,,,,,,,,,,,,,,,,,,,,Đường đua,,Nguyễn Khắc Huy,Hồng Ánh,"Nguyễn Khắc Huy, Hồng Ánh",,"Phạm Anh Khoa, Nhan Phúc Vinh",Nguyễn Mạnh Duy Linh,Kieran Daniel Fowler,,Blue Productions,Thiên Ngân (Galaxy Cinema),26 tháng 7 năm 2013,,Tiếng Việt,12 tỉ đồng,,,,,,,,,,,,,,,,,,"chính kịch, hành động, hình sự",,,,,,,,,,,,,,,,,,,,,,,,,,,,,,,,,,,,,,,,,,,,,,,,,,,,,,,,,,,,,,,,,,,,,,,,,,,,,,,,,,,,,,,,,,,,,,,,,,,,,,,,,,,,,,,,,,,,,,,,,,,,,,,,,,,,,,,,,,,,,,,,,,,,,,,,,,,,,,,,,,,,,,,,,,,,,,,
Đảo của dân ngụ cư,film,,,,,,,,,,,,,,,,,,,,,,,,,,,,,,,,,,,Đảo của dân ngụ cư,Áp phích chiếu rạp của phim,Hồng Ánh,* Vũ Tuấn Anh * Nguyễn Thanh Hà,,,* Phạm Hồng Phước * Ngọc Thanh Tâm * Nhan Phúc Vinh * Ngọc Hiệp * Hoàng Phúc * Hoàng Nhân,Nguyễn Mạnh Duy Linh,Phạm Văn Khuê,Julie Béziau,,BHD,"2017, 5, 24, Madrid, 2017, 6, 9, Việt Nam",91 phút,Tiếng Việt,,,2017,5,24,Madrid,2017,6,9,Việt Nam,,,,,,,,,"âm nhạc, chính kịch, điện ảnh, tâm lý, tình cảm",,,,,,,,,Nguyễn Quang Lập,* Blue Productions * Live Media,Việt Nam,,,,,,,,,,,,,,,,,,,,,,,,,,,,,,,,,,,,,,,,,,,,,,,,,,,Phạm Hồng Phước,"''Đảo của dân ngụ cư'', Đỗ Phước Tiến",,,,,,,,,,,,,,,,,,,,,,,,,,,,,,,,,,,,,,,,,,,,,,,,,,,,,,,,,,,,,,,,,,,,,,,,,,,,,,,,,,,,,,,,,,,,,,,,,,,,,,,,,,,,,,,,
Hành trình bí ẩn,film,,,,,,,,,,,,,,,,,,,,,,,,,,,,,,,,,,,,,"Nguyễn Tiến Dũng, Trần Trọng Khôi",,,,"Lương Giang, Tùng Dương, Bảo Anh",,,,,,,,tiếng Việt,,,,,,,,,,,,,,,,,,,"hình sự, truyền hình",,,,,,,,,"Vũ Liêm, Mạnh Tuấn",,Việt Nam,,,,,,,,,,,,,,,,,,,,,,,,,,,,45 - 50 phút/tập (không bao gồm quảng cáo),,,,,7 tháng 8 năm 2008,10,,,,,,Phim truyền hình,,,"Trung tâm Phim truyền hình Việt Nam, Đài Truyền hình Việt Nam",VTV1,,20 tháng 8 năm 2008,,,,,,,,,,,,,,,,,,,,Những bàn chân lặng lẽ,,,Vòng nguyệt quế,Nhà có nhiều cửa sổ,,,,,,,,,,,,,,,,,Hành trình bí ẩn,,,,,,,'''Ngày nắng không bình yên''',,,,,,,,,,,,,,,,,,,,,,,,,,,,,,,,,,,,,,,,,,,,,,,,,,,,,,,,,,,,,,,,,,,,,,
Bước nhảy xì tin,film,,,,,,,,,,,,,,,,,,,,,,,,,,,,,,,,,,,,,Vũ Trường Khoa,,,,"Tùng Min, Bùi Minh Trí",,,,,,,45 phút/tập (không bao gồm quảng cáo),,,,,,,,,,,,,,,,,,,,truyền hình,,,,,,,,,Thiều Hà Quang Nghĩa,,Việt Nam,,,,,,,,,,,,,,,,,,Bìa phim Bước nhảy xì tin.jpeg,,,,,,,,,,,,,"Trung tâm Phim truyền hình Việt Nam, Đài Truyền hình Việt Nam",,,38,,VTV3,5 tháng 9 năm 2009,10 tháng 1 năm 2010,Bước nhảy xì tin,,,,,,,,,,,,,,,,,,,,,,,,,,,,,,,,,,,,,,,,,,,,,''13 nữ tù'',''Bà nội không ăn Pizza'',,,,,,,,,,,Thùy Linh,,,,,,,,,,,,,,Biết yêu,,,,,,,,,,,,,,,,,,,,,,,,,,,,,,,,,,,,,,,,,,,,,,,,,,,,,,
Mùa xuân ở lại,film,,,,,,,,,,,,,,,,,,,,,,,,,,,,,,,,,,,,,Nguyễn Danh Dũng,,,,"Lương Thu Trang, Huỳnh Anh, Bảo Anh, Lan Hương",,,,,,,45 - 50 phút/tập (có bao gồm quảng cáo),tiếng Việt,,,,,,,,,,,,,,,,,,,truyền hình,,,,,,,,,,,Việt Nam,,,,,,,,,,,,,,,,,,Áp phích phim Mùa xuân ở lại.jpg,,,"Trịnh Khánh Hà, Nguyễn Thu Thủy",,,,,,,,,Phim truyền hình,"Trung tâm Phim truyền hình Việt Nam, Đài Truyền hình Việt Nam",,,4,,VTV1,25 tháng 1 năm 2020 - 28 tháng 1 năm 2020,,,,,,,,,,,,,,,,,,,,,,,,,,,,,,,,,,,,,,,,,,,,,,,,,,,,"Trung tâm Phim truyền hình Việt Nam, Đài Truyền hình Việt Nam",,,,,,,,,,,,,,,,,,,,,,,,,,,,,,,,,,,,,,,,,,,,,,,,,,,,,,,,,,,,,,,,,,,,,,,,,,,
Biệt dược đen,film,,,,,,,,,,,,,,,,,,,,,,,,,,,,,,,,,,,Biệt dược đen,,"Phạm Gia Phương, Trần Trọng Khôi",,,,"Phạm Bảo Anh, Huỳnh Anh, Lê Hoàng Long, Ngọc Quỳnh, Lương Thanh, Huyền Trang Mù Tạt, Bình An, Hoàng Anh Vũ, Đỗ Duy Nam, Trần Đức",,,,,,,45 – 50 phút/tập (không bao gồm quảng cáo),Tiếng Việt,,,,,,,,,,,,,,,,,,,"âm nhạc, hình sự, truyền hình",,,,,,,,,,,Việt Nam,,,,,,,,,,,,,,,,,,Bietduocden.jpeg,,Lê Phương Linh,"Phạm Đình Hải, Vũ Liêm",,Trần Quang Duy,"Trần Kim Vũ, Nguyễn Tuấn Dũng",,,,,,Phim truyền hình,,,,27,,VTV3,4 tháng 9 năm 2023,1 tháng 11 năm 2023,,,,,"Trung tâm Phim truyền hình Việt Nam, Đài Truyền hình Việt Nam",,,,,,,,,,,,,,,,,,,"Nguyễn Trung Dũng, Mai Long, Long Hải",,,,,,,Món quà của cha,Chúng ta của 8 năm sau,,,,,,,,Nguyễn Hoàng Anh,,,,,,,,,,,,,,,,'''''Phía sau sự thật''''',,,,,,,,,,,,,,,Nguyễn Khải Anh,,,,,,,,,,,,,,,,,,,,,,,,,,,,,,,,,,,,,,,,,,,,,,,,,,,,,,,
Những nẻo đường gần xa,film,,,,,,,,,,,,,,,,,,,,,,,,,,,,,,,,,,,Những nẻo đường gần xa,,Nguyễn Mai Hiền,,,,"Cù Thị Trà, Trần Việt Hoàng, Ngô Minh Hoàng, Trần Trung Kiên, Nguyễn Lê Việt Anh, Nguyễn Bích Thủy, Nguyễn Vĩnh Xương, Cao Nguyệt Hằng, Hoàng Thanh Dương",,,,,,,25 – 30 phút/tập (không bao gồm quảng cáo),tiếng Việt,,,,,,,,,,,,,,,,,,,truyền hình,,,,,,,,,,,Việt Nam,,,,,,,,,,,,,,,,,,Nhungneoduongganxa.webp,,,"Trịnh Khánh Hà, Trịnh Cẩm Hằng, Trịnh Đan Phượng",,,,,,,,,Phim truyền hình,,,,65,,VTV1,22 tháng 5 năm 2024 – 27 tháng 8 năm 2024,,,,,,"Trung tâm Phim truyền hình Việt Nam, Đài Truyền hình Việt Nam",,,,,,,,,,,,,,,,,,,,,,,,,,Lỡ hẹn với ngày xanh,Hoa sữa về trong gió,,,,,,,,,,,,,,,,,,,Trung tâm Phim truyền hình Việt Nam,,,,,'''Chân trời rất xanh''',,,,,,,,,,,,,,,,,,,,,,,,,,,,,,,,,,,,,,,,,,,,,,,,,,,,,,,,,,,,,,,,,,,,,,
Độc đạo,film,,,,,,,,,,,,,,,,,,,,,,,,,,,,,,,,,,,Độc đạo,,"Phạm Gia Phương, Trần Trọng Khôi",,,,"Doãn Quốc Đam, Nguyễn Duy Hưng, Hoàng Hải, Cao Nguyệt Hằng, Hồ Phong, Phạm Chí Trung, Nguyễn Vĩnh Xương, Phạm Bảo Anh, Hà Việt Dũng, Đỗ Duy Nam, Vũ Việt Hoa, Nguyễn Hà Trung, Nguyễn Thị Thanh Huế, Nguyễn Mạnh Cường, Bùi Bài Bình",,,,,,,45 – 50 phút/tập (không bao gồm quảng cáo),Tiếng Việt,,,,,,,,,,,,,,,,,,,"âm nhạc, chính kịch, hình sự, truyền hình",,,,,,,,,,,Việt Nam,,,,,,,,,,,,,,,,,,Docdao.png,,Trần Kim Vũ,"Phạm Đình Hải, Vũ Liêm",,''Linh hồn và thể xác'',"Đỗ Trung Quân, Nguyễn Hoàng Anh",,,,,,Phim truyền hình,,,,36,,VTV3,2 tháng 9 năm 2024,20 tháng 11 năm 2024,,,COL ''One Way Out'' (2019),,"Trung tâm Phim truyền hình Việt Nam, Đài Truyền hình Việt Nam",,,,,,,,,,,,,,,,,,,Nguyễn Trung Dũng,,,,,,,Vui lên nào anh em ơi,"Mẹ ác ma, cha thiên sứ, ''(phát lại)''",,,,,,,,,,,,,,,,,,,,,,,,,,,,,,,,,,,,,,,Nguyễn Khải Anh,,,,,,,,,,,,,,,,,,,,,,,,,,,,,,,,,,,,,,,,,,,,,,,,,,,,,,,
Sao Kim bắn tim sao Hỏa,film,,,,,,,,,,,,,,,,,,,,,,,,,,,,,,,,,,,Sao Kim bắn tim sao Hỏa,,Bùi Quốc Việt,,,,"Tiến Lộc, Mạnh Quân, Diễm Hằng, Quang Minh, Minh Thu, Bích Ngọc",,,,,,,45 – 50 phút/tập (bao gồm quảng cáo),Tiếng Việt,,,,,,,,,,,,,,,,,,,truyền hình,,,,,,,,,,,Việt Nam,,,,,,,,,,,,,,,,,,,,,"Tiết Kim Oanh, Mai Búp",,,,,,,,,Phim truyền hình,,,,36,,VTV3,27 tháng 6 năm 2024,1 tháng 11 năm 2024,,,,,"Trung tâm Phim truyền hình Việt Nam, Đài Truyền hình Việt Nam",,,,,,,,,,,,,,,,,,,Lại Phương Thảo,,,Nguyễn Khải Anh,,,,''Người một nhà'',''Đi về phía lửa'' (phát lại),,,,,,,,,,,,,,,,,,,,,,,,'''Chồng nhà người ta''',,,,,,,,,,,,,,,,,,,,,,,,,,,,,,,,,,,,,,,,,,,,,,,,,,,,,,,,,,,,,,,,,,,,,,
Dưới bóng cây hạnh phúc,film,,,,,,,,,,,,,,,,,,,,,,,,,,,,,,,,,,,Dưới bóng cây hạnh phúc,,Vũ Trường Khoa,,,,"Quốc Trị, Mạnh Cường, Bùi Như Lai, Nguyễn Kim Oanh, Mạnh Hưng, Hoàng Anh Vũ, Kiều My, Thạch Thu Huyền, Lương Thanh",,,,,,,25 - 30 phút/tập (không bao gồm quảng cáo),tiếng Việt,,,,,,,,,,,,,,,,,,,truyền hình,,,,,,,,,,,Việt Nam,,,,,,,,,,,,,,,,,,Duoibongcayhanhphuc.png,,,"Trịnh Đan Phượng, Trịnh Cẩm Hằng, Trịnh Khánh Hà",,''Hạnh phúc vụt qua'',Nguyễn Việt Thắng,,,,,,Phim truyền hình,,,,45,,VTV1,12 tháng 1 năm 2023,29 tháng 3 năm 2023,,,,,"Trung tâm Phim truyền hình Việt Nam, Đài Truyền hình Việt Nam",,,,,,,,,,,,,,,,,,,,,,,,,,Mẹ rơm,Khúc hát mặt trời (phát lại),,,,,,,,,,,,,,,,,,,,,,,,,,,,,,,,,,,,,,,,,,,,,,,,,,,,,,,,,,,,,,,,,,,,,,,,,,,,,,,,,,,,,,,,,,,,,,
Trạm cứu hộ trái tim,film,,,,,,,,,,,,,,,,,,,,,,,,,,,,,,,,,,,Trạm cứu hộ trái tim,,Vũ Trường Khoa,,,,"Hồng Diễm, Quang Sự, Lương Thu Trang, Trương Thanh Long, Thúy Diễm",,,,,,,40 – 45 phút/tập (không bao gồm quảng cáo),tiếng Việt,,,,,,,,,,,,,,,,,,,truyền hình,,,,,,,,,,,Việt Nam,,,,,,,,,,,,,,,,,,Áp phích phim Trạm cứu hộ trái tim.jpg,,,"Nguyễn Thu Thủy, Nguyễn Nhiệm, Thùy Dương, Lương Ly, Đỗ Lê",,,,,,,,,Phim truyền hình,,,,51,,VTV3,11 tháng 3 năm 2024 – 3 tháng 7 năm 2024,,,,,,"Trung tâm Phim truyền hình Việt Nam, Đài Truyền hình Việt Nam",,,,,,,,,,,,,,,,,,,,,,,,,,Chúng ta của 8 năm sau,Vui lên nào anh em ơi,,,,,,,,,,,,,,,,,,,Trung tâm Phim truyền hình Việt Nam,,,,,,,,,,,,,,,,,,,,,,,,,,,,,,,,,,,,,,,,,,,,,,,,,,,,,,,,,,,,,,,,,,,,,,,,,,,
Ảo ảnh trắng,film,,,,,,,,,,,,,,,,,,,,,,,,,,,,,,,,,,,,,Việt Bảo,,,,,,,,,,,,tiếng Việt,,,,,,,,,,,,,,,,,,,truyền hình,,,,,,,,,,,Việt Nam,,,,,,,,,,,,,,,,,,,,,Nguyễn Thị Ngọc Tú,,,,,,,50 phút x 6 tập,,,,,1997,,,,,,Ảo ảnh trắng,Phim truyền hình,tiểu thuyết cùng tên của nhà văn Nguyễn Thị Ngọc Tú,,"Trung tâm Phim truyền hình Việt Nam, Đài Truyền hình Việt Nam",VTV1,Việt Nam,,,,,,,,,,,,,,,,,,,,,,,,,,,,,,,,,,,,,,,,,,,,,,,,,,,,,,,,,,,,,,,,,,,,,,,,,,,,,,,,,,,,,,,,,,,,,,,,,,,,,,,,,,,,,,,,,,,,,,,
Văn nghệ Chủ Nhật,film,,,,,,,,,,,,,,,,,,,,,,,,,,,,,,,,,,,,,,,,,,,,,,,,,,,,,,,,,,,,,,,,,,,,truyền hình,,,,,,,,,,,Việt Nam,,,,,,,,,,,,,,,,,,,Hình hiệu chương trình Văn nghệ chủ nhật từ những năm 2000 trên VTV3,,,,,,,,,,,,,VTV3,4 tháng 9 năm 1994,,,,,,Văn nghệ Chủ Nhật,,,,,,,22 tháng 2 năm 2009,,,,,,,,,,,,"Trung tâm Phim truyền hình Việt Nam , Công ty FPT Media (từ 2006)",,,,,,,,,,,,,,,,,,,,,SD: 576i,,,,,,,,,,,,,,,,,,,,,,,,,,,,,,,,,,,,,,,,,,,,,,,,,,,,,,,,,,,,,,,,,,,,Lime,,,,,,,,,,,,,,,,,
Nhà có ba chị em,film,,,,,,,,,,,,,,,,,,,,,,,,,,,,,,,,,,,,,Đỗ Thanh Hải,,,,,,,,,,,,tiếng Việt,,,,,,,,,,,,,,,,,,,"chính kịch, điện ảnh, truyền hình",,,,,,,,,,,Việt Nam,,,,,,,,,,,,,,,,,,,,,"Trí Hùng, Thu Dung","Trần Hạnh, Mai Thu Huyền, Kiều Thanh, Thu Quế, Trung Hiếu, Bình Minh, Bùi Bài Bình, Hồng Sơn, Bá Anh, Diễm Hằng",,,,,,97 phút,,,,,18 tháng 2 năm 2007,,,,,,Nhà có ba chị em,Phim truyền hình,,1,"Trung tâm Phim truyền hình Việt Nam, Đài Truyền hình Việt Nam",VTV3,,,,,,,,kịch bản sân khấu cùng tên của Thu Phương,,,,,,,,,,,,Cyan,,,,,,,,,,,,,,,,,,,,,,,,,,,,,,,,,,,,,,,,,,,,,,,,,,,,,,,,,,,,,,,,,,,,,,,,,,,,,,,,,,,,,,,,,,,,,,,,,,,,
Đời người và những chuyến đi,film,,,,,,,,,,,,,,,,,,,,,,,,,,,,,,,,,,,,,Nguyễn Hữu Trọng,,,,,,,,,,,,Tiếng Việt,,,,,,,,,,,,,,,,,,,"chính kịch, điện ảnh, truyền hình",,,,,,,,,,,Việt Nam,,,,,,,,,,,,,,,,,Đời người và những chuyến đi,,,,"Đoàn Trúc Quỳnh, Lê Ngọc Minh",* Bùi Bài Bình * Lan Hương * Hồng Sơn * Quốc Quân * Trần Hạnh,,,,Điện ảnh chiều thứ bảy,,,,,,,,,,,,,,,,18,Trung tâm Phim truyền hình Việt Nam,,,,,,,,,,,,,,,,,1,,,,,,,,,,,,,,,,,,,,,,,,,,,,,,,,,,,,,,,,,,,,,,,,,,,,,,,,,,,,,,,,,,,,,,,,,,,,,,,,,,,,,,,,,,,,,,,,,,,,,,,,
Ma làng,film,,,,,,,,,,,,,,,,,,,,,,,,,,,,,,,,,,,Ma làng,,"Nguyễn Hữu Phần, Hoàng Lâm",,,,"Bùi Bài Bình, Kim Oanh, Trung Hiếu, Phùng Cường, Dịu Hương",,,,,,,52 phút/tập (không bao gồm quảng cáo),tiếng Việt,,,,,,,,,,,,,,,,,,,truyền hình,,,,,,,,,Phạm Ngọc Tiến,,Việt Nam,,,,,,,,,,,,,,,,,,Áp phích phim Ma làng.jpg,,,,,,,,,,,,Phim truyền hình,"Trung tâm Phim truyền hình Việt Nam, Đài Truyền hình Việt Nam",,,19,,VTV1,8 tháng 10 năm 2007,1 tháng 11 năm 2007,,,,,,,,,222px,,,,,tiểu thuyết cùng tên của Trịnh Thanh Phong,,,,,,,,,,,,,,,,,,,,,,,,,,,,,,,,Cảnh sát hình sự: Đột kích,Luật đời,,,,,,,,,,,,,,,,,,,,,,,"Lương Sơn, Hòa Bình",,,,,,,,,,,,Làng ma - 10 năm sau,,,,,,,,,,,,,,,,,,,,,,,,,,,,,,,,,,,,,,,,,,,,
Khoan nói lời yêu thương,film,,,,,,,,,,,,,,,,,,,,,,,,,,,,,,,,,,,Khoan nói lời yêu thương,,Phạm Nhuệ Giang,,,,"Phạm Cường, Mỹ Hạnh",,,,,,,30 phút/tập,Tiếng Việt,,,,,,,,,,,,,,,,,,,"gia đình, hành động, truyền hình",,,,,,,,,,,Việt Nam,,,,,,,,,,,,,,,,,,,,,Nguyễn Quang Lập,,,,,,,,,,,,,5,,O2TV,14 tháng 9 năm 2009,15 tháng 9 năm 2009,,,,,"Đại sư quán Thụy Điển tại Việt Nam, Đài Truyền hình Việt Nam, CSAGA",,,,,,,,,,,,,,,,,,,,,,,,,,,,,,,,,,,,,,,,,,,,,,,,,,,,,,,,,,,,,,,,,,,,,,,,,,,,,,,,,,,,,,,,,,,,,,,,,,,,,,,,,,,,,,,,,,,,,,,,,
Đầu bếp và đại gia,film,,,,,,,,,,,,,,,,,,,,,,,,,,,,,,,,,,,,,Trịnh Lê Phong,,,,,,,,,,,,tiếng Việt,,,,,,,,,,,,,,,,,,,truyền hình,,,,,,,,,,,,,,,,,,,,,,,,,,,,Đầu bếp và đại gia,,,Dương Duy Anh,Đỗ Trí Hùng,Vĩnh Xương *Kim Oanh *Thùy Dung *Phú Đôn *Quốc Quân,,,,Đài Truyền hình Việt Nam,,47 phút/tập (không bao gồm quảng cáo),,,,VTV3,8 tháng 2 năm 2008,,,,,,,,,2,Hãng phim Đông A,,,,,,,,,,,,,,,,,,,,,,,,,,,,,,,,,,,Lê Hà,,,,,,,,,,,,,,,,,,,,,,,,,,,,,,,,,,,,,,,,,,,,,,,,,,,,,,,,,,,,,,,,,,,,,,,,,,,,,,,,,,,,,,
Chiều ngang qua phố cũ,film,,,,,,,,,,,,,,,,,,,,,,,,,,,,,,,,,,,,,Trịnh Lê Phong,,,,,,,,,,,,tiếng Việt,,,,,,,,,,,,,,,,,,,truyền hình,,,,,,,,,,,Việt Nam,,,,,,,,,,,,,,,,,Chiều ngang qua phố cũ,chieungangquaphocu.jpeg,,,"Nguyễn Hồng Trâm, Chu Hồng Vân","Bùi Bài Bình, Anh Tú, Xuân Trường, Hoa Thúy, Nguyễn Minh Trang, Kim Oanh, Hoàng Lan, Công Lý",,,,,,45-50 phút (không bao gồm quảng cáo),,Phim truyền hình,"Trung tâm Phim truyền hình Việt Nam, Đài Truyền hình Việt Nam",VTV1,2 tháng 12 năm 2016,26,,,,,,,,,,,,31 tháng 3 năm 2017,,,,,,,,,,,,,,,,,,,,,,,Lựa chọn cuối cùng,Sống chung với mẹ chồng,,,,,,,,,,,,,,,,,,,,,,,,,,,,,,,,,,,,,,,,,,,,,,,,,,,,,,,,,,,,,,,,,,,,,,,,,,,,,,,,,,,,,,,,,,,,,,
Lối nhỏ vào đời,film,,,,,,,,,,,,,,,,,,,,,,,,,,,,,,,,,,,Lối nhỏ vào đời,,"Nguyễn Đức Hiếu, Lê Đỗ Ngọc Linh",,,,,,,,,,,25 – 30 phút/tập (có bao gồm quảng cáo),tiếng Việt,,,,,,,,,,,,,,,,,,,truyền hình,,,,,,,,,,,Việt Nam,,,,,,,,,,,,,,,,,,Loinhovaodoiposter.jpeg,,,"Nguyễn Mạnh Cường, Ánh Phương","Bùi Bài Bình, Tạ Hoàng Long, Phan Anh, Nguyễn Kim Oanh, Quỳnh Lương, Hoàng Huyền, Đỗ Hiệp",,,,,,,,Phim truyền hình,,,8 tháng 6 năm 2022,26,,VTV1,,,,,,,"Trung tâm Phim truyền hình Việt Nam, Đài Truyền hình Việt Nam",,,15 tháng 7 năm 2022,,,,,,,,,,,,,,,,,,,,Trần Quang Duy,,,Cảnh sát hình sự: Bão ngầm,Đấu trí,,,,,,,,,,,,,,,,,,,,,,,,'''Tuổi 18''',,,,,,,,,,,,,,,,,,,,,,,,,,,,,,,,,,,,,,,,,,,,,,,,,,,,,,,,,,,,,,,,,,,,,,
Chốn quê,film,,,,,,,,,,,,,,,,,,,,,,,,,,,,,,,,,,,Chốn quê,,Nguyễn Sĩ Chung,,Nguyễn Sĩ Chung,,,,"Nguyễn Thước, Sỹ Bằng",Phan Minh Hương,Hãng phim Tài liệu và Khoa học Trung ương,Phương Nam Film,2001,18 phút,Tiếng Việt,,,,,,,,,,,,,,,,,,,tài liệu,,,,,,,,,,,Việt Nam,,,,,,,,,,,,,,,,,,,,,,,,,,,,,,,,,,,,,,,,,,,,,,,,,,,,,,,,,,,,,,,,,,,,,,,200px,,,,,,,,,,bìa DVD của '''Chốn quê''',,,,,,,,,,,,,,,,,,,,,,,,,,,,,,,,,,,,,,,,,,,,,,,,,,,,,,,,,,,,,,,,,,,,,,,,,,,,,,,,,,,
Gió qua miền tối sáng,film,,,,,,,,,,,,,,,,,,,,,,,,,,,,,,,,,,,,,NSND Phạm Thanh Phong,,,,,,,,,,,,tiếng Việt,,,,,,,,,,,,,,,,,,,truyền hình,,,,,,,,,,,Việt Nam,,,,,,,,,,,,,,,,,,230px,,,"Nguyễn Mạnh Tuấn, Lê Phương, Mường Mán","Lê Tuấn Anh, NSND Minh Hòa, NSƯT Linh Huệ, Trần Ngọc Quốc, NSND Trọng Trinh",,,,,,30 phút/tập (không bao gồm quảng cáo),,,,,1998,,,,,,Gió qua miền tối sáng,Phim truyền hình,,30,"Trung tâm Phim truyền hình Việt Nam, Đài Truyền hình Việt Nam",VTV1,,,,,,,,,,,,,,,,,,,,PaleGreen,,,,,,,,,,,,,,,,,,,,,,,,,,,,,,,,,,,,,,,,,,,,,,,,,,,,,,,,,,,,,,,,,,,,,,,,,,,,,,,,,,,,,,,,,,,,,,,,,,,,
Bánh đúc có xương,film,,,,,,,,,,,,,,,,,,,,,,,,,,,,,,,,,,,,,Đặng Thái Huyền,,,,,,,,,,,,Tiếng Việt,,,,,,,,,,,,,,,,,,,truyền hình,,,,,,,,,,,Việt Nam,,,,,,,,,,,,,,,,,,222px,Áp phích phim,,"Nguyễn Thu Hà, Hà Thu Hà","Phạm Hồng Minh, Diệu Hương, Hà Anh",,,,,,45 phút x 33 tập,,,,,22 tháng 7,,,,,,Bánh đúc có xương,Phim truyền hình,,33,Công ty cổ phần Truyền thông đa phương tiện Latsata,VTV1,Việt Nam,7 tháng 10 năm 2014,,,,,,,,,,,,,,,,Nguyễn Thu Hà,Hà Nội,Pink,,Vũ Quốc Bình,Có lẽ chúng ta đã sai,Để mẹ luôn có con,Con thuyền số phận,Đại ca U70,,,,,,,,"Phan Hà Sơn, Nguyễn Việt Thắng, Nguyễn Quang Vinh, Hà Văn Bình, Trần Minh Nghĩa",HD 1080p,,,,,,,,,,,,,,,,,,,,,,,,,,,,,,,,,,,,,,,,,,,,,,,,,,,,,,,,,,,,,,,,,,,,,,,,,,,,,,,,,,,,,
Hãy nói lời yêu,film,,,,,,,,,,,,,,,,,,,,,,,,,,,,,,,,,,,,,Bùi Quốc Việt,,,,"Nguyệt Hằng, Trọng Trinh, Quỳnh Kool, Công Dương, Đào Trúc Mai, Quang Anh, Bảo Hân, Hoàng Anh Vũ",,,,,,,45 - 50 phút/tập (không bao gồm quảng cáo),Tiếng Việt,,,,,,,,,,,,,,,,,,,truyền hình,,,,,,,,,Huyền Lê,,Việt Nam,,,,,,,,,,,,,,,,,,Haynoiloiyeu.png,,,,,,Vũ Trung Kiên,,,,,,Phim truyền hình,"Trung tâm Phim truyền hình Việt Nam, Đài Truyền hình Việt Nam",,,34,,,15 tháng 4 năm 2021 - 6 tháng 8 năm 2021,,Hãy nói lời yêu,,,,,VTV3,,,,,,,,,,,,,,,,,,Trịnh Khánh Hà,,,,''Nếu một ngày'',,,Cảnh sát hình sự: Hồ sơ cá sấu,Ngày mai bình yên,,,,,,,,,,,,,,,,,,,,,,,,'''''Hẹn em ngày nắng''''',,,,,,,,,,,,,,,,,,,,,,,,,,,,,,,,,,,,,,,,,,,,,,,,,,,,,,,,,,,,,,,,,,,,,,
Thông gia ngõ hẹp,film,,,,,,,,,,,,,,,,,,,,,,,,,,,,,,,,,,,Thông gia ngõ hẹp,,Trịnh Lê Phong,,,,,,,,,,,45 - 50 phút/tập (không bao gồm quảng cáo),Tiếng Việt,,,,,,,,,,,,,,,,,,,"gia đình, truyền hình",,,,,,,,,,,Việt Nam,,,,,,,,,,,,,,,,,,Thông gia ngõ hẹp áp phích phim.png,,,"Hà Anh Thu, Nguyễn Mạnh Cường","Trọng Trinh, Chí Trung, Hoàng Tuyết Liên, Ngọc Thư, Linh Huệ, Thu Hà, Vũ Việt Hoa, Nguyễn Trọng Lân",,,,,,,,Phim truyền hình,,,,21,,VTV3,16 tháng 9 năm 2022,25 tháng 11 năm 2022,,,,,"Trung tâm Phim truyền hình Việt Nam, Đài Truyền hình Việt Nam",,,,,,,,,,,,,,,,,,,,,,,,,,"Chồng cũ, vợ cũ, người yêu cũ",Đừng làm mẹ cáu,,,,,,,,,,,,,,,,,,,,,,,,'''''Vì chúng mình là một gia đình''''',,,,,,,,,,,,,,,,,,,,,,,,,,,,,,,,,,,,,,,,,,,,,,,,,,,,,,,,,,,,,,,,,,,,,,
Nơi giấc mơ tìm về,film,,,,,,,,,,,,,,,,,,,,,,,,,,,,,,,,,,,Nơi giấc mơ tìm về,,Trịnh Lê Phong,,,,"Lê Khanh, Đỗ Kỷ, Trọng Trinh, Đặng Tất Bình, Lãnh Thanh, Vũ Việt Hoa, Nguyễn Minh Thu, Đỗ Trung Tuấn, Đào Hiền Thục Anh",,,,,,,25 - 30 phút/tập (có bao gồm quảng cáo),tiếng Việt,,,,,,,,,,,,,,,,,,,truyền hình,,,,,,,,,,,Việt Nam,,,,,,,,,,,,,,,,,,,,,"Lê Anh Thúy, Nguyễn Mạnh Cường, Đặng Diệu Hương, Đàm Vân Anh",,''Yêu thật nhiều'',Phạm Quang Minh,,,,,,Phim truyền hình,,,,45,,VTV1,22 tháng 5 năm 2023,28 tháng 7 năm 2023,,,,,"Trung tâm Phim truyền hình Việt Nam, Đài Truyền hình Việt Nam",,,,,,,,,,,,,,,,,,,,,,,,,,Khúc hát mặt trời (phát lại),Làng trong phố,,,,,,,,,,,,,,,,,,,,,,,,'''''Bà ngoại lắm chiêu''''',,,,,,,,,,,,,,,,,,,,,,,,,,,,,,,,,,,,,,,,,,,,,,,,,,,,,,,,,,,,,,,,,,,,,,
Vui lên nào anh em ơi,film,,,,,,,,,,,,,,,,,,,,,,,,,,,,,,,,,,,,,Vũ Minh Trí,,,,,,,,,,,,,,,,,,,,,,,,,,,,,,,truyền hình,,,,,,,,,,,Việt Nam,,,,,,,,,,,,,,,,,Vui lên nào anh em ơi,,,* Nguyễn Minh Thùy * Mai Văn Hóa,* Ngô Tuấn Dương * Nguyễn Thu Trang * Hà Thu Hà,* Dương Anh Đức * Trần Thái Sơn * Tô Tuấn Dũng * Thạch Thu Huyền * Nguyễn Anh Đào * Nguyễn Hương Giang,,Phan Hà Sơn,,,,40 – 45 phút/tập (không bao gồm quảng cáo),,,,VTV3,,,,,8 tháng 7 năm 2024,28 tháng 8 năm 2024,,,,21,"Trung tâm Phim truyền hình Việt Nam, Đài Truyền hình Việt Nam",,,,,,,,,,,,,,,,,,,Trịnh Khánh Hà,,,Nguyễn Khải Anh,,,,,,,,,,,,,,,,,,,''Trạm cứu hộ trái tim'',''Cảnh sát hình sự: Độc đạo'',,,,,,,,,,,,,'''Những kẻ mộng mơ''',,,,,,,,,,,,,,,,,,,,,,,,,,,,,,,,,,,,,,,,,,,,,,,,,,,,,,,,,,,,,,,,,,
Cầu vồng ở phía chân trời,film,,,,,,,,,,,,,,,,,,,,,,,,,,,,,,,,,,,,,Vũ Minh Trí,,,,,,,,,,,,,,,,,,,,,,,,,,,,,,,truyền hình,,,,,,,,,,,Việt Nam,,,,,,,,,,,,,,,,,Cầu vồng ở phía chân trời,,,"Nguyễn Minh Thùy, Mai Văn Hóa",Trần Diệu Linh,"* Nguyễn Trọng Lân, * Nguyễn Anh Đào, * Nguyễn Thanh Bình, * Lê Tú Oanh, * Phùng Khánh Linh, * Phạm Linh Huệ, * Bùi Gia Nghĩa, * Nguyễn Ngọc An Nhiên",,Vũ Trung Kiên,,Đài truyền hình Việt Nam,,45 – 50 phút/tập (không bao gồm quảng cáo),,,,VTV3,5 tháng 6 năm 2025,,,,,,,,,26,Trung tâm Phim truyền hình Việt Nam,,,29 tháng 8 năm 2025,,,,,,,,,,,,,,,,Lại Phương Thảo,,,Nguyễn Khải Anh,"""Cầu vồng yêu thương""",,,,,,,,,,,,,,,,,,Những chặng đường bụi bặm,Cách em 1 milimet,,,,,,,,,,,,,,,,,,,,,,,,,,,,,,,,,,,,,,,,,,,,,,,,,,,,,,,,,,,,,,,,,,,,,,,,,,,,,,,
Và anh sẽ trở lại,film,,,,,,,,,,,,,,,,,,,,,,,,,,,,,,,,,,,Và anh sẽ trở lại,,Đinh Tuấn Vũ,Đỗ Thanh Sơn,*Đinh Tuấn Vũ *Nguyễn Thị Nguyệt Nga,,* Nicolas Nguyễn * Khánh Linh * Thùy Linh * Grégoire Nuss * Trịnh Thịnh,"Việt Thanh ((nhạc nền)), Lê Cát Trọng Lý ((ca khúc))",*Nhữ Mạnh Cường *Trương Quốc Huy,Rain,Saa Productions,Megastar,1 tháng 11 năm 2013,90 phút,Tiếng Việt,3 tỷ đồng,,,,,,,,,,,,,,,,,,lãng mạn,,,,,,,,,Trịnh Lưu Diệu Thúy,,Việt Nam,,,,,,,,,,,,,,,,,,,,,,,,,,,,,,,,,,,,,,,,,,,,,,,,,,,,,,,,,,,,,,,,,,,,,,,200px,,,,,,,,,,,,,,,,,,,,,,,,,,,,,,,,,,,,,,,,,,,,,,,,,,,,,,,,,,,,,,,,,,,,,,,,,,,,,,,,,,,,,,,,,,,,,
Mátxcơva - Mùa thay lá,film,,,,,,,,,,,,,,,,,,,,,,,,,,,,,,,,,,,,,Trọng Trinh,,,,"Hồng Đăng, Hồng Diễm, Việt Anh",,,,,,,55 - 65 phút/tập (có bao gồm quảng cáo),,,,,,,,,,,,,,,,,,,,truyền hình,,,,,,,,,,,Việt Nam,,,,,,,,,,,,,,,,,,,,,,,,,,,,,,Phim truyền hình,,,,4,,VTV1,30 tháng 1 năm 2017,2 tháng 2 năm 2017,,,,,,,,,,,,,,,,,,,,,,,,,,,,,,,"Dưới bầu trời xa cách (VTV1), Hương vị tình thân (VTV1)","Con hảo hán, ba không ngán (VTV1), Phố trong làng (VTV1)",,,,,,,,,,,,,,,,,Mátxcơva - Mùa thay lá,,"Trung tâm Phim truyền hình Việt Nam, Đài Truyền hình Việt Nam",,,,,'''''Tìm nhau trong nỗi nhớ''''',,,,,,,,,,,,,,,,,,,,,,,,,,,,,,,,,,,,,,,,,,,,,,,,,,,,,,,,,,,,,,,,,,,,,,
Nhà trọ Balanha,film,,,,,,,,,,,,,,,,,,,,,,,,,,,,,,,,,,,,,Nguyễn Khải Anh,,,,,,,,,,,,,,,,,,,,,,,,,,,,,,,"âm nhạc, truyền hình",,,,,,,,,,,Việt Nam,,,,,,,,,,,,,,,,,,Nhatrobalanha.jpeg,,,Đỗ Thủy Tiên,"Xuân Nghị, Công Dương, Trần Nghĩa, Quỳnh Kool, Bích Ngọc, Trần Vân",Xuân Phương,"Dương Tuấn Anh, Phạm Anh Thao, Trần Xuân Đại, Dương Văn Dũng",,Đài Truyền hình Việt Nam,,4550 phút (có quảng cáo),,,,,,,,,19 tháng 3 năm 2020,5 tháng 6 năm 2020,Nhà trọ Balanha,Phim truyền hình,"''Nhà trọ Waikiki'', JTBC",35,Trung tâm Phim truyền hình Việt Nam,VTV3,Việt Nam,,,,,,,,,,,,,,,,Đỗ Thanh Hải,"Lại Phương Thảo, Nguyễn Xuân Phi",Hà Nội và nhiều địa điểm khác,,,,Nhà trọ Balanha,Nhà trọ Balanha,Cô gái nhà người ta,Đừng bắt em phải quên,,,,,,,,,1080p,,,,,,,,,,,,,,,,,,,,,,,,,,,,,,,,,,,,,,Dolby Digital Plus,,,,,,,,,,,,,,,,,,,,,,,,,,,,,,,,,,,,,,,,,,,,,,,
Hương Phù Sa,film,,,,,,,,,,,,,,,,,,,,,,,,,,,,,,,,,,,,,Võ Tấn Bình,,,,,,,,,,,,tiếng Việt,,,,,,,,,,,,,,,,,,,truyền hình,,,,,,,,,,,Việt Nam,,,,,,,,,,,,,,,,,Hương phù sa,Tập tin:Ap phich Huong Phu Sa.jpg,,,Võ Tấn Bình,"Tăng Thanh Hà, Kim Hiền, Trương Minh Quốc Thái, Huỳnh Anh Tuấn, Minh Thư, Lý Thanh Thảo, Ngọc Lan",Duy Thoán,,,,2006,45 phút/tập (không bao gồm quảng cáo),,Phim truyền hình,"Hãng phim Truyền hình Thành phố Hồ Chí Minh, Đài Truyền hình Thành phố Hồ Chí Minh",HTV9,4 tháng 4 năm 2006,,,,,,,,,29,,,,2 tháng 5 năm 2006,,,,,,,,,,,,,,,,,,,,,,,,,,,,,,,,,,,,,,,,,,,,,,,,,,,,,,,,,,,,,,,,,,,,,,,,,,,,,,,,,,,,,,,,,,,,,,,,,,,,,,,,,,,,,,,,,,,,,,
Cù lao xác sống,film,,,,,,,,,,,,,,,,,,,,,,,,,,,,,,,,,,,Cù lao xác sống,,Nguyễn Thành Nam,,,,"* Huỳnh Đông, * Ốc Thanh Vân * Trần Phong * La Thành * Xuân Nghị * Lê Lộc",,,,"Galaxy Studio, ABC Picture, Đông Giao Production",Galaxy Studio,1 tháng 9 năm 2022,93 phút,Tiếng Việt,,"12,8 tỷ đồng",,,,,,,,,,,,,,,,,kinh dị,,,,,,,,,,,,,{},,,,,,,,,,,,,,,,,Áp phích phim tại rạp.,,,,,,,,,,,,,,,,,,,,,,,,,,,,,,,,,,,,,,,,,,,,,,,,,,,,,,,,,,,,,,,,,,,,,,,,,,,,,,,,,,,,,,,,,,,,,,,,,,,,,,,,,,,,,,,,,,,,,,,,,,,,,,,,,,,,,,,,,,,,,,,,,
Công nghệ thời trang,film,,,,,,,,,,,,,,,,,,,,,,,,,,,,,,,,,,,,,Đỗ Phú Hải,,,,,,,,,,,,tiếng Việt,,,,,,,,,,,,,,,,,,,truyền hình,,,,,,,,,,,Việt Nam,,,,,,,,,,,,,,,,,,,,,Nguyễn Mạnh Tuấn,"Trương Minh Quốc Thái, Cao Minh Đạt, Đinh Y Nhung, Trí Quang, Lâm Bảo Như, Hoàng Anh",,,,,,45 phút/tập (không bao gồm quảng cáo),,,,,1 tháng 12 năm 2010,,,,,,Công nghệ thời trang,Phim truyền hình,,61,"Hãng phim Truyền hình Thành phố Hồ Chí Minh, Đài Truyền hình Thành phố Hồ Chí Minh",HTV9,,30 tháng 3 năm 2011,,,,,,,,,,,,,,,,,,,,,,,,,,,,,,,,,,,,,,,,,,,,,,,,,,,,,,,,,,,,,,,,,,,,,,,,,,,,,,,,,,,,,,,,,,,,,,,,,,,,,,,,,,,,,,,,,,,,,,
Những ngọn nến trong đêm,film,,,,,,,,,,,,,,,,,,,,,,,,,,,,,,,,,,,,,"Đỗ Đức Thành, Mai Hồng Phong (phần 1), Vũ Hồng Sơn (phần 1), Nguyễn Khải Anh (phần 2)",,,,,,,,,,,,Tiếng Việt,,,,,,,,,,,,,,,,,,,truyền hình,,,,,,,,,,,Việt Nam,,,,,,,,,,,,,,,,,,230px,Áp phích phim phần 2,,Đặng Minh Châu,"Mai Thu Huyền , Quyết Thắng, Bình Minh, Bá Anh, Thùy Dung, Đinh Y Nhung",,,,,,"83 phút/tập (phần 1), 45 phút/tập (phần 2)",,,,,"17 tháng 2 năm 2002 - 16 tháng 6 năm 2002 (phần 1), 24 tháng 2 năm 2016 - 29 tháng 6 năm 2016 (phần 2)","18 (phần 1), 36 (phần 2)",,,,,Những ngọn nến trong đêm,Phim truyền hình,,,"Trung tâm Phim truyền hình Việt Nam, Đài Truyền hình Việt Nam, Tincom Media (phần 2)",VTV3,,,,,,,,,,,,,,,,,,,,Pink,,,,,Khúc hát mặt trời,"Zippo, mù tạt và em",,,,,,,,,,,,,,,,,,,,,,,,,,,,,,,,,,,,,,,,,,,,,,,,,,,,,,,,,,,,,,,,,,,,,,,,,,,,,,,,,,,,,,,,,,,,,,
Tiệm ăn của quỷ,film,,,,,,,,,,,,,,,,,,,,,,,,,,,,,,,,,,,,,Trần Hàm,,,,,,,,,,,,Tiếng Việt,,,,,,,,,,,,,,,,,,,"chính kịch, kinh dị, truyền hình",,,,,,,,,"Tô Hoài Nam, Trần Hàm , Nguyễn Mai Nhật Ánh",,Việt Nam,,,,,,,,,,,,,,,,,Tiệm ăn của quỷ,Devil's Diner.jpg,Áp phích phim tại Việt Nam,"Mai Hoài Nguyễn Tuấn Anh , Ly Đỗ , Huỳnh Thanh Thanh , Nguyễn Thị Mỹ Trang",,"Lê Quốc Nam , Kiều Trinh , Lê Huỳnh , Trần Hiếu , Ba Tây , Võ Tấn Phát , Ma Ran Đô , Sỹ Toàn , Võ Điền Gia Huy , Lan Thy",Bruno Brugnano,,,,,52 phút/tập,,,,Netflix,"2025, 1, 26",,,,,,,,,6 (phần 1),"A Zero House , East Films , Kontribute",,,,,,,,,,,,,,,,,,,,,,,,,,,,,,,,,,,,4K (Ultra HD),,,,,,,,,,,,,,,,,,,,,,,,,,,,1,,,,,,,,,,,,,,,,,,,,,,,,,,,,,,,,,,,,,,,,,,,,,,,,,,,,,,,,,
Mười: Lời nguyền trở lại,film,,,,,,,,,,,,,,,,,,,,,,,,,,,,,,,,,,,,,Hằng Trịnh,,Oscar Dương,,,,,,,,,,Tiếng Việt,,,2022,9,30,Việt Nam,,,,,,,,,,,,,"chính kịch, điện ảnh, kinh dị",,,,,,,,,,"Silver Moonlight Entertainment , ProductionQ - Creative House",Việt Nam,,,,,,,,,,,,,,,,,Mười: Lời nguyền trở lại,Poster phim Muoi loi nguyen tro lai 2022.jpg,Áp phích tại Việt Nam,,,* Chi Pu * Rima Thanh Vy * Hồng Ánh * Bình Minh * Anh Thư,,,,,"2022, 9, 30, Việt Nam",95 phút,,,,,,,,,,,,,,,,,,,,,,,,,,,,,,,,,,,,,,,,,,,,,,,,,,,,,,,,Mười (phim),,,,,,,,,,,,,,,,,,,,,,,,,,,,,,,,,,,,,,,,,,,,,,,,,,,,,,,,,,,,,,,,,,,,,,,,,,,,,,,,
Những chiếc lá thời gian,film,,,,,,,,,,,,,,,,,,,,,,,,,,,,,,,,,,,Những chiếc lá thời gian,,"Lê Cung Bắc, Bùi Quang Đạt","Sâm Thương, Xuân Đào","Châu Thổ, Bùi Quang Đạt",,* Quang Dũng * Việt Trinh * Diệp Lang * Thanh Nguyệt * Jennifer Phạm * Hà Xuyên,Bảo Phúc,Trương Minh Chiến *Đỗ Lệnh Dũng *Emory Kristof,,Hãng Senafilm,"Green Lake Production LLC ((tại Hoa Kỳ)), Đài Truyền hình Bình Dương",tháng 3 năm 2007,120 phút,Tiếng Việt,,,,,,,,,,,,,,,,,,,truyền hình,,,,,,,,,,,,,,,,,,,,,,,,,,,,,,,,,,,,,,,,,,,,,,,,,,,,,,,,,,,,,,,,,,,,,,,,,,,,,,,,,,200px,,,,,,,,,,,,,,,,,,,,,,,,,,,,,,,,,,,,,,,,,,,,,,,,,,,,,,,,,,,,,,,,,,,,,,,,,,,,,,,,,,,,,,,,,,,,,
Lời sám hối,film,,,,,,,,,,,,,,,,,,,,,,,,,,,,,,,,,,,,,Bùi Ngọc Nam Phương,,,,,,,,,,,,tiếng Việt,,,,,,,,,,,,,,,,,,,truyền hình,,,,,,,,,,,Việt Nam,,,,,,,,,,,,,,,,,,,,,Bùi Ngọc Nam Phương,"Nhật Kim Anh, Quỳnh Lam, Lý Hùng, Võ Hiệp, Thủy Cúc, Kiều Trinh, Bích Trâm, Hoàng Anh",,,,,,45 phút/tập (không bao gồm quảng cáo),,,,THVL1,1 tháng 10 năm 2014,,,,,,Lời sám hối,Phim truyền hình,,44,Đài Phát thanh - Truyền hình Vĩnh Long,,,19 tháng 11 năm 2014,,,,,,,,,,,,,,,,,,,,,"""Muộn Màng""","""Thà Người Đừng Hứa""",,,,,,,,,,,,,,,,Thế lực ngầm,Bóng giang hồ,,,,,,,,,,,,,,,blue,,,,,,,,,,,,,,,,,,,,,,,,,,,,,,,,,,,,,,,,,,,,,,,,,,,,,,,,,,,,,,,,
Độc thân tuổi 30,film,,,,,,,,,,,,,,,,,,,,,,,,,,,,,,,,,,,,,Xuân Cường,,,,,,,,,,,,Tiếng Việt,,,,,,,,,,,,,,,,,,,truyền hình,,,,,,,,,,,Việt Nam,,,,,,,,,,,,,,,,,,,,,Nắng Sài Gòn,"Lê Khánh, Quý Bình, Nhật Kim Anh",,,,,,45 phút/tập (không bao gồm quảng cáo),,,,,10 tháng 9 năm 2014,,,,,,Độc thân tuổi 30,Phim truyền hình,,30,"Hãng phim Tâm Điểm, IMC",TodayTV,,21 tháng 10 năm 2014,,,,,,,,,,,,,,,,,,Pink,,,,,,,,,,,,,,,,,,,,,,,,,,,,,,,,,,,,,,,,,,,,,,,,,,,,,,,,,,,,,,,,,,,,,,,,,,,,,,,,,,,,,,,,,,,,,,,,,,,,
Lưới trời (phim 2020),film,,,,,,,,,,,,,,,,,,,,,,,,,,,,,,,,,,,,,Nguyễn Phương Điền,,,,,,,,,,,,tiếng Việt,,,,,,,,,,,,,,,,,,,truyền hình,,,,,,,,,,,Việt Nam,,,,,,,,,,,,,,,,,,,,Mia's Wings Entertainment,Nguyễn Thị Mộng Thu,"Nhật Kim Anh, Trung Dũng, Thân Thúy Hà, Khương Thịnh, Bích Ngọc, Thanh Duy, Lê Hạ Anh, Tim, Vũ Ngọc Ánh",,Nguyễn Thanh Phúc,,,,25 phút/tập (không bao gồm quảng cáo),,,,,4 tháng 10 năm 2021,,,,,,Lưới trời,Phim truyền hình,,109,Đài Phát thanh - Truyền hình Vĩnh Long,"THVL1 , Netflix",,31 tháng 10 năm 2022,,,,,,,,,,,,,,,Lê Nguyên Hưng,,,,,,,,,Bí mật nghiệt ngã,,,,,,,,,,,,,,,,,,,,,,,,,,,,,,,,,,,,,,,,,,,,,,,,,,,,,,,,,,,,,,,,,,,,,,,,,,,,,,Nguyễn Thanh Phúc,Nguyễn Thanh Phúc,,,,,,,,,,,,,,,
Làm rể Mười Xuân,film,,,,,,,,,,,,,,,,,,,,,,,,,,,,,,,,,,,,,Võ Đình Nhật Tân,,,,,,,,,,,,tiếng Việt,,,,,,,,,,,,,,,,,,,truyền hình,,,,,,,,,,,Việt Nam,,,,,,,,,,,,,,,,,,,,,Điền Quân,"Thanh Nam, Tường Vi, Lê Minh Thành, Tuyền Mập, Lê Nam, Khánh Ngô, Huỳnh Nhu",,,,,,70 - 75 phút/tập (không bao gồm quảng cáo),,,,,22 tháng 1 năm 2020,,,,,,Làm rể Mười Xuân,Phim truyền hình,,16,Điền Quân Media & Entertainment,"HTV7, TodayTV",,20 tháng 3 năm 2020,,,,,,,,,,,,,,,,,,,,,,,,,,,,,,,,,,,,,,,,,,,,,,,,,,,,,,,,,,,,,,,,,,,,,,,,,,,,,,,,,,,,,,,,,,,,,,,,,,,,,,,,,,,,,,,,,,,,,,
Sui gia hay xui gia,film,,,,,,,,,,,,,,,,,,,,,,,,,,,,,,,,,,,,,Nhật Trung,,,,,,,,,,,,tiếng Việt,,,,,,,,,,,,,,,,,,,truyền hình,,,,,,,,,,,Việt Nam,,,,,,,,,,,,,,,,,,,,,Điền Quân,"NSND Thanh Nam, Đào Anh Tuấn, Phước Sang, Bích Hằng, Long Đẹp Trai, Anh Tài, Thúy Diễm, Gin Tuấn Kiệt, PT Ngọc Diệp",,,,,,30 - 40 phút/tập (không bao gồm quảng cáo),,,,,14 tháng 3 năm 2022,,,,,,Sui gia hay xui gia,Phim truyền hình,,31,Điền Quân Media & Entertainment,HTV7,,5 tháng 5 năm 2022,,,,,,,,,,,,,,,,,,,,,,,,,,,,,,,,,,,,,,,,,,,,,,,,,,,,,,,,,,,,,,,,,,,,,,,,,,,,,,,,,,,,,,,,,,,,,,,,,,,,,,,,,,,,,,,,,,,,,,
Vũ khúc ánh trăng,film,,,,,,,,,,,,,,,,,,,,,,,,,,,,,,,,,,,Vũ khúc ánh trăng,,Đặng Thái Huyền,Nguyễn Văn Vang,Nguyễn Thu Dung,,* Minh Phụng * Thu Hường * Thúy Diễm,Trịnh Ngọc Tân,Lâm Thành Ngọc,"Đặng Hoàng Anh, Vũ Thu Hương",Điện ảnh Quân đội nhân dân,Điện ảnh Quân đội nhân dân,năm 2011,85 phút,Tiếng Việt,,,,,,,,,,,,,,,,,,,điện ảnh,,,,,,,,,,,Việt Nam,,,,,,,,,,,,,,,,,,,,,,,,,,,,,,,,,,,,,,,,,,,,,,,,,,,,,,,,,,,,,,,,,,,,,,,,,,,,,,,,,,,,,,,,,,,,,,,,,,,,,,,,,,,,,,,,,,,,,,,,,,,,,,,,,,,,,,,,,,,,,,,,,,,,,,,,,,,,,,,,,,,,
Chuyện ngày xưa,film,,,,,,,,,,,,,,,,,,,,,,,,,,,,,,,,,,,,,Nguyễn Hùng Lâm,,,,,,,,,,,,Tiếng Việt,,,,,,,,,,,,,,,,,,,,,,,,,,,,,,Việt Nam,,,,,,,,,,,,,,,,,,,,,,"Thành Lộc, Bạch Long, Thanh Thủy, Hoàng Trinh, Đình Toàn",,,,,,,,,,HTV,,,,,,,''Chuyện ngày xưa'',"Cổ tích, Kịch, Thiếu nhi",,68,Sân khấu kịch Idecaf,,,,,,,,,,,,,,,,,,Nguyễn Hùng Lâm,,Sân khấu kịch Idecaf,,,,,,,,,,,,,,,,,,,,,,,,,,,,,,,,,,,,,,,,,,,,,,,,,,,,,,,,,Ngày xửa... ngày xưa,,,,,,,,,,,,,,,,,,,,,,,,,,https://www.youtube.com/@nhahatkichidecaf,,,,,,,,,,,,,,,,,,
Ký ức vui vẻ,film,,,,,,,,,,,,,,,,,,,,,,,,,,,,,,,,,,,,,,,,,,,,,,,,,Tiếng Việt,,,,,,,,,,,,,,,,,,,,,,,,,,,,,,Việt Nam,,,,,,,,,,,,,,,,,,140px,Logo của ''Ký ức vui vẻ'',Lữ Thị Thùy Vân,,,,,,,,65 - 140 phút,,,,VTV3,xem danh sách lịch phát sóng các mùa của chương trình ''Ký ức vui vẻ'',,,,,,Ký ức vui vẻ,,,71,"Đông Tây Promotion, Đài Truyền hình Việt Nam",,Việt Nam,,,,,,,,,,,,,,Lữ Thị Thùy Vân,4,,,,,John Park,,,,,,,,,,,,,,1080p (HDTV),,,,,,,,,Triệu Thế Hiệp,,,,,,,,,,,,,,,,,,,,,,,,,,"Lại Văn Sâm (Mùa 1 - Mùa 3) , Thảo Vân (Mùa 4)",,,Dolby Digital 5.1,,,,,,,,,,,Nguyễn Hữu Chiến Thắng,,,,,,,,,,,,,,,,,,,,,,,,,,,,,,,,,,,,
Đợi tàu,film,,,,,,,,,,,,,,,,,,,,,,,,,,,,,,,,,,,,,Trương Dũng,,,,,,,,,,,,tiếng Việt,,,,,,,,,,,,,,,,,,,"điện ảnh, truyền hình",,,,,,,,,Phan Thị Diệu Thủy,,Việt Nam,,,,,,,,,,,,,,,,,,,,,,"Kim Khánh, Lê Trung Cương, Lê Bình, Nguyễn Hậu",,,,,,84 phút,,,,,1998,,,,,,Đợi tàu,Điện ảnh truyền hình,,1,"Hãng phim Truyền hình Thành phố Hồ Chí Minh, Đài Truyền hình Thành phố Hồ Chí Minh",HTV9,Việt Nam,,,,,,,,,,,,,,,,,,,Pink,,Bảo Phúc,,,,,,,,,,,,,PAL,''Đợi tàu'' của nhà văn Phan Thị Diệu Thủy,,,,,,,,,,,,,,,,,,,,,,,,,,,,,,,,,,,,,,,,,,,,,,,,,,,,,,,,,,,,,,,,,,,,,,,,,,,,,,,,,,,,
Cha con ông Mắt Mèo,film,,,,,,,,,,,,,,,,,,,,,,,,,,,,,,,,,,,Cha con ông Mắt Mèo,,Lâm Lê Dũng,,,,Lê Bình,,,,Hãng phim Giải Phóng,,1998,,Tiếng Việt,,,,,,,,,,,,,,,,,,,,,,,,,,,,Cao Thụy,,Việt Nam,,,,,,,,,,,,,,,,,,,,,,,,,,,,,,,,,,,,,,,,,,,,,,,,,,,,,,,,,,,,,,,,,,,,,,,,,,,,,,,,,,,,,,,,,,,,,,,,,,,,,,,,,,,,,,,,,,,,,,,,,,,,,,,,,,,,,,,,,,,,,,,,,,,,,,,,,,,,,,,,,,,,
Cầu thang tối,film,,,,,,,,,,,,,,,,,,,,,,,,,,,,,,,,,,,Cầu thang tối,,Đào Bá Sơn,Nguyễn Việt Hùng,Võ Phi Hùng,,"Hồng Ánh, Phương Điền, Kim Tính, Trọng Hải",Bảo Chấn,Bùi Vi Nghi,"Thu Hương, Tích Lan, Đức Long",TFS,,1998,,Tiếng Việt,,,,,,,,,,,,,,,,,,,"điện ảnh, truyền hình",,,,,,,,,,,Việt Nam,,,,,,,,,,,,,,,,,,,,,,,,,,,,,,,,,,,,,,,,,,,,,,,,,,,,,,,,,,,,,,,,,,,,,,,,,,,,,,,,,,,,,,,,,,,,,,,,,,,,,,,,,,,,,,,,,,,,,,,,,,,,,,,,,,,,,,,,,,,,,,,,,,,,,,,,,,,,,,,,,,,,
Cây Huê xà,film,,,,,,,,,,,,,,,,,,,,,,,,,,,,,,,,,,,,,Xuân Cường,,,,,,,,,,,,tiếng Việt,,,,,,,,,,,,,,,,,,,"chính kịch, điện ảnh, truyền hình",,,,,,,,,,,Việt Nam,,,,,,,,,,,,,,,,,Cây huê xà,,,,Phạm Thùy Nhân,* Hứa Vĩ Văn * Nguyệt Nhi * Tường Vân * Tiết Cương * Lê Bình * Thương Tín,Nguyễn Nhất Huy,Nguyễn Hoàng,,Đài Truyền hình Việt Nam,,,,,,VTV3,5 tháng 10 năm 2002,,,,,,,,"""Cây huê xà"" của Sơn Nam",2,"Hãng phim Giải Phóng, Saigon Film",,,,,,,,,,,,,,,,,1,Huỳnh Nhân Sỹ,,"Bình Hòa Phước, huyện Long Hồ, tỉnh Vĩnh Long",,,,,,,,,,,,,,,,,,,,,,,,,,,,,,,,Lý Huỳnh Long,,,,Lưu luyến tình quê – Đông Đào & Lâm Vũ,,,,,,,,,,,,,,,,,,,,,,,,,,,,,,,,,,,,,,,,,,,,,,,,,,,,,,,,,,,,,,,,,
Hải Âu,film,,,,,,,,,,,,,,,,,,,,,,,,,,,,,,,,,,,Hải Âu,,Lê Bảo Trung,Nguyễn Việt Hùng,Ngô Hoàng Giang,,"Nguyễn Phi Hùng, Kim Hương",Lê Quang,Phạm Việt Phước,Anh Tùng,Hãng phim Truyền hình Thành phố Hồ Chí Minh,Công ty Điện ảnh Thành phố Hồ Chí Minh,28 tháng 4 năm 2004,90 phút,Tiếng Việt,,,,,,,,,,,,,,,,,,,truyền hình,,,,,,,,,,,Việt Nam,,,,,,,,,,,,,,,,,,,,,,,,,,,,,,,,,,,,,,,,,,,,,,,,,,,,,,,,,,,,,,,,,,,,,,,,,,,,,,,,,,,,,,,,,,,,,,,,,,,,,,,,,,,,,,,,,,,,,,,,,,,,,,,,,,,,,,,,,,,,,,,,,,,,,,,,,,,,,,,,,,,,
Mỹ nhân Sài thành,film,,,,,,,,,,,,,,,,,,,,,,,,,,,,,,,,,,,Mỹ nhân Sài Thành,,Lê Cung Bắc,,,,"Dương Mỹ Linh, Khánh My, Ngân Khánh, Lê Bình, Thương Tín, Lý Hùng, Huỳnh Đông, Khánh Huyền, Mai Sơn Lâm",,,,,,,45 phút/tập (có quảng cáo),tiếng Việt,,,,,,,,,,,,,,,,,,,truyền hình,,,,,,,,,Đinh Thiên Phúc,,Việt Nam,,,,,,,,,,,,,,,,,,,,,,,,,,,,,,Phim truyền hình,"Đài Truyền hình Việt Nam, Cát Tiên Sa","VTV1, VTV3, VTV6, VTV9",,,,,7 tháng 5 năm 2018,28 tháng 8 năm 2018,,,,49,,,,,,,,,,,,,,,,,,,,,,,,,,,,,,,,,,,,,,,,,,Đánh tráo số phận,Trang trại hoa hồng,,,,,,,,,,,,,,,,,,,,,HD 1080i,,,,,,,,,,,,,,,,,,,,,,,,,,,,,,,,,,,,,,,,,,,,,,,,,,,,,,,,,,
Hai người vợ,film,,,,,,,,,,,,,,,,,,,,,,,,,,,,,,,,,,,Hai người vợ,,Võ Việt Hùng,,,,"Ngọc Lan, Thanh Duy, Quỳnh Lam, Hoàng Trinh",,,,,,,45/phút tập (không bao gồm quảng cáo),tiếng Việt,,,,,,,,,,,,,,,,,,,truyền hình,,,,,,,,,Hạ Thu,,Việt Nam,,,,,,,,,,,,,,,,,,,,,,,,,,,,,,Phim truyền hình,M&T Pictures,,,31,,THVL1,2 tháng 1 năm 2016,6 tháng 2 năm 2016,,,,,,,,,,,,,,''Chữ Trinh'' của tác giả Hạ Thu,,,,,,,,,,,,,,,,,,,,,,,,,,,,,,,,Kẻ thù giấu mặt,Trọn nghĩa thủy chung,,,,,,,,,,,Nguyễn Thị Bích Hoàn,,,,,,,,,,,,,Nguyễn Thị Trúc Mai,,,,,,,,,,,,,,,,,,,,,,,,,,,,,,,,,,,,,,,,,,,,,,,,,,,,,,,
Lời nguyền (phim truyền hình),film,,,,,,,,,,,,,,,,,,,,,,,,,,,,,,,,,,,,,Nguyễn Xuân Hiệp,,,,,,,,,,,45 phút/tập (không bao gồm quảng cáo),tiếng Việt,,,,,,,,,,,,,,,,,,,truyền hình,,,,,,,,,,,Việt Nam,,,,,,,,,,,,,,,,,Lời nguyền,,,,Nguyễn Xuân Hiệp,"Quỳnh Lam, Lê Mạnh Phương, Bảo Anh, Mã Trung, Hoài An, Thủy Cúc, Lê Vinh, Huỳnh Điệp Kiều Ngân",,,,,,,,,,THVL1,9 tháng 11 năm 2016,,,,,,,,tiểu thuyết cùng tên của nhà văn Văn Mỹ Lan,30,Hãng phim Cửu Long,,,13 tháng 12 năm 2016,,,,,,,,,,,,,,,"Phan Hoàng, Nguyễn Thị Thanh Việt",,,,,,,,,,,,,,,,,,,,,,,Dòng nhớ,Song sinh bí ẩn,,,,,,,,,,,,,,,,,,,,,,,,,,,,,,,,,,,,,,,,,,,,,,,,,,,,,,,,,,,,,,,,,,,,,,,,,,,,,,,
Vượt qua thử thách,film,,,,,,,,,,,,,,,,,,,,,,,,,,,,,,,,,,,,,,,,,,,,,,,,,,,,,,,,,,,,,,,,,,,,,,,,,,,,,,,Việt Nam,,,,,,,,,,,,,,,,,,,,,,,,,,,,60 phút (bao gồm quảng cáo),,,,HanoiTV1,2 tháng 5 năm 2004,,,,,,Vượt qua thử thách,Trò chơi truyền hình,,,"Đài Phát thanh – Truyền hình Hà Nội, Vietba Media",,,27 tháng 4 năm 2009,,,,,,,,,,,,,,,,,,,,,,,,,,,,,,,,,4:3 SDTV,,,,,,,,,,,,,,,,,,,,,,,,,,,,,,,,,,,"Quang Vinh, Thu Hương, Long Hoàng, Trần Lập, Hạnh Dung",,,,,,,,,,,,,,,,,,,,,,,,,,,,,,,,,,,,,,,,,,,,,,,,,,
Sóng tình,film,,,,,,,,,,,,,,,,,,,,,,,,,,,,,,,,,,,,,"Đinh Xuân Hòa, Yu Yong Shin, Trần Phong",,,,,,,,,,,,Tiếng Việt,,,,,,,,,,,,,,,,,,,"tâm lý, tình cảm, xã hội",,,,,,,,,,,"Việt Nam Cộng hòa, Đài Loan",,,,,,,,,,,,,,,,,,Sóng tình.jpg,,Phùng Tư Thành,Nguyễn Đình Thiều (tiểu thuyết),,,Vĩnh Hiên,,,,90 phút,,,,,1972,,,,,,Sóng tình,Phim màu,,,"Việt Nam Films, Tinh Hoa Films, Asia Films",,"Việt Nam Cộng hòa, Đài Loan, Thái Lan",,,,,,,,,,,,,,,,,,Sài Gòn,Yellow,,,,,,,,,,,,,,"Nguyễn Văn Nghệ, Hoàng Văn Mai",,,,,,,,,,,,,,,,,Nguyễn Thanh Vũ,,,,,,,,,,,,,,,,,,,,,,,,,,,,,,,,,,,,,,,,,,,"Ngọc Trai, Ánh Việt, Lý Cát Bái",,,,,,,,,,,,,,,,,,,,,,,,,,
Kế hoạch hoàn hảo,film,,,,,,,,,,,,,,,,,,,,,,,,,,,,,,,,,,,,,Võ Việt Hùng,,,,,,,,,,,,tiếng Việt,,,,,,,,,,,,,,,,,,,truyền hình,,,,,,,,,,,Việt Nam,,,,,,,,,,,,,,,,,,,,,"Nhã Huy, Lê Thu Hồng, Trần Thanh Lân","Lê Hạ Anh, Thanh Duy, Tuyết Thu, Trung Dũng, Thanh Bình, Huỳnh Trường Thịnh",,,,,,50 phút/tập (không bao gồm quảng cáo),,,,,20 tháng 9 năm 2023,,,,,,Kế hoạch hoàn hảo,Phim truyền hình,,52,M&T Pictures,THVL1,,18 tháng 11 năm 2023,,,,,,,,,,,,,,,,,,,,,,,Có hẹn với yêu thương,Đánh cắp số phận,,,,,,,,,,,,,,,,,,,,,,,,,,,,,,,,,,,,,,,,,,,,,,,,,,,,,,,,,,,,,,,,,,,,,,,,,,,,,,,,,,,,,,,,,,,,,,
Kiếp phù du,film,,,,,,,,,,,,,,,,,,,,,,,,,,,,,,,,,,,,,Hải Ninh,,,,,,,,,,,,Tiếng Việt,,,,,,,,,,,,,,,,,,,điện ảnh,,,,,,,,,,,Việt Nam,,,,,,,,,,,,,,,,,,222px,,,"Hải Ninh, Trần Quốc Huấn",,,Trần Trung Nhàn,,Hãng phim Phương Nam,,90 phút,,,,,1990,,,,,,Kiếp phù du,,,,Hãng phim truyện Việt Nam,,Việt Nam,,,,,,,,,,,,,,,,,Hải Ninh,Hà Nội,Wheat,Trần Quang Chính,Đỗ Hồng Quân,,,''Đêm hội Long Trì'' (1989),,,,,,,,,"Trần Trung Nhàn, Trần Hữu Hiếu, Nguyễn Văn Hợp",,,,,,,,,,,,,,,,,,,,,,,,,,,,,,,,,,,,,,,,,,,,,,,,,,,,,,,,,,,,,,,,,,,,,,,,,,,,,,,,,,,,,,
Ghen (phim),film,,,,,,,,,,,,,,,,,,,,,,,,,,,,,,,,,,,,,Phạm Thanh Phong,,,,,,,,,,,,tiếng Việt,,,,,,,,,,,,,,,,,,,"điện ảnh, truyền hình",,,,,,,,,,,Việt Nam,,,,,,,,,,,,,,,,,,,,,Phạm Thanh Phong,,,,,,,90 phút,,,,,1998,,,,,,Ghen,Phim truyền hình,truyện ngắn cùng tên của Khánh Hoài,,"Trung tâm Phim truyền hình Việt Nam, Đài truyền hình Việt Nam",VTV1,,,,,,,,,,,,,,,,,,,,Orchid,,Phạm Ngọc Khôi,,,,,,,,,,,,,,,,,,,,,,,,,,,,,,,,,,,,,,,,,,,,,,,,,,,,,,,,,,,,,,,,,,,,,,,,,,,,,,,,,,,,,,,,,,,,,,,,,,
Cửa hàng Lopa,film,,,,,,,,,,,,,,,,,,,,,,,,,,,,,,,,,,,,,Phạm Thanh Phong,,,,,,,,,,,,tiếng Việt,,,,,,,,,,,,,,,,,,,"điện ảnh, truyền hình",,,,,,,,,,,Việt Nam,,,,,,,,,,,,,,,,,,,,,"Phạm Thanh Phong, Lê Tuấn Phong","Quốc Khánh, Chí Trung",,,,,,80 phút,,,,,1998,,,,,,Cửa hàng Lopa,Phim truyền hình,,,"Hãng phim Truyền hình Việt Nam, Đài truyền hình Việt Nam",VTV1,,,,,,,,,,,,,,,,,,,,Red,,,,,,,,,,,,,,,,,,,,,,,,,,,,,,,,,,,,,,,,,,,,,,,,,,,,,,,,,,,,,,,,,,,,,,,,,,,,,,,,,,,,,,,,,,,,,,,,,,,,
Tết này ai đến xông nhà,film,,,,,,,,,,,,,,,,,,,,,,,,,,,,,,,,,,,Tết này ai đến xông nhà,,Trần Lực,Dương Đăng Hinh,Lê Ngọc Minh,,Quốc Khánh *Trần Hoàng Xuân *Trịnh Thịnh *Chí Trung,Ngọc Châu,Lý Thái Dũng,Việt Nga,"Hãng Phim truyện Việt Nam, Hãng phim Đông A","FAFILM Việt Nam, Hãng Phim truyện Việt Nam","4 tháng 2 năm 2002 (Hà Nội), 9 tháng 2 năm 2002 (Tp.HCM)",88 phút,Tiếng Việt,,550 triệu VNĐ,,,,,,,,,,,,,,,,,hài,,,,,,,,,,,,,,,,,,,,,,,,,,,,,,,,,,,,,,,,,,,,,,,,,,,,,,,,,,,,,,,,,,,,,,,,,,,,,,,,,,,,,,,,,,,,,,,,,,,,,,,,,,,,,,,,,,,,,,,,,,,,,,,,,,,,,,,,,,,,,,,,,,,,,,,,,,,,,,,,,,,,,,,,,,,,,,,
Lục Vân Tiên (phim truyền hình),film,,,,,,,,,,,,,,,,,,,,,,,,,,,,,,,,,,,,,"Đỗ Phú Hải, Lê Bảo Trung, Nguyễn Phương Điền",,,,,,,,,,,,tiếng Việt,,,,,,,,,,,,,,,,,,,truyền hình,,,,,,,,,,,Việt Nam,,,,,,,,,,,,,,,,,,,,,"Dương Linh, Hoàng Tích Chỉ","Hồng Ánh, Chi Bảo, Trương Ngọc Ánh, Cao Minh Đạt, Mỹ Uyên, Nguyên Vũ, Quyền Linh, Phước Sang, Kim Thư, Thân Thúy Hà",,,,,,60 phút/tập (không bao gồm quảng cáo),,,,,2004,,,,,,Lục Vân Tiên,Phim truyền hình,truyện thơ cùng tên của Nguyễn Đình Chiểu,14,"Hãng phim Truyền hình Thành phố Hồ Chí Minh, Đài Truyền hình Thành phố Hồ Chí Minh",HTV7,,,,,,,,,,,,,,,,,,,,,,,,,,,,,,,,,,,,,,,,,,,,,,,,,,,,,,,,,,,,,,,,,,,,,,,,,,,,,,,,,,,,,,,,,,,,,,,,,,,,,,,,,,,,,,,,,,,,,,,,
Bồ công anh trước gió,film,,,,,,,,,,,,,,,,,,,,,,,,,,,,,,,,,,,,,Quách Khoa Nam,,,,,,,,,,,,tiếng Việt,,,,,,,,,,,,,,,,,,,truyền hình,,,,,,,,,,,Việt Nam,,,,,,,,,,,,,,,,,,,,,Vũ Thị Thanh Hương,"Vũ Ngọc Ánh, Thanh Bình, Đàm Phương Linh, Huỳnh Lam Anh, Nguyễn Quốc Trường Thịnh",,,,,,45 phút/tập (không bao gồm quảng cáo),,,,,2 tháng 5 năm 2021,,,,,,Bồ công anh trước gió,Phim truyền hình,,33,Công ty cổ phần Chào Việt Nam,SCTV14,,3 tháng 6 năm 2021,,,,,,,,,,,,,,,,,,,,,,,Anh yêu mẹ đơn thân,Dương thế bao la sầu,,,,,,,,,,,,,,,,,,,,,,,,,,,,,,,,,,,,,,,,,,,,,,,,,,,,,,,,,,,,,,,,,,,,,,,,,,,,,,,,,,,,,,,,,,,,,,
Xuân ấm tình người,film,,,,,,,,,,,,,,,,,,,,,,,,,,,,,,,,,,,,,Quách Khoa Nam,,,,,,,,,,,,tiếng Việt,,,,,,,,,,,,,,,,,,,truyền hình,,,,,,,,,,,Việt Nam,,,,,,,,,,,,,,,,,,,,,Phượng Vỹ,"Mai Huỳnh, Phương Bình, Mai Dũng, Quách Khoa Nam, Lê Trang, Ngọc Xuyên, Dũng Nhí, Quang Thái, Tăng Huỳnh Như",,,,,,45 phút/tập (không bao gồm quảng cáo),,,,,21 tháng 1 năm 2022,,,,,,Xuân ấm tình người,Phim truyền hình,,7,Công ty MIA,THVL1,,28 tháng 1 năm 2022,,,,,,,,,,,,,,,,,,,,,,,Nghiệp sinh tử (phần 3),Tình thắm duyên xuân,,,,,,,,,,,,,,,,,,,,,,,,,,,,,,,,,,,,,,,,,,,,,,,,,,,,,,,,,,,,,,,,,,,,,,,,,,,,,,,,,,,,,,,,,,,,,,
Tình yêu dối lừa,film,,,,,,,,,,,,,,,,,,,,,,,,,,,,,,,,,,,,,Trần Ngọc Phong,,,,,,,,,,,,tiếng Việt,,,,,,,,,,,,,,,,,,,truyền hình,,,,,,,,,,,Việt Nam,,,,,,,,,,,,,,,,,,,,,Nguyễn Mỹ Hà,"Anh Tài, Bích Ngọc, Nguyễn Quốc Trường Thịnh, Đàm Phương Linh",,,,,,45 phút/tập (không bao gồm quảng cáo),,,,,14 tháng 2 năm 2023,,,,,,Tình yêu dối lừa,Phim truyền hình,,44,M&T Pictures,THVL1,,5 tháng 4 năm 2023,,,,,,,,,,,,,,,,,,,,,,,Ăn tết miệt vườn,Thử thách cuộc đời,,,,,,,,,,,,,,,,,,,,,,,,,,,,,,,,,,,,,,,,,,,,,,,,,,,,,,,,,,,,,,,,,,,,,,,,,,,,,,,,,,,,,,,,,,,,,,
Bụi đời chợ quê,film,,,,,,,,,,,,,,,,,,,,,,,,,,,,,,,,,,,,,Ngụy Minh Khang,,,,,,,,,,,,Tiếng Việt,,,,,,,,,,,,,,,,,,,,,,,,,,,,,,Việt Nam,,,,,,,,,,,,,,,,,Bụi đời chợ quê,,,,Ngụy Minh Khang,* Hứa Minh Đạt * Nguyễn Quốc Trường Thịnh * Ái Vân * Thạch Kim Long * Y Nhu * Tuấn Voi * Mộc Giàu * Khắc Báo * Jackie Tom * Đại Bảo Bảo * Ba Tây * Đức SVM * Triệu An * Khả Luân * Hồng Vân * Hồ Nhi * Quỳnh Lâm,,,,,,99 phút,,,,Shine TV,15 tháng 7 năm 2022,,,,,,,,,4,Công ty cổ phần giải trí và truyền thông Tỏa Sáng,,,19 tháng 8 năm 2022,,,,,,,,,,,,,,,Liam Nguyễn,"Ngụy Minh Khang, Aimi, Thanh Nga",,,,,,,,,,,,,,,,,,,,,,,,,,,,,,,,,,,,,,,,,,,,,,,,,,,,,,,,,,,,,,,,,,,,,,,,,,,,,,,,,,,,,,,,,,,,,,,,,,,,,,
Ám ảnh xanh,film,,,,,,,,,,,,,,,,,,,,,,,,,,,,,,,,,,,,,*Châu Huế *Vũ Đình Thân (Phó đạo diễn),,,,,,,,,,,,tiếng Việt,5-7 tỉ,,,,,,,,,,,,,,,,,,truyền hình,,,,,,,,,,,,,,,,,,,,,,,,,,,,,,,,,* *Thu Hương *Quốc Anh *Kiến An *Thái Bảo *Tuấn Khang *Thu Hằng *Lê Hồng Sơn,,,,,,40 phút,,,,VTV1,8 tháng 3 năm 2010,,,,,,,,''Ám ảnh xanh'' (kịch),36,Hãng phim truyện Việt Nam,,,15 tháng 6 năm 2010,,,,,,,,,,,,,,,,,"Thành phố Hồ Chí Minh, Hà Nội, Mũi Né, Vũng Tàu",,,,,,,,,,,,,,,,,,,,,Đại gia đình,Cuồng phong,,,,,,,,,,,,,,Tình người như dòng sông,,,,,,,,,,,,,,,,,,,,,Ba lần và một lần,,,,,,,,,,,,,,,,,,,,,,,,,,,,,,,,,,,,,,,,,,,,
Đôi mắt của trái tim,film,,,,,,,,,,,,,,,,,,,,,,,,,,,,,,,,,,,,,Đỗ Phú Hải,,,,,,,,,,,,tiếng Việt,,,,,,,,,,,,,,,,,,,truyền hình,,,,,,,,,,,Việt Nam,,,,,,,,,,,,,,,,,,Đôi mắt của trái tim.jpeg,,,Phan Ngọc Diễm Hân,"Kim Tuyến, Thành Được, Lê Phương, Cao Minh Đạt, Diễm My, NSƯT Thanh Hoàng",,,,,,45 phút/tập (không bao gồm quảng cáo),,,,,3 tháng 6 năm 2014,,,,,,Đôi mắt của trái tim,Phim truyền hình,,40,"Hãng phim Midi, IMC",TodayTV,,29 tháng 7 năm 2014,,,,,,,,,,,,,,,,,,Pink,,,,,,,,,,,,,,,,,,,,,,,,,,,,,,,,,,,,,,,,,,,,,,,,,,,,,,,,,,,,,,,,,,,,,,,,,,,,,,,,,,,,,,,,,,,,,,,,,,,,
Những ông bố độc thân,film,,,,,,,,,,,,,,,,,,,,,,,,,,,,,,,,,,,,,NSƯT Nguyễn Thanh Vân,,,,,,,,,,,,tiếng Việt,,,,,,,,,,,,,,,,,,,truyền hình,,,,,,,,,,,Việt Nam,,,,,,,,,,,,,,,,,,,,,Thanh Hương,"Hoàng Phúc, Quốc Cường, Đoàn Thanh Tài, Ngọc Tưởng",,,,,,45 phút/tập (không bao gồm quảng cáo),,,,,21 tháng 8 năm 2010,,,,,,Những ông bố độc thân,Phim truyền hình,,30,M&T Pictures,HTV9,,29 tháng 10 năm 2010,,,,,,,,,,,,,,,,,,,,,,,,,,,,,,,,,,,,,,,,,,,,,,,,,,,,,,,,,,,,,,,,,,,,,,,,,,,,,,,,,,,,,,,,,,,,,,,,,,,,,,,,,,,,,,,,,,,,,,
Cải ơi,film,,,,,,,,,,,,,,,,,,,,,,,,,,,,,,,,,,,,,Nguyễn Phương Điền,,,,,,,,,,,,Tiếng Việt,,,,,,,,,,,,,,,,,,,"điện ảnh, truyền hình",,,,,,,,,,,Việt Nam,,,,,,,,,,,,,,,,,Cải ơi!,,,Huỳnh Long Hải,Hoài Hương,*Quang Tuấn *Bằng Lăng *Mạc Can,,Trần Đức Long,,Đài Truyền hình Thành phố Hồ Chí Minh,,90 phút,,,,BTV1,"4 tháng 2, 2007",,,,,,,,"""Cải ơi"" và ""Biển đời mênh mông"" của Nguyễn Ngọc Tư",1,Hãng phim Truyền hình Thành phố Hồ Chí Minh,,,,,,,,,,,,,,,,,,Trương Minh Phúc,Đỗ Phú Hải,,,,,,,,,,,,,,,,,,,,,,,,,,,,,,,,,,,,,,,,,,,,,,,,,,,,,,,,,,,,,,,,,,,,,,,,,,,,,,,,,,,,,,,,,,,,,,,,,,,,,,
Giao thừa (phim),film,,,,,,,,,,,,,,,,,,,,,,,,,,,,,,,,,,,,,Hồ Thanh Tuấn,,,,,,,,,,,,tiếng Việt,,,,,,,,,,,,,,,,,,,,,,,,,,,,,,Việt Nam,,,,,,,,,,,,,,,,,,222px,,Đại học Sân khấu - Điện ảnh thành phố Hồ Chí Minh,Hồ Thanh Tuấn,,,,,,,,,,,,2009,,,,,,Giao thừa,,,,,VTV6,Việt Nam,,,,,,,,,,,,,,,,,,,Lime,,,,,,,,,,,,,,,,,,,,,,,,,,,,,,,,,,,,,,,,,,,,,,,,,,,,,,,,,,,,,,,,,,,,,,,,,,,,,,,,,,,,,,,,,,,,,,,,,,,,
Đường đua (phim năm 2009),film,,,,,,,,,,,,,,,,,,,,,,,,,,,,,,,,,,,Đường đua,,Nguyễn Trọng Hải,,Huy Thành,,"Trương Thị May, Quang Tuấn",,,,Công ty truyền thông và giải trí Ngôi sao,,2009,,Tiếng Việt,,,,,,,,,,,,,,,,,,,,,,,,,,,,,,,,,,,,,,,,,,,,,,,,,,,,,,,,,,,,,,,,,,,,,,,,,,,,,,,,,,,,,,,,,,,,,,,,,,,,,,,,,,,,,,,,,,,,,,,,,,,,,,,,,,,,,,,,,,,,,,,,,,,,,,,,,,,,,,,,,,,,,,,,,,,,,,,,,,,,,,,,,,,,,,,,,,
Mặn hơn muối,film,,,,,,,,,,,,,,,,,,,,,,,,,,,,,,,,,,,Mặn hơn muối,,Nhâm Minh Hiền,,,,"Ngọc Lan, Bella Mai, Quang Tuấn, Quốc Huy, Khánh Hiền",,,,,,,45 phút/tập (không bao gồm quảng cáo),tiếng Việt,,,,,,,,,,,,,,,,,,,truyền hình,,,,,,,,,"Lê Quang Thanh Tâm, Vy Uyên",,Việt Nam,,,,,,,,,,,,,,,,,,,,,,,,,,,,,,Phim truyền hình,"M&T Pictures , TKL",,,38,,HTV7,28 tháng 10 năm 2015,31 tháng 12 năm 2015,,,,,,,,,,,,,,,,,,,,,,,,,,,,,,,,,,,,,,,,,,,,,,,,,,,,,,,,,,"Nguyễn Thị Bích Hoàn, Lê Thị Bảo Chi, Nhâm Minh Hiền",,,,,,,,,,,,"Bà Rịa – Vũng Tàu, Ninh Thuận",Nguyễn Thị Trúc Mai,,,,,,,,,,,,,,,,,,,,,,,,,,,,,,,,,,,,,,,,,,,,,,,,,,,,,,,
Ngày mai bình yên,film,,,,,,,,,,,,,,,,,,,,,,,,,,,,,,,,,,,,,"Vũ Trường Khoa, Hoàng Tích Thiện",,,,"Trung Hiếu, Thúy Hà, Kiều Anh, Tố Uyên, Kiều My",,,,,,,45 - 50 phút/tập (không bao gồm quảng cáo),Tiếng Việt,,,,,,,,,,,,,,,,,,,truyền hình,,,,,,,,,"Lại Phương Thảo, Diệu Linh, Phượng Diễm",,Việt Nam,,,,,,,,,,,,,,,,,,Ngaymaibinhyenposter.jpeg,,,,,,,,,,,,Phim truyền hình,"Trung tâm Phim truyền hình Việt Nam, Đài Truyền hình Việt Nam",,,18,,,12 tháng 8 năm 2021 - 8 tháng 10 năm 2021,,Ngày mai bình yên,,,,,VTV3,,,,,,,,,,,,,,,,,,,,,,''Phía sau cánh cửa'',,,Hãy nói lời yêu,Mặt nạ gương,,,,,,,,,,,,,,,,,,,,,,,,,,,,,,,,,,,,,,,,,,,,,,,,,,,,,,,,,,,,,,,,,,,,,,,,,,,,,,,,,,,,,,,,,,,,,,
Tiệm ăn dì ghẻ,film,,,,,,,,,,,,,,,,,,,,,,,,,,,,,,,,,,,,,"Nguyễn Đức Hiếu, Nguyễn Thu",,,,"Dương Cẩm Lynh, Huỳnh Anh, Quang Tuấn, Hồng Loan, Hồng Kim Hạnh",,,,,,,45 phút/tập (không bao gồm quảng cáo),tiếng Việt,,,,,,,,,,,,,,,,,,,truyền hình,,,,,,,,,,,Việt Nam,,,,,,,,,,,,,,,,,,,,,"Nhiên Phượng, Phi Yến, Thúc An",,,,,,,,,Phim truyền hình,"Trung tâm Phim truyền hình Việt Nam, Đài Truyền hình Việt Nam",,,34,,VTV3,18 tháng 11 năm 2019 - 17 tháng 3 năm 2020,,,,,,,,,,,,,,,,,,,,,,,,,,,,,,,,Bán chồng,Tình yêu và tham vọng,,,,,,,,,,,,,,,,,,,"Trung tâm Phim truyền hình Việt Nam, Đài Truyền hình Việt Nam",,,,,,,,,,,,,,,,,,,,,,,,,,,,,,,,,,,,,,,,,,,,,,,,,,,,,,,,,,,,,,,,,,,,,,,,,,,
Nghề siêu dễ (phim 2022),film,,,,,,,,,,,,,,,,,,,,,,,,,,,,,,,,,,,Nghề siêu dễ,,* Võ Thanh Hòa,,,,* Hứa Vĩ Văn * Thu Trang * Kiều Minh Tuấn * Tiến Luật * Quang Tuấn * Huỳnh Phương * Vũ Ngọc Anh * Thanh Mỹ,* Only C * Châu Đăng Khoa,,,* CJ HK Entertainment * Thu Trang Entertainment,CJ E&M,"2022, 4, 29, Việt Nam",113 phút,Tiếng Việt,,70 tỷ VNĐ (Việt Nam),2022,4,29,Việt Nam,,,,,,,,,,,,,"điện ảnh, hài, hành động, hình sự",,,,,,,,,,,Việt Nam,,19799504,,,,,,,,,,,,,,,,,Áp phích chiếu rạp của phim tại Việt Nam,,,,,,,,,,,,,,,,,,,,,,,,,,,,,,,,,,,,,,,,,,,,,,,,,,,,,,,,,,,,,,,,,,,,,,,,,,,,,,,,,,,,,,,,,,,,,,,,,,,,,,,,,,,,,,,,,,,,,,,,,,,,,,,,,,,,,,,,,,,,,,,,,
Địa đạo: Mặt trời trong bóng tối,film,,,,,,,,,,,,,,,,,,,,,,,,,,,,,,,,,,,"Địa đạo:, Mặt trời trong bóng tối",Áp phích chiếu rạp của phim,Bùi Thạc Chuyên,* Nguyễn Chí Dũng * Bùi Thạc Chuyên,,,* Thái Hòa * Quang Tuấn * Hồ Thu Anh * Diễm Hằng Lamoon * Hoàng Minh Triết * Anh Tú Wilson * Nhật Ý * Khánh Ly * A Tới * Cao Sang Lê * Cao Minh,Clovis Schneider,Nguyễn K'Linh,* Julie Beziau * Thân Thị Thu Hằng,* HKFilm * Galaxy Play * Galaxy EE * PV2 Investment JSC * Toka Studio,Galaxy Studio,"2025, 4, 4",* 128 phút ((bản cũ)) * 125 phút ((bản đặc biệt)),* Tiếng Việt * Tiếng Anh,55 tỷ VND,"172,5 tỷ VND",,,,,,,,,,,,,,,,,"chiến tranh, chính kịch, điện ảnh, lịch sử",,,,,,,,,Bùi Thạc Chuyên,,Việt Nam,,,,,,,,,,,,,,,,,,,,,,,,,,,,,,,,,,,,,,,,,,,,,,,,,,,,,,,,,,,,,,,,,,,,,,,,,,,,,,,,,,,,,,,,,,,,,,,,,,,,,,,,,,,,,,,,,,,,,,,,,,,,,,,,,,,,,,,,,,,,,,,,,,,,,,,,,,,,,,,,,,,,
Ba lẻ một,film,,,,,,,,,,,,,,,,,,,,,,,,,,,,,,,,,,,Ba lẻ một,,Khải Hưng,,"Phạm Ngọc Tiến, Bảo Ninh",,* Đức Sơn * Minh Châu * Cao Minh Đạt * Trung Dũng * Chi Bảo * Trọng Hải,,,,Hãng phim truyền hình Việt Nam,Đài truyền hình Việt Nam,năm 2000,,Tiếng Việt,,,,,,,,,,,,,,,,,,,"chiến tranh, điện ảnh, truyền hình",,,,,,,,,,,Việt Nam,,,,,,,,,,,,,,,,,,,,,,,,,,,,,,,,,,,,,,,,,,,,,,,,,,,,"""Ba lẻ một"" của Bảo Ninh",,,,,,,,,,,,,,,,,,,,,,,,,,,,,,,,,,,,,,,,,,,,,,,,,,,,,,,,,,,,,,,,,,,,,,,,,,,,,,,,,,,,,,,,,,,,,,,,,,,,,,,,,,,,,,,,
Dollars trắng,film,,,,,,,,,,,,,,,,,,,,,,,,,,,,,,,,,,,,,Trần Cảnh Đôn,,,,,,,,,,,,Tiếng Việt,,,,,,,,,,,,,,,,,,,truyền hình,,,,,,,,,,,Việt Nam,,,,,,,,,,,,,,,,,,,,,"Dương Lan Hương, Trần Cảnh Đôn, Quách Thùy Nhung","Lý Hùng, Ngọc Thúy, Nguyên Vũ, Helen Thanh Đào, Trung Dũng, Võ Thành Tâm",,,,,,45 phút/tập (không bao gồm quảng cáo),,,,,2006,,,,,,Dollars trắng,Phim truyền hình,,15,"Hãng phim Truyền hình Thành phố Hồ Chí Minh, Đài Truyền hình Thành phố Hồ Chí Minh, Vafafilm",HTV9,,,,,,,,''Kế hoạch J96'' của nhà văn Trần Tử Văn,,,,,,,,,,,,,,,,,,,,,,,,,,,,,,,,,,,,,,,,,,,,,,,,,,,,,,,,,,,,,,,,,,,,,,,,,,,,,,,,,,,,,,,,,,,,,,,,,,,,,,,,,,,,,,,,
Thung lũng hoang vắng,film,,,,,,,,,,,,,,,,,,,,,,,,,,,,,,,,,,,Thung lũng hoang vắng,,NSND Phạm Nhuệ Giang,Cố Khắc Ứng,,,* Hồng Ánh * Nguyễn Hậu * Tuyết Hạnh * Trung Dũng,Lương Ngọc Minh,Lý Thái Dũng,Nguyễn Việt Nga,Hãng phim truyện Việt Nam,* Fafilm Việt Nam ((rạp phim trong nước)) * Phát hành phim Quân ((trong quân đội)) * Hãng phim Phương Nam ((VCD-DVD)),20 tháng 2 năm 2002,90 phút,Tiếng Việt,,,,,,,,,,,,,,,,,,,chính kịch,,,,,,,,,Nguyễn Quang Lập,,,,tt0308981,,,,,,,,,,,,,,,,,,,,,,,,,,,,,,,,,,,,,,,,,,,,,,,,,,,,,,,,,,,,,,,,,,,,,,,,,,,,,,,,,,,,,,,,,,,,,,,,,,,,,,,,,,,,,,,,,,,,,,,,,,,,,,,,,,,,,,,,,,,,,,,,,,,,,,,,,,,,,,,,,,
Gái nhảy (phim),film,,,,,,,,,,,,,,,,,,,,,,,,,,,,,,,,,,,,,Lê Hoàng,,,,,,,,Hãng phim Giải Phóng,,,,Tiếng Việt,70.000 USD,257 tỉ VNĐ (2003),,,,,,,,,,,,,,,,,,,,,,,,,,,,Việt Nam,,0388962,,,,,,,,,,,,,,,Gái nhảy,Gai nhay.jpg,Bìa DVD phim ''Gái nhảy'',,"Lê Hoàng, Ngụy Ngữ","Mỹ Duyên, Minh Thư, Anh Vũ",Dương Thụ,Phạm Hoàng Nam,"Thủy Chung, Kim Hoàng",Hãng phim Giải Phóng,7 tháng 1 năm 2003,135 phút,,,,,,,,,,,,,,,,,,,,,,,,,,,,,,,,,,,,,,,,,,''Lọ Lem hè phố'',,,,,,,,,,,,,,,,,,,,,,,,,,,,,,,,,,,,,,,,,,,,,,,,,,,,Cánh Diều Bạc 2002 cho phim truyện nhựa,,,,,,,,,,,,,,,,,,,,,,,,,,,,,,,,,,,,,,,,,,
Đam mê (phim),film,,,,,,,,,,,,,,,,,,,,,,,,,,,,,,,,,,,Đam mê,,Phi Tiến Sơn,Đặng Tất Bình,Nguyễn Mạnh Tuấn,,*Trung Dũng *Trúc Diễm *Kim Khánh *Quý Bình *Hứa Vĩ Văn *Kim Hiền,Bảo Chấn,Lý Thái Dũng (DOP),HTAT,Hãng Phim truyện I,A Company Việt Nam,"16 tháng 12, 2012 ((premiere)), 5 tháng 9, 2014 ((chính thức))",,Tiếng Việt,10 tỷ đồng,,,,,,,,,,,,,,,,,,điện ảnh,,,,,,,,,,,Việt Nam,,,,,,,,,,,,,,,,,,,,,,,,,,,,,,,,,,,,,,,,,,,,,,,,,,,,,,,,,,,,,,,,,,,,,,,200px,,,,,,,,,,,,,,,,,,,,,,,,,,,,,,,,,,,,,,,,,,,,,,,,,,,,,,,,,,,,,,,,,,,,,,,,,,,,,,,,,,,,,,,,,,,,,
Cơn giông (phim năm 2021),film,,,,,,,,,,,,,,,,,,,,,,,,,,,,,,,,,,,Cơn giông,,Trần Ngọc Phong,Nguyễn Tiến Hưng,Ngô Hoàng Giang,,* Trung Dũng * Thạch Kim Long * Thủy Phạm * Quách Tĩnh * Cát Vi,*Văn Tứ Quý *Lê Minh,"Lâm Lê Dũng (D.O.P), Phạm Đức Dũng (C.O)",,Hãng phim Giải Phóng,,22 tháng 12 năm 2021,101 phút,Tiếng Việt,,,,,,,,,,,,,,,,,,,chính kịch,,,,,,,,,Lê Văn Thảo,,Việt Nam,,,,,,,,,,,,,,,,,,,,,,,,,,,,,,,,,,,,,,,,,,,,,,,,,,,,,,,,,,,,,,,,,,,,,,,,,,,,,,,,,,,,,,,,,,,,,,,,,,,,,,,,,,,,,,,,,,,,,,,,,,,,,,,,,,,,,,,,,,,,,,,,,,,,,,,,,,,,,,,,,,,,
Đồng tiền xương máu,film,,,,,,,,,,,,,,,,,,,,,,,,,,,,,,,,,,,,,Đinh Đức Liêm,,,,,,,,,,,,Tiếng Việt,,,,,,,,,,,,,,,,,,,truyền hình,,,,,,,,,,,Việt Nam,,,,,,,,,,,,,,,,,,,,,Nguyễn Mạnh Tuấn,"Chi Bảo, Quyền Linh, Trương Ngọc Ánh, Lâm Tới",,,,,,45 - 50 phút/tập,,,,,1998,,,,,,Đồng tiền xương máu,Phim truyền hình,,17,"Hãng phim Truyền hình Thành phố Hồ Chí Minh, Đài Truyền hình Thành phố Hồ Chí Minh",HTV9,Việt Nam,,,,,,,,,,,,,,,,,,,,,,,,,,,,,,,,,,PAL,,,,,,,,,,,,,,,,,,,,,,,,,,,,,,,,,,,,,,,,,,,,,,,,,,,,,,,,,,,,,,,,,,,,,,,,,,,,,,,,,,,,,
Hoa thiên điểu (phim truyền hình),film,,,,,,,,,,,,,,,,,,,,,,,,,,,,,,,,,,,,,"Đinh Hà, Nhâm Minh Hiền",,,,,,,,,,,,tiếng Việt,,,,,,,,,,,,,,,,,,,truyền hình,,,,,,,,,,,Việt Nam,,,,,,,,,,,,,,,,,,,,,Cẩm Phong,"Trương Minh Quốc Thái, Anh Thư, Cao Minh Đạt",,,,,,45 phút/tập (không bao gồm quảng cáo),,,,,26 tháng 11 năm 2008,,,,,,Hoa thiên điểu,Phim truyền hình,,31,M&T Pictures,HTV9,,24 tháng 1 năm 2009,,,,,,,,,,,,,,,,,,,,,,,,,,,,,,,,,,,,,,,,,,,,,,,,,,,,,,,,,,,,,,,,,,,,,,,,,,,,,,,,,,,,,,,,,,,,,,,,,,,,,,,,,,,,,,,,,,,,,,
Cỏ biếc,film,,,,,,,,,,,,,,,,,,,,,,,,,,,,,,,,,,,,,Nguyễn Quốc Hưng,,,,,,,,,,,,tiếng Việt,,,,,,,,,,,,,,,,,,,truyền hình,,,,,,,,,,,Việt Nam,,,,,,,,,,,,,,,,,,,,,Trần Thị Bảo Châu,"Trương Minh Quốc Thái, Trương Thanh Long, NSND Đoàn Dũng, Thân Thúy Hà, Thiên Thanh, Lã Thiên Cầm, Bùi Tiểu Bình, Bùi Anh Thư, Quốc Cường",,,,,,45 phút/tập (không bao gồm quảng cáo),,,,,14 tháng 3 năm 2013,,,,,,Cỏ biếc,Phim truyền hình,,35,"Hãng phim Truyền hình Thành phố Hồ Chí Minh, Đài Truyền hình Thành phố Hồ Chí Minh",HTV9,,17 tháng 4 năm 2013,,,,,,,,,,,,,,,,,,,,,,,,,,,,,,,,,,,,,,,,,,,,,,,,,,,,,,,,,,,,,,,,,,,,,,,,,,,,,,,,,,,,,,,,,,,,,,,,,,,,,,,,,,,,,,,,,,,,,,
Đất mặn (phim truyền hình),film,,,,,,,,,,,,,,,,,,,,,,,,,,,,,,,,,,,,,Nguyễn Tường Phương,,,,,,,,,,,,tiếng Việt,,,,,,,,,,,,,,,,,,,truyền hình,,,,,,,,,,,Việt Nam,,,,,,,,,,,,,,,,,,,,,Võ Đắc Dự,"Thạch Kim Long, Mạnh Hùng, Trọng Nhân, Thanh Hiền, Huỳnh Đông",,,,,,45 phút/tập (không bao gồm quảng cáo),,,,,2 tháng 7 năm 2012,,,,,,Đất mặn,Phim truyền hình,,49,"Hãng phim Truyền hình Thành phố Hồ Chí Minh, Đài Truyền hình Thành phố Hồ Chí Minh",HTV9,,1 tháng 8 năm 2012,,,,,,,,,,,,,,,,,,,,,,,,,,,,,,,,,,,,,,,,,,,,,,,,,,,,,,,,,,,,,,,,,,,,,,,,,,,,,,,,,,,,,,,,,,,,,,,,,,,,,,,,,,,,,,,,,,,,,,
Tần nương thất,film,,,,,,,,,,,,,,,,,,,,,,,,,,,,,,,,,,,Tần nương thất,,Chu Thiện,,,,"Diễm Châu, Trương Minh Quốc Thái, Nhật Cường, Mai Huỳnh, Lyna Trang, Bảo Khương, Phương Bình",,,,,,,45 phút/tập,Tiếng Việt,,,,,,,,,,,,,,,,,,,,,,,,,,,,Vũ Thị Thanh Hương,,Việt Nam,,,,,,,,,,,,,,,,,,,,M&T Pictures Vietnam,,,,,,,,,,Phim truyền hình,,,,30 tập,,,12 tháng 8 năm 2015,,,,,,,,,,,,,,,Vở cải lương Tần nương thất của soạn giả Hà Triều - Hoa Phượng,,,,,,,,,,,,,,,,,,,,,,,,,,,,,,,,,,Hạt mưa bên đời,,Nguyễn Thị Trúc Mai,,,,,,''Nỗi buồn con gái'',,"Nguyễn Thị Bích Hoàn, Trần Thị Kiều Nga",,,,,,,,,,,,"Thành phố Hồ Chí Minh, Việt Nam",,Vươn tới bình yên,,,,,,,,,Nhóm Phước Trang,,,,,"Nguyễn Chánh Minh Luân, Trần Quốc Huy",,,,,,,,,,,,,,,,,,,,,,,,,,Nhạc sĩ Phạm Hữu Tâm,SCTV14,,,,,,,,,,,,,
Những người viết huyền thoại (phim),film,,,,,,,,,,,,,,,,,,,,,,,,,,,,,,,,,,,,,Bùi Tuấn Dũng,,,,,,,,,,,,Tiếng Việt,10 tỷ VND,,,,,,,,,,,,,,,,,,"chiến tranh, hành động",,,,,,,,,,,Việt Nam,,,,,,,,,,,,,,,,,Những người viết huyền thoại,,Poster chính thức,Nguyễn Huy Hoàng,Nguyễn Anh Dũng,"Trương Minh Quốc Thái, Tăng Bảo Quyên, NSƯT Hoàng Hải",Hoàng Lương,Lý Thái Dũng,,Hãng phim truyện Việt Nam,2013,100 phút,,,,,,,,,,,,,,,,,,,,,,,,,,,,,,,,,,,,,,,,,,,,,,,,,,,,,,,,,,,,,,,,,,,,,,,,,,,,,,,,,,,,,,,,,,,,,,,,,,,,,,,,,,,,,,,,,,,,,,,,,,,,,,,,,,,,,,,,
Người trở về,film,,,,,,,,,,,,,,,,,,,,,,,,,,,,,,,,,,,Người trở về,,Đặng Thái Huyền,Đinh Xuân Sơn,"Nguyễn Thu Dung, Đặng Thái Huyền",,Trương Minh Quốc Thái * Lã Thanh Huyền * Phạm Tiến Lộc * Nguyễn Thu Thủy,Đặng Duy Chiến,Trịnh Quang Tùng,Vũ Thị Thu Hương,Điện ảnh Quân đội nhân dân,CGV Việt Nam,"27 tháng 8, 2015",110 phút,Tiếng Việt,hơn 10 tỉ VNĐ,,,,,,,,,,,,,,,,,,"chính kịch, điện ảnh",,,,,,,,,,,Việt Nam,,,,,,,,,,,,,,,,,,,,,,,,,,,,,,,,,,,,,,,,,,,,,,,,,,,,"""''Người về bến sông Châu''"" của Sương Nguyệt Minh",,,,,,,,,,,,,,,,,,,,,,,,,,,,,,,,,,,,,,,,,,,,,,,,,,,,,,,,,,,,,,,,,,,,,,,,,,,,,,,,,,,,,,,,,,,,,,,,,,,,,,,,,,,,,,,,
Thạch Thảo (phim),film,,,,,,,,,,,,,,,,,,,,,,,,,,,,,,,,,,,Thạch Thảo,,Mai Thế Hiệp,,,,"Lê Khắc Minh, Tùng Maru, Bích Ngọc, Lâm Văn Quốc, Nguyễn Gia Linh, Lê Ngọc Phương Quỳnh, Võ Ngọc Diệu Minh, Kang Phạm, Hứa Nhật Khánh Uyên, Anh Tú",,,,,Galaxy Distribution (Việt Nam),16 tháng 11 năm 2018,,Tiếng Việt,15 tỉ đồng,,,,,,,,,,,,,,,,,,"điện ảnh, gia đình, tình cảm",,,,,,,,,Mai Thế Hiệp,"Galaxy Media & Entertainment, Fortune Projects, HKFilm, Pixel Garden",,,,,,,,,,,,,,,,,,,,,Vân Trang,,,,,,,,,,,,,,,,,,,,,,,,,,,,,,,,,,,,,,,,,,,,,,,,,,,280px,,,,,,,,,,Áp phích xem trước,,,,,,,,,,,,,,,,,,,,,,,,,,,,,,,,,,,,,,,,,,,,,,,,,,,,,,,,,,,,,,,,,,,,,,,,,,,,,,,,,,,
Biệt thự trắng,film,,,,,,,,,,,,,,,,,,,,,,,,,,,,,,,,,,,Biệt thự trắng,,Bùi Ngọc Nam Phương,,,,"Quý Bình, Anh Thư, Võ Thành Tâm",,,,,,,45 phút/tập (không bao gồm quảng cáo),Tiếng Việt,,,,,,,,,,,,,,,,,,,,,,,,,,,,Bùi Ngọc Nam Phương,,Việt Nam,,,,,,,,,,,,,,,,,,,,,,,,,,,,,,Phim truyền hình,Đài truyền hình Vĩnh Long,,,10,,THVL1,26 tháng 2 năm 2016,26 tháng 3 năm 2016,,,,,,,,,,,,,,,,,,,,,,,,,,,,,,,,,,,,,,,,,,,,,,,,,,,,,,,,'''Án mạng cô nhi viện''',,"Ái Duy, Thiện Thư",,,,,,,,,,,,"Đà Lạt, Lâm Đồng","Lê Quang Nguyên, Bùi Thanh Phong",,,,,,,,,,,,,,,,,,,,,,,,,,,,,,,,,,,,,,,,,,,,,,,,,,,,,,,
Trần trung kỳ án,film,,,,,,,,,,,,,,,,,,,,,,,,,,,,,,,,,,,,,Bùi Ngọc Nam Phương,,,,,,,,,,,,tiếng Việt,,,,,,,,,,,,,,,,,,,truyền hình,,,,,,,,,,,Việt Nam,,,,,,,,,,,,,,,,,,Áp phích phim Trần trung kỳ án.jpg,,,Bùi Ngọc Nam Phương,"Hòa Hiệp, Thanh Trúc, Phương Dung, Võ Thành Tâm, Hà Trí Quang, Hùng Thuận, Lê Dương Bảo Lâm, Thanh Điền, Nguyệt Ánh, Lê Trang",,,,,,45 phút/tập (không bao gồm quảng cáo),,,,THVL1,"17 tháng 2 năm 2017 - 5 tháng 4 năm 2017 (phần 1), 24 tháng 8 năm 2018 - 4 tháng 10 năm 2018 (phần 2)",,,,,,Trần Trung kỳ án,Phim truyền hình,,"43 (phần 1), 38 (phần 2)",Đài Phát thanh - Truyền hình Vĩnh Long,,,,,,,,,,,,,,,,,,,,,,,,,,,,,,,,,,,,,,,,,,,,,,,,,,,,,,,,,blue,,,,,,,,,,,,,,,,,,,,,,,,,,,,,,,,,,,,,,,,,,,,,,,,,,,,,,,,,,,,,,,,
Sinh mệnh (phim),film,,,,,,,,,,,,,,,,,,,,,,,,,,,,,,,,,,,Sinh mệnh,Bìa DVD của phim.,Đào Duy Phúc,Nguyễn Minh Phương,,,"Võ Thành Tâm , Kiều Thanh , Nguyễn Kim Trang , Phạm Thanh Thủy",Huy Tuấn,Phạm Thanh Hà,Nguyễn Anh Phương,Hãng Phim truyện I,,19 tháng 12 năm 2006,81 phút,Tiếng Việt,1 tỷ VNĐ,,,,,,,,,,,,,,,,,,"chiến tranh, điện ảnh, gia đình, tâm lý, xã hội",,,,,,,,Nguyễn Mạnh Tuấn,,,Việt Nam,,,,,,,,,,,,,,,,,,,,,,,,,,,,,,,,,,,,,,,,,,,,,,,,,,,,,,,,,,,,,,,,,,,,,,,,,,,,,,,,,,,,,,,,,,,,,,,,,,,,,,,,,,,,,,,,,,,,,,,,,,,,,,,,,,,,,,,,,,,,,,,,,,,,,,,,,,,,,,,,,,,,
Lật mặt,film,,,,,,,,,,,,,,,,,,,,,,,,,,,,,,,,,,,Lật mặt,,Lý Hải,Lý Hải,,,* Lý Hải * Trường Giang * Lâm Minh Thắng * Kim Xuân * Việt Anh * Phi Phụng * Võ Thành Tâm * Hoàng Sơn * Tiết Cương * Long Đẹp Trai * Mỹ Hòa * Cát Phượng,,,,Lý Hải Production,,15 tháng 5 năm 2015,95 phút,Tiếng Việt,10 tỷ VNĐ,70 tỷ VNĐ,,,,,,,,,,,,,,,,,"điện ảnh, hài, hành động",,,,,,,,Lý Hải,,,Việt Nam,,,,,,,,,,,,,,,,,,,Áp phích phim,,,,,,,,,,,,,,,,,,,,,,,,,,,,,,,,,,,,,,,,,,,,,,,,,,,,,,,,,,,,,,,,,,Lật mặt 2: Phim trường,,,,,,,,,,,,,,,,,,,,,,,,,,,,,,,,,,,,,,,,,,,,,,,,,,,,,,,,,,,,,,,,,,,,,,,,,,,,,,,
Tiệc trăng máu,film,,,,,,,,,,,,,,,,,,,,,,,,,,,,,,,,,,,Tiệc trăng máu,Áp phích chiếu rạp của phim,Nguyễn Quang Dũng,* Phan Gia Nhật Linh * Nguyễn Trinh Hoan,,,* Thái Hòa * Thu Trang * Kiều Minh Tuấn * Kaity Nguyễn * Hứa Vĩ Văn * Hồng Ánh * Đức Thịnh,Trần Hữu Tuấn Bách,Diệp Thế Vinh,Vũ Hoàng Anh,"Lotte Entertainment, Anh Tễu Studio, HKFilm, Sidus Vietnam",Galaxy Studio,"2020, 10, 23, Việt Nam",118 phút,Tiếng Việt,,180 tỷ VNĐ,2020,10,23,Việt Nam,,,,,,,,,,,,,"chính kịch, điện ảnh",,,,,,,,,Nguyễn Thanh Bình,,Việt Nam,,13326736,,,,,,,,,,,,,,,,,,,,,,,,,,,,,,,,,,,,,,,,,,,,,,,,,,"''Perfect Strangers'', Paolo Genovese",,,,,,,,,,,,,,,,,,,,,,,,,,,,,,,,,,,,,,,,,,,,,,,,,,,,,,,,,,,,,,,,,,,,,,,,,,,,,,,,,,,,,,,,,,,,,,,,,,,,,,,,,,,,,,,,
Cái giá của hạnh phúc,film,,,,,,,,,,,,,,,,,,,,,,,,,,,,,,,,,,,Cái giá của hạnh phúc,Áp phích chiếu rạp của phim,Nguyễn Ngọc Lâm,* Đỗ Quang Minh * Vũ Tuyết Thanh * Xuân Lan,* Nguyễn Ngọc Lâm * Nguyễn Trường Nhân * Võ Nguyên Đán * Bích Trương,Xuân Lan,* Thái Hòa * Xuân Lan * Uyển Ân * Lâm Thanh Nhã * Trương Thanh Long * Trâm Anh * Trần Quyên * Hữu Châu,Clement Ignace,Dominic Pereira,Võ Hoàng Anh,,Galaxy Studio,"2024, 4, 19, Việt Nam",115 phút,Tiếng Việt,,26 tỷ VND,2024,4,19,Việt Nam,,,,,,,,,,,,,"âm nhạc, điện ảnh, tâm lý",,,,,,,,,,,Việt Nam,,,,,,,,,,,,,,,,,,,,,,,,,,,,,,,,,,,,,,,,,,,,,,,,,,,,,,,,,,,,,,,,,,,,,,,,,,,,,,,,,,,,,,,,,,,,,,,,,,,,,,,,,,,,,,,,,,,,,,,,,,,,,,,,,,,,,,,,,,,,,,,,,,,,,,,,,,,,,,,,,,,,
Tử chiến trên không,film,,,,,,,,,,,,,,,,,,,,,,,,,,,,,,,,,,,Tử chiến trên không,Áp phích chiếu rạp của phim,Hàm Trần,* Lương Công Hiếu * Nguyễn Quốc Công * Hàm Trần,* Nguyễn Hoàng Dương * Hàm Trần * Nguyễn Mai Nhật Ánh,* Hàm Trần * Nguyễn Mai Nhật Ánh,* Thái Hòa * Kaity Nguyễn * Thanh Sơn * Ma Ran Đô * Trâm Anh * Võ Điền Gia Huy * Lợi Trần * Xuân Văn * Ray Nguyễn * Bảo Định * Xuân Phúc * Trần Ngọc Vàng,Bruno Brugnano,Hoàng Trung Nam,* Nguyễn Ngọc Nhiên * Lưu Đình Mẫn Thanh * Hàm Trần,* Điện ảnh Công an nhân dân * Galaxy EE * Galaxy Play * HKFilm * PV2 Investment JSC * Toka Studio * KAT House,Galaxy Studio,"2025, 9, 19, Việt Nam",118 phút,Tiếng Việt,,175 tỷ VND,2025,9,19,Việt Nam,,,,,,,,,,,,,"âm nhạc, chính kịch, điện ảnh, hành động, hình sự, lịch sử",,,,,,,,,,,Việt Nam,,,,,,,,,,,,,,,,,,,,,,,,,,,,,,,,,,,,,,,,,,,,,,,,,,,,,,,,,,,,,,,,,,,,,,,,,,,,,,,,,,,,,,,,,,,,,,,,,,,,,,,,,,,,,,,,,,,,,,,,,,,,,,,,,,,,,,,,,,,,,,,,,,,,,,,,,,,,,,,,,,,,
Giải hạn,film,,,,,,,,,,,,,,,,,,,,,,,,,,,,,,,,,,,,,"Vũ Xuân Hưng, Tú Mai",,,,,,,,,,,,Tiếng Việt,,,,,,,,,,,,,,,,,,,"truyền hình, xã hội",,,,,,,,,,,Việt Nam,,0124644,,,,,,,,,,,,,,,,,,,Trịnh Thanh Nhã,,,Lý Thái Dũng,,"Hãng phim truyện Việt Nam, Đài Truyền hình Việt Nam, Hãng phim Phương Nam",,90 phút,,,,,1996,,,,,,Giải hạn,Đại vĩ tuyến,,,Hãng phim truyện Việt Nam,VTV1,"Việt Nam, Canada, Nhật Bản, Bỉ",,,,,,,,,,,,,,,,,Nguyễn Kim Cương,Hà Nội,Red,,Trọng Đài,,,,,,,,,,,,"Đỗ Vân, Nguyễn Khắc Chiến, Nguyễn Ngọc Ánh",,,,,,,,,,,,,,,,,,,,,,,,,,,,,,,,,,,,,,,,,,,,,,,,,,,,,,,,,,,,Nguyễn Huy Hoàng,,,,,,,,,,,,,,,,,,,,,,,,,,
Nguyễn Ái Quốc ở Hồng Kông,film,,,,,,,,,,,,,,,,,,,,,,,,,,,,,,,,,,,Nguyễn Ái Quốc ở Hồng Kông,,"Nguyễn Khắc Lợi (VN), Viên Thế Kỷ (TQ)","Hà Phạm Phú (VN), Liêu Thự Huy (TQ)",,,"Trần Lực, Phương Hâm Dĩnh, Nguyễn Trọng Hải, Hoàng Phúc",Trọng Đài,Trần Quốc Dũng,"Khưu Vĩ Kiện (TQ), Lý Nghênh Sương (TQ)","Hãng phim Hội Nhà văn Việt Nam, Hãng phim Châu Giang","Cục quản lý về báo chí, xuất bản, phát thanh, điện ảnh và truyền hình Trung Quốc, 国家新闻出版广电总局",5 tháng 12 năm 2003 (VN),85 phút,Tiếng Việt - tiếng Anh - tiếng Quảng Đông,~15 tỉ VNĐ,,,,,,,,,,,,,,,,,,"điện ảnh, lịch sử",,,,,,,,,Hữu Mai (VN),,Việt Nam - Trung Quốc,,,,,,,,,,,,,,,,,,,,,,,,,,,,,,,,,,,,,,,,,,,,,,,,,,,,Vụ án Tống Văn Sơ,,,,,,,,,,,,,,,,,,,,,,,,,,,,,,,,,,,,,,,,,,,,,,,,,,,,,,,,,,,,,,,,,,,,,,,,,,,,,,,,,,,,,,,,,,,,,,,,,,,,,,,,,,,,,,,,
Chiến dịch trái tim bên phải,film,,,,,,,,,,,,,,,,,,,,,,,,,,,,,,,,,,,,,Đào Duy Phúc,,,,,,,,Hãng phim truyện Việt Nam,,,,Tiếng Việt,,,,,,,,,,,,,,,,,,,"hài, lãng mạn, tâm lý, tình cảm, truyền hình",,,,,,,,,,,Việt Nam,,,,,,,,,,,,,,,,,Chiến dịch trái tim bên phải,cdttbp.jpg,Áp phích phim,Lê Mạnh Tuấn,"Hoàng Anh Tú, Đào Thùy Trang","Hồ Ngọc Hà, Nguyễn Ngọc Thái Duy, Trần Lực",Huy Tuấn,Phạm Vi Linh,,Hãng phim Phương Nam,10 tháng 6 năm 2005,99 phút,,,,,,,,,,,,,,,,,,,,,,,,,,,,,,,,,,,,,,,,,,,,,,,,,,,,,,,,,,,,,,,,,,,,,,,,,,,,,,,,,,,,,,,,,,,,,,,,,,,,,,,,,,,,,,,,,,,,,,,,,,,,,,,,,,,,,,,,
"Đào, phở và piano",film,,,,,,,,,,,,,,,,,,,,,,,,,,,,,,,,,,,"Đào, phở và piano",Áp phích chiếu rạp của phim,Phi Tiến Sơn,* Phan Đình Thanh * Nguyễn Minh Phương,,,* Doãn Quốc Đam * Cao Thị Thùy Linh * Trần Lực * Trung Hiếu * Tuấn Hưng * Nguyệt Hằng * Anh Tuấn,Trọng Đài,* Đăng Năng Thành Toại * Hoàng Lâm,Bimnova,Công ty cổ phần Phim truyện I,"* Bộ Văn hóa, Thể thao và Du lịch","2023, 11, 21, Liên hoan phim Việt Nam lần thứ 23, 2024, 2, 10, Hà Nội, 2024, 2, 23, Việt Nam",100 phút,Tiếng Việt,"21,9 tỷ VND","16,7/20,8 tỷ VNDname=""Special-notes"", Theo Box Office Việt Nam, ''Đào, phở và piano'' chung cuộc thu về 16,7 tỷ đồng. Theo Cục điện ảnh thì bộ phim có doanh thu là 20,8 tỷ đồng.",,,,,,,,,,,,,,,,,"chiến tranh, chính kịch, điện ảnh, lãng mạn, lịch sử",,,,,,,,Phi Tiến Sơn,,,Việt Nam,,,,,,,,,,,,,,,,,,,,,,,,,,,,,,,,,,,,,,,,,,,,,,,,,,,,,,,,,,,,,,,,,,,,,,,,,,,,,,,,,,,,,,,,,,,,,,,,,,,,,,,,,,,,,,,,,,,,,,,,,,,,,,,,,,,,,,,,,,,,,,,,,,,,,,,,,,,,,,,,,,,,
Mưa đỏ (phim),film,,,,,,,,,,,,,,,,,,,,,,,,,,,,,,,,,,,Mưa đỏ,Áp phích chiếu rạp của phim,Đặng Thái Huyền,Nguyễn Trí Viễn,Chu Lai,,* Đỗ Nhật Hoàng * Lê Hạ Anh * Steven Nguyễn * Phương Nam * Hoàng Long * Lâm Thanh Nhã * Nguyễn Hùng * Đình Khang * Trần Gia Huy * Hứa Vĩ Văn,Cao Đình Thắng,Lý Thái Dũng,* Thân Thị Thu Hằng,* Điện ảnh Quân đội nhân dân * Galaxy Studio * HKFilm,Galaxy Studio,"2025, 8, 22, Việt Nam",124 phút,* Tiếng Việt * Tiếng Anh,,"713,8 tỷ VND",,,,,,,,,,,,,,,,,"chiến tranh, chính kịch, điện ảnh, lịch sử",,,,,,,,,,,,,,,,,,,,,,,,,,,,,,,,,,,,,,,,,,,,,,,,,,,,,,,,,,,,,,,"''Mưa đỏ'', Chu Lai",,,,,,,,,,,,,,,,,,,,,,,,,,,,,,,,,,,,,,,,,,,,,,,,,,,,,,,,,,,,,,,,,,,,,,,,,,,,,,,,,,,,,,,,,,,,,,,,,,,,,,,,,,,,,,,,
Hoa ban đỏ,film,,,,,,,,,,,,,,,,,,,,,,,,,,,,,,,,,,,,,"Bạch Diệp, Quốc Trọng, Phạm Huyền",,,,,,,,,,,,Tiếng Việt,,,,,,,,,,,,,,,,,,,"chiến tranh, tài liệu, truyền hình",,,,,,,,,,,Việt Nam,,,,,,,,,,,,,,,,,,222px,Đạo diễn Bạch Diệp và các diễn viên trong phim,Đặng Xuân Hải,Hữu Mai,,,Vũ Văn Chính,,,,90 phút,,,,,1994,,,,,,Hoa ban đỏ,,,,Hãng phim truyện Việt Nam,"VTV1, VTV3, VTV4, VTV6, VTC1, HTV7, HTV9",Việt Nam,,,,,,,,,,,,,,,,,,Hòa Bình,Pink,,,,,,,,,,,,,,"Nguyễn Hữu Tuấn, Lê Đức Vinh, Nguyễn Hiếu, Nguyễn Hợi, Nguyễn Xuân Chiến, Trần Văn Sơn",,,,,,,,,,,,,,,,,,,,,,,,,,,,,,,,,,,,,,,,,,,,,,,,,,,,,,,,,,,,"Nguyễn Hữu Bình, Đỗ Văn Đăng",,,,,,,,,,,,,,Trần Thanh Hiệp,,,,,,,,,,,,
Con đường sáng (phim dài tập),film,,,,,,,,,,,,,,,,,,,,,,,,,,,,,,,,,,,,,"Phạm Việt Thanh, Nguyễn Đức Việt",,,,,,,,,,,,Tiếng Việt,hơn 2.2 tỷ đồng,,,,,,,,,,,,,,,,,,truyền hình,,,,,,,,,,,,,,,,,,,,,,,,,,,,Con đường sáng,,,"Nguyễn Duy Kiểm, Đào Duy Cát",Bùi Duy Khánh,Xuân Bắc * Trọng Trinh * An Chinh * Đan Lê * Lê Khanh,,Lê Quang Hưng,,Đài Truyền hình Hà Nội,,"45-48 phút / tập (kqc, không bao gồm quảng cáo))",,,,Hà Nội 1,3 tháng 2 năm 2008,,,,,,,,Cuộc đời của Hoàng Minh Đạo,15,Công ty Nghe nhìn Hà Nội,,Việt Nam,16 tháng 2 năm 2008,,,,,,,,,,,,,,1,Nguyễn Việt Hưng,"Trần Gia Thái, Vũ Ngọc Minh",,,,,,,,,,,,,,,,Nguyễn Đức Việt,,,,,,,,,,,,,,,,,Đặng Duy Chiến,,,,,,,,,,,,,,,,,,,,,,,,,,,,,,,,,,,,,,,,,,,,,,,,,,,,,,,,,,,,,,,,,,,,,
Em còn nhớ hay em đã quên,film,,,,,,,,,,,,,,,,,,,,,,,,,,,,,,,,,,,Em còn nhớ hay em đã quên,,"Nguyễn Hữu Phần, Phi Tiến Sơn",Nguyễn Quang Bình,,,"Lê Công Tuấn Anh, Hoàng Hồng Nhị, Trương Ngọc Ánh, Nguyễn Huỳnh",Hoàng Lương,Vũ Quốc Tuấn,Trương Thục Hạnh,Trung tâm Điện ảnh Trẻ,,1992,83 phút,Tiếng Việt,130 triệu VNĐ (1992),170 triệu VNĐ,,,,,,,,,,,,,,,,,,,,,,,,,,Nguyễn Hữu Phần,,,,tt11230880,,,,,,,,,,,,,,,,,,,,,,,,,,,,,,,,,,,,,,,,,,,,,,,,,,11 ca khúc của Trịnh Công Sơn,,,,,,,,,,,,,,,,,,,,,,,,,,,,,,,,,,,,,,,,,,,,,,,,,,,,,,,,,,,,,,,,,,,,,,,,,,,,,,,,,,,,,,,,,,,,,,,,,,,,,,,,,,,,,,,,
Ông cố vấn,film,,,,,,,,,,,,,,,,,,,,,,,,,,,,,,,,,,,,,Lê Dân,,,,,,,,,,,,"Tiếng Việt, Tiếng Pháp, Tiếng Anh, Tiếng Latin",,,,,,,,,,,,,,,,,,,truyền hình,,,,,,,,,,,Việt Nam,,,,,,,,,,,,,,,,,,NgoDienDiemPrayer.jpg,,Hữu Mai,Hữu Mai (tiểu thuyết),,,"Hồng Linh, Võ Chiêu Dũng",,"Hãng phim Hội Nhà Văn, Đài truyền hình Việt Nam, Mỹ Vân Films",,45 phút x 10 tập,,,,,"02 tháng 09, 1996",,,,,,,Phim truyền hình,,,Hãng phim Hội Nhà Văn,"VTV1, VTV3","Việt Nam, Úc, Pháp",2000,292px,,,,,,,,,,,Hà Phạm Phú,,,,Bùi Bình Thi,"Sài Gòn, Huế, Đà Lạt, Hà Nội",,,Phú Quang,,,,,,,,,,,,,VHS,,,,,,,,,,,,,,,,,,,,,,,,,,,,,,,,,,,,,,Mono,,,,,,,,,,,,,,,,,,,,,,,,,,,,,,,,,,,,,,,,,,,,,,,
Cải ơi!,film,,,,,,,,,,,,,,,,,,,,,,,,,,,,,,,,,,,,,Nguyễn Phương Điền,,,,,,,,,,,,Tiếng Việt,,,,,,,,,,,,,,,,,,,"điện ảnh, truyền hình",,,,,,,,,,,Việt Nam,,,,,,,,,,,,,,,,,Cải ơi!,,,Huỳnh Long Hải,Hoài Hương,*Quang Tuấn *Bằng Lăng *Mạc Can,,Trần Đức Long,,Đài Truyền hình Thành phố Hồ Chí Minh,,90 phút,,,,BTV1,"4 tháng 2, 2007",,,,,,,,"""Cải ơi"" và ""Biển đời mênh mông"" của Nguyễn Ngọc Tư",1,Hãng phim Truyền hình Thành phố Hồ Chí Minh,,,,,,,,,,,,,,,,,,Trương Minh Phúc,Đỗ Phú Hải,,,,,,,,,,,,,,,,,,,,,,,,,,,,,,,,,,,,,,,,,,,,,,,,,,,,,,,,,,,,,,,,,,,,,,,,,,,,,,,,,,,,,,,,,,,,,,,,,,,,,,
Lật mặt 2: Phim trường,film,,,,,,,,,,,,,,,,,,,,,,,,,,,,,,,,,,,Lật mặt 2: Phim trường,Áp phích phim,Lý Hải,Lý Hải,,,* Lý Hải * Hứa Minh Đạt * Quốc Thuận * Tiết Cương * Mai Huỳnh * Hiếu Nguyễn * Khả Ngân * Võ Đình Hiếu,Phạm Viết Thanh,Nguyễn Ngọc Cường,Trần Đoàn Phú Tri,,Skyline Media,29 tháng 4 năm 2016,90 phút,Tiếng Việt,15 tỷ VNĐ,80 tỷ VNĐ,,,,,,,,,,,,,,,,,"âm nhạc, điện ảnh, hài, hành động",,,,,,,,Lý Hải,,Lý Hải Production,Việt Nam,,,,,,,,,,,,,,,,,,,,,,,,,,,,,,,,,,,,,,,,,,,,,,,,,,,,,,,,,,,,,,,,,,,,,,,,,,,,,,,,,,,,Lật mặt,Lật mặt: Ba chàng khuyết,,,,,,,,,,,,,,,,,,,,,,,,,,,,,,,,,,,,,,,,,,,,,,,,,,,,,,,,,,,,,,,,,,,,,,,,,,,,,,,
Lật mặt: 48h,film,,,,,,,,,,,,,,,,,,,,,,,,,,,,,,,,,,,Lật mặt: 48h,Áp phích chiếu rạp của phim tại Việt Nam,Lý Hải,* Lý Hải * Trần Minh Hà,,,* Võ Thành Tâm * Ốc Thanh Vân * Huỳnh Đông * Mạc Văn Khoa * Lê Hạ Anh * Lý Hải * Bé Bảo Thy * Quách Ngọc Tuyên * Tiết Cương * Hùng ChilHyun,Music Fine,* Mạnh Cao * Duy Cà Chua * Nguyễn Thái Huân,Huỳnh Trọng Nghĩa,,CJ CGV,"2021, 4, 16, Việt Nam",110 phút,Tiếng Việt,,"156,74 tỷ VND",2021,4,16,Việt Nam,,,,,,,,,,,,,"điện ảnh, hành động, võ thuật",,,,,,,,,Lý Hải,Lý Hải Production,Việt Nam,,,,,,,,,,,,,,,,,,,,,,,,,,,,,,,,,,,,,,,,,,,,,,,,,,,,,,,,,,,,,,,,,,,,,,,,,,,,,,,,,,,,,,,,,,,,,,,,,,,,,,,,,,,,,,,,,,,,,,,,,,,,,,,,,,,,,,,,,,,,,,,,,,,,,,,,,,,,,,,,,,,,
Lều chõng (phim),film,,,,,,,,,,,,,,,,,,,,,,,,,,,,,,,,,,,,,NSƯT Nguyễn Thanh Vân,,,,,,,,,,,,tiếng Việt,,,,,,,,,,,,,,,,,,,truyền hình,,,,,,,,,,,Việt Nam,,,,,,,,,,,,,,,,,,Lều chõng (phim).PNG,,,Lê Ngọc Minh,"Trần Chí Trung, Thu Trang, Duy Khoa, Thiện Tùng, Bảo Yến, NSND Như Quỳnh, NSƯT Khôi Nguyên",,Nguyễn Hữu Tuấn,,,,45 - 50 phút/tập (không bao gồm quảng cáo),,,,,31 tháng 8 năm 2010,,,,,,Lều chõng,Phim truyền hình,,23,"Hãng phim Truyền hình Thành phố Hồ Chí Minh, Đài Truyền hình Thành phố Hồ Chí Minh",HTV9,,10 tháng 10 năm 2010,150px,,,,,tiểu thuyết cùng tên của nhà văn Ngô Tất Tố,,,,,,,,,,,,Wheat,,,,,,,,,,,,,,,,,,,,,,,,,,,,,,,,,,,,,,,,,,,,,,,,,,,,,,,,,,,,,,,,,,,,,,,,,,,,,,,,,,,,,,,,,,,,,,,,,,,,
Huyền thoại 1C,film,,,,,,,,,,,,,,,,,,,,,,,,,,,,,,,,,,,Huyền thoại 1C,,NSND Nguyễn Thanh Vân,,,,"Thiên Bảo, Nhã Uyên, Diệu Thúy, Nguyễn Thanh Nghĩa",,,,,,,,,> 40 tỷ VND,,,,,,,,,,,,,,,,,,"thần thoại, truyền hình",,,,,,,,,"Đoàn Minh Tuấn, Anh Động, Phạm Thùy Nhân",,Việt Nam,,,,,,,,,,,,,,,,,,,,,,,,,,,,45 - 50 phút/tập (không bao gồm quảng cáo),,Phim truyền hình,"Công ty cổ phần Tây Nam Phim (Bộ Văn hóa, Thể thao và Du lịch đặt hàng)",,,22,,HTV9,19 tháng 9 năm 2012,10 tháng 10 năm 2012,,,,,,,,,,,,,,,,,,,,,,,,,Các tỉnh ở vùng Tây Nam Bộ,,,Bảo Chấn,,,,,,,,,,,,,,,,,,,,,,,,Áp phích phim,,,,,,,,,,,,,,,,,,,,,,,,,,,,,,,,,,"Dương Tuấn Anh, Lê Thiên Tài",,,,,,,,,,,,,,,,,,,,,,,,,,,,,,,,,,,,,,,,
Nữ tướng cướp,film,,,,,,,,,,,,,,,,,,,,,,,,,,,,,,,,,,,Nữ tướng cướp,,Lê Hoàng,,Lê Hoàng,,"Lam Trường, Mỹ Duyên, Bằng Lăng",Đức Trí,Đinh Anh Dũng,,Hãng phim Thiên Ngân,Hãng phim Thiên Ngân,tháng 2 năm 2005,104 phút,Tiếng Việt,hơn 3 tỉ VNĐ,,,,,,,,,,,,,,,,,,"chính kịch, điện ảnh",,,,,,,,,,,Việt Nam,,,,,,,,,,,,,,,,,,,,,,,,,,,,,,,,,,,,,,,,,,,,,,,,,,,,,,,,,,,,,,,,,,,,,,,,,,,,,,,,,,,,,,,,,,,,,,,,,,,,,,,,,,,,,,,,,,,,,,,,,,,,,,,,,,,,,,,,,,,,,,,,,,,,,,,,,,,,,,,,,,,,
Biển lửa,film,,,,,,,,,,,,,,,,,,,,,,,,,,,,,,,,,,,Biển lửa,,"Phạm Kỳ Nam, Lê Đăng Thực",,Phù Thăng,,,,Nguyễn Khánh Dư,,Hãng phim truyện Việt Nam,,1966,95 phút,Tiếng Việt,,,,,,,,,,,,,,,,,,,"chiến tranh, chính kịch",,,,,,,,,,,,,,,,,,,,,,,,,,,,,,,,,,,,,,,,,,,,,,,,,,,,,,,,,,,,,,,,,,,,,,,,,,,,,,,,,,,,,,,,,,,,,,,,,,,,,,,,,,,,,,,,,,,,,,,,,,,,,,,,,,,,,,,,,,,,,,,,,,,,,,,,,,,,,,,,,,,,,,,,,,,,,,,
Vĩ tuyến 17 ngày và đêm,film,,,,,,,,,,,,,,,,,,,,,,,,,,,,,,,,,,,,,NSND Hải Ninh,,,,,,,,,,,,Tiếng Việt,,,222px,,,,,,,,,,,,,,,,,,,,,,,,,,,Việt Nam Dân chủ Cộng hòa,,,,,,,,,,,,,,,,,Vĩ tuyến 17 ngày và đêm,Vĩ tuyến 17 ngày và đêm.PNG,,Hãng phim truyện Việt Nam,"Hải Ninh, Hoàng Tích Chỉ","NSND Trà Giang, NSND Lâm Tới, Phi Nga, NSND Đoàn Dũng",,Nguyễn Xuân Chân,,,Tháng 7 năm 1973,180 phút,,,,,,,,,,,,,,,,,,,,,,,,,,,,,,,,,,,,,,,,,,,,,,,,,,,,,,,,,,,,,,,,,,,,,,,,,,,,,,,,,,,,,,,,,,,,,,Giải của Hội đồng hòa bình Thế giới và Giải nữ diễn viên xuất sắc cho Trà Giang tại LHP Quốc tế Moskva 1973,,,,,,,,,,,,,,,,,,,,,,,,,,,,,,,,,,,,,,,,,,
Em bé Hà Nội,film,,,,,,,,,,,,,,,,,,,,,,,,,,,,,,,,,,,,,Hải Ninh,,,,,,,,,,,,Tiếng Việt,,,,,,,,,,,,,,,,,,,"chiến tranh, chính kịch, điện ảnh, tài liệu",,,,,,,,,,Hãng phim truyện Việt Nam,Việt Nam Dân chủ Cộng hòa,,0327681,,,,,,,,,,,,,,,Em bé Hà Nội,Em bé Hà Nội.PNG,Bìa DVD của phim,,"Hoàng Tích Chỉ, Hải Ninh, Vương Đan Hoàn","Lan Hương, Thế Anh, Trà Giang, Kim Xuân, Quỳnh Anh, Hà Văn Trọng",Hoàng Vân,Trần Thế Dân,,,1974,72 phút,,,,,,,,,,,,,,,,,,,,,,,,,,,,,,,,,,,,,,,,,,,,,,,,,,,,,,,,,,,,,,,,,,,,,,,,,,,,,,,,,,,,,,,,,,,,,,,,,,,,,,,,,,,,,,,,,,,,,,,,,,,,,,,,,,,,,,,,
Hoàng Hoa Thám (phim),film,,,,,,,,,,,,,,,,,,,,,,,,,,,,,,,,,,,,,Trần Phương,,,,,,,,,,,,Tiếng Việt,,,,,,,,,,,,,,,,,,,lịch sử,,,,,,,,,,,Việt Nam,,,,,,,,,,,,,,,,,,Hoàng Hoa Thám (phim).jpg,,,Trần Phương,"Đoàn Dũng, Trà Giang",,,,,,120 phút,,,,,1987,,,,,,Hoàng Hoa Thám,,,,Hãng phim truyện Việt Nam,VTV1,Việt Nam,,,,,,,,,,,,,,,,,,"Hà Bắc (tỉnh cũ), nay là Bắc Giang",PaleGreen,,,,,,,,,,,,,,,,,,,,,,,,,,,,,,,,,,,,,,,,,,,,,,,,,,,,,,,,,,,,,,,,,,,,,,,,,,,,,,,,,,,,,,,,,,,,,,,,,,,,
Tình yêu bên bờ vực thẳm,film,,,,,,,,,,,,,,,,,,,,,,,,,,,,,,,,,,,,,"Hải Ninh, Trọng Phan",,,,,,,,,,,,Tiếng Việt,,,,,,,,,,,,,,,,,,,,,,,,,,,,,,Việt Nam,,12171068,,,,,,,,,,,,,,,,,,,"Trần Kim Thành, Lan Khai (tiểu thuyết)",,,Nguyễn Quang Tuấn (quay phim)|Quang Tuấn]],,"Hãng phim truyện Việt Nam, Công ty Cổ phần Bạch Minh",,65 phút,,,,,1992,,,,,,,Phim màu,,,Hãng phim truyện Việt Nam,,Việt Nam,,,,,,,,,,,,,,,,,Hải Ninh,"Hà Tuyên, nay là Tuyên Quang",,,An Thuyên,,,,,,,,,,,,Trần Đình Hiệp,,,,,,,,,,,,,,,,,,,,,,,,,,,,,,,,,,,,,,,,,,,,,,,,,,,,,,,,,,,,Bùi Trần Quyến,,,,,,,,,,,,,,,,,,,,,,,,,,
5S Online,film,,,,,,,,,,,,,,,,,,,,,,,,,,,,,,,,,,,,,"Nguyễn Hữu Trọng (mùa 1-3), Hiếu Vick (mùa 4)",,,,,,,,,,,,,,,,,,,,,,,,,,,,,,,"chính kịch, hài",,,,,,,,,,,,,,,,,,,,,,,,,,,,,,Dàn diễn viên 5S Online mùa 1,,Nhóm 5S Online,"Mạnh Quân , B Trần (Quốc Anh), Hoàng Anh Vũ , Chi Pu, Bình An",,,,,,≥15 phút,,,,,19/4/2012,,,,,,5S Online / 5Plus Online,Hài kịch tình huống,,"603 (mùa 1-2), 130 (mùa 3), 136 (mùa 4)",,,,,,,,,,,,,,,,,,,,,,,,,,,,,,,,,,,,,,,,,,,,,,,,,,2/9/2012 – 24/11/2017,"VTV6 - VTV6 HD (mùa 1, 2), SCTV1 - SCTV HD Hài ""nay là SCTV1 HD"" (mùa 3, 4), H2 (mùa 3), Hưng Yên TV (mùa 3), TVStar - SCTV11 (mùa 3), SNTV.SCTV6 (mùa 3), VTC9 - Let's Viet ""nay là SCTV4 - Let's Viet"" (mùa 3, 4), VTVcab21 - SaoTV-Kênh BiBi+ (mùa 3, 4), MTV Việt Nam (mùa 4), SAM - BTV11 (?)",,,,,,,,,,,,,,,,,,,,,,,,,,,,,,,,,,,,,,,,,,,,,,,,,,,,,,,,,,,,4,https://www.youtube.com/user/5sonlinevietnam,,,,,,,,,,
Hello Cô Ba,film,,,,,,,,,,,,,,,,,,,,,,,,,,,,,,,,,,,Hello Cô Ba,Áp phích của phim.,Nguyễn Quang Minh,"Vũ Thị Bích Liên, Lưu Phước Sang",,,"NSƯT Hoài Linh, Tấn Beo, Kim Thư, Hiếu Hiền, NSND Việt Anh, Thanh Thủy, Lương Thế Thành, Huỳnh Anh Tuấn, NSƯT Trịnh Kim Chi",Tân Rock,"Kiều Phương Giang, Nguyễn Ngọc Hùng, Peter Bo","Tommy Thế Hiển, Hoàng Quân",,Hãng phim Phước Sang,18 tháng 1 năm 2012,"'''Phiên bản điện ảnh''': 90 phút, '''Phiên bản truyền hình''': 45 phút / tập (4 tập)",Tiếng Việt,,25 tỷ VND (sau 1 tuần công chiếu),,,,,,,,,,,,,,,,,"chính kịch, hài, tâm lý, viễn tưởng",,,,,,,,Thạch Tuyền,,Hãng phim Phước Sang,Việt Nam,,,,,,,,,,,,,,,,,,,,,,,,,,,,,,,,,,,,,,,,,,,,,,,,,,,,,,,,,,,,,,,,,,,,,,,280px,,,,,,,,,,,,,,,,,,,,,,,,,,,,,,,,,,,,,,,,,,,,,,,,,,,,,,,,,,,,,,,,,,,,,,,,,,,,,,,,,,,,,,,,,,,,,
Sky Tour (phim 2020),film,,,,,,,,,,,,,,,,,,,,,,,,,,,,,,,,,,,,,,,,,,,,,,,,,Tiếng Việt,,,2020,06,12,,,,,,,,,,,,,,"âm nhạc, tài liệu",,,,,,,,,,M-TP Entertainment,Việt Nam,,,,,,,,,,,,,,,,,Sky Tour,Skytour2020.jpg,Áp phích của phim,M-TP Entertainment,,Sơn Tùng M-TP,"Sơn Tùng M-TP , Onionn",,,CJ CGV,"2020, 06, 12",94 phút,11.6 tỷ VNĐ,,,,,,,,,,,,,,,,,,,,,Sơn Tùng M-TP,,,,,,,,,,,,,,,,,,,,,,,,,,,,,,,,,,,,,,,,,,,,,,,,,,,,,,,,,,,,,,,,,,,,,,,,,,,,,,,,,,,,,,,,,,,,,,,,,,,,,,,,,,,,,,,,,,
Hòa âm Ánh sáng,film,,,,,,,,,,,,,,,,,,,,,,,,,,,,,,,,,,,,,Nguyễn Hữu Thanh,,,,,,,,,,,,Tiếng Việt,,,,,,,,,,,,,,,,,,,,,,,,,,,,,,Việt Nam,http://hoaamanhsang.vn/,,,,,,,,,,,,,,,,,300px,Logo của chương trình.,,,,,,,,,"120 phút (cùng quảng cáo) , 150 phút (cùng quảng cáo) (The Heroes mùa 1) , 60 phút (cùng quảng cáo) (The Heroes mùa 2)",,,,,"25 tháng 1, 2015",,,,,,Hòa âm Ánh sáng,Chương trình âm nhạc tương tác,,15,"Đài Truyền hình Việt Nam, Công ty truyền thông Cát Tiên Sa",VTV3,,"28 tháng 4, 2017 (phiên bản Hòa âm Ánh sáng) , 23 tháng 5, 2021 - 27 tháng 11, 2021; 2022 (phiên bản Thần tượng đối thần tượng)",,,,,,,,,,,''The Remix'',GreyMatter Entertainment,Minh Hiếu,5,"Nguyễn Thị Long An (The Remix) , Trần Thúy An (The Heroes)",,Thành phố Hồ Chí Minh,,Hồ Hoài Anh,,,,,,,,,,,,,,"(480i/576i) (SDTV), (1080i) (HDTV)",,,,,,,,,,,,,,,,,,,,,,,,,,,,,,,,,,,"Hòa âm ánh sáng: Nguyên Khang - Vũ Ngọc Hoàng Oanh (Mùa 1), Thành Trung (Mùa 2 và Mùa 3), Yến Trang (Mùa 2), Quỳnh Chi (Mùa 3), Thần tượng đối thần tượng: Phí Linh","Lưu Thiên Hương, Nguyễn Hải Phong (mùa 1-2, Master The Heroes), Hồ Ngọc Hà, Sơn Tùng M-TP (mùa 2), Nguyễn Hoàng Anh, Võ Thiện Thanh, Dương Khắc Linh, Hồ Hoài Anh, Hà Lê (Master The Heroes mùa 1), Nimbia (Master The Heroes mùa 1) , Khắc Hưng (Master The Heroes mùa 1) , Thanh Hà (Master The Heroes mùa 2) , Phương Uyên (Master The Heroes mùa 2) , Châu Đăng Khoa (Master The Heroes mùa 2) , Đỗ Hiếu (Master The Heroes mùa 2) , Đoàn Minh Vũ (Master The Heroes mùa 2) , Only C (Master The Heroes mùa 2) , Erik (Master The Heroes mùa 2)",,,,,,,,,,,,,,,,,,,,,,,,,,,,,,,,,,,,,,,,#Các đêm diễn,,,,,,,,,
Xin hãy tin em (phim truyền hình),film,,,,,,,,,,,,,,,,,,,,,,,,,,,,,,,,,,,,,Đỗ Thanh Hải,,,,"Lệ Hằng, Lê Vũ Long, Hoa Thúy, Thúy Nga, Xuân Tùng",,,,,,,,tiếng Việt,,,,,,,,,,,,,,,,,,,truyền hình,,,,,,,,,"Đặng Diệu Hương, Đỗ Thanh Hải",,Việt Nam,,,,,,,,,,,,,,,,,Xin hãy tin em,220px,,,,,,,,,,75 phút/tập (không bao gồm quảng cáo),,Phim truyền hình,"Trung tâm Phim truyền hình Việt Nam, Đài Truyền hình Việt Nam",,,,,VTV3,1997,,,,,3,,,,,,,,,,truyện ngắn cùng tên của nhà văn Nguyễn Thị Thu Huệ,,,,,,,,,,,,,,,,,,,,,,,,,,,,,Áp phích phim,,,,,,,,,,,,,,Xuân Phương,,,,''Mong ước kỷ niệm xưa'',,,,,,,,,,,,,,,,,,,,,,,,,,,,,,,,,,,,,,,,,,,,,,,,,,,,,,,,,,,,,,,,,
Chuyện phố phường,film,,,,,,,,,,,,,,,,,,,,,,,,,,,,,,,,,,,,,"Phạm Thanh Phong, Nguyễn Danh Dũng",,,,,,,,,,,,tiếng Việt,,,,,,,,,,,,,,,,,,,truyền hình,,,,,,,,,,,Việt Nam,,,,,,,,,,,,,,,,,,230px,,,"Phạm Thanh Phong, Phạm Ngọc Tiến","Hà Văn Trọng, Duy Hậu, Tùng Dương, Võ Hoài Nam, Vi Cầm, Xuân Tùng, Lệ Hằng, Thanh Quý",,,,,,45 phút/tập (không bao gồm quảng cáo),,,,,2004,,,,,,Chuyện phố phường,Phim truyền hình,,22,"Trung tâm Phim truyền hình Việt Nam, Đài Truyền hình Việt Nam",VTV1,,,,,,,,,,,,,,,,,,,,Pink,,Trọng Đài,,Chuyện phố phường,Anh thơm râu rồng,Trò đùa của số phận,,,,,,,,,,,,,,,,,,,,,,,,,,,,,,,,,,,,,,,,,,,,,,,,,,,,,,,,,,,,,,,,,,,,,,,,,,,,,,,,,,,,,,,,,,,,,,
Con mắt bão,film,,,,,,,,,,,,,,,,,,,,,,,,,,,,,,,,,,,,,"Văn Lượng ((tđd, kiêm tổng đạo diễn)), Nguyễn Ngọc Thùy",,,,,,,,,,,,Tiếng Việt,,,,,,,,,,,,,,,,,,,"chiến tranh, truyền hình",,,,,,,,,,,Việt Nam,,,,,,,,,,,,,,,,,Con mắt bão,,,Phạm Hữu Trai,Nguyễn Khắc Phục,* Cao Khải * Trọng Hùng * Bùi Thanh Lê * Nhung Kate * Hữu Trà * Viết Liên,,Cồ Huy Sáng,,Đài Phát thanh – Truyền hình Hải Phòng,,,,,,,,,,,,,,,,20,Xưởng phim Truyền hình Hải Phòng (HFS),,Việt Nam,,,,,,,,,,,,,,,1,Bùi Hoàng Việt,,,,,,,,,,,,,,,,,"Vũ Quốc Tuấn, Trang Công Minh, Phạm Thanh Tùng",,,,,,,,,,,,,,,,,Hoàng Lương,,,,,,,,,,,,,,,,,,,,,,,,,,,,,,,,,,,,,,,,,,,,,,,,,,,,,,,,,,,,,,,,,,,,,
Siêu trộm,film,,,,,,,,,,,,,,,,,,,,,,,,,,,,,,,,,,,Siêu trộm,,Trần Hàm,,,,"Petey Majik Nguyễn, Nhung Kate, Teo Yoo, Mai Thế Hiệp, Lâm Thanh Mỹ, Suboi, Thành Phạm, Ngô Thanh Vân",,,,,"BHD, Galaxy Cinema Việt Nam, CGV Cinema Việt Nam, Lotte Cinema Việt Nam",4 tháng 2 năm 2016 (Việt Nam),90 phút,Tiếng Việt,,,,,,,,,,,,,,,,,,,"chính kịch, điện ảnh, hài, hành động",,,,,,,,,,"BHD, K+, Vietnam Studio",Việt Nam,,,,,,,,,,,,,,,,,,,,Mai Thế Hiệp,"Trần Hàm, Anderson Lê, Scott Nguyễn",,,"Trang Công Minh, Kevin Phạm",,,,,,,,,,,,,,,,,,,,,,,75px,,,,,,,,,,,,,,,,,,,,,,,,,,,,,,,,,,,,,,,,,,,,,,,,,,,,,,,,,,,,,,,,,,,,,,,,,,,,,,,,,,,,,,,,,,,,,,,,,,,,,,,,,,,,,,,,,,,,,
Hoang tưởng (phim),film,,,,,,,,,,,,,,,,,,,,,,,,,,,,,,,,,,,,,"Nguyễn Anh Thái, Văn Xuân",,,,,,,,,,,,Tiếng Việt,,,,,,,,,,,,,,,,,,,điện ảnh,,,,,,,,,,,Việt Nam,,,,,,,,,,,,,,,,,,,,,Duy Khánh,,,"Nguyễn Hữu Tuấn, Hà Mùi",,,,80 phút,,,,,1988,,,,,,Hoang tưởng,Phim màu,,,Hãng phim truyện Việt Nam,,Việt Nam,,,,,,,,,,,,,,,,,Nguyễn Trần Kỳ,"Hà Nội, Hòa Bình",Pink,Phạm Đình Thanh,Cát Vận,,,,,,,,,,,,"Đinh Thành, Lê Nguyên Thủy",,,,,,,,,,,,,,,,,Cao Việt Bách,,,,,,,,,,,,,,,,,,,,,,,,,,,,,,,,,,,,,,,,,,,Chu Tiến Dũng,,,,,,,,,,,,,,,,,,"Nguyễn Anh Thái, Hoàng Dũng, Như Quỳnh, Duy Hậu, Thu Hà",,,,,,,,
Chuyện nhà Mộc,film,,,,,,,,,,,,,,,,,,,,,,,,,,,,,,,,,,,,,Trần Lực,,,,,,,,,,,,tiếng Việt,,,,,,,,,,,,,,,,,,,truyền hình,,,,,,,,,,,Việt Nam,,,,,,,,,,,,,,,,,,222px,,,Đỗ Trí Hùng,"NSƯT Hải Điệp, Nguyễn Hòa, Như Trang, Chí Nghĩa, Xuân Bắc",,,,,,80 phút/tập (không bao gồm quảng cáo),,,,,1998,,,,,,Chuyện nhà Mộc,Phim truyền hình,,2,"Trung tâm Phim truyền hình Việt Nam, Đài Truyền hình Việt Nam",Đài Truyền hình Việt Nam,Việt Nam,,,,,,,,,,,,,,,,,,,PaleGreen,,"""Cô Tấm ngày nay"" bởi Khánh Linh",,,,,,,,,,,,,,,,,,,,,,,,,,,,,,,,,,,,,,,,,,,,,,,,,,,,,,,,,,,,,,,,,,,,,,,,,,,,,,,,,,,,,,,,,,,,,,,,,,
Cầu thang nhà A6,film,,,,,,,,,,,,,,,,,,,,,,,,,,,,,,,,,,,,,Trịnh Lê Văn,,,,,,,,,,,,tiếng Việt,,,,,,,,,,,,,,,,,,,truyền hình,,,,,,,,,,,Việt Nam,,,,,,,,,,,,,,,,,,,,,Nguyễn Hữu Luyện,"Trịnh Thịnh, Thanh Năng, Thanh Thủy, Quốc Khánh, Minh Quốc",,,,,,75 phút/tập,,,,,1998,,,,,,Cầu thang nhà A6,Phim truyền hình,,5,"Trung tâm Phim truyền hình Việt Nam, Đài Truyền hình Việt Nam",VTV1,,,,,,,,,,,,,,,,,,,,DeepSkyBlue,,,,,,,,,,,,,,,,,,,,,,,,,,,,,,,,,,,,,,,,,,,,,,,,,,,,,,,,,,,,,,,,,,,,,,,,,,,,,,,,,,,,,,,,,,,,,,,,,,,,
Đội đặc nhiệm nhà C21,film,,,,,,,,,,,,,,,,,,,,,,,,,,,,,,,,,,,,,Vũ Hồng Sơn,,,,"Tuấn Long, Đức Thịnh, Tùng Lâm, Quang Tú, Thanh Hải",,,,,,,,tiếng Việt,,,,,,,,,,,,,,,,,,,truyền hình,,,,,,,,,,,Việt Nam,,,,,,,,,,,,,,,,,,DoidacnhiemnhaC21.jpg,,,Lê Tấn Hiển,,,,,,,70 phút x 9 tập,,,,,1998,,,,,,Đội đặc nhiệm nhà C21,Phim truyền hình,,,VFC,VTV3,,,,,,,,,,,,,,,,,,,,PaleGreen,,,,,,,,,,,,,,,,,,,,,,,,,,,,,,,,,,,,,,,,,,,,,,,,,,,,,,,,,,,,,,,,,,,,,,,,,,,,,,,,,,,,,,,,,,,,,,,,,,,,
Chạy án,film,,,,,,,,,,,,,,,,,,,,,,,,,,,,,,,,,,,,,Vũ Hồng Sơn,,,,,,,,,,,,tiếng Việt,,,,,,,,,,,,,,,,,,,"hình sự, truyền hình",,,,,,,,,,,Việt Nam,,,,,,,,,,,,,,,,,Chạy án,Chay an VN.gif,,"Trung tâm Phim truyền hình Việt Nam, Đài Truyền hình Việt Nam",Nguyễn Như Phong,"Việt Anh, Phan Hòa, Lê Dũng Nhi, Hương Dung, Nguyễn Văn Báu",,,,,,45 phút/tập (không bao gồm quảng cáo),,Phim truyền hình,,VTV1,,,,,"18 tháng 9 năm 2006 - 24 tháng 10 năm 2006 (phần 1), 28 tháng 4 năm 2008 - 13 tháng 6 năm 2008 (phần 2)",,,,,"22 (phần 1), 27 (phần 2)",,,,,230px,,,,,,,,,,,,,,,,,,,,,,,,,,,,,,,,,"Tiểu thuyết cùng tên, Nguyễn Như Phong",,,,,,,,,,,,,,,,,,,,,,,,,,,,,,,,,,,,,,,,,,,,,,,,,,,,,,,,,,,,,,,,,,,,,,,,,,,,,,,,,,,,
Chỉ có thể là yêu (phim truyền hình Việt Nam),film,,,,,,,,,,,,,,,,,,,,,,,,,,,,,,,,,,,,,Vũ Minh Trí,,,,"Việt Anh, Linh Phương, Hồng Đăng, Thạch Thu Huyền",,,,,,,40 - 45 phút/tập (không bao gồm quảng cáo),Tiếng Việt,,,,,,,,,,,,,,,,,,,truyền hình,,,,,,,,,"Nguyễn Thu Thủy, Giáp Kiều Hưng, Trịnh Khánh Hà, Trịnh Đan Phượng, Trịnh Cẩm Hằng",,Việt Nam,,,,,,,,,,,,,,,,,,Tập tin:Poster Chi co the la yeu vtv.jpg,,,,,,,,,,,,Phim truyền hình,"Trung tâm Phim truyền hình Việt Nam, Đài Truyền hình Việt Nam",,31 tháng 12 năm 2013,32,,VTV3,,,,,,,,,,12 tháng 3 năm 2014,,,,,,Tiểu thuyết cùng tên của Hân Như,,,,,,,,,,,,,,Phùng Tiến Minh,Chỉ có thể là yêu,,,,,,,,,,,,,,,,,Khi yêu đừng hỏi tại sao,Vừa đi vừa khóc,,,,,,,,,,,,,,,,,,,,,,,,,,,,,,,,,,,,,,,,,,,,,,,,,,,,,,,,,,,,,,,,,,,,,,,,,,,,,,,
Những nhân viên gương mẫu,film,,,,,,,,,,,,,,,,,,,,,,,,,,,,,,,,,,,,,"Vũ Trường Khoa, Lê Mạnh",,Nguyễn Mạnh Cường,,,,,,,,,,tiếng Việt,,,,,,,,,,,,,,,,,,,"chính kịch, truyền hình",,,,,,,,,,,Việt Nam,,,,,,,,,,,,,,,,,,Nhungnhanvienguongmaiposter.jpeg,,,,"Lan Hương, Lương Thu Trang, Diễm Hương, Minh Hằng, Tiến Lộc, Mạnh Cường, Vân Dung, Nguyễn Kim Oanh",,,,,,30-40 phút/tập (có bao gồm quảng cáo),,,,,13 tháng 8 năm 2019 – 1 tháng 11 năm 2019,,,,,,Những nhân viên gương mẫu,Phim truyền hình,,51,"Trung tâm Phim truyền hình Việt Nam, Đài Truyền hình Việt Nam",VTV1,,,,,,,,,,,,,,,,,,,,,,,''Những nhân viên gương mẫu'',,Về nhà đi con,Sinh tử,,,,,,,,,,,,,,,,,,,,,,,,,,,,,,,,,,,,,,,,,,,,,,,,,,,,,,,,,,,,,,,,,,,,,,,,,,,,,,,,,,,,,,,,,,,,,,
Song song (phim),film,,,,,,,,,,,,,,,,,,,,,,,,,,,,,,,,,,,Song song,,Nguyễn Hữu Hoàng,,,,"Nhã Phương , Trương Thế Vinh , Tiến Luật , Thuận Phát , Khương Ngọc , Hoàng Phi","Zach Sch , Phạm Hải Âu",,Nguyễn Thiên Ân,,CJ HK Entertainment,2 tháng 4 năm 2021,105 phút,Tiếng Việt,,"3,4 tỷ đồng",,,,,,,,,,,,,,,,,"tâm lý, viễn tưởng",,,,,,,,,Trang Đào,"CJ HK Entertainment , Wallsound",Việt Nam,,,,,,,,,,,,,,,,,,,Áp phích chính thức của phim,,,,,,,,,,,,,,,,,,,,,,,,,,,,,,,,,,,,,,,,,,,,,,,,,,,,,,,,,,,,,,,,,,,,,,,,,,,,,,,,,,,,,,,,,,,,,,,,,,,,,,,,,,,,,,,,,,,,,,,,,,,,,,,,,,,,,,,,,,,,,,,,,
"Bi, đừng sợ!",film,,,,,,,,,,,,,,,,,,,,,,,,,,,,,,,,,,,"Bi, đừng sợ!",,Phan Đăng Di,* Claire-Agnès Lajoumard * Nguyễn Hoàng Điệp * Phan Đăng Di * Nguyễn Bảo Mai * Oliver Ropke,,,* NSND Trần Tiến * Phan Thành Minh * Kiều Trinh * Hà Phong * Hoa Thúy * NSƯT Mai Châu,Vũ Nhật Tân,Phạm Quang Minh,Julie Beziau,,,"2010, 5, 19, Cannes, 2011, 3, 18, Việt Nam",91 phút,Tiếng Việt,,600 triệu VND,2010,5,19,Cannes,2011,3,18,Việt Nam,,,,,,,,,,,,,,,,,,Phan Đăng Di,* Acrobates Films * Arte France Cinéma * Sudest-dongnam Production * BHD * Vblock Media * TR9 Film,Việt Nam,,,,,,,,,,,,,,,,,,,,,,,,,,,,,,,,,,,,,,,,,,,,,,,,,,,,,,,,,,,,,,,,,,,,,,,,,,,,,,,,,,,,,,,,,,,,,,,,,,,,,,,,,,,,,,,,,,,,,,,,,,,,,,,,,,,,,,,,,,,,,,,,,,,,,,,,,,,,,,,,,,,,
Bình minh đỏ (phim),film,,,,,,,,,,,,,,,,,,,,,,,,,,,,,,,,,,,Bình minh đỏ,,"NSND Nguyễn Thanh Vân, Trần Chí Thành",,,,* Phạm Quỳnh Anh * Phạm Bảo Hân * Hà Phương Anh * Hoàng Bích Phượng * Trần Việt Hoàng * NSND Quốc Trị * NSƯT Bùi Minh Phương,Đặng Hữu Phúc,Đoàn Anh Phương,"Nguyễn Vinh Quốc, Phạm Anh Thắng",Hãng phim Hội điện ảnh Việt Nam (HODAFILM),,(chưa phát hành),109,Tiếng Việt,,,,,,,,,,,,,,,,,,,"chiến tranh, chính kịch, điện ảnh",,,,,,,,,Nguyễn Thị Minh Nguyệt,,Việt Nam,,,,,,,,,,,,,,,,,,Bình minh đỏ (2021 phim).jpg,Áp phích của phim,,,,,,,,,,,,,,,,,,,,,,,,,,,,,,,,,,,,,,,,,,,,,,,,,,,,,,,,,,,,,,,,,,,,,,,,,,,,,,,,,,,,,,,,,,,,,,,,,,,,,,,,,,,,,,,,,,,,,,,,,,,,,,,,,,,,,,,,,,,,,,,,,
11 tháng 5 ngày,film,,,,,,,,,,,,,,,,,,,,,,,,,,,,,,,,,,,,,"Nguyễn Đức Hiếu, Lê Đỗ Ngọc Linh",,,,"Khả Ngân, Thanh Sơn, Hà Trung, Lương Thanh, Vân Dung, Quang Thắng, Phan Ngọc Lan, Mạnh Cường, Minh Hương, Tuấn Tú, Anh Thơ",,,,,,,45-50 phút/tập (có bao gồm quảng cáo),tiếng Việt,,,,,,,,,,,,,,,,,,,truyền hình,,,,,,,,,"Lại Phương Thảo, Vy Trần, Diệu Linh",,Việt Nam,,,,,,,,,,,,,,,,,,11thang5ngayposter.jpeg,,,,,,Trần Kim Vũ,,,,,,Phim truyền hình,"Trung tâm Phim truyền hình Việt Nam, Đài Truyền hình Việt Nam",,,46,,,28 tháng 7 năm 2021 - 10 tháng 11 năm 2021,,,,,,,VTV3,,,250px,,,,,,,,,,,,,,,,,,,"''Gác lại âu lo'', ''11 tháng 5 ngày''",,,Mùa hoa tìm lại,Thương ngày nắng về (phần 1),,,,,,,,,,,,,,,,,11 tháng 5 ngày,,,,,,,'''''Điều em chưa biết''''',,,,,,,,,,,,,,,,,,,,,,,,,,,,,,,,,,,,,,,,,,,,,,,,,,,,,,,,,,,,,,,,,,,,,,
Món quà của cha,film,,,,,,,,,,,,,,,,,,,,,,,,,,,,,,,,,,,Món quà của cha,,Vũ Minh Trí,,,,"Võ Hoài Nam, Minh Hòa, Tuấn Tú, Nguyễn Hương Giang, Nguyễn Ngọc Huyền, Lưu Duy Khánh",,,,,,,45 – 50 phút/tập (không bao gồm quảng cáo),tiếng Việt,,,,,,,,,,,,,,,,,,,"âm nhạc, truyền hình",,,,,,,,,,,Việt Nam,,,,,,,,,,,,,,,,,,Món quà của cha áp phích phim.jpg,,,"Nguyễn Ngọc Quỳnh Chi, Đặng Thu Hà, Hiểu Anh",,"''Mong ước cho con'', ''Ave Maria'', ''Gió gánh đò đưa'', ''Cha và con gái'', ''Sẽ mãi một tình yêu''",Dương Tuấn Anh,,,,,,Phim truyền hình,,,,21,,VTV3,17 tháng 7 năm 2023,30 tháng 8 năm 2023,,,,,"Trung tâm Phim truyền hình Việt Nam, Đài Truyền hình Việt Nam",,,,,,,,,,,,,,,,,,,,,,,,,,Cuộc đời vẫn đẹp sao,Cảnh sát hình sự: Biệt dược đen,,,,,,,,,,,,,,,,,,,,,,,,,,,,,,,,,,,,,,,,,,,,,,,,,,,,,,,,,,,,,,,,,,,,,,,,,,,,,,,,,,,,,,,,,,,,,,
Đường thư (phim),film,,,,,,,,,,,,,,,,,,,,,,,,,,,,,,,,,,,,,Bùi Tuấn Dũng,,,,,,,,,,,,Tiếng Việt,,,,,,,,,,,,,,,,,,,chiến tranh,,,,,,,,,Đoàn Minh Tuấn,,Việt Nam,,,,,,,,,,,,,,,,,Đường thư,,,Vương Đức,,"Quốc Tuấn, Tuấn Tú, Lưu Hà",Hoàng Lương,Vũ Đức Tùng,,,2005,,,,,,,,,,,,,,,,,,,,,,,,,,,,,,,,,,,,,,,,,,,,,,,,,,,,,,,,,,,,,,,,,,,,,,,,,,,,,,,,,,,,,,,,,,,,,,,,,,,,,,,,,,,,,,,,,,,,,,,,,,,,,,,,,,,,,,,,,
Sống mãi với thủ đô (phim),film,,,,,,,,,,,,,,,,,,,,,,,,,,,,,,,,,,,,,"Lê Đức Tiến, Nguyễn Thế Vĩnh",,,,,,,,,,,,"Tiếng Việt, Tiếng Pháp, Tiếng Anh",,,,,,,,,,,,,,,,,,,chiến tranh,,,,,,,,,,,Việt Nam,,,,,,,,,,,,,,,,,,Sống mãi với thủ đô (phim).jpg,Nhan đề phim.,"Nguyễn Văn Hải, Đỗ Gia Bính","Lê Phương, Trịnh Thanh Nhã, Nguyễn Huy Tưởng (tiểu thuyết)",,,"Trần Trung Nhàn, Trần Hùng",,Công ty Nghe nhìn Hà Nội,,45 phút x 12 tập,,,,,1996,,,,,,Sống mãi với thủ đô,Phim truyền hình,,,"Công ty Nghe nhìn Hà Nội, Hãng phim truyện Việt Nam","Hanoi TV, VTV1, VTV3, VCTV2, VTC1, HTV7",Việt Nam,,292px,,,,,,,,,,,,,,,"Lê Xuân Hội, Đỗ Gia Bính, Huyền Sơn",Hà Nội,Red,,"Hoàng Hà, Hoàng Lương",,,,,,,,,,,,"Lê Quang Hưng, Vũ Đình Huỳnh",,,,,,,,,,,,,,,,,,,,,,,,,,,,,,,,,,,,,,,,,,,,,,,,,,,''Quyết tử cho tổ quốc quyết sinh'',,,,,,,,,"Trọng Phan, Bùi Trần Quyển",,,,,,,,http://havisco.com.vn/san-xuat-cac-the-loai-phim,,,,,,,,,,"Hương Dung, Trung Hiếu, Minh Hằng, Tiến Hợi, Trần Nhượng, Tuấn Dương, Đình Chiến, Hoàng Dũng",,,,,,,,
Hà Nội mùa Đông năm 46,film,,,,,,,,,,,,,,,,,,,,,,,,,,,,,,,,,,,,,"Đặng Nhật Minh, Phạm Nhuệ Giang, Nguyễn Hữu Mười, Thái Ninh",,,,,,,,,,,,"Tiếng Việt, Tiếng Pháp",,,,,,,,,,,,,,,,,,,"chiến tranh, truyền hình",,,,,,,,,,,Việt Nam,,0125129,,,,,,,,,,,,,,,,Hà Nội mùa Đông năm 46.PNG,Bích chương.,,"Đặng Nhật Minh, Hoàng Nhuận Cầm",,,Vũ Quốc Tuấn,,"Hãng phim truyện Việt Nam, Hãng phim Phương Nam, Đài Truyền hình Việt Nam, Đài Truyền hình Thành phố Hồ Chí Minh",,95 phút,,,,,"12 tháng 12, 1997",,,,,,Hà Nội mùa đông năm 46,Phim màu,,1,Hãng phim truyện Việt Nam,"VTV1, HTV7","Việt Nam, Canada, Nhật Bản, Ấn Độ, Canada, Úc, Pháp, Mexico",,292px,,,,,,,,,,,,,,,"Nguyễn Kim Cương, Xuân Hòa","Hà Nội, Hải Phòng",Red,,Đỗ Hồng Quân,Bác Hồ một tình yêu bao la,"Tiến quân ca, Văn Cao",,,,,,,,,,Trần Anh Phương,SD,,,,,,,,,,,,,"Tháng 3, 1999",,,,,,,,,,,,,,,,,,,,,,,,,,,,,,,,,,,,Đức Trung,,,,,,,,,,Vũ Văn Nha,,,,,,,,,,,,,,,,,,,,,,,,,,
Đảo độc đắc - Tử mẫu Thiên linh cái,film,,,,,,,,,,,,,,,,,,,,,,,,,,,,,,,,,,,Đảo độc đắc - Tử mẫu Thiên linh cái,,Lê Bình Giang,,,,"Sam, Tiểu Vy, Phương Lan, Trần Nghĩa, Trần Phong, Minh Dự, Tân Trề, Lê Huỳnh, Hoàng Yến Chibi, Steven Nguyễn",,,,,"Lotte Entertaiment, HKFilm","2022, 12, 23, Việt Nam",,Tiếng Việt,,"7,9 tỉ đồng",2022,12,23,Việt Nam,,,,,,,,,,,,,"kinh dị, tâm lý",,,,,,,,,,,Việt Nam,,,,,,,,,,,,,,,,,,,Áp phích phim tại rạp.,,,,,,,,,,,,,,,,,,,,,,,,,,,,,,,,,"Vụ án Thiên Linh Cái, Bùa ngải",,,,,,,,,,,,,,,,,,,250px,,,,,,,,,,Áp phích phim tại Việt Nam,,,,,,,,,,,,,,,,,,,,,,,,,,,,,,,,,,,,,,,,,,,,,,,,,,,,,,,,,,,,,,,,,,,,,,,,,,,,,,,,,,,
Cho em một ngày vui,film,,,,,,,,,,,,,,,,,,,,,,,,,,,,,,,,,,,Cho em một ngày vui,,Bùi Huy Thuần,,Du An,,*Tuấn Quang *Thanh Thúy *Duy Thanh *Bá Cường,Vũ Thảo,Lê Mạnh,,Trung tâm Phim truyền hình Việt Nam,Đài Truyền hình Việt Nam,2007,79 phút,Tiếng Việt,,,,,,,,,,,,,,,,,,,"điện ảnh, lãng mạn, truyền hình",,,,,,,,,,,Việt Nam,,,,,,,,,,,,,,,,,,,,,,,,,,,,,,,,,,,,,,,,,,,,,,,,,,,,,,,,,,,,,,,,,,,,,,,,,,,,,,,,,,,,,,,,,,,,,,,,,,,,,,,,,,,,,,,,,,,,,,,,,,,,,,,,,,,,,,,,,,,,,,,,,,,,,,,,,,,,,,,,,,,,
Cỏ lau,film,,,,,,,,,,,,,,,,,,,,,,,,,,,,,,,,,,,Cỏ lau,,Vương Đức,,Lê Hoài Nguyên,,* Đơn Dương * Minh Châu * Thương Thương Huyền * Trần Hạnh * Hồng Sơn * Quang Hải,Đỗ Hồng Quân,Bùi Trung Hải,"Lê Vinh Quốc, Nguyễn Thúy Bình",Hãng Phim truyện Việt Nam,,1994,89 phút,Tiếng Việt,,,,,,,,,,,,,,,,,,,điện ảnh,,,,,,,,,,,Việt Nam,,,,,,,,,,,,,,,,,,,,,,,,,,,,,,,,,,,,,,,,,,,,,,,,,,,,"""Cỏ lau"" của Nguyễn Minh Châu",,,,,,,,,,,,,,,,,,,,,,,,,,,,,,,,,,,,,,,,,,,,,,,,,,,,,,,,,,,,,,,,,,,,,,,,,,,,,,,,,,,,,,,,,,,,,,,,,,,,,,,,,,,,,,,,
Những người sống bên tôi,film,,,,,,,,,,,,,,,,,,,,,,,,,,,,,,,,,,,,,Đặng Tất Bình,,,,,,,,,,,,"Tiếng Việt, Tiếng Nga, Tiếng Pháp, Tiếng Anh",,,,,,,,,,,,,,,,,,,,,,,,,,,,,,Việt Nam,,,,,,,,,,,,,,,,,,Những người sống bên tôi.jpg,,,"Nguyễn Khải Hưng, Đặng Tất Bình",,,,,Mỹ Vân Films,,70 phút x 10 tập,,,,,1996,,,,,,,Phim truyền hình,,,VFC,VTV3,Việt Nam,1997,292px,,,,,,,,,,,,,,,,Hà Nội,,,Tuấn Phương,,,,,,,,,,,,Trần Quốc Dũng,,,,,,,,,,,,,,,,,,,,,,,,,,,,,,,,,,,,,,,,,,,,,,,,,,,,,,,,,,,,,,,,,,,,,,,,,,,,,,,,,,,,,,
Ngày trở về,film,,,,,,,,,,,,,,,,,,,,,,,,,,,,,,,,,,,,,,,,,,,,,,,,,,,,,,,,,,,,,,,,,,,,,,,,,,,,,,,,,,,,,,,,,,,,,,,,,,,,,,,,,,,90 - 105 phút,,,,"VTV4, VTV1",2 tháng 2 năm 2011,11,,,,,Ngày trở về,Truyền hình thực tế,,,,,,nay,,,,,,,,,,,,"Đài Truyền hình Việt Nam, VTV4",,,,,,,,,,,,,,,,,,,,,"576i (SDTV), 1080i (HDTV)",,,,,,,,,,,,,,,,,,,,,,,,,,,,,,,,,,,"Nguyễn Khắc Nguyện, Hoài Anh, Lê Hoàng Linh, Hoài Lương, Trần Thùy Dương, Trần Hạnh Phúc, Phạm Vĩnh Phú",,,,,,,,,,,,,,,,,,,,,,,,,,,,,,,,,,,,,,,,,,,,,,,,,,
Những người thợ xẻ (phim),film,,,,,,,,,,,,,,,,,,,,,,,,,,,,,,,,,,,Những người thợ xẻ,,Vương Đức,Trần Thượng Đích,,,"Quốc Trị, Lê Vũ Long, Vũ Đình Thân, Thu Hà",Đỗ Hồng Quân,Vũ Quốc Tuấn,"Trần Anh Hoa, Nguyễn Ngọc Nga",Hãng phim truyện Việt Nam,,1998,78 phút,tiếng Việt,,,,,,,,,,,,,,,,,,,chính kịch,,,,,,,,,Sơn Trang,,Việt Nam,,,,,,,,,,,,,,,,,,,,,,,,,,,,,,,,,,,,,,,,,,,,,,,,,,,,''Những người thợ xẻ'' của Nguyễn Huy Thiệp,,,,,,,,,,,,,,,,,,,,,,,,,,,,,,,,,,,,,,,,,,,,,,,,,,,,,,,,,,,,,,,,,,,,,,,,,,,,,,,,,,,,,,,,,,,,,,,,,,,,,,,,,,,,,,,,
Người thổi tù và hàng tổng,film,,,,,,,,,,,,,,,,,,,,,,,,,,,,,,,,,,,,,Phi Tiến Sơn,,,,,,,,,,,,tiếng Việt,,,,,,,,,,,,,,,,,,,truyền hình,,,,,,,,,,,Việt Nam,,,,,,,,,,,,,,,,,,222px,,,Lê Công Hội,"Quốc Tuấn, Khánh Huyền, Hán Văn Tình, Văn Hiệp, Ngọc Tuyết",,,,,,80 phút (không bao gồm quảng cáo),,,,,1999,,,,,,Người thổi tù và hàng tổng,Phim truyền hình,,5,"Trung tâm Phim truyền hình Việt Nam, Đài Truyền hình Việt Nam",VTV3,,,,,,,,,,,,,,,,,,,,PaleGreen,,,,,,,,,,,,,,Hà Sơn,,,,,,,,,,,,,,,,,,,,,,,,,,,,,,,,,,,,,,,,,,,,,,,,,,,,,,,,,,,,,,,,,,,,,,,,,,,,,,,,,,,,,,
Vào Nam ra Bắc,film,,,,,,,,,,,,,,,,,,,,,,,,,,,,,,,,,,,Vào Nam ra Bắc,,Phi Tiến Sơn,Nguyễn Thế Dũng,Phi Tiến Sơn,,*Lê Hồng Quang *Bảo Thanh *Đức Sơn,Hoàng Lương,Nguyễn Đức Nghiêm,Nguyễn Việt Hương,Hãng Phim truyện I,,năm 2000,82 phút,Tiếng Việt,,,,,,,,,,,,,,,,,,,"chính kịch, điện ảnh",,,,,,,,,,,Việt Nam,,,,,,,,,,,,,,,,,,,,,,,,,,,,,,,,,,,,,,,,,,,,,,,,,,,,,,,,,,,,,,,,,,,,,,,200px,,,,,,,,,,,,,,,,,,,,,,,,,,,,,,,,,,,,,,,,,,,,,,,,,,,,,,,,,,,,,,,,,,,,,,,,,,,,,,,,,,,,,,,,,,,,,
Kẻ không cầu may,film,,,,,,,,,,,,,,,,,,,,,,,,,,,,,,,,,,,,,NSND Bạch Diệp,,,,,,,,,,,,tiếng Việt,,,,,,,,,,,,,,,,,,,truyền hình,,,,,,,,,,,Việt Nam,,,,,,,,,,,,,,,,,,222px,,,Đỗ Trí Hùng,"Phạm Hồng Minh, Vũ Mai Huê, Nguyễn Anh Quân, NSND Ngọc Thủy, NSƯT Phạm Bằng, NSƯT Lê Mai, NSND Trần Hạnh",,,,,,100 phút/tập,,,,,2000,,,,,,Kẻ không cầu may,Phim truyền hình,,6,"Trung tâm Phim truyền hình Việt Nam, Đài Truyền hình Việt Nam",VTV1,,,,,,,,,,,,,,,,,,,,Pink,,Đặng Hữu Phúc,Tôi vẫn hát,,,,,,,,,,,,,,,,,,,,,,,,,,,,,,,,,,,,,,,,,,,,,,,,,,,,,,,,,,,,,,,,,,,,,,,,,,,,,,,,,,,,,,,,,,,,,,,,,
Không còn gì để nói,film,,,,,,,,,,,,,,,,,,,,,,,,,,,,,,,,,,,,,Khải Hưng,,,,,,,,,,,,tiếng Việt,,,,,,,,,,,,,,,,,,,"điện ảnh, truyền hình",,,,,,,,,,,Việt Nam,,,,,,,,,,,,,,,,,Không còn gì để nói,0congidenoi.jpg,Một cảnh trong phim,"Trung tâm Phim truyền hình Việt Nam, Đài Truyền hình Việt Nam",Bảo Ninh,"Mạnh Cường, Minh Châu, Phạm Hồng Minh, Trần Hạnh, Thanh Tú, Lê Tuấn, Quốc Quân",,,,,2002,90 phút,,,,VTV3,,,,,,,,,,,,,,,,,,,,,,,,,,,,,,,,,,,,,,,,,,,,,,,,,,,,,,,,,,,,,,,,,,,,,,,,,,,,,,,,,,,,,,,,,,,,,,,,,,,,,,,,,,,,,,,,,,,,,,,,,,,,,,,,,,,,
Vua bãi rác,film,,,,,,,,,,,,,,,,,,,,,,,,,,,,,,,,,,,Vua bãi rác,,Đỗ Minh Tuấn,,,,,Trọng Đài,Nguyễn Đức Việt,,Hãng phim truyện Việt Nam,"BM Film International (Hoa Kỳ, Canada)","2002, 10, 6, Hà Nội",,tiếng Việt,,,2002,10,6,Hà Nội,,,,,,,,,,,,,"chính kịch, điện ảnh, tình cảm",,,,,,,,,,,Việt Nam,,imdb.com/title/tt0352987/,,,,,,,,,,,,,,,,Vuabairacposter.jpg,Bìa DVD của phim,,Đỗ Minh Tuấn,"Võ Hoài Nam, Nguyễn Bích Ngọc, Cường Túc, Trần Hạnh, Doãn Hoàng Kiên",,Nguyễn Đức Việt,,,,97 phút,,,,,,,,,,,,,,,,,,,,,,,,,,,,,,,,,,Nguyễn Thị Hồng Ngát,,,,Trọng Đài,,,,,,,,,,,,,,,,,,,,,,,Hãng phim truyện Việt Nam,,,,,,,,,Foul King,,,,,,,,,,,,,,,,,,,,,,,,,,,,,,,,,,,,,,,,,,,,,,,,,,,,,,,,,,,,,,,,,,
Người thừa của dòng họ,film,,,,,,,,,,,,,,,,,,,,,,,,,,,,,,,,,,,Người thừa của dòng họ,,"Nguyễn Hữu Trọng, Trịnh Lê Phong",,,,"Quốc Tuấn, An Chinh, Kiều Oanh",,,,,,,,Tiếng Việt,,,,,,,,,,,,,,,,,,,"điện ảnh, truyền hình",,,,,,,,,,,,,,,,,,,,,,,,,,,,,,,,Lê Công Hội,,,,,,,,,,,VTV3,12 tháng 7 năm 2003,,,,,,,,,3,Trung tâm sản xuất phim Đài Truyền hình Việt Nam,,Việt Nam,26 tháng 7 năm 2003,,,,,,,,,,,,,,1,,,,,,,,,,,,,,,,,,,,,,,,,,,,,,,,,,,,,,,,,,,,,,,,,,,,,,,,,,,,,,,,,,,,,,,,,,,,,,,,,,,,,,,,,,,,,,,,,,,,,,,,
Thời xa vắng (phim),film,,,,,,,,,,,,,,,,,,,,,,,,,,,,,,,,,,,Thời xa vắng,,Hồ Quang Minh,"Nguyễn Ngọc Quang, Hồ Quang Minh, Lê Đức Tiến, Bruno Danlault, Morteza Mohamadi",,,* Nguyễn Thị Huyền * Ngô Thế Quân * Hồ Phương Dung * Quách Xuân Cương * Trần Hạnh,Đặng Hữu Phúc,Trần Hùng,Fabrice Salinié,"Hãng phim Giải Phóng, Solimane Productions",,2004,110 phút,Tiếng Việt,,,,,,,,,,,,,,,,,,,"chính kịch, điện ảnh",,,,,,,,,Hồ Quang Minh,,Việt Nam,,,,,,,,,,,,,,,,,,,,,,,,,,,,,,,,,,,,,,,,,,,,,,,,,,,,"Thời xa vắng và Bến sông, Lê Lựu",,,,,,,,,,,,,,,,,,,,,,,,,,,,,,,,,,,,,,,,,,,,,,,,,,,,,,,,,,,,,,,,,,,,,,,,,,,,,,,,,,,,,,,,,,,,,,,,,,,,,,,,,,,,,,,,
Làng ma - 10 năm sau,film,,,,,,,,,,,,,,,,,,,,,,,,,,,,,,,,,,,,,NSND Nguyễn Hữu Phần,,,,,,,,,,,,tiếng Việt,,,,,,,,,,,,,,,,,,,truyền hình,,,,,,,,,,,Việt Nam,,,,,,,,,,,,,,,,,Làng ma 10 năm sau,Làng ma - 10 năm sau.jpg,,,NSND Nguyễn Hữu Phần,"Phùng Hoàng Cường, Trần Anh Tuấn, NSƯT Kim Oanh, NSƯT Trung Hiếu, NSƯT Trần Hạnh","""Đêm cuối cùng của mùa đông"" bởi Minh Chuyên",Phạm Quang Minh,,,,45 phút/tập (không bao gồm quảng cáo),,,,VTV1,06 tháng 12 năm 2013,,,,,,,,,33,"Đài Truyền hình Việt Nam, TV Plus",,,18 tháng 4 năm 2014,220px,,Nguyễn Nhật Ánh,,,,,,,,,,,,Ngô Sỹ Trung,,"Lương Sơn, Hòa Bình",,,,,,Trò đời,Đường lên Điện Biên,,,,,,,,"Phạm Huy Phan, Nguyễn Trọng Nam, Nguyễn Tuấn Dũng",,,,,,,,,,,,,,,,,Ngô Hồng Quang,,,'''Ma làng 2''',,,,,,,,,,,,,,,,,,,,,,Ma làng,,,,,,,,,,,,,,,,,,,,,,,,,Các nhân vật của Ma làng,,,,,,,,,,,,,,,,,,,
Bão qua làng,film,,,,,,,,,,,,,,,,,,,,,,,,,,,,,,,,,,,,,"NSƯT Trần Quốc Trọng, Lê Mạnh",,,,,,,,,,,,tiếng Việt,,,,,,,,,,,,,,,,,,,"điện ảnh, truyền hình",,,,,,,,,,,Việt Nam,,,,,,,,,,,,,,,,,,,,"Trung tâm Phim truyền hình Việt Nam, Đài Truyền hình Việt Nam, Hãng phim Hội điện ảnh Việt Nam","Xuân Trường, Khánh Trình","NSƯT Công Lý, NSƯT Quốc Khánh, NSƯT Trần Hạnh, Quang Thắng, NSƯT Hán Văn Tình",,,,,,45 phút/tập (không bao gồm quảng cáo),,,,,24 tháng 7 năm 2014,,,,,,Bão qua làng,Phim truyền hình,,30,,VTV1,,4 tháng 12 năm 2014,,,,,,,,,,,,,,,,,,Pink,,,,,Đường lên Điện Biên,Mưa bóng mây,,,,,,,,,,,,,,,,,,,,,,,,,,,,,,,,,,,,,,,,,,,,,,,,,,,,,,,,,,,,,,,,,,,,,,,,,,,,,,,,,,,,,,,,,,,,,,
Cha cõng con,film,,,,,,,,,,,,,,,,,,,,,,,,,,,,,,,,,,,Cha cõng con,,Lương Đình Dũng,,"Bùi Kim Quy, Lương Đình Dũng",,* Ngô Thế Quân * Đỗ Trọng Tấn * Trần Hạnh * Võ Văn Hiếu,Lee Dong-june,Lý Thái Dũng,,Tứ Vân Media,Lotte Cinema,tháng 3 năm 2017,90 phút,Tiếng Việt,~18 tỉ VNĐ,13 tỉ VNĐ,,,,,,,,,,,,,,,,,gia đình,,,,,,,,,,,Việt Nam,,,,,,,,,,,,,,,,,,,,,,,,,,,,,,,,,,,,,,,,,,,,,,,,,,,,''Cha cõng con'' của Lương Đình Dũng,,,,,,,,,,,,,,,,,,,,,,,,,,,,,,,,,,,,,,,,,,,,,,,,,,,,,,,,,,,,,,,,,,,,,,,,,,,,,,,,,,,,,,,,,,,,,,,,,,,,,,,,,,,,,,,,
Hợp đồng hôn nhân (phim truyền hình),film,,,,,,,,,,,,,,,,,,,,,,,,,,,,,,,,,,,Hợp đồng hôn nhân,,Nguyễn Khải Hưng,,,,"Bảo Thanh, Tô Dũng, Lâm Vissay, Kiên Trung, Phương Oanh, Phú Thăng",,,,,,,45 phút/tập (không bao gồm quảng cáo),tiếng Việt,,,,,,,,,,,,,,,,,,,truyền hình,,,,,,,,,Hoàng Nhung,,Việt Nam,,,,,,,,,,,,,,,,,,,,,,,,,,,,,,Phim truyền hình,"Đài Truyền hình Việt Nam, Khải Hưng Film",VTV1,,,,,20 tháng 9 năm 2016,19 tháng 12 năm 2016,,,,35,,,,,,,,,,,,,,,,,,,,,,,,,,,,,,,,,,,,,,,,,,Đồng tiền quỷ ám,Ngự lâm không kiếm,,,,,,,,,,,,,,,,,,,,,HD 1080i,,,,,,,,,,,,,,,,,,,,,,,,,,,,,,,,,,,,,,,,,,,,,,,,,,,Đoàn Anh Phương,,,,,,,
Đêm vùng biên,film,,,,,,,,,,,,,,,,,,,,,,,,,,,,,,,,,,,Đêm vùng biên,,Đặng Thái Huyền,,Nguyễn Thu Dung,,Đồng Thanh Bình,,Trịnh Quang Tùng,,Điện ảnh Quân đội nhân dân,,2005,,Tiếng Việt,,,,,,,,,,,,,,,,,,,chính kịch,,,,,,,,,,,Việt Nam,,,,,,,,,,,,,,,,,,,,,,,,,,,,,,,,,,,,,,,,,,,,,,,,,,,,,,,,,,,,,,,,,,,,,,,,,,,,,,,,,,,,,,,,,,,,,,,,,,,,,,,,,,,,,,,,,,,,,,,,,,,,,,,,,,,,,,,,,,,,,,,,,,,,,,,,,,,,,,,,,,,,
Lập trình cho trái tim,film,,,,,,,,,,,,,,,,,,,,,,,,,,,,,,,,,,,,,"Phi Tiến Sơn, NSƯT Phạm Nhuệ Giang, Nguyễn Mạnh Hà",,,,,,,,,,,,tiếng Việt,,,,,,,,,,,,,,,,,,,truyền hình,,,,,,,,,,,Việt Nam,,,,,,,,,,,,,,,,,Lập trình cho trái tim,Poster film Lập Trình Cho Trái Tim.JPG,,,"Nguyễn Thủy, Minh Anh, Thu Hà, Đinh Thủy, Thanh Nhàn","Minh Tiệp, Quỳnh Nga, Đồng Thanh Bình, Lan Hương, Đức Khuê, Minh Hà, Hồng Quang, Uy Linh",,,,,,45 phút/tập (không bao gồm quảng cáo),,Phim truyền hình,FPT Media,,,"24 (phần 1), 16 (phần 2)",,VTV3,1 tháng 4 năm 2009,1 tháng 7 năm 2009,,,,,,,,,,,,,,,,,,,,,,,,,,,,,,,,,,,,,,,,,,,,,,Cô gái xấu xí,Cô nàng bất đắc dĩ,,,,,,,,,,,Nguyễn Quang Lập,,,,,,,,,,,,,,,,,,,,,,,,,,,,,,,,,,,,,,,,,,,,,,,,,,,,,,,,,,,,,,,,,,,,
Cầu vồng tình yêu,film,,,,,,,,,,,,,,,,,,,,,,,,,,,,,,,,,,,,,"NSND Trọng Trinh, NSƯT Vũ Hồng Sơn, Bùi Tiến Huy",,,,,,,,,,,,tiếng Việt,,,,,,,,,,,,,,,,,,,"chính kịch, truyền hình",,,,,,,,,,,Việt Nam,,,,,,,,,,,,,,,,,,Cầu vồng tình yêu.jpg,,,,"Hồng Đăng, Hồng Diễm, NSƯT Anh Thái, NSND Trọng Trinh, Tạ Am",,,,,,45 phút/tập (có bao gồm quảng cáo),,,,,15 tháng 9 năm 2011,,,,,,Cầu vồng tình yêu,Phim truyền hình,,"50 (phần 1), 35 (phần 2)","Trung tâm Phim truyền hình Việt Nam, Đài Truyền hình Việt Nam",VTV3,Việt Nam,5 tháng 7 năm 2012,,,,,,''Vinh quang gia tộc'' (2008),,,,,,,,,,,,Pink,,Xuân Phương,Hãy mở cửa nhé tình yêu,Cảm ơn cuộc đời,Huyền sử thiên đô,Mặt nạ da người,,,,,,,,,,,,,,,,,,,,,,,,,,,,,,,,,,,,,,,,,,,,,,,,,,,,,,,,,,,,,,,,,,,,,,,,,,,,,,,,,,,,,,,,,,,,,,
Ngã ba Đồng Lộc (phim),film,,,,,,,,,,,,,,,,,,,,,,,,,,,,,,,,,,,Ngã ba Đồng Lộc,,Lưu Trọng Ninh,Lê Hồng Sơn,,,* Thúy Hường * Sao Chi * Hồng Thắm * Ngọc Dung * Xuân Bắc,Quốc Trung,"Nguyễn Hữu Tuấn, Lý Thái Dũng","Lê Vinh Quốc, Nguyễn Ngọc Nga",Hãng phim truyện Việt Nam,,1997,90 phút,Tiếng Việt,"1,9 tỉ VNĐ",,,,,,,,,,,,,,,,,,"chiến tranh, điện ảnh",,,,,,,,,Nguyễn Quang Vinh,,Việt Nam,,,,,,,,,,,,,,,,,,,,,,,,,,,,,,,,,,,,,,,,,,,,,,,,,,,,,,,,,,,,,,,,,,,,,,,,,,,,,,,,,,,,,,,,,,,,,,,,,,,,,,,,,,,,,,,,,,,,,,,,,,,,,,,,,,,,,,,,,,,,,,,,,,,,,,,,,,,,,,,,,,,,
Sóng ở đáy sông,film,,,,,,,,,,,,,,,,,,,,,,,,,,,,,,,,,,,,,Lê Đức Tiến,,,,,,,,,,,,Tiếng Việt,,,,,,,,,,,,,,,,,,,truyền hình,,,,,,,,,"Lê Lựu, Lê Ngọc Minh",,Việt Nam,,,,,,,,,,,,,,,,,,200px,,,,"Xuân Bắc, Duy Hậu, Mai Hòa, Anh Huy, Phạm Hồng Minh, Kim Oanh",,"Trần Quốc Dũng, Trần Hùng",,,,83 phút/tập (không bao gồm quảng cáo),,,,,2000,,,,,,Sóng ở đáy sông,Phim truyền hình,,10,"Đài Truyền hình Hà Nội, Hãng phim truyện Việt Nam",Đài Truyền hình Hà Nội,,,,,,,,Tiểu thuyết cùng tên của nhà văn Lê Lựu,,,,,,,,,"Nguyễn Kim Cương, Nguyễn Văn Hải","Nguyễn Kim Cương, Vũ Đình Minh",,,,Hoàng Lương,,"""Hải Phòng tuổi thơ""",,,,,,,,,,,,,,,,,,,,,,,,,,,,,,,,,,,,,,,,,,,,,,,,,,,,,,,,,,,,,,,,,,,,,,,,,,,,,,,,,,,,,,,,,,,,,,,,
Hai phía chân trời,film,,,,,,,,,,,,,,,,,,,,,,,,,,,,,,,,,,,,,"Trần Quốc Trọng, Vũ Trường Khoa",,,,,,,,,,,,"tiếng Việt, tiếng Séc",,,,,,,,,,,,,,,,,,,truyền hình,,,,,,,,,,,Việt Nam,,,,,,,,,,,,,,,,,,Hai phía chân trời.jpg,Hình hiệu của phim,,Trần Hoài Văn,"Mạnh Cường, Xuân Bắc, Lê Vũ Long, Lê Vi, Vi Cầm, Kiều Thanh, Kiều Anh, Quốc Trị",,"Hoàng Tích Thiện, Nghiêm Bá Hoài, Nguyễn Việt Thắng",,,,45 phút/tập (không bao gồm quảng cáo),,,,,8 tháng 11 năm 2012,,,,,,Hai phía chân trời,Phim truyền hình,"''Máu của tuyết'', Trần Hoài Văn",36,"Trung tâm Phim truyền hình Việt Nam, Đài Truyền hình Việt Nam",VTV1,,15 tháng 3 năm 2013,,,,,,,,,,,,,,,Đỗ Thanh Hải,"Nguyễn Phương Nga, Nguyễn Ánh Tuyết, Nguyễn Xuân Phi","Hà Nội, Cộng hòa Séc",,,Lê Anh Dũng,"""Đường xa tuyết trắng"", Lê Anh Dũng, thể hiện bởi Tùng Dương",,Những công dân tập thể,Ngược sóng,,,,,,,,,,,,,,,,,,,,,,,,,Lê Anh Dũng,,,,,,,,,,,,,,,,,,,,,,,,,,,,,,,,,,,,,,,,,,,,,,,,,,,,,,,,,,,,,,,,,,,,,
Hà Nội mùa đông năm 46,film,,,,,,,,,,,,,,,,,,,,,,,,,,,,,,,,,,,,,"Đặng Nhật Minh, Phạm Nhuệ Giang, Nguyễn Hữu Mười, Thái Ninh",,,,,,,,,,,,"Tiếng Việt, Tiếng Pháp",,,,,,,,,,,,,,,,,,,"chiến tranh, truyền hình",,,,,,,,,,,Việt Nam,,0125129,,,,,,,,,,,,,,,,Hà Nội mùa Đông năm 46.PNG,Bích chương.,,"Đặng Nhật Minh, Hoàng Nhuận Cầm",,,Vũ Quốc Tuấn,,"Hãng phim truyện Việt Nam, Hãng phim Phương Nam, Đài Truyền hình Việt Nam, Đài Truyền hình Thành phố Hồ Chí Minh",,95 phút,,,,,"12 tháng 12, 1997",,,,,,Hà Nội mùa đông năm 46,Phim màu,,1,Hãng phim truyện Việt Nam,"VTV1, HTV7","Việt Nam, Canada, Nhật Bản, Ấn Độ, Canada, Úc, Pháp, Mexico",,292px,,,,,,,,,,,,,,,"Nguyễn Kim Cương, Xuân Hòa","Hà Nội, Hải Phòng",Red,,Đỗ Hồng Quân,Bác Hồ một tình yêu bao la,"Tiến quân ca, Văn Cao",,,,,,,,,,Trần Anh Phương,SD,,,,,,,,,,,,,"Tháng 3, 1999",,,,,,,,,,,,,,,,,,,,,,,,,,,,,,,,,,,,Đức Trung,,,,,,,,,,Vũ Văn Nha,,,,,,,,,,,,,,,,,,,,,,,,,,
Vũ điệu đam mê,film,,,,,,,,,,,,,,,,,,,,,,,,,,,,,,,,,,,Vũ điệu đam mê,,Nguyễn Đức Việt,Dương Đăng Hinh,Vũ Ly Ly,,* Nguyễn Việt Cường * Hà Lê * Nguyễn Thanh Tùng * Hạnh Sino * Cao Dương,"Cao Nhật Trung, Joker's Rule land",Hoàng Dũng,"Lê Quốc Vinh, Phạm Anh Thắng",Hãng phim truyện Việt Nam,Galaxy Studio,"8 tháng 10, 2010",94 phút,Tiếng Việt,,,,,,,,,,,,,,,,,,,"âm nhạc, điện ảnh",,,,,,,,,,,Việt Nam,,,,,,,,,,,,,,,,,,,,,,,,,,,,,,,,,,,,,,,,,,,,,,,,,,,,,,,,,,,,,,,,,,,,,,,,,,,,,,,,,,,,,,,,,,,,,,,,,,,,,,,,,,,,,,,,,,,,,,,,,,,,,,,,,,,,,,,,,,,,,,,,,,,,,,,,,,,,,,,,,,,,
Cu li không bao giờ khóc,film,,,,,,,,,,,,,,,,,,,,,,,,,,,,,,,,,,,,,Phạm Ngọc Lân,"Nghiêm Quỳnh Trang, Trần Thị Bích Ngọc",,,"Minh Châu, Hà Phương, Ngô Xuân An, Hoàng Hà, Cao Sang",Trần Kim Ngọc,"Vũ Hoàng Triều, Nguyễn Vinh Phúc, Nguyễn Phan Linh Đan",Julie Béziau,"Cadence Studio (Việt Nam), Ân Nam Productions (Việt Nam), Purple Tree Content (Singapore), E&W Films (Singapore), Acrobates Films (Pháp), Epicmedia Productions (Philippines), Ape & Bjørn (Na Uy), Storm Films (Na Uy)",,,,Tiếng Việt,572.000 đô-la Mỹ,"744,9 triệu đồng (Việt Nam)",2024,11,15,Việt Nam,,,,,,,,,,,,,chính kịch,,,,,,,,,"Phạm Ngọc Lân , Nghiêm Quỳnh Trang",,"Việt Nam, , Na Uy",,tt30953660way,,,,,,,,,,,,,,,Cu li không bao giờ khóc,Cu li không bao giờ khóc - Cu Li Never Cries (international poster).png,Áp phích phim tại Liên hoan phim quốc tế Berlin 2024.,,,,,,,"Square Eyes Film (quốc tế), CJ CGV (Việt Nam)","2024, 02, 20, Berlinale 2024, 07, 04, DANAFF 2024, 11, 15, Việt Nam",93 phút,,,,,,,,,,,,,,,,,,,,,,,,,,,,,,,,,,,,,,,,,,,,,,,,,,,,,,,,,,,,,,,,,,,,,,,,,,,,,,,,,,,,,,,,,,,,,,,,,,,,,,,,,,,,,,,,,,,,,,,,,,,,,,,,,,,,,,,,
Đất và người,film,,,,,,,,,,,,,,,,,,,,,,,,,,,,,,,,,,,,,"Nguyễn Hữu Phần, Phạm Thanh Phong",,,,,,,,,,,,tiếng Việt,,,,,,,,,,,,,,,,,,,"kinh dị, truyền hình",,,,,,,,,,,Việt Nam,,,,,,,,,,,,,,,,,,230px,,,"Phạm Ngọc Tiến, Khuất Quang Thụy","Duy Hậu, Hán Văn Tình, Phát Triệu, Duy Thanh, Hà Văn Trọng, Minh Phương, Phạm Hồng Minh, Thân Thanh Giang","""Đất và người"" bởi Mai Hoa",,,,,45 phút/tập (không bao gồm quảng cáo),,,,,2002,,,,,,Đất và người,Phim truyền hình,,24,"Trung tâm Phim truyền hình Việt Nam, Đài Truyền hình Việt Nam",VTV1,,,,,,,,''Mảnh đất lắm người nhiều ma'' của nhà văn Nguyễn Khắc Trường,,,,,,,,,,,"Sơn Tây, Quốc Oai",Orange,,,,,,,,,,,,,,,,,,,,,,,,,,,,,,,Trọng Đài,,,,,,,,,,,,,,,,,,,,,,,,,,,,,,,,,,,,,,,,,,,,,,,,,,,,,,,,,,,,,,,,,,,,,
Vòng nguyệt quế (phim truyền hình),film,,,,,,,,,,,,,,,,,,,,,,,,,,,,,,,,,,,,,Mai Hồng Phong,,,,"Bích Huyền, Công Dũng, Đỗ Quỳnh Hoa, Phạm Cường",,,,,,,,tiếng Việt,,,,,,,,,,,,,,,,,,,truyền hình,,,,,,,,,Hà Thủy Nguyên,,Việt Nam,,,,,,,,,,,,,,,,,,,,,,,,,,,,45 - 50 phút/tập (không bao gồm quảng cáo),,,,,1 tháng 7 năm 2008,25,,,,,,Phim truyền hình,,,"Trung tâm Phim truyền hình Việt Nam, Đài Truyền hình Việt Nam",VTV1,,6 tháng 8 năm 2008,,,,,,,,,,,,,,,,,,,,,,,Gió từ Phố Hiến,Cảnh sát hình sự: Hành trình bí ẩn,,,,,,,,,,,,,,,,,Vòng nguyệt quế,,,,,,,,,,,,,,,,,,,,,,,,,,,,,,,,,,,,,,,,,,,,,,,,,,,,,,,,,,,,,,,,,,,,,,,Tiêu đề phim,,,,,,
Vị tướng tình báo và hai bà vợ,film,,,,,,,,,,,,,,,,,,,,,,,,,,,,,,,,,,,,,Bùi Cường,,,,,,,,,,,,Tiếng Việt,,,,,,,,,,,,,,,,,,,"chính kịch, truyền hình",,,,,,,,,,,Việt Nam,,,,,,,,,,,,,,,,,,,,,,* Xuân Trường * Thu Quế * Hoàng Xuân,Phạm Ngọc Khôi,,,Đài Truyền hình Thành phố Hồ Chí Minh,,30 phút/tập,,,,,,,,,,,,,truyện ngắn cùng tên Nguyễn Trần Thiết,29,"Hãng phim Truyền hình Thành phố Hồ Chí Minh, Hãng phim truyện Việt Nam",,,,,,,,,,,,,,,,,1,,,,,,,,,,,,,,,,,,,,,,,,,,,,,,,,,,,,,,,"""Những tháng ngày không anh""",,,,,,,,,,,,,,,,,,,,,,,,,,,,,,,,,,,,,,,,,,,,,,,,,,,,,,,,,,,,,,,,,
Đứa con vùng đồi,film,,,,,,,,,,,,,,,,,,,,,,,,,,,,,,,,,,,,,Trần Trung Dũng,,,,,,,,,,,,,,,,,,,,,,,,,,,,,,,truyền hình,,,,,,,,,,,Việt Nam,,,,,,,,,,,,,,,,,Đứa con vùng đồi,,,,Nguyễn Quang Thiều,* Minh Nguyệt * Quốc Trị * Phương Thanh,,Phạm Thanh Hà,,,,,,,,VTV3,2002,,,,,,,,"truyện ngắn ""Người cha"" của Nguyễn Quang Thiều",1,Điện ảnh chiều thứ bảy,,,,,,,,,,,,,,,,,,,,Thái Nguyên,,,,,,,,,,,,,,,,,,,,,,,,,,,,,,,,,,,,,,,,,,,,,,,,,,,,,,,,,,,,,,,,,,,,,,,,,,,,,,,,,,,,,,,,,,,,,,,,,,,,,
Chỉ có thể là yêu (phim Việt Nam),film,,,,,,,,,,,,,,,,,,,,,,,,,,,,,,,,,,,,,Vũ Minh Trí,,,,"Việt Anh, Linh Phương, Hồng Đăng, Thạch Thu Huyền",,,,,,,40 - 45 phút/tập (không bao gồm quảng cáo),Tiếng Việt,,,,,,,,,,,,,,,,,,,truyền hình,,,,,,,,,"Nguyễn Thu Thủy, Giáp Kiều Hưng, Trịnh Khánh Hà, Trịnh Đan Phượng, Trịnh Cẩm Hằng",,Việt Nam,,,,,,,,,,,,,,,,,,Tập tin:Poster Chi co the la yeu vtv.jpg,,,,,,,,,,,,Phim truyền hình,"Trung tâm Phim truyền hình Việt Nam, Đài Truyền hình Việt Nam",,31 tháng 12 năm 2013,32,,VTV3,,,,,,,,,,12 tháng 3 năm 2014,,,,,,Tiểu thuyết cùng tên của Hân Như,,,,,,,,,,,,,,Phùng Tiến Minh,Chỉ có thể là yêu,,,,,,,,,,,,,,,,,Khi yêu đừng hỏi tại sao,Vừa đi vừa khóc,,,,,,,,,,,,,,,,,,,,,,,,,,,,,,,,,,,,,,,,,,,,,,,,,,,,,,,,,,,,,,,,,,,,,,,,,,,,,,,
Trò đời,film,,,,,,,,,,,,,,,,,,,,,,,,,,,,,,,,,,,,,NSƯT Phạm Nhuệ Giang,,,,,,,,,,,,tiếng Việt,,,,,,,,,,,,,,,,,,,"điện ảnh, truyền hình",,,,,,,,,,,Việt Nam,,,,,,,,,,,,,,,,,,Trodoiposter.jpeg,,,"Lê Anh Thúy, Trịnh Thanh Nhã","NSƯT Minh Hằng, Bảo Thanh, Việt Bắc, Thiện Tùng, Mai Chi",,Nguyễn Hữu Tuấn,,,,45 phút/tập (không bao gồm quảng cáo),,,"Trung tâm Phim truyền hình Việt Nam, Đài Truyền hình Việt Nam, Hãng phim Hội Điện ảnh Việt Nam",,9 tháng 8 năm 2013,,,,,,Trò đời,Phim truyền hình,"""Số đỏ"", ""Cơm thầy cơm cô"", ""Kỹ nghệ lấy Tây"" của Vũ Trọng Phụng",32,,VTV1,,5 tháng 12 năm 2013,,,,,,,,,,,,,,,,,,Pink,,,,,Ngược sóng,Làng ma - 10 năm sau,,,,,,,,,,,,,,,,,,,,,,,,,,,,,,,,,,,,,,,,,,,,,,,,,,,,,,,,,,,,,,,,,,,,,,,,,,,,,,,,,,,,,,,,,,,,,,
Người chồng điên,film,,,,,,,,,,,,,,,,,,,,,,,,,,,,,,,,,,,,,Quách Khoa Nam,,,,,,,,,,,,tiếng Việt,,,,,,,,,,,,,,,,,,,truyền hình,,,,,,,,,,,Việt Nam,,,,,,,,,,,,,,,,,,,,,"Vy Uyên, Lê Quang Thanh Tâm","Huỳnh Đông, Bảo Thanh, Lâm Minh Thắng, Vũ Ngọc Ánh, Ái Châu",,,,,,45 phút/tập (không bao gồm quảng cáo),,,,,10 tháng 7 năm 2014,,,,,,Người chồng điên,Phim truyền hình,,35,"M&T Pictures , TKL",HTV7,,19 tháng 8 năm 2014,,,,,,,,,,,,,,,,,,,,,,,,,,,,,,,,,,,,,,,,,,,,,,,,,,,,,,,,,,,,,,,,,,,,,,,,,,,,,,,,,,,,,,,,,,,,,,,,,,,,,,,,,,,,,,,,,,,,,,
Mảnh đời của Huệ (phim),film,,,,,,,,,,,,,,,,,,,,,,,,,,,,,,,,,,,,,Phi Tiến Sơn,,,,,,,,,,,,tiếng Việt,,,,,,,,,,,,,,,,,,,truyền hình,,,,,,,,,,,Việt Nam,,,,,,,,,,,,,,,,,,Mảnh đời của Huệ (phim).jpg,Áp phích phim,,Nguyễn Hữu Phần,,,Nguyễn Văn Nhiêm,,,,45 phút x 6 tập,,,,,1997,,,,,,Mảnh đời của Huệ,Phim truyền hình,,,"Trung tâm Phim truyền hình Việt Nam, Đài Truyền hình Việt Nam",VTV3,,,,,,,,tiểu thuyết cùng tên của nhà văn Võ Khắc Nghiêm,,,,,,,,,,,,Orchid,,Vũ Ngọc Quang,,,,,,,,,,,,,,,,,,,,,,,,,,,,,,,,,,,,,,,,,,,,,,,,,,,,,,,,,,,,,,,,,,,,,,,,,,,,,,,,,,,,,,,,,,,,,,,,,,
Cây bạch đàn vô danh,film,,,,,,,,,,,,,,,,,,,,,,,,,,,,,,,,,,,Cây bạch đàn vô danh,,"Nguyễn Thanh Vân ((đạo diễn chính)), Phạm Nhuệ Giang",Nguyễn Huy Hoàng,,,* Hồng Sơn * Lê Vi * Trịnh Thịnh * Hoàng Yến * Diệu Thuần,Phó Đức Phương,Nguyễn Đức Việt,Hoàng Thị Định,Hãng phim truyện Việt Nam,,1994,88 phút,Tiếng Việt,,,,,,,,,,,,,,,,,,,"âm nhạc, điện ảnh",,,,,,,,,Nguyễn Quang Thân,,,,,,,,,,,,,,,,,,,,,,,,,,,,,,,,,,,,,,,,,,,,,,,,,,,,,,,,,,,,,,,,,,,,,,,,,200px,,,,,,,,,,Bìa DVD của phim,,,,,,,,,,,,,,,,,,,,,,,,,,,,,,,,,,,,,,,,,,,,,,,,,,,,,,,,,,,,,,,,,,,,,,,,,,,,,,,,,,,
Hoa cỏ may,film,,,,,,,,,,,,,,,,,,,,,,,,,,,,,,,,,,,,,NSƯT Lưu Trọng Ninh,,,,,,,,,,,,Tiếng Việt,,,,,,,,,,,,,,,,,,,"điện ảnh, truyền hình",,,,,,,,,,,Việt Nam,,,,,,,,,,,,,,,,,,222px,Áp phích phim,,,,,,,,,"55 - 60 phút (phần 1, 2), 45 - 50 phút (phần 3)",,,,,"9 tháng 6 năm 2001 - 7 tháng 7 năm 2001 (phần 1 - VTV3), 14 tháng 7 năm 2001 - 8 tháng 9 năm 2001 (phần 2 - VTV3), 11 tháng 10 năm 2017 - 16 tháng 1 năm 2018 (phần 3 - VTV1)",,,,,,Hoa cỏ may,Phim truyền hình,,,"Trung tâm Phim truyền hình Việt Nam, Đài Truyền hình Việt Nam","VTV3, VTV1",,,,,,,,,,,,,,,,,,,,Pink,,Dương Đức Thụy,"Hoa cỏ may, Ngơ ngác cỏ may",Hoa cỏ may,,,,,,,,,,,,,,,,,,,,,,,,,,,,,,,,,,,,,,,,,,,,,,,,,,,,,,,,,,,,,,,,,,,,,,,,,,,,,,,,,,,,,,,,,,,,,,,,
Ngự lâm không kiếm,film,,,,,,,,,,,,,,,,,,,,,,,,,,,,,,,,,,,Ngự lâm không kiếm,,Trần Chí Thành,,,,"Ngọc Thoa, Quế Hằng, Trung Anh, Tùng Dương",,,,,,,45 phút/tập (không bao gồm quảng cáo),tiếng Việt,,,,,,,,,,,,,,,,,,,truyền hình,,,,,,,,,"Đoàn Phú Vinh, Lê Anh Thúy, Nguyễn Ngân Hà",,Việt Nam,,,,,,,,,,,,,,,,,,,,,,,,,,,,,,Phim truyền hình,"Đài Truyền hình Việt Nam, M&T Pictures",VTV1,,,,,20 tháng 12 năm 2016,20 tháng 3 năm 2017,,,,32,,,,,,,,,,,,,,,,,,,,,,,,,,,,,,,,,,,,,,,,,,Hợp đồng hôn nhân,Nơi ẩn nấp bình yên,,,,,,,,,,,,,,,,,,,,,HD 1080i,,,,,,,,,,,,,,,,,,,,,,,,,,,,,,,,,,,,,,,,,,,,,,,,,,,,,,,,,,
Khi đàn chim trở về,film,,,,,,,,,,,,,,,,,,,,,,,,,,,,,,,,,,,,,"Đỗ Chí Hướng, Nguyễn Danh Dũng",,,,,,,,,,,,tiếng Việt,,,,,,,,,,,,,,,,,,,truyền hình,,,,,,,,,,,Việt Nam,,,,,,,,,,,,,,,,,,,,,Nguyễn Ngọc Đức,"Duy Thanh, Giang Còi, Thu Hạnh, Hồ Phong, Lý Thanh Kha, Hà Văn Trọng, Vĩnh Xương, Việt Anh, Kiều Thanh, Tùng Dương, Trần Nhượng, Lê Ngọc Quang, Lâm Vissay, Doãn Quốc Đam",,,,,,"75-80 phút/tập (không bao gồm quảng cáo) (phần 1, 2), 45-50 phút/tập (không bao gồm quảng cáo) (phần 3)",,,,,"2003 (phần 1, 2) , 28 tháng 5 năm 2015 – 22 tháng 10 năm 2015 (phần 3)","5 (phần 1) , 7 (phần 2) , 46 (phần 3)",,,,,Khi đàn chim trở về,Phim truyền hình,,,"Trung tâm Phim truyền hình Việt Nam, Đài Truyền hình Việt Nam","VTV3 (phần 1, 2) , VTV1 (phần 3)",,,,,,,,,,,,,,,,,,,,Pink,,,,,Mưa bóng mây,Lời ru mùa đông,,,,,,,,,,,,,,,,,,,,,,,,,,,,,,,,,,,,,,,,,,,,,,,,,,,,,,,,,,,,,,,,,,,,,,,,,,,,,,,,,,,,,,,,,,,,,,
Hãy chọn giá đúng,film,,,,,,,,,,,,,,,,,,,,,,,,,,,,,,,,,,,Hãy chọn giá đúng,,"Nguyễn Đức Hòa, Lại Bắc Hải Đăng",,,,,,,,,,,,Tiếng Việt,,,,,,,,,,,,,,,,,,,,,,,,,,,,,,Việt Nam,,,,,,,,,,,,,,,,,,,"Hình hiệu của chương trình, sử dụng từ cuối năm 2019 đến hết năm 2020","Lại Văn Sâm, Bùi Thu Thủy, Tạ Bích Loan, Lại Bắc Hải Đăng, Đào Thanh Thiết, Nguyễn Tùng Chi",,,,,,Fremantle,,60 phút (bao gồm quảng cáo),,Trò chơi truyền hình,,,12 tháng 6 năm 2004,,,,,,,,"''The Price is Right'', Bob Stewart, Mark Goodson và Bill Todman",832,"Đài Truyền hình Việt Nam, Công ty BHD",VTV3,,26 tháng 12 năm 2020,,,,,,,,,,,,,,,,,Nhiều địa điểm,,,,,,,,,,,,,,,Bố trí nhiều máy quay,"576i SDTV (trước 2013), 1080i HDTV",,,,,,,,,,,,,,,,,,,"''Đoán giá'', ''Giá đúng''",,,,,,,,,,,"Mark Goodson, Bill Todman",,,,,,,,,,,,,,,,,,,,,,,,,,,,,,,,,,,,,,,,,,,,,,,,,,"Lại Văn Sâm, Lưu Minh Vũ, Trần Ngọc, Hồng Phúc, Tuấn Tú, Hoàng Linh",,,,,
Bí thư Tỉnh ủy (phim truyền hình Việt Nam),film,,,,,,,,,,,,,,,,,,,,,,,,,,,,,,,,,,,,,"NSƯT Trần Quốc Trọng, Trần Trọng Khôi",,,,,,,,,,,,tiếng Việt,,,,,,,,,,,,,,,,,,,truyền hình,,,,,,,,,,,Việt Nam,,,,,,,,,,,,,,,,,,Bí thư Tỉnh ủy (phim) - Dũng Nhi.jpg,,,Vân Thảo,"Lê Dũng Nhi, NSƯT Minh Châu, NSƯT Mai Hoa, NSƯT Đức Trung, NSƯT Lan Hương",,,,,,45 phút/tập (không bao gồm quảng cáo),,,,,27 tháng 9 năm 2010,,,,,,Bí thư Tỉnh ủy,Phim truyền hình,,50,"Trung tâm Phim truyền hình Việt Nam, Đài Truyền hình Việt Nam",VTV1,,21 tháng 1 năm 2011,,,,,,,,,,,,,,,,,,,,,,,Cuồng phong,Hãy cùng em điệu Sarikakeo,,,,,,,,,,,,,,,,,,,,,,,,,,,,,,,,,,,,,,,,,,,,,,,,,,,,,,,,,,,,,,,,,,,,,,,,,,,,,,,,,,,,,,,,,,,,,,
Những công dân tập thể,film,,,,,,,,,,,,,,,,,,,,,,,,,,,,,,,,,,,,,"Vũ Trường Khoa, Trần Quang Vinh",,,,,,,,,,,,tiếng Việt,,,,,,,,,,,,,,,,,,,truyền hình,,,,,,,,,,,Việt Nam,,,,,,,,,,,,,,,,,,222px,,,Đặng Diệu Hương,"NSND Như Quỳnh, Công Dũng, Kiều Anh, NSƯT Trung Anh, NSƯT Minh Hằng",,,,,,50 phút/tập (không bao gồm quảng cáo),,,,,22 tháng 6 năm 2012,,,,,,Những công dân tập thể,Phim truyền hình,,36,"Trung tâm Phim truyền hình Việt Nam, Đài Truyền hình Việt Nam",VTV1,,2 tháng 11 năm 2012,,,,,,,,,,,,,,,,,,Pink,,Trương Quý Hải,Khu nhà cũ,,Qua ngày giông bão,Hai phía chân trời,,,,,,,,,,,,,,,,,,,,,,,,,,,,,,,,,,,,,,,,,,,,,,,,,,,,,,,,,,,,,,,,,,,,,,,,,,,,,,,,,,,,,,,,,,,,,,
Ngày mai bình yên (phim truyền hình 2021),film,,,,,,,,,,,,,,,,,,,,,,,,,,,,,,,,,,,,,"Vũ Trường Khoa, Hoàng Tích Thiện",,,,"Trung Hiếu, Thúy Hà, Kiều Anh, Tố Uyên, Kiều My",,,,,,,45 - 50 phút/tập (không bao gồm quảng cáo),Tiếng Việt,,,,,,,,,,,,,,,,,,,truyền hình,,,,,,,,,"Lại Phương Thảo, Diệu Linh, Phượng Diễm",,Việt Nam,,,,,,,,,,,,,,,,,,Ngaymaibinhyenposter.jpeg,,,,,,,,,,,,Phim truyền hình,"Trung tâm Phim truyền hình Việt Nam, Đài Truyền hình Việt Nam",,,18,,,12 tháng 8 năm 2021 - 8 tháng 10 năm 2021,,Ngày mai bình yên,,,,,VTV3,,,,,,,,,,,,,,,,,,,,,,''Phía sau cánh cửa'',,,Hãy nói lời yêu,Mặt nạ gương,,,,,,,,,,,,,,,,,,,,,,,,,,,,,,,,,,,,,,,,,,,,,,,,,,,,,,,,,,,,,,,,,,,,,,,,,,,,,,,,,,,,,,,,,,,,,,
Dịu dàng màu nắng,film,,,,,,,,,,,,,,,,,,,,,,,,,,,,,,,,,,,,,Bùi Quốc Việt,,,,,,,,,,,,,,,,,,,,,,,,,,,,,,,truyền hình,,,,,,,,,,,Việt Nam,,,,,,,,,,,,,,,,,Dịu dàng màu nắng,Diu dang mau nang.jpg,,Nguyễn Bá Thành,"Thu Trang, Tuấn Dương, Mai Diệp, Hà Thu Hà","* Nguyễn Duy Hưng, * Lương Thu Trang, * Nguyễn Ngọc Huyền, * Trần Quốc Anh, * Nguyễn Thị Lan Hương, * Cao Nguyệt Hằng * Cù Thị Trà, * Nguyễn Thị Mai Huê, * Lưu Duy Khánh, * Dương Văn Thái",,Trần Anh Phương,,Đài truyền hình Việt Nam,,25 – 30 phút/tập (không bao gồm quảng cáo),,,,VTV1,2 tháng 6 năm 2025,,,,,,,,,40,Trung tâm Phim truyền hình Việt Nam,,,28 tháng 7 năm 2025,230px,,,,,,,,,,,,,,,Trịnh Khánh Hà,,,Lê Mạnh,"* Nguyễn Minh Phúc, * h0n, * Da LAB",,,,,,,,,,,,,,,,,,''Mẹ biển'',"''Có anh, nơi ấy bình yên''",,,,,,,,,,,,,,"""Thể chẳng biết sau này""",,,,,,,,,,,,,,,,,,,,,,,,,,,,,,,,,,,,,,,,,,,,"""Kết thúc bắt đầu""",,,,,,,,,,,,,,,,,,,,,
Hãy cùng em điệu Sarikakeo,film,,,,,,,,,,,,,,,,,,,,,,,,,,,,,,,,,,,,,Trương Sơn Hải,,,,,,,,,,,,tiếng Việt,,,,,,,,,,,,,,,,,,,truyền hình,,,,,,,,,,,Việt Nam,,,,,,,,,,,,,,,,,,"Hãy cùng em điệu Sarikakeo, tiêu đề phim.png",,,Hồng Xuân,"Quang Sự, Lê Hà, Ngọc Thuận, Hồng Kim Hạnh",,,,,,45 phút/tập (không bao gồm quảng cáo),,,,,21 tháng 2 năm 2011,,,,,,Hãy cùng em điệu Sarikakeo,Phim truyền hình,,30 (chỉ 1 tập được phát sóng),Hãng phim Vàng Miền Nam,VTV1,,,,,,,,,,,,,,,,,,,,,,,,,Bí thư Tỉnh ủy,Xin thề anh nói thật,,,,,,,,,,,,,,,,,,,,,,,,,,,,,,,,,,,,,,,,,,,,,,,,,,,,,,,,,,,,,,,,,,,,,,,,,,,,,,,,,,,,,,,,,,,,,,
Mùi cỏ cháy,film,,,,,,,,,,,,,,,,,,,,,,,,,,,,,,,,,,,Mùi cỏ cháy,,"Nguyễn Hữu Mười, Vũ Đình Thân",Vương Đức,,,"Nguyễn Năng Tùng, Lê Văn Thơm, Tô Tuấn Dũng, Nguyễn Thanh Sơn, Lê Chí Kiên","Đỗ Hồng QuânNhạc sĩ Đỗ Hồng Quân là Uỷ viên Uỷ ban Đối ngoại, Ủy viên Đảng đoàn Hội Nhạc sĩ Việt Nam, Ủy viên BCH Đảng bộ Đài Tiếng nói Việt Nam, Phó Tổng thư ký kiêm Chủ tịch Hội Nhạc sĩ Việt Nam, Trưởng ban âm nhạc Đài tiếng nói Việt Nam, Ủy viên Đoàn chủ tịch Hội Liên hiệp Thanh niên Việt Nam, Phó Chủ tịch Hội nghị Việt Nam – Campuchia, theo Thông tin đại biểu quốc hội khóa XI tỉnh Hà Tây url=https://web.archive.org/web/20160304193640/http://dbqh.na.gov.vn/daibieu/25/0000000334/%C4%90o-Hong-Quan.aspx, date = ngày 4 tháng 3 năm 2016 và Đỗ Hồng Quân tái đắc cử Chủ tịch Hội Nhạc sĩ url=https://web.archive.org/web/20111016084315/http://vnmusic.com.vn/p9-do-hong-quan-tai-dac-cu-chu-tich-hoi-nhac-si.html, date = ngày 16 tháng 10 năm 2011 khóa 7.",Phạm Thanh Hà,Trần Hàm,"Hãng phim Điệp Vân, Hãng phim truyện Việt Nam","Cục Điện ảnh, Hãng phim Phương Nam","2012, 4, 24, Việt Nam",97 phút,Tiếng Việt,"5,2 tỷ VND",,2012,4,24,Việt Nam,,,,,,,,,,,,,"âm nhạc, chiến tranh, chính kịch, điện ảnh, tâm lý, xã hội",,,,,,,,,Hoàng Nhuận Cầm,,Việt Nam,,2424534,,,,,,,,,,,,,,,,,,,,,,,,,,,,,,,,,,,,,,,,,,,,,,,,,,''Mãi mãi tuổi hai mươi'' của Nguyễn Văn Thạc,,,,,,,,,,,,,,,,,,,,,,,,,,,,,Áp phích của phim,,,,,,,,,,,,,,,,,,,,,,,,,,,,,,,,,,,,,,,,,,,,,,,,,,,,,,,,,,,,,,,,,,,,,,,,,,,,,,,,,,,
Men say,film,,,,,,,,,,,,,,,,,,,,,,,,,,,,,,,,,,,,,Nguyễn Đức Việt,,,,,,,,,,,,Tiếng Việt,,,,,,,,,,,,,,,,,,,truyền hình,,,,,,,,,,,Việt Nam,,,,,,,,,,,,,,,,,Men say,,,,Trần Phương Thủy,*Lưu Đê Ly (Ly Ba Lan) *Bảo Kỳ *Tăng Nhật Tuệ *Tăng Ngân Hà,,,,,,,,,,Hà Nội 1,4 tháng 1 năm 2010,,,,,,,,,22,Đài Phát thanh – Truyền hình Hà Nội,,,,,,,,,,,,,,,,,1,,,,,,,,,,,,,,,,,,,,,,,,,,,,,,,,,,,"Huy Tuấn, Tăng Nhật Tuệ",,,,,,,,,,,,,,,,,,,,,,,,,,,,,,,,,,,,,,,,,,,,,,,,,,,,,,,,,,,,,,,,,,,,,
Hoa hồng trên ngực trái,film,,,,,,,,,,,,,,,,,,,,,,,,,,,,,,,,,,,,,Vũ Trường Khoa,,,,,,,,,,,,Tiếng Việt,,,,,,,,,,,,,,,,,,,truyền hình,,,,,,,,,,,Việt Nam,,,,,,,,,,,,,,,,,,Hoa_hong_tren_nguc_trai.jpeg,,,"Minh Ngọc, Diệu Thúy, Thủy Vũ","Hồng Diễm, Ngọc Quỳnh, Hồng Đăng, Lương Thanh, Diệu Hương , Trọng Nhân",,Hoàng Tích Thiện,,,,45-50 phút (tính cả quảng cáo),,,,,7 tháng 8 năm 2019 – 9 tháng 1 năm 2020,,,,,,Hoa hồng trên ngực trái,Phim truyền hình,,46,"Trung tâm Phim truyền hình Việt Nam, Đài Truyền hình Việt Nam","VTV3, VTV4, VTV6, VTV2",,,,,,,,,,,,,,,,,,Thu Thủy,,,Đỗ Thanh Hải,Lê Anh Dũng,,Vệt nắng nhạt nhòa,Mê cung,Cô gái nhà người ta,,,,,,,,,,,,,,,,,,,,,,,,'''''Em đồng ý ly hôn''''',,,,,,,,,,,,,,,,,,,,,,,,,,Những ngày không quên,,,,,,,,,,,,,,,,,,,,,,,,,,,,,,,,,,,,,,,,,,,,
Những cô gái trong thành phố,film,,,,,,,,,,,,,,,,,,,,,,,,,,,,,,,,,,,,,Vũ Trường Khoa,,,,,,,,,,,,,,,,,,,,,,,,,,,,,,,truyền hình,,,,,,,,,,,Việt Nam,,,,,,,,,,,,,,,,,,Nhung co gai trong thanh pho.jpeg,,,,"Công Lý, Lương Thu Trang, Nguyễn Kim Oanh, Mai Anh, Lương Thanh, Bình An, Chí Nhân, Thuý An, Mạnh Dũng",,,,,,45-50 phút/tập (có bao gồm quảng cáo),,,,,,,,,19 tháng 12 năm 2018 - 18 tháng 4 năm 2019,,Những cô gái trong thành phố,Phim truyền hình,,34,"Trung tâm Phim truyền hình Việt Nam, Đài Truyền hình Việt Nam",VTV3,,,,,,,,,,,,,,,,,,,,,,,Giấc mơ muộn màng,Cơn mưa ngang qua,Yêu thì ghét thôi,Mê cung,,,,,,,,,,,,,,,,,,,,,,,,'''''Cơn mưa ngang qua''''',,,,,,,,,,,,,,,,,,,,,,,,,,,,,,,,,,,,,,,,,,,,,,,,,,,,,,,,,,,,,,,,,,,,,,
Vị đắng tình yêu,film,,,,,,,,,,,,,,,,,,,,,,,,,,,,,,,,,,,,,Lê Xuân Hoàng,,,,,,,,,,,,tiếng Việt,,,,,,,,,,,,,,,,,,,"điện ảnh, tâm lý, tình cảm",,,,,,,,,,,Việt Nam,,,,,,,,,,,,,,,,,Vị đắng tình yêu,Vidangtinhyeutitle.webp,Tiêu đề phim,Hãng phim Giải Phóng,"Lê Hoàng, Việt Linh","Lê Công Tuấn Anh, Lê Hồng Thủy Tiên, Lê Tuấn Anh",Phú Quang,Trần Ngọc Huỳnh,,,1990,100 phút,500 triệu đồng,,,,,,,,,,,,,,,,,,,,,,,,,,,,,,,,,,,,,,,,,''Vị đắng tình yêu 2'',,,,,,,,,,,,,,,,,,,,,,,,,,,,,,,,,,,,,,,,,,,,,,,,,,,,,,,,,,,,,,,,,,,,,,,,,,,,,,,,,,,,,,,,,,,,,,
Xích lô (phim),film,,,,,,,,,,,,,,,,,,,,,,,,,,,,,,,,,,,,,Trần Anh Hùng,,,,,,,,"Salon Films Studio, Hãng phim Giải Phóng",,,,Tiếng Việt,,,,,,,,,,,,,,,,,,,điện ảnh,,,,,,,,,,,"Việt Nam , Pháp , Hồng Kông",,0112767,,,,,,,,,,,,,,,"Cyclo, Xích lô",Xichlotah.JPG,,Christophe Rossignon,Trần Anh Hùng,"Lê Văn Lộc , Lương Triều Vĩ , Trần Nữ Yên Khê",Tôn Thất Tiết,"Benoît Delhomme , Laurence Trémolet","Nicole Dedieu , Claude Ronzeau","New Yorker Video (Region 1 DVD), Gaumont (Region 2 DVD)","Ý tháng 11 năm 1995, UK 22 tháng 3 năm 1996, Hoa Kỳ 2 tháng 8 năm 1996, Úc 19 tháng 11 năm 1996",123 phút,,,,,,,,,,,,,,,,,,,200px,,,,,,,,,,,,,,,,,,,,,,,,,,,,,,,,,,,,,,,,,,,,,,,,,,,,,,,,,,,,,,,,,,,,,,,,,,,"Sư tử vàng LHP Venise 1995, Phim xuất sắc nhất tại LHP Flanders lần thứ 22, Giải George Delerue 1995 cho nhạc phim hay nhất.",,,1:135069,,,,,,,,,,,,,,,,,,,,,,,,,,,,,,,,,,,,,,,
Bụi hồng,film,,,,,,,,,,,,,,,,,,,,,,,,,,,,,,,,,,,Bụi hồng,,Hồ Quang Minh,"Hồ Quang Minh , Trần Thanh Hùng",,,"Phương Dung , Lê Anh Tuấn , Hoàng Phúc",Đặng Hữu Phúc,Lê Đình Ấn,Bùi Kim Hoàng,,"Hãng phim Giải Phóng, ZooDee Productions","1996, 9, 9, TIFF, df=yes",85 phút,Tiếng Việt,,,1996,9,9,TIFF,,,,,,,,,,,,,điện ảnh,,,,,,,,Ngụy Ngữ,,,Việt Nam,,,,,,,,,,,,,,,,,,,,,,,,,,,,,,,,,,,,,,,,,,,,,,,,,,,,,,,,,,,,,,,,,,,,,,,,,,yes,,,,,,,,,,,,,,,,,,,,,,,,,,,,,,,,,,,,,,,,,,,,,,,,,,,,,,,,,,,,,,,,,,,,,,,,,,,,,,,,,,,,,,,,,,
Tây Sơn Hiệp Khách,film,,,,,,,,,,,,,,,,,,,,,,,,,,,,,,,,,,,,,Lê Hoàng Hoa,,,,,,,,,,,,tiếng Việt,,,,,,,,,,,,,,,,,,,,,,,,,,,,,,Việt Nam,,,,,,,,,,,,,,,,,Tây Sơn Hiệp Khách,,,Mai Tân Long,,"Lý Hùng, Diễm Hương, Mộng Vân, Ngọc Hiệp, Lê Tuấn Anh, Việt Trinh, Lê Cung Bắc",Diệp Minh Tuyền,Nguyễn Hòe,,"Hãng phim Giải Phóng, Viện phim Việt Nam",1991,193 phút,,,,,,,,,,,,,Tiểu thuyết ''Ngọc Trản Thần Công'' của Lê Hoàng Khải,,,,,,,,"Lê Hoàng Khải, Lê Hoàng Hoa",,,,,,,,,,,,,,,,,,,,,,,,,,,,,,,,,,,,,,,,,,,,,,,,,,,,,,,,,,,,,,,,,,,,,,,,,,,,,,,,,,,,,,,,,,,,,,,,,,,,,,,,,,,,,,,"西山, 俠客",Hãng phim Giải Phóng,,,
Tội lỗi cuối cùng,film,,,,,,,,,,,,,,,,,,,,,,,,,,,,,,,,,,,Tội lỗi cuối cùng,,Trần Phương,,Trần Phương,,Phương Thanh * Đặng Việt Bảo * Yến Thu * Trần Quang,Trịnh Công Sơn,Trần Trung Nhàn,,Xí nghiệp Phim truyện Việt Nam,,,,Tiếng Việt,,,,,,,,,,,,,,,,,,,điện ảnh,,,,,,,,,,,,,,,,,,,,,,,,,,,,,,,,,,,,,,,,,,,,,,,,,,,,,,,,,,,,,,,,,,,,,,,,,,,,,,,,,,,,,,,,,,,,,,,,,,,,,,,,,,,,,,,,,,,,,,,,,,,,,,,,,,,,,,,,,,,,,,,,,,,,,,,,,,,,,,,,,,,,,,,,,,,,,,,
Những người đã gặp,film,,,,,,,,,,,,,,,,,,,,,,,,,,,,,,,,,,,,,"Trần Vũ, Trần Phương",,,,,,,,,,,,Tiếng Việt,,,,,,,,,,,,,,,,,,,,,,,,,,,,,,Việt Nam,,,,,,,,,,,,,,,,,,ThanhQuy Kcdct.jpg,,,Bành Bảo,,,"Trần Trung Nhàn, Nguyễn Hữu Tuấn",,Hãng phim Phương Nam,,100 phút,,,,,1979,,,,,,Những người đã gặp,Trắng đen,,,Hãng phim truyện Việt Nam,VTC,Việt Nam,,,,,,,,,,,,,,,,,Bành Châu,"Hà Nội, Việt Trì",Pink,,,,,''Chuyến xe bão táp'' (1976),,,,,,,,,,,,,,,,,,,,,,,,,,,,,,,,,,,,,,,,,,,,,,,,,,,,,,,,,,,,,,,,,,,,,Đỗ Đắc Minh,,,,,,,,,,,,,,,,,,,,,,,,,,
Hai Cũ,film,,,,,,,,,,,,,,,,,,,,,,,,,,,,,,,,,,,Hai Cũ,,Lam Sơn,Hoàng Minh,Nguyễn Trương Thiên Sơn,,* Lý Huỳnh * Đơn Dương * Nguyễn Văn Đây * Lê Chánh * Nguyễn Đình Thơ,Hoàng Hiệp,Bá Nghễ,Bạch Vân,Xí nghiệp phim Tổng hợp thành phố Hồ Chí Minh,,1986,65 phút,Tiếng Việt,,,,,,,,,,,,,,,,,,,điện ảnh,,,,,,,,,,,Việt Nam,,,,,,,,,,,,,,,,,,,,,,,,,,,,,,,,,,,,,,,,,,,,,,,,,,,,"""Chân dung một quản đốc"" của Nguyễn Hiếu Trường",,,,,,,,,,,,,,,,,,,,,,,,,,,,,,,,,,,,,,,,,,,,,,,,,,,,,,,,,,,,,,,,,,,,,,,,,,,,,,,,,,,,,,,,,,,,,,,,,,,,,,,,,,,,,,,,
Mảnh đời của Huệ,film,,,,,,,,,,,,,,,,,,,,,,,,,,,,,,,,,,,,,Phi Tiến Sơn,,,,,,,,,,,,tiếng Việt,,,,,,,,,,,,,,,,,,,truyền hình,,,,,,,,,,,Việt Nam,,,,,,,,,,,,,,,,,,Mảnh đời của Huệ (phim).jpg,Áp phích phim,,Nguyễn Hữu Phần,,,Nguyễn Văn Nhiêm,,,,45 phút x 6 tập,,,,,1997,,,,,,Mảnh đời của Huệ,Phim truyền hình,,,"Trung tâm Phim truyền hình Việt Nam, Đài Truyền hình Việt Nam",VTV3,,,,,,,,tiểu thuyết cùng tên của nhà văn Võ Khắc Nghiêm,,,,,,,,,,,,Orchid,,Vũ Ngọc Quang,,,,,,,,,,,,,,,,,,,,,,,,,,,,,,,,,,,,,,,,,,,,,,,,,,,,,,,,,,,,,,,,,,,,,,,,,,,,,,,,,,,,,,,,,,,,,,,,,,
Của để dành,film,,,,,,,,,,,,,,,,,,,,,,,,,,,,,,,,,,,,,Đỗ Thanh Hải,,,,,,,,,,,,tiếng Việt,,,,,,,,,,,,,,,,,,,truyền hình,,,,,,,,,,,Việt Nam,,,,,,,,,,,,,,,,,,222px,,,Nguyễn Thị Thu Huệ,"NSƯT Hoàng Yến, NSƯT Mai Châu, NSƯT Hoàng Dũng, Anh Tú, Thu Hường, Hồng Tuấn, NSƯT Phát Triệu, NSƯT Đức Hải, Quách Thu Phương, Đào Thị Loan, Thùy Giang, Hương Mai",,,,,,80 phút/tập (không bao gồm quảng cáo),,,,,1998,,,,,,Của để dành,Phim truyền hình,truyện ngắn cùng tên của nhà văn Nguyễn Thị Thu Huệ,6,"Trung tâm Phim truyền hình Việt Nam, Đài Truyền hình Việt Nam",VTV3,,,,,,,,,,,,,,,,,,,,PaleGreen,,,,,,,,,,,,,,,,,,,,,,,,,,,,,,,Xuân Phương,,,,,,,,,,,,,,,,,,,,,,,,,,,,,,,,,,,,,,,,,,,,,,,,''Lời ru cho con'',,,,,,,,,,,,,,,,,,,,,
Xuôi ngược đường trần,film,,,,,,,,,,,,,,,,,,,,,,,,,,,,,,,,,,,,,"Linh Nga, Nguyễn Anh Tuấn",,,,,,,,,,,,tiếng Việt,,,,,,,,,,,,,,,,,,,truyền hình,,,,,,,,,,,Việt Nam,,,,,,,,,,,,,,,,,Xuôi ngược đường trần,230px,Áp phích phim,"Trung tâm Phim truyền hình Việt Nam, Đài truyền hình Việt Nam","Linh Nga, Nguyễn Khải Hưng",* Linh Nga * Mai Ngọc Căn * Thế Tục * Kim Xuyến * Hoàng Công * Nguyễn Duy Linh,Đặng Hữu Phúc,Lê Mạnh,,,21 tháng 2 năm 2002,72 phút x 3 tập,,,,,,,,,,,,,,,,,,,,,,,,,,,,,,,,,,,,,,,,,,,,,,,,,,,,,,,,,,,,,,,,,,,,,,,,,,,,,,,,,,,,,,,,,,,,,,,,,,,,,,,,,,,,,,,,,,,,,,,,,,,,,,,,,,,,,,"Thế Như , Tam Anh",Trà Giang,
Đại gia chân đất,film,,,,,,,,,,,,,,,,,,,,,,,,,,,,,,,,,,,,,Trần Bình Trọng,,,,,,,,,,,,Tiếng Việt,,,,,,,,,,,,,,,,,,,hài,,,,,,,,,,,Việt Nam,,,,,,,,,,,,,,,,,Đại gia chân đất,,,"Hồ Gươm Audio - Video, 3T Film , Bình Minh Film (từ phần 2 trở đi)",Bình Trọng,"Trung Hiếu, Quang Tèo, Bình Trọng, Chiến Thắng, Thu Huyền, Thanh Tú",,,,Bình Minh Film,2011 - đến nay,,,,,,,,,,,,,,,,,,,,,,,,,,,,,,,,,,,,,,,,,,,,,,,,,,,,,,,,,,,,,,,,,,,,,,,,,,,,,,,,,,,,,,,,,,,,,,,,,,,,,,,,,,,,,,,,,,,,,,,,,,,,,,,,,,,,,,,,,
Không nơi ẩn nấp,film,,,,,,,,,,,,,,,,,,,,,,,,,,,,,,,,,,,Không nơi ẩn nấp,,Phạm Kỳ Nam,,,,,,,,Hãng phim truyện Việt Nam,,1971,,Tiếng Việt,,,,,,,,,,,,,,,,,,,chiến tranh,,,,,,,,,Lê Tri Kỷ,,Việt Nam,,,,,,,,,,,,,,,,,,Không nơi ẩn nấp.jpg,,,,,,Nguyễn Đăng Bảy,,,,103 phút,,,,,,,,,,,,,,,,,,,,,,,,,,,,,,,,,,,,,,,,,,,,,,,,,,,,,,,,,,,,,,,,,,,,,,,,,,,,,,,,,,,,,,,,,,,,,,,,,,,,,,,,,,,,,,,,,,,,,,,,,,,,,,,,,,,,,,,,
Bài ca ra trận,film,,,,,,,,,,,,,,,,,,,,,,,,,,,,,,,,,,,,,Trần Đắc,,,,,,,,,,,,Tiếng Việt,,,,,,,,,,,,,,,,,,,"chiến tranh, lãng mạn",,,,,,,,,,,Việt Nam,,,,,,,,,,,,,,,,,,Bài ca ra trận.jpg,,,"Hồng Lực, Trần Đắc","Dũng Nhi, Như Quỳnh",,,,,,96 phút,,,,,1973,,,,,,Bài ca ra trận,,,,Hãng phim truyện Việt Nam,VTC1,Việt Nam,1975,,,,,,,,,,,,,,,,,Hà Nội,PaleGreen,,Tô Hải,,,,,,,,,,,,Nguyễn Quang Tuấn,,,,,,,,,,,,,,,,,,,,,,,,,,,,,,,,,,,,,,,,,,,,,,,,,,,,,,,,,,,,,,,,,,,,,,,,,,,,,,,,,,,,,,
Hai người mẹ (phim Việt Nam),film,,,,,,,,,,,,,,,,,,,,,,,,,,,,,,,,,,,Hai người mẹ,,Nguyễn Khắc Lợi,,,,,Nguyễn Văn Thương,Nguyễn Khánh Dư,Nguyễn Văn Long,Xưởng Phim truyện Việt Nam,,1975,,"Tiếng Việt, Tiếng Lào",,,,,,,,,,,,,,,,,,,"chiến tranh, điện ảnh",,,,,,,,,Cầm Kỷ,,Việt Nam,,,,,,,,,,,,,,,,,,,,,,,,,,,,,,,,,,,,,,,,,,,,,,,,,,,,,,,,,,,,,,,,,,,,,,,,,,,,,,,,,,,,,,,,,,,,,,,,,,,,,,,,,,,,,,,,,,,,,,,,,,,,,,,,,,,,,,,,,,,,,,,,,,,,,,,,,,,,,,,,,,,,Phạm Quang Vĩnh
Con chim vành khuyên,film,,,,,,,,,,,,,,,,,,,,,,,,,,,,,,,,,,,Con chim vành khuyên,Áp phích phim,"Nguyễn Văn Thông, Trần Vũ",Xưởng phim truyện Hà Nội,Nguyễn Văn Thông,,"Tố Uyên, Trần Ngọc Tư, Thúy Vinh",Hoàng Vân,Nguyễn Đăng Bảy,,,,1962,43 phút,tiếng Việt,,,,,,,,,,,,,,,,,,,"chính kịch, điện ảnh",,,,,,,,,,,22px Việt Nam,,tt2136824,,,,,,,,,,,,,,,,,,,,,,,,,,,,,,,,,,,,,,,,,,,,,,,,,,,,,,,,,,,,,,,,,,,,,270px,,,,,,,,,,,,,,,,,,,,,,,,,,,,,,,,,,,,,,,,,,,,,,,,,,,,,,,,,,,,,,,,,,,,,,,,,,,,,,,,,,,,,,,,,,,,,
Quê nhà,film,,,,,,,,,,,,,,,,,,,,,,,,,,,,,,,,,,,Quê nhà,,Nguyễn Ngọc Trung,"Phan Hữu, Trần Việt Thanh","Phù Thăng, Nguyễn Ngọc Trung",,"Ngọc Lan, Xuân Tạc, Long Vân, Hoàng Hà, Thúy Vinh",Hoàng Hà,Nghiêm Phú Mỹ,Nguyễn Như Oanh,Xí nghiệp Phim truyện Việt Nam,,năm 1974,91 phút,Tiếng Việt,,,,,,,,,,,,,,,,,,,chính kịch,,,,,,,,,,,Việt Nam,,,,,,,,,,,,,,,,,,,,,,,,,,,,,,,,,,,,,,,,,,,,,,,,,,,,,,,,,,,,,,,,,,,,,,,,,,,,,,,,,,,,,,,,,,,,,,,,,,,,,,,,,,,,,,,,,,,,,,,,,,,,,,,,,,,,,,,,,,,,,,,,,,,,,,,,,,,,,,,,,,,,
Thị trấn yên tĩnh,film,,,,,,,,,,,,,,,,,,,,,,,,,,,,,,,,,,,Thị trấn yên tĩnh,,Lê Đức Tiến,Trần Thượng Đích,Đoàn Trúc Quỳnh,,Trịnh Thịnh * Lân Bích * Bùi Bài Bình * Trần Đình Thọ,Đỗ Hồng Quân,Trần Quốc Dũng,Nguyễn Văn Long,Xí nghiệp phim Truyện Việt Nam,,1986,75 phút,Tiếng Việt,,,,,,,,,,,,,,,,,,,"chính kịch, điện ảnh, hài",,,,,,,,,,,,,,,,,,,,,,,,,,,,,,,,,,,,,,,,,,,,,,,,,,,,,,,,,,,,,,,,,,,,,,,,,,,,,,,,,,,,,,,,,,,,bìa DVD của phim,,,,,,,,,,,,,,,,,,,,,,,,,,,,,,,,,,,,,,,,,,,,,,,,,,,,,,,,,,,,,,,,,,,,,,,,,,,,,,,,,,,
Thằng Bờm (phim),film,,,,,,,,,,,,,,,,,,,,,,,,,,,,,,,,,,,Thằng Bờm,,Lê Đức Tiến,,,,,Đỗ Hồng Quân,"Trần Quốc Dũng, Trần Đình Hiệp",Nguyễn Bá Nghi,Hãng phim truyện Việt Nam,,1987,90 phút,Tiếng Việt,,,,,,,,,,,,,,,,,,,hài,,,,,,,,,Bành Châu,,Việt Nam,,,,,,,,,,,,,,,,,,,,,,,,,,,,,,,,,,,,,,,,,,,,,,,,,,,,Thằng Bờm,,,,,,,,,,,,,,,,,,,,,,,,,,,,,,,,,,,,,,,,,,,,,,,,,,,,,,,,,,,,,,,,,,,,,,,,,,,,,,,,,,,,,,,,,,,,,,,,,,,,,,,,,,,,,,,,
Ngọt ngào và man trá,film,,,,,,,,,,,,,,,,,,,,,,,,,,,,,,,,,,,,,"Nguyễn Hữu Phần, Phi Tiến Sơn",,,,,,,,,,,,tiếng Việt,,,,,,,,,,,,,,,,,,,truyền hình,,,,,,,,,,,Việt Nam,,,,,,,,,,,,,,,,,,Ngotngaovamantra.png,"Một cảnh trong phim, cho thấy hai diễn viên chính Lê Công Tuấn Anh (trái) và Khánh Huyền (phải)",,Nguyễn Thế Long,"Lê Công Tuấn Anh, Khánh Huyền, Ngọc Thư, Đức Sơn, Thúy Vinh, Hữu Độ",,,,,,70 phút/tập (không bao gồm quảng cáo),,,,,6 tháng 10 năm 1996,,,,,,Ngọt ngào và man trá,Phim truyền hình,truyện ngắn cùng tên của Nguyễn Dậu,3,"Trung tâm Phim truyền hình Việt Nam, Đài Truyền hình Việt Nam","VTV3, VCTV2",,20 tháng 10 năm 1996,,,,,,,,,,,,,,,,,,PaleGreen,,,,,,,,,,,,,,,,,,,,,,,,,,,,,,,,,,,,,,,,,,,,,,,,,,,,,,,,,,,,,,,,,,,,,,,,,,,,,,,,,,,,,,,,,,,,,,,,,,,,
Người đàn bà mộng du,film,,,,,,,,,,,,,,,,,,,,,,,,,,,,,,,,,,,Người đàn bà mộng du,,Nguyễn Thanh Vân,Cố Khắc Ứng,,,"Hồng Ánh, Võ Hoài Nam, Lê Vũ Long",Phó Đức Phương,Nguyễn Hữu Tuấn,,Hãng phim truyện Việt Nam,FAFIM Việt Nam,2003,85 phút,Tiếng Việt,"1,3 tỷ VNĐ",,,,,,,,,,,,,,,,,,điện ảnh,,,,,,,,,Nguyễn Quang Thiều,,,,,,,,,,,,,,,,,,,,,,,,,,,,,,,,,,,,,,,,,,,,,,,,,,,,,,"''Người đàn bà trên chuyến tàu tốc hành'', Nguyễn Minh Châu",,,,,,,,,,,,,,,,,,,,,,,,,,,,,,,,,,,,,,,,,,,,,,,,,,,,,,,,,,,,,,,,,,,,,,,,,,,,,,,,,,,,,,,,,,,,,,,,,,,,,,,,,,,,,,,,
Mùa hè rớt,film,,,,,,,,,,,,,,,,,,,,,,,,,,,,,,,,,,,,,Phạm Thanh Phong,,,,,,,,,,,,,,,,,,,,,,,,,,,,,,,truyền hình,,,,,,,,,,,Việt Nam,,,,,,,,,,,,,,,,,Mùa hè rớt,,,,Phạm Thanh Phong,* Hồng Sơn * Minh Phương * Thanh Giang * Vi Cầm * Nam Cường,,,,,,,,,,VTV3,17 tháng 2 năm 2008,,,,,,,,,,"Trung tâm Phim truyền hình Việt Nam, Đài Truyền hình Việt Nam",,,,,,,,,,,,,,,,,,,,,,,,,,,,,,,,,,,Lê Mạnh,,,,,,,,,,,,,,,,,Phạm Ngọc Khôi,,,,,,,,,,,,,,,,,,,,,,,,,,,,,,,,,,,,,,,,,,,,,,,,,,,,,,,,,,,,,,,,,,,,,
Rượu cần đêm mưa,film,,,,,,,,,,,,,,,,,,,,,,,,,,,,,,,,,,,,,Nguyễn Đức Việt,,,,,,,,,,,,,,,,,,,,,,,,,,,,,,,"điện ảnh, truyền hình",,,,,,,,,,,,,,,,,,,,,,,,,,,,Rượu cần đêm mưa,,,Hãng phim Hội Điện ảnh Việt Nam,Trần Thị Thanh Hồng,* Thiện Tùng * Đinh Hương * Hải Khoa * Hồng Sơn * Như Quỳnh,,,,,,,,,,,,,,,,,,,,1,,,Việt Nam,,,,,,,,,,,,,,,,Huy Hoàng,Nguyễn Thị Hồng Ngát,,,,,,,,,,,,,,,,,,,,,,,,,,,,,,,,,,,,,,,,,,,,,,,,,,,,,,,,,,,,,,,,,,,,,,,,,,,,,,,,,,,,,,,,,,,,,,,,,,,,,,
Ngày hè sôi động,film,,,,,,,,,,,,,,,,,,,,,,,,,,,,,,,,,,,,,Trọng Trinh,,,,,,,,,,,,Tiếng Việt,,,,,,,,,,,,,,,,,,,truyền hình,,,,,,,,,,,Việt Nam,,,,,,,,,,,,,,,,,,Ngày hè sôi động.jpeg,Áp phích phim,,"Lê Phương, Trịnh Thanh Nhã, Hoàng Nhung",,,,,,,70 - 75 phút x 8 tập,,,,,2001,,,,,,Ngày hè sôi động,Phim truyền hình,,,"Trung tâm Phim truyền hình Việt Nam, Đài Truyền hình Việt Nam",VTV1,,,,,,,,,,,,,,,,,,,,PaleGreen,,Phạm Tuấn Hùng,Đêm hè,,,,,,,,,,,,,,,,,,,,,,,,,,,,,,,,,,,,,,,,,,,,,,,,,,,,,,,,,,,,,,,,,,,,,,,,,,,,,,,,,,,,,,,,,,,,,,,,,
Mùi đu đủ xanh,film,,,,,,,,,,,,,,,,,,,,,,,,,,,,,,,,,,,,,Trần Anh Hùng,,,,,,,,,,,,tiếng Việt,,,1993,6,8,,,,,,,,,,,,,,điện ảnh,,,,,,,,,,,Việt Nam,,,,,,,,,,,,,,,,,Mùi đu đủ xanh,Mui du du xanh.jpg,,Christophe Rossignon,Trần Anh Hùng,"Trần Nữ Yên Khê, Lư Mẫn San, Trương Thị Lộc",Tôn Thất Tiết,Benoît Delhomme,"Nicole Dedieu, Jean-Pierre Roques",Président Films,"1993, 6, 8",104 phút,"1,700,992 đô la Mỹ",,,,,,,,,,,,,,,,,,,,,,,,,,,,,,,,,,,,,,,,,,,,,,,,,,,,,,,,,,,,,,,,,,,,,,,,,,,,,,,,,,,,,,,,,,,,,,,,,,,,,,,,,,,,,,,,,,,,,,,,,,,,,,,,,,,,,,,
Và anh đến trong cơn mưa,film,,,,,,,,,,,,,,,,,,,,,,,,,,,,,,,,,,,,,Trần Anh Hùng,,,,,,,,,,,,Tiếng Anh,18 triệu USD,,,,,,,,,,,,,,,,,,hành động,,,,,,,,,,,,,1024744,,,,,,,,,,,,,,,"Và anh đến trong cơn mưa , I Come with the Rain",,,"Fernando Sulichin, Jean Cazes, Jean-Pierre Marois, Jon Kilik",Trần Anh Hùng,"Josh Hartnett, Elias Koteas, Lee Byung-hun, Kimura Takuya, Dư Văn Lạc, Trần Nữ Yên Khê",Gustavo Santaolalla & Radiohead,Juan Ruiz Anchía,Mario Battistel,,2009,,,,,,,,,,,,,,,,,,,,,,,,,,,,,,,,,,,,,,,,,,,,,,,,,,,,,,,,,,,,,,,,,,,,,,,,,,,,,,,,,,,,,,,,,,,,,,,,,,,,,,,,,,,,,,,,,,,,,,,,,,,,,,,,,,,,,,,,,
Vợ ba (phim),film,,,,,,,,,,,,,,,,,,,,,,,,,,,,,,,,,,,,,Ash Mayfair,,,,,,,,,,,,Tiếng Việt,28 tỉ đồng,,2020,06,12,Streaming,2019,5,17,Việt Nam,,,,,,,,,"cổ trang, điện ảnh, gia đình, lịch sử, tâm lý, xã hội",,,,,,,,,,An Nam Productions,Việt Nam,,,,,,,,,,,,,,,,,Between Shadow and Soul,Tập tin:Between Shadow and Soul.jpg,,* Trần Thị Bích Ngọc * Ash Mayfair,Ash Mayfair,* Trần Nữ Yên Khê * Nguyễn Phương Trà My * Mai Thu Hường * Lê Vũ Long * Nguyễn Như Quỳnh,Tôn Thất An,Chananun Chotrungroj,Julie Béziau,Film Movement,"2020, 06, 12, Streaming, df=y",89 phút,336.218 USD,,,,,,,,,,,,,,,,,,,,,,,,,,,,,,,,,,,,,,,,,,190px,,,y,,,,,,,,,,,,,,,,,,,,,,,,,,,,,,,,,,,,,,,,,,,,,,,,,,,,,,,,,,,,,,,,,,,,,,,,,,,,,,,,,,,,,,,,,,
