source,target,location
Trấn Thành,Uyển Ân,"Thành phố Hồ Chí Minh, Việt Nam"
Trấn Thành,Tú Vi,"Thành phố Hồ Chí Minh, Việt Nam"
Trấn Thành,Hùng Thuận,"Thành phố Hồ Chí Minh, Việt Nam"
Trấn Thành,Đình Hiếu,"Thành phố Hồ Chí Minh, Việt Nam"
Trấn Thành,Phùng Ngọc Huy,"Thành phố Hồ Chí Minh, Việt Nam"
Trấn Thành,Thanh Trúc,"Thành phố Hồ Chí Minh, Việt Nam"
Trấn Thành,Bảo Thy,"Thành phố Hồ Chí Minh, Việt Nam"
Trấn Thành,Yến Trang,"Thành phố Hồ Chí Minh, Việt Nam"
Trấn Thành,Tấn Beo,"Thành phố Hồ Chí Minh, Việt Nam"
Trấn Thành,Hiếu Hiền,"Thành phố Hồ Chí Minh, Việt Nam"
Trấn Thành,Khổng Tú Quỳnh,"Thành phố Hồ Chí Minh, Việt Nam"
Trấn Thành,Noo Phước Thịnh,"Thành phố Hồ Chí Minh, Việt Nam"
Trấn Thành,Ngô Kiến Huy,"Thành phố Hồ Chí Minh, Việt Nam"
Trấn Thành,Ninh Dương Lan Ngọc,"Thành phố Hồ Chí Minh, Việt Nam"
Trấn Thành,Tuấn Trần,"Thành phố Hồ Chí Minh, Việt Nam"
Trấn Thành,Ngân Chi,"Thành phố Hồ Chí Minh, Việt Nam"
Trấn Thành,Nguyễn Minh Tú,"Thành phố Hồ Chí Minh, Việt Nam"
Trấn Thành,Kiều Minh Tuấn,"Thành phố Hồ Chí Minh, Việt Nam"
Trấn Thành,Kaity Nguyễn,"Thành phố Hồ Chí Minh, Việt Nam"
Trấn Thành,Huỳnh Đông,"Thành phố Hồ Chí Minh, Việt Nam"
Trấn Thành,Minh Hằng,"Thành phố Hồ Chí Minh, Việt Nam"
Trấn Thành,Bảo Anh,"Thành phố Hồ Chí Minh, Việt Nam"
Trấn Thành,Don Nguyễn,"Thành phố Hồ Chí Minh, Việt Nam"
Trấn Thành,Ngọc Diệp,"Thành phố Hồ Chí Minh, Việt Nam"
Trấn Thành,Thu Trang,"Thành phố Hồ Chí Minh, Việt Nam"
Trấn Thành,Võ Ngọc Trai,"Thành phố Hồ Chí Minh, Việt Nam"
Trấn Thành,Jun Phạm,"Thành phố Hồ Chí Minh, Việt Nam"
Trấn Thành,Diễm My 9x,"Thành phố Hồ Chí Minh, Việt Nam"
Trấn Thành,Nguyễn Thắng,"Thành phố Hồ Chí Minh, Việt Nam"
Trấn Thành,Khả Ngân,"Thành phố Hồ Chí Minh, Việt Nam"
Trấn Thành,Anh Thư,"Thành phố Hồ Chí Minh, Việt Nam"
Trấn Thành,Nguyễn Thúc Thùy Tiên,"Thành phố Hồ Chí Minh, Việt Nam"
Trấn Thành,Huy Khánh,"Thành phố Hồ Chí Minh, Việt Nam"
Trấn Thành,Đinh Ngọc Diệp,"Thành phố Hồ Chí Minh, Việt Nam"
Trấn Thành,Hứa Vĩ Văn,"Thành phố Hồ Chí Minh, Việt Nam"
Trấn Thành,Ái Phương,"Thành phố Hồ Chí Minh, Việt Nam"
Trấn Thành,Thúy Diễm,"Thành phố Hồ Chí Minh, Việt Nam"
Trấn Thành,Đan Trường,"Thành phố Hồ Chí Minh, Việt Nam"
Trấn Thành,Bạch Công Khanh,"Thành phố Hồ Chí Minh, Việt Nam"
Trấn Thành,Angela Phương Trinh,"Thành phố Hồ Chí Minh, Việt Nam"
Trấn Thành,Việt Hương,"Thành phố Hồ Chí Minh, Việt Nam"
Trấn Thành,Hà Okio,"Thành phố Hồ Chí Minh, Việt Nam"
Trấn Thành,Uyên Linh,"Thành phố Hồ Chí Minh, Việt Nam"
Trấn Thành,Lý Nhã Kỳ,"Thành phố Hồ Chí Minh, Việt Nam"
Trấn Thành,Đàm Phương Linh,"Thành phố Hồ Chí Minh, Việt Nam"
Trấn Thành,Phương Hằng (diễn viên),"Thành phố Hồ Chí Minh, Việt Nam"
Trấn Thành,Quang Tuấn,"Thành phố Hồ Chí Minh, Việt Nam"
Trấn Thành,Yeye Nhật Hạ,"Thành phố Hồ Chí Minh, Việt Nam"
Trấn Thành,Khánh Phương,"Thành phố Hồ Chí Minh, Việt Nam"
Trấn Thành,Võ Thành Tâm,"Thành phố Hồ Chí Minh, Việt Nam"
Trấn Thành,Đại Nghĩa (diễn viên),"Thành phố Hồ Chí Minh, Việt Nam"
Trấn Thành,Kim Hiền (diễn viên),"Thành phố Hồ Chí Minh, Việt Nam"
Trấn Thành,Mỹ Chi,"Thành phố Hồ Chí Minh, Việt Nam"
Trấn Thành,Bằng Lăng,"Thành phố Hồ Chí Minh, Việt Nam"
Trấn Thành,WanBi Tuấn Anh,"Thành phố Hồ Chí Minh, Việt Nam"
Trấn Thành,Lương Bích Hữu,"Thành phố Hồ Chí Minh, Việt Nam"
Trấn Thành,Elly Trần,"Thành phố Hồ Chí Minh, Việt Nam"
Trấn Thành,Wanbi Tuấn Anh,"Thành phố Hồ Chí Minh, Việt Nam"
Trấn Thành,Tường Vi (diễn viên),"Thành phố Hồ Chí Minh, Việt Nam"
Trấn Thành,Chí Thiện (ca sĩ),"Thành phố Hồ Chí Minh, Việt Nam"
Trấn Thành,Hồ Vĩnh Khoa,"Thành phố Hồ Chí Minh, Việt Nam"
Trấn Thành,Thảo Trang,"Thành phố Hồ Chí Minh, Việt Nam"
Trấn Thành,Rocker Nguyen,"Thành phố Hồ Chí Minh, Việt Nam"
Trấn Thành,Phương Mỹ Chi,"Thành phố Hồ Chí Minh, Việt Nam"
Trấn Thành,Thanh Thúy (diễn viên sinh 1982),"Thành phố Hồ Chí Minh, Việt Nam"
Trấn Thành,Kim Tuyến,"Thành phố Hồ Chí Minh, Việt Nam"
Ninh Dương Lan Ngọc,Ngọc Diệp,"Thành phố Hồ Chí Minh, Việt Nam"
Ninh Dương Lan Ngọc,Huỳnh Đông,"Thành phố Hồ Chí Minh, Việt Nam"
Ninh Dương Lan Ngọc,Phùng Ngọc Huy,"Thành phố Hồ Chí Minh, Việt Nam"
Ninh Dương Lan Ngọc,Don Nguyễn,"Thành phố Hồ Chí Minh, Việt Nam"
Ninh Dương Lan Ngọc,Hiếu Hiền,"Thành phố Hồ Chí Minh, Việt Nam"
Ninh Dương Lan Ngọc,Thu Trang,"Thành phố Hồ Chí Minh, Việt Nam"
Ninh Dương Lan Ngọc,Võ Ngọc Trai,"Thành phố Hồ Chí Minh, Việt Nam"
Ninh Dương Lan Ngọc,Jun Phạm,"Thành phố Hồ Chí Minh, Việt Nam"
Ninh Dương Lan Ngọc,Diễm My 9x,"Thành phố Hồ Chí Minh, Việt Nam"
Ninh Dương Lan Ngọc,Kiều Minh Tuấn,"Thành phố Hồ Chí Minh, Việt Nam"
Ninh Dương Lan Ngọc,Kaity Nguyễn,"Thành phố Hồ Chí Minh, Việt Nam"
Ninh Dương Lan Ngọc,Tú Vi,"Thành phố Hồ Chí Minh, Việt Nam"
Ninh Dương Lan Ngọc,Hùng Thuận,"Thành phố Hồ Chí Minh, Việt Nam"
Ninh Dương Lan Ngọc,Đình Hiếu,"Thành phố Hồ Chí Minh, Việt Nam"
Ninh Dương Lan Ngọc,Thanh Trúc,"Thành phố Hồ Chí Minh, Việt Nam"
Ninh Dương Lan Ngọc,Bảo Thy,"Thành phố Hồ Chí Minh, Việt Nam"
Ninh Dương Lan Ngọc,Yến Trang,"Thành phố Hồ Chí Minh, Việt Nam"
Ninh Dương Lan Ngọc,Tấn Beo,"Thành phố Hồ Chí Minh, Việt Nam"
Ninh Dương Lan Ngọc,Khổng Tú Quỳnh,"Thành phố Hồ Chí Minh, Việt Nam"
Ninh Dương Lan Ngọc,Noo Phước Thịnh,"Thành phố Hồ Chí Minh, Việt Nam"
Ninh Dương Lan Ngọc,Ngô Kiến Huy,"Thành phố Hồ Chí Minh, Việt Nam"
Ninh Dương Lan Ngọc,Tuấn Trần,"Thành phố Hồ Chí Minh, Việt Nam"
Ninh Dương Lan Ngọc,Ngân Chi,"Thành phố Hồ Chí Minh, Việt Nam"
Ninh Dương Lan Ngọc,Nguyễn Minh Tú,"Thành phố Hồ Chí Minh, Việt Nam"
Ninh Dương Lan Ngọc,Uyển Ân,"Thành phố Hồ Chí Minh, Việt Nam"
Ninh Dương Lan Ngọc,Minh Hằng,"Thành phố Hồ Chí Minh, Việt Nam"
Ninh Dương Lan Ngọc,Bảo Anh,"Thành phố Hồ Chí Minh, Việt Nam"
Ninh Dương Lan Ngọc,Nguyễn Thắng,"Thành phố Hồ Chí Minh, Việt Nam"
Ninh Dương Lan Ngọc,Khả Ngân,"Thành phố Hồ Chí Minh, Việt Nam"
Ninh Dương Lan Ngọc,Anh Thư,"Thành phố Hồ Chí Minh, Việt Nam"
Ninh Dương Lan Ngọc,Nguyễn Thúc Thùy Tiên,"Thành phố Hồ Chí Minh, Việt Nam"
Ninh Dương Lan Ngọc,Huy Khánh,"Thành phố Hồ Chí Minh, Việt Nam"
Ninh Dương Lan Ngọc,Đinh Ngọc Diệp,"Thành phố Hồ Chí Minh, Việt Nam"
Ninh Dương Lan Ngọc,Hứa Vĩ Văn,"Thành phố Hồ Chí Minh, Việt Nam"
Ninh Dương Lan Ngọc,Ái Phương,"Thành phố Hồ Chí Minh, Việt Nam"
Ninh Dương Lan Ngọc,Thúy Diễm,"Thành phố Hồ Chí Minh, Việt Nam"
Ninh Dương Lan Ngọc,Đan Trường,"Thành phố Hồ Chí Minh, Việt Nam"
Ninh Dương Lan Ngọc,Bạch Công Khanh,"Thành phố Hồ Chí Minh, Việt Nam"
Ninh Dương Lan Ngọc,Angela Phương Trinh,"Thành phố Hồ Chí Minh, Việt Nam"
Ninh Dương Lan Ngọc,Việt Hương,"Thành phố Hồ Chí Minh, Việt Nam"
Ninh Dương Lan Ngọc,Hà Okio,"Thành phố Hồ Chí Minh, Việt Nam"
Ninh Dương Lan Ngọc,Uyên Linh,"Thành phố Hồ Chí Minh, Việt Nam"
Ninh Dương Lan Ngọc,Lý Nhã Kỳ,"Thành phố Hồ Chí Minh, Việt Nam"
Ninh Dương Lan Ngọc,Đàm Phương Linh,"Thành phố Hồ Chí Minh, Việt Nam"
Ninh Dương Lan Ngọc,Phương Hằng (diễn viên),"Thành phố Hồ Chí Minh, Việt Nam"
Ninh Dương Lan Ngọc,Quang Tuấn,"Thành phố Hồ Chí Minh, Việt Nam"
Ninh Dương Lan Ngọc,Yeye Nhật Hạ,"Thành phố Hồ Chí Minh, Việt Nam"
Ninh Dương Lan Ngọc,Khánh Phương,"Thành phố Hồ Chí Minh, Việt Nam"
Ninh Dương Lan Ngọc,Võ Thành Tâm,"Thành phố Hồ Chí Minh, Việt Nam"
Ninh Dương Lan Ngọc,Đại Nghĩa (diễn viên),"Thành phố Hồ Chí Minh, Việt Nam"
Ninh Dương Lan Ngọc,Kim Hiền (diễn viên),"Thành phố Hồ Chí Minh, Việt Nam"
Ninh Dương Lan Ngọc,Mỹ Chi,"Thành phố Hồ Chí Minh, Việt Nam"
Ninh Dương Lan Ngọc,Bằng Lăng,"Thành phố Hồ Chí Minh, Việt Nam"
Ninh Dương Lan Ngọc,WanBi Tuấn Anh,"Thành phố Hồ Chí Minh, Việt Nam"
Ninh Dương Lan Ngọc,Lương Bích Hữu,"Thành phố Hồ Chí Minh, Việt Nam"
Ninh Dương Lan Ngọc,Elly Trần,"Thành phố Hồ Chí Minh, Việt Nam"
Ninh Dương Lan Ngọc,Wanbi Tuấn Anh,"Thành phố Hồ Chí Minh, Việt Nam"
Ninh Dương Lan Ngọc,Tường Vi (diễn viên),"Thành phố Hồ Chí Minh, Việt Nam"
Ninh Dương Lan Ngọc,Chí Thiện (ca sĩ),"Thành phố Hồ Chí Minh, Việt Nam"
Ninh Dương Lan Ngọc,Hồ Vĩnh Khoa,"Thành phố Hồ Chí Minh, Việt Nam"
Ninh Dương Lan Ngọc,Thảo Trang,"Thành phố Hồ Chí Minh, Việt Nam"
Ninh Dương Lan Ngọc,Rocker Nguyen,"Thành phố Hồ Chí Minh, Việt Nam"
Ninh Dương Lan Ngọc,Phương Mỹ Chi,"Thành phố Hồ Chí Minh, Việt Nam"
Ninh Dương Lan Ngọc,Thanh Thúy (diễn viên sinh 1982),"Thành phố Hồ Chí Minh, Việt Nam"
Ninh Dương Lan Ngọc,Kim Tuyến,"Thành phố Hồ Chí Minh, Việt Nam"
Kiều Minh Tuấn,Thanh Trúc,"Thành phố Hồ Chí Minh, Việt Nam"
Kiều Minh Tuấn,Kaity Nguyễn,"Thành phố Hồ Chí Minh, Việt Nam"
Kiều Minh Tuấn,Huy Khánh,"Thành phố Hồ Chí Minh, Việt Nam"
Kiều Minh Tuấn,Don Nguyễn,"Thành phố Hồ Chí Minh, Việt Nam"
Kiều Minh Tuấn,Võ Ngọc Trai,"Thành phố Hồ Chí Minh, Việt Nam"
Kiều Minh Tuấn,Thu Trang,"Thành phố Hồ Chí Minh, Việt Nam"
Kiều Minh Tuấn,Hứa Vĩ Văn,"Thành phố Hồ Chí Minh, Việt Nam"
Kiều Minh Tuấn,Quang Tuấn,"Thành phố Hồ Chí Minh, Việt Nam"
Kiều Minh Tuấn,Tú Vi,"Thành phố Hồ Chí Minh, Việt Nam"
Kiều Minh Tuấn,Hùng Thuận,"Thành phố Hồ Chí Minh, Việt Nam"
Kiều Minh Tuấn,Đình Hiếu,"Thành phố Hồ Chí Minh, Việt Nam"
Kiều Minh Tuấn,Phùng Ngọc Huy,"Thành phố Hồ Chí Minh, Việt Nam"
Kiều Minh Tuấn,Bảo Thy,"Thành phố Hồ Chí Minh, Việt Nam"
Kiều Minh Tuấn,Yến Trang,"Thành phố Hồ Chí Minh, Việt Nam"
Kiều Minh Tuấn,Tấn Beo,"Thành phố Hồ Chí Minh, Việt Nam"
Kiều Minh Tuấn,Hiếu Hiền,"Thành phố Hồ Chí Minh, Việt Nam"
Kiều Minh Tuấn,Khổng Tú Quỳnh,"Thành phố Hồ Chí Minh, Việt Nam"
Kiều Minh Tuấn,Noo Phước Thịnh,"Thành phố Hồ Chí Minh, Việt Nam"
Kiều Minh Tuấn,Ngô Kiến Huy,"Thành phố Hồ Chí Minh, Việt Nam"
Kiều Minh Tuấn,Tuấn Trần,"Thành phố Hồ Chí Minh, Việt Nam"
Kiều Minh Tuấn,Ngân Chi,"Thành phố Hồ Chí Minh, Việt Nam"
Kiều Minh Tuấn,Nguyễn Minh Tú,"Thành phố Hồ Chí Minh, Việt Nam"
Kiều Minh Tuấn,Uyển Ân,"Thành phố Hồ Chí Minh, Việt Nam"
Kiều Minh Tuấn,Huỳnh Đông,"Thành phố Hồ Chí Minh, Việt Nam"
Kiều Minh Tuấn,Minh Hằng,"Thành phố Hồ Chí Minh, Việt Nam"
Kiều Minh Tuấn,Bảo Anh,"Thành phố Hồ Chí Minh, Việt Nam"
Kiều Minh Tuấn,Ngọc Diệp,"Thành phố Hồ Chí Minh, Việt Nam"
Kiều Minh Tuấn,Jun Phạm,"Thành phố Hồ Chí Minh, Việt Nam"
Kiều Minh Tuấn,Diễm My 9x,"Thành phố Hồ Chí Minh, Việt Nam"
Kiều Minh Tuấn,Nguyễn Thắng,"Thành phố Hồ Chí Minh, Việt Nam"
Kiều Minh Tuấn,Khả Ngân,"Thành phố Hồ Chí Minh, Việt Nam"
Kiều Minh Tuấn,Anh Thư,"Thành phố Hồ Chí Minh, Việt Nam"
Kiều Minh Tuấn,Nguyễn Thúc Thùy Tiên,"Thành phố Hồ Chí Minh, Việt Nam"
Kiều Minh Tuấn,Đinh Ngọc Diệp,"Thành phố Hồ Chí Minh, Việt Nam"
Kiều Minh Tuấn,Ái Phương,"Thành phố Hồ Chí Minh, Việt Nam"
Kiều Minh Tuấn,Thúy Diễm,"Thành phố Hồ Chí Minh, Việt Nam"
Kiều Minh Tuấn,Đan Trường,"Thành phố Hồ Chí Minh, Việt Nam"
Kiều Minh Tuấn,Bạch Công Khanh,"Thành phố Hồ Chí Minh, Việt Nam"
Kiều Minh Tuấn,Angela Phương Trinh,"Thành phố Hồ Chí Minh, Việt Nam"
Kiều Minh Tuấn,Việt Hương,"Thành phố Hồ Chí Minh, Việt Nam"
Kiều Minh Tuấn,Hà Okio,"Thành phố Hồ Chí Minh, Việt Nam"
Kiều Minh Tuấn,Uyên Linh,"Thành phố Hồ Chí Minh, Việt Nam"
Kiều Minh Tuấn,Lý Nhã Kỳ,"Thành phố Hồ Chí Minh, Việt Nam"
Kiều Minh Tuấn,Đàm Phương Linh,"Thành phố Hồ Chí Minh, Việt Nam"
Kiều Minh Tuấn,Phương Hằng (diễn viên),"Thành phố Hồ Chí Minh, Việt Nam"
Kiều Minh Tuấn,Yeye Nhật Hạ,"Thành phố Hồ Chí Minh, Việt Nam"
Kiều Minh Tuấn,Khánh Phương,"Thành phố Hồ Chí Minh, Việt Nam"
Kiều Minh Tuấn,Võ Thành Tâm,"Thành phố Hồ Chí Minh, Việt Nam"
Kiều Minh Tuấn,Đại Nghĩa (diễn viên),"Thành phố Hồ Chí Minh, Việt Nam"
Kiều Minh Tuấn,Kim Hiền (diễn viên),"Thành phố Hồ Chí Minh, Việt Nam"
Kiều Minh Tuấn,Mỹ Chi,"Thành phố Hồ Chí Minh, Việt Nam"
Kiều Minh Tuấn,Bằng Lăng,"Thành phố Hồ Chí Minh, Việt Nam"
Kiều Minh Tuấn,WanBi Tuấn Anh,"Thành phố Hồ Chí Minh, Việt Nam"
Kiều Minh Tuấn,Lương Bích Hữu,"Thành phố Hồ Chí Minh, Việt Nam"
Kiều Minh Tuấn,Elly Trần,"Thành phố Hồ Chí Minh, Việt Nam"
Kiều Minh Tuấn,Wanbi Tuấn Anh,"Thành phố Hồ Chí Minh, Việt Nam"
Kiều Minh Tuấn,Tường Vi (diễn viên),"Thành phố Hồ Chí Minh, Việt Nam"
Kiều Minh Tuấn,Chí Thiện (ca sĩ),"Thành phố Hồ Chí Minh, Việt Nam"
Kiều Minh Tuấn,Hồ Vĩnh Khoa,"Thành phố Hồ Chí Minh, Việt Nam"
Kiều Minh Tuấn,Thảo Trang,"Thành phố Hồ Chí Minh, Việt Nam"
Kiều Minh Tuấn,Rocker Nguyen,"Thành phố Hồ Chí Minh, Việt Nam"
Kiều Minh Tuấn,Phương Mỹ Chi,"Thành phố Hồ Chí Minh, Việt Nam"
Kiều Minh Tuấn,Thanh Thúy (diễn viên sinh 1982),"Thành phố Hồ Chí Minh, Việt Nam"
Kiều Minh Tuấn,Kim Tuyến,"Thành phố Hồ Chí Minh, Việt Nam"
Charlie Nguyễn,Hữu Châu,"Sài Gòn, Việt Nam Cộng hòa"
Charlie Nguyễn,Dustin Nguyễn,"Sài Gòn, Việt Nam Cộng hòa"
Charlie Nguyễn,Stephane Gauger,"Sài Gòn, Việt Nam Cộng hòa"
Charlie Nguyễn,Bảo Liêm,"Sài Gòn, Việt Nam Cộng hòa"
Charlie Nguyễn,Kinh Quốc,"Sài Gòn, Việt Nam Cộng hòa"
Charlie Nguyễn,Công Ninh,"Sài Gòn, Việt Nam Cộng hòa"
Charlie Nguyễn,Phước Sang,"Sài Gòn, Việt Nam Cộng hòa"
Charlie Nguyễn,Tuyết Thu,"Sài Gòn, Việt Nam Cộng hòa"
Charlie Nguyễn,Ngân Quỳnh,"Sài Gòn, Việt Nam Cộng hòa"
Charlie Nguyễn,Thành Lộc,"Sài Gòn, Việt Nam Cộng hòa"
Charlie Nguyễn,Huỳnh Kiến An,"Sài Gòn, Việt Nam Cộng hòa"
Charlie Nguyễn,Trần Bảo Sơn,"Sài Gòn, Việt Nam Cộng hòa"
Charlie Nguyễn,Lê Công Tuấn Anh,"Sài Gòn, Việt Nam Cộng hòa"
Charlie Nguyễn,Mỹ Duyên,"Sài Gòn, Việt Nam Cộng hòa"
Charlie Nguyễn,Thanh Hằng (nghệ sĩ cải lương),"Sài Gòn, Việt Nam Cộng hòa"
Charlie Nguyễn,Trương Minh Quốc Thái,"Sài Gòn, Việt Nam Cộng hòa"
Charlie Nguyễn,Thái Hòa (diễn viên),"Sài Gòn, Việt Nam Cộng hòa"
Charlie Nguyễn,Việt Anh (nghệ sĩ),"Sài Gòn, Việt Nam Cộng hòa"
Charlie Nguyễn,Phạm Thị Ngọc Trinh,"Sài Gòn, Việt Nam Cộng hòa"
Charlie Nguyễn,Cẩm Ly,"Sài Gòn, Việt Nam Cộng hòa"
Charlie Nguyễn,Việt Dũng,"Sài Gòn, Việt Nam Cộng hòa"
Vũ Ngọc Đãng,Tạ Minh Thảo,"Thái Bình, Việt Nam Dân chủ Cộng hòa"
Vũ Ngọc Đãng,Hương Dung,"Thái Bình, Việt Nam Dân chủ Cộng hòa"
Vũ Ngọc Đãng,Thế Bình,"Thái Bình, Việt Nam Dân chủ Cộng hòa"
Vũ Ngọc Đãng,Thế Bình (nghệ sĩ),"Thái Bình, Việt Nam Dân chủ Cộng hòa"
Kaity Nguyễn,Huy Khánh,"Thành phố Hồ Chí Minh, Việt Nam"
Kaity Nguyễn,Don Nguyễn,"Thành phố Hồ Chí Minh, Việt Nam"
Kaity Nguyễn,Võ Ngọc Trai,"Thành phố Hồ Chí Minh, Việt Nam"
Kaity Nguyễn,Jun Phạm,"Thành phố Hồ Chí Minh, Việt Nam"
Kaity Nguyễn,Thu Trang,"Thành phố Hồ Chí Minh, Việt Nam"
Kaity Nguyễn,Hứa Vĩ Văn,"Thành phố Hồ Chí Minh, Việt Nam"
Kaity Nguyễn,Tú Vi,"Thành phố Hồ Chí Minh, Việt Nam"
Kaity Nguyễn,Hùng Thuận,"Thành phố Hồ Chí Minh, Việt Nam"
Kaity Nguyễn,Đình Hiếu,"Thành phố Hồ Chí Minh, Việt Nam"
Kaity Nguyễn,Phùng Ngọc Huy,"Thành phố Hồ Chí Minh, Việt Nam"
Kaity Nguyễn,Thanh Trúc,"Thành phố Hồ Chí Minh, Việt Nam"
Kaity Nguyễn,Bảo Thy,"Thành phố Hồ Chí Minh, Việt Nam"
Kaity Nguyễn,Yến Trang,"Thành phố Hồ Chí Minh, Việt Nam"
Kaity Nguyễn,Tấn Beo,"Thành phố Hồ Chí Minh, Việt Nam"
Kaity Nguyễn,Hiếu Hiền,"Thành phố Hồ Chí Minh, Việt Nam"
Kaity Nguyễn,Khổng Tú Quỳnh,"Thành phố Hồ Chí Minh, Việt Nam"
Kaity Nguyễn,Noo Phước Thịnh,"Thành phố Hồ Chí Minh, Việt Nam"
Kaity Nguyễn,Ngô Kiến Huy,"Thành phố Hồ Chí Minh, Việt Nam"
Kaity Nguyễn,Tuấn Trần,"Thành phố Hồ Chí Minh, Việt Nam"
Kaity Nguyễn,Ngân Chi,"Thành phố Hồ Chí Minh, Việt Nam"
Kaity Nguyễn,Nguyễn Minh Tú,"Thành phố Hồ Chí Minh, Việt Nam"
Kaity Nguyễn,Uyển Ân,"Thành phố Hồ Chí Minh, Việt Nam"
Kaity Nguyễn,Huỳnh Đông,"Thành phố Hồ Chí Minh, Việt Nam"
Kaity Nguyễn,Minh Hằng,"Thành phố Hồ Chí Minh, Việt Nam"
Kaity Nguyễn,Bảo Anh,"Thành phố Hồ Chí Minh, Việt Nam"
Kaity Nguyễn,Ngọc Diệp,"Thành phố Hồ Chí Minh, Việt Nam"
Kaity Nguyễn,Diễm My 9x,"Thành phố Hồ Chí Minh, Việt Nam"
Kaity Nguyễn,Nguyễn Thắng,"Thành phố Hồ Chí Minh, Việt Nam"
Kaity Nguyễn,Khả Ngân,"Thành phố Hồ Chí Minh, Việt Nam"
Kaity Nguyễn,Anh Thư,"Thành phố Hồ Chí Minh, Việt Nam"
Kaity Nguyễn,Nguyễn Thúc Thùy Tiên,"Thành phố Hồ Chí Minh, Việt Nam"
Kaity Nguyễn,Đinh Ngọc Diệp,"Thành phố Hồ Chí Minh, Việt Nam"
Kaity Nguyễn,Ái Phương,"Thành phố Hồ Chí Minh, Việt Nam"
Kaity Nguyễn,Thúy Diễm,"Thành phố Hồ Chí Minh, Việt Nam"
Kaity Nguyễn,Đan Trường,"Thành phố Hồ Chí Minh, Việt Nam"
Kaity Nguyễn,Bạch Công Khanh,"Thành phố Hồ Chí Minh, Việt Nam"
Kaity Nguyễn,Angela Phương Trinh,"Thành phố Hồ Chí Minh, Việt Nam"
Kaity Nguyễn,Việt Hương,"Thành phố Hồ Chí Minh, Việt Nam"
Kaity Nguyễn,Hà Okio,"Thành phố Hồ Chí Minh, Việt Nam"
Kaity Nguyễn,Uyên Linh,"Thành phố Hồ Chí Minh, Việt Nam"
Kaity Nguyễn,Lý Nhã Kỳ,"Thành phố Hồ Chí Minh, Việt Nam"
Kaity Nguyễn,Đàm Phương Linh,"Thành phố Hồ Chí Minh, Việt Nam"
Kaity Nguyễn,Phương Hằng (diễn viên),"Thành phố Hồ Chí Minh, Việt Nam"
Kaity Nguyễn,Quang Tuấn,"Thành phố Hồ Chí Minh, Việt Nam"
Kaity Nguyễn,Yeye Nhật Hạ,"Thành phố Hồ Chí Minh, Việt Nam"
Kaity Nguyễn,Khánh Phương,"Thành phố Hồ Chí Minh, Việt Nam"
Kaity Nguyễn,Võ Thành Tâm,"Thành phố Hồ Chí Minh, Việt Nam"
Kaity Nguyễn,Đại Nghĩa (diễn viên),"Thành phố Hồ Chí Minh, Việt Nam"
Kaity Nguyễn,Kim Hiền (diễn viên),"Thành phố Hồ Chí Minh, Việt Nam"
Kaity Nguyễn,Mỹ Chi,"Thành phố Hồ Chí Minh, Việt Nam"
Kaity Nguyễn,Bằng Lăng,"Thành phố Hồ Chí Minh, Việt Nam"
Kaity Nguyễn,WanBi Tuấn Anh,"Thành phố Hồ Chí Minh, Việt Nam"
Kaity Nguyễn,Lương Bích Hữu,"Thành phố Hồ Chí Minh, Việt Nam"
Kaity Nguyễn,Elly Trần,"Thành phố Hồ Chí Minh, Việt Nam"
Kaity Nguyễn,Wanbi Tuấn Anh,"Thành phố Hồ Chí Minh, Việt Nam"
Kaity Nguyễn,Tường Vi (diễn viên),"Thành phố Hồ Chí Minh, Việt Nam"
Kaity Nguyễn,Chí Thiện (ca sĩ),"Thành phố Hồ Chí Minh, Việt Nam"
Kaity Nguyễn,Hồ Vĩnh Khoa,"Thành phố Hồ Chí Minh, Việt Nam"
Kaity Nguyễn,Thảo Trang,"Thành phố Hồ Chí Minh, Việt Nam"
Kaity Nguyễn,Rocker Nguyen,"Thành phố Hồ Chí Minh, Việt Nam"
Kaity Nguyễn,Phương Mỹ Chi,"Thành phố Hồ Chí Minh, Việt Nam"
Kaity Nguyễn,Thanh Thúy (diễn viên sinh 1982),"Thành phố Hồ Chí Minh, Việt Nam"
Kaity Nguyễn,Kim Tuyến,"Thành phố Hồ Chí Minh, Việt Nam"
Jun Vũ,Hoàng Yến Chibi,"Hà Nội, Việt Nam"
Jun Vũ,Lan Phương,"Hà Nội, Việt Nam"
Jun Vũ,Mạnh Trường,"Hà Nội, Việt Nam"
Jun Vũ,Đông Nhi,"Hà Nội, Việt Nam"
Jun Vũ,Quân AP,"Hà Nội, Việt Nam"
Jun Vũ,Việt Khuê,"Hà Nội, Việt Nam"
Jun Vũ,Phùng Hoa Hoài Linh,"Hà Nội, Việt Nam"
Jun Vũ,Dương Hoàng Anh,"Hà Nội, Việt Nam"
Jun Vũ,Mỹ Anh,"Hà Nội, Việt Nam"
Jun Vũ,Châu Bùi,"Hà Nội, Việt Nam"
Jun Vũ,Thu Quỳnh,"Hà Nội, Việt Nam"
Jun Vũ,Thanh Vân Hugo,"Hà Nội, Việt Nam"
Jun Vũ,Lã Thanh Huyền,"Hà Nội, Việt Nam"
Jun Vũ,Kiều My,"Hà Nội, Việt Nam"
Jun Vũ,Phan Minh Huyền,"Hà Nội, Việt Nam"
Jun Vũ,Hồng Diễm,"Hà Nội, Việt Nam"
Jun Vũ,Thùy Anh,"Hà Nội, Việt Nam"
Jun Vũ,Đan Lê,"Hà Nội, Việt Nam"
Jun Vũ,Duy Hưng,"Hà Nội, Việt Nam"
Jun Vũ,Bảo Anh (diễn viên),"Hà Nội, Việt Nam"
Jun Vũ,Thùy Linh,"Hà Nội, Việt Nam"
Jun Vũ,Hoàng Hà (diễn viên),"Hà Nội, Việt Nam"
Jun Vũ,Lân Bích,"Hà Nội, Việt Nam"
Jun Vũ,Khắc Cường,"Hà Nội, Việt Nam"
Jun Vũ,Phạm Quỳnh Anh,"Hà Nội, Việt Nam"
Jun Vũ,Bùi Lan Hương,"Hà Nội, Việt Nam"
Jun Vũ,Trương Ngọc Ánh,"Hà Nội, Việt Nam"
Jun Vũ,Mai Phương Thúy,"Hà Nội, Việt Nam"
Jun Vũ,Thu Minh,"Hà Nội, Việt Nam"
Jun Vũ,Trần Yến Chi,"Hà Nội, Việt Nam"
Jun Vũ,Lương Mạnh Hải,"Hà Nội, Việt Nam"
Jun Vũ,Yến Vi,"Hà Nội, Việt Nam"
Jun Vũ,Hoàng Thùy Linh,"Hà Nội, Việt Nam"
Jun Vũ,Chi Pu,"Hà Nội, Việt Nam"
Jun Vũ,Tăng Nhật Tuệ,"Hà Nội, Việt Nam"
Jun Vũ,Đức Phúc,"Hà Nội, Việt Nam"
Jun Vũ,Công Dương,"Hà Nội, Việt Nam"
Jun Vũ,Huỳnh Anh (diễn viên),"Hà Nội, Việt Nam"
Jun Vũ,Bảo Hân,"Hà Nội, Việt Nam"
Jun Vũ,Tuấn Tú,"Hà Nội, Việt Nam"
Jun Vũ,Quỳnh Nga,"Hà Nội, Việt Nam"
Jun Vũ,Mai Thu Huyền,"Hà Nội, Việt Nam"
Jun Vũ,Trần Việt Hoàng,"Hà Nội, Việt Nam"
Jun Vũ,Khánh Linh,"Hà Nội, Việt Nam"
Jun Vũ,Chí Nhân,"Hà Nội, Việt Nam"
Jun Vũ,Kiều Thanh,"Hà Nội, Việt Nam"
Jun Vũ,Phùng Tiến Minh,"Hà Nội, Việt Nam"
Jun Vũ,Nguyễn Thu Hà,"Hà Nội, Việt Nam"
Jun Vũ,Thanh Sơn (diễn viên),"Hà Nội, Việt Nam"
Jun Vũ,Bùi Như Lai,"Hà Nội, Việt Nam"
Jun Vũ,Yến Vy,"Hà Nội, Việt Nam"
Jun Vũ,Phan Anh (người dẫn chương trình),"Hà Nội, Việt Nam"
Mạnh Trường,Thu Quỳnh,"Hà Nội, Việt Nam"
Mạnh Trường,Thanh Vân Hugo,"Hà Nội, Việt Nam"
Mạnh Trường,Phan Minh Huyền,"Hà Nội, Việt Nam"
Mạnh Trường,Hồng Diễm,"Hà Nội, Việt Nam"
Mạnh Trường,Lan Phương,"Hà Nội, Việt Nam"
Mạnh Trường,Thùy Anh,"Hà Nội, Việt Nam"
Mạnh Trường,Kiều My,"Hà Nội, Việt Nam"
Mạnh Trường,Đan Lê,"Hà Nội, Việt Nam"
Mạnh Trường,Lã Thanh Huyền,"Hà Nội, Việt Nam"
Mạnh Trường,Bảo Anh (diễn viên),"Hà Nội, Việt Nam"
Mạnh Trường,Duy Hưng,"Hà Nội, Việt Nam"
Mạnh Trường,Hoàng Hà (diễn viên),"Hà Nội, Việt Nam"
Mạnh Trường,Đông Nhi,"Hà Nội, Việt Nam"
Mạnh Trường,Quân AP,"Hà Nội, Việt Nam"
Mạnh Trường,Việt Khuê,"Hà Nội, Việt Nam"
Mạnh Trường,Phùng Hoa Hoài Linh,"Hà Nội, Việt Nam"
Mạnh Trường,Dương Hoàng Anh,"Hà Nội, Việt Nam"
Mạnh Trường,Mỹ Anh,"Hà Nội, Việt Nam"
Mạnh Trường,Châu Bùi,"Hà Nội, Việt Nam"
Mạnh Trường,Hoàng Yến Chibi,"Hà Nội, Việt Nam"
Mạnh Trường,Thùy Linh,"Hà Nội, Việt Nam"
Mạnh Trường,Lân Bích,"Hà Nội, Việt Nam"
Mạnh Trường,Khắc Cường,"Hà Nội, Việt Nam"
Mạnh Trường,Phạm Quỳnh Anh,"Hà Nội, Việt Nam"
Mạnh Trường,Bùi Lan Hương,"Hà Nội, Việt Nam"
Mạnh Trường,Trương Ngọc Ánh,"Hà Nội, Việt Nam"
Mạnh Trường,Mai Phương Thúy,"Hà Nội, Việt Nam"
Mạnh Trường,Thu Minh,"Hà Nội, Việt Nam"
Mạnh Trường,Trần Yến Chi,"Hà Nội, Việt Nam"
Mạnh Trường,Lương Mạnh Hải,"Hà Nội, Việt Nam"
Mạnh Trường,Yến Vi,"Hà Nội, Việt Nam"
Mạnh Trường,Hoàng Thùy Linh,"Hà Nội, Việt Nam"
Mạnh Trường,Chi Pu,"Hà Nội, Việt Nam"
Mạnh Trường,Tăng Nhật Tuệ,"Hà Nội, Việt Nam"
Mạnh Trường,Đức Phúc,"Hà Nội, Việt Nam"
Mạnh Trường,Công Dương,"Hà Nội, Việt Nam"
Mạnh Trường,Huỳnh Anh (diễn viên),"Hà Nội, Việt Nam"
Mạnh Trường,Bảo Hân,"Hà Nội, Việt Nam"
Mạnh Trường,Tuấn Tú,"Hà Nội, Việt Nam"
Mạnh Trường,Quỳnh Nga,"Hà Nội, Việt Nam"
Mạnh Trường,Mai Thu Huyền,"Hà Nội, Việt Nam"
Mạnh Trường,Trần Việt Hoàng,"Hà Nội, Việt Nam"
Mạnh Trường,Khánh Linh,"Hà Nội, Việt Nam"
Mạnh Trường,Chí Nhân,"Hà Nội, Việt Nam"
Mạnh Trường,Kiều Thanh,"Hà Nội, Việt Nam"
Mạnh Trường,Phùng Tiến Minh,"Hà Nội, Việt Nam"
Mạnh Trường,Nguyễn Thu Hà,"Hà Nội, Việt Nam"
Mạnh Trường,Thanh Sơn (diễn viên),"Hà Nội, Việt Nam"
Mạnh Trường,Bùi Như Lai,"Hà Nội, Việt Nam"
Mạnh Trường,Yến Vy,"Hà Nội, Việt Nam"
Mạnh Trường,Phan Anh (người dẫn chương trình),"Hà Nội, Việt Nam"
Tú Vi,Hùng Thuận,"Thành phố Hồ Chí Minh, Việt Nam"
Tú Vi,Đình Hiếu,"Thành phố Hồ Chí Minh, Việt Nam"
Tú Vi,Phùng Ngọc Huy,"Thành phố Hồ Chí Minh, Việt Nam"
Tú Vi,Huy Khánh,"Thành phố Hồ Chí Minh, Việt Nam"
Tú Vi,Hà Okio,"Thành phố Hồ Chí Minh, Việt Nam"
Tú Vi,Uyên Linh,"Thành phố Hồ Chí Minh, Việt Nam"
Tú Vi,Thanh Trúc,"Thành phố Hồ Chí Minh, Việt Nam"
Tú Vi,Bảo Thy,"Thành phố Hồ Chí Minh, Việt Nam"
Tú Vi,Yến Trang,"Thành phố Hồ Chí Minh, Việt Nam"
Tú Vi,Tấn Beo,"Thành phố Hồ Chí Minh, Việt Nam"
Tú Vi,Hiếu Hiền,"Thành phố Hồ Chí Minh, Việt Nam"
Tú Vi,Khổng Tú Quỳnh,"Thành phố Hồ Chí Minh, Việt Nam"
Tú Vi,Noo Phước Thịnh,"Thành phố Hồ Chí Minh, Việt Nam"
Tú Vi,Ngô Kiến Huy,"Thành phố Hồ Chí Minh, Việt Nam"
Tú Vi,Tuấn Trần,"Thành phố Hồ Chí Minh, Việt Nam"
Tú Vi,Ngân Chi,"Thành phố Hồ Chí Minh, Việt Nam"
Tú Vi,Nguyễn Minh Tú,"Thành phố Hồ Chí Minh, Việt Nam"
Tú Vi,Uyển Ân,"Thành phố Hồ Chí Minh, Việt Nam"
Tú Vi,Huỳnh Đông,"Thành phố Hồ Chí Minh, Việt Nam"
Tú Vi,Minh Hằng,"Thành phố Hồ Chí Minh, Việt Nam"
Tú Vi,Bảo Anh,"Thành phố Hồ Chí Minh, Việt Nam"
Tú Vi,Don Nguyễn,"Thành phố Hồ Chí Minh, Việt Nam"
Tú Vi,Ngọc Diệp,"Thành phố Hồ Chí Minh, Việt Nam"
Tú Vi,Thu Trang,"Thành phố Hồ Chí Minh, Việt Nam"
Tú Vi,Võ Ngọc Trai,"Thành phố Hồ Chí Minh, Việt Nam"
Tú Vi,Jun Phạm,"Thành phố Hồ Chí Minh, Việt Nam"
Tú Vi,Diễm My 9x,"Thành phố Hồ Chí Minh, Việt Nam"
Tú Vi,Nguyễn Thắng,"Thành phố Hồ Chí Minh, Việt Nam"
Tú Vi,Khả Ngân,"Thành phố Hồ Chí Minh, Việt Nam"
Tú Vi,Anh Thư,"Thành phố Hồ Chí Minh, Việt Nam"
Tú Vi,Nguyễn Thúc Thùy Tiên,"Thành phố Hồ Chí Minh, Việt Nam"
Tú Vi,Đinh Ngọc Diệp,"Thành phố Hồ Chí Minh, Việt Nam"
Tú Vi,Hứa Vĩ Văn,"Thành phố Hồ Chí Minh, Việt Nam"
Tú Vi,Ái Phương,"Thành phố Hồ Chí Minh, Việt Nam"
Tú Vi,Thúy Diễm,"Thành phố Hồ Chí Minh, Việt Nam"
Tú Vi,Đan Trường,"Thành phố Hồ Chí Minh, Việt Nam"
Tú Vi,Bạch Công Khanh,"Thành phố Hồ Chí Minh, Việt Nam"
Tú Vi,Angela Phương Trinh,"Thành phố Hồ Chí Minh, Việt Nam"
Tú Vi,Việt Hương,"Thành phố Hồ Chí Minh, Việt Nam"
Tú Vi,Lý Nhã Kỳ,"Thành phố Hồ Chí Minh, Việt Nam"
Tú Vi,Đàm Phương Linh,"Thành phố Hồ Chí Minh, Việt Nam"
Tú Vi,Phương Hằng (diễn viên),"Thành phố Hồ Chí Minh, Việt Nam"
Tú Vi,Quang Tuấn,"Thành phố Hồ Chí Minh, Việt Nam"
Tú Vi,Yeye Nhật Hạ,"Thành phố Hồ Chí Minh, Việt Nam"
Tú Vi,Khánh Phương,"Thành phố Hồ Chí Minh, Việt Nam"
Tú Vi,Võ Thành Tâm,"Thành phố Hồ Chí Minh, Việt Nam"
Tú Vi,Đại Nghĩa (diễn viên),"Thành phố Hồ Chí Minh, Việt Nam"
Tú Vi,Kim Hiền (diễn viên),"Thành phố Hồ Chí Minh, Việt Nam"
Tú Vi,Mỹ Chi,"Thành phố Hồ Chí Minh, Việt Nam"
Tú Vi,Bằng Lăng,"Thành phố Hồ Chí Minh, Việt Nam"
Tú Vi,WanBi Tuấn Anh,"Thành phố Hồ Chí Minh, Việt Nam"
Tú Vi,Lương Bích Hữu,"Thành phố Hồ Chí Minh, Việt Nam"
Tú Vi,Elly Trần,"Thành phố Hồ Chí Minh, Việt Nam"
Tú Vi,Wanbi Tuấn Anh,"Thành phố Hồ Chí Minh, Việt Nam"
Tú Vi,Tường Vi (diễn viên),"Thành phố Hồ Chí Minh, Việt Nam"
Tú Vi,Chí Thiện (ca sĩ),"Thành phố Hồ Chí Minh, Việt Nam"
Tú Vi,Hồ Vĩnh Khoa,"Thành phố Hồ Chí Minh, Việt Nam"
Tú Vi,Thảo Trang,"Thành phố Hồ Chí Minh, Việt Nam"
Tú Vi,Rocker Nguyen,"Thành phố Hồ Chí Minh, Việt Nam"
Tú Vi,Phương Mỹ Chi,"Thành phố Hồ Chí Minh, Việt Nam"
Tú Vi,Thanh Thúy (diễn viên sinh 1982),"Thành phố Hồ Chí Minh, Việt Nam"
Tú Vi,Kim Tuyến,"Thành phố Hồ Chí Minh, Việt Nam"
Lương Thế Thành,Phan Thị Mơ,"Cai Lậy, Tiền Giang, Việt Nam"
Lương Thế Thành,Lê Huỳnh Thúy Ngân,"Cai Lậy, Tiền Giang, Việt Nam"
Hùng Thuận,Đình Hiếu,"Thành phố Hồ Chí Minh, Việt Nam"
Hùng Thuận,Phùng Ngọc Huy,"Thành phố Hồ Chí Minh, Việt Nam"
Hùng Thuận,Quang Tuấn,"Thành phố Hồ Chí Minh, Việt Nam"
Hùng Thuận,Thanh Trúc,"Thành phố Hồ Chí Minh, Việt Nam"
Hùng Thuận,Bảo Thy,"Thành phố Hồ Chí Minh, Việt Nam"
Hùng Thuận,Yến Trang,"Thành phố Hồ Chí Minh, Việt Nam"
Hùng Thuận,Tấn Beo,"Thành phố Hồ Chí Minh, Việt Nam"
Hùng Thuận,Hiếu Hiền,"Thành phố Hồ Chí Minh, Việt Nam"
Hùng Thuận,Khổng Tú Quỳnh,"Thành phố Hồ Chí Minh, Việt Nam"
Hùng Thuận,Noo Phước Thịnh,"Thành phố Hồ Chí Minh, Việt Nam"
Hùng Thuận,Ngô Kiến Huy,"Thành phố Hồ Chí Minh, Việt Nam"
Hùng Thuận,Tuấn Trần,"Thành phố Hồ Chí Minh, Việt Nam"
Hùng Thuận,Ngân Chi,"Thành phố Hồ Chí Minh, Việt Nam"
Hùng Thuận,Nguyễn Minh Tú,"Thành phố Hồ Chí Minh, Việt Nam"
Hùng Thuận,Uyển Ân,"Thành phố Hồ Chí Minh, Việt Nam"
Hùng Thuận,Huỳnh Đông,"Thành phố Hồ Chí Minh, Việt Nam"
Hùng Thuận,Minh Hằng,"Thành phố Hồ Chí Minh, Việt Nam"
Hùng Thuận,Bảo Anh,"Thành phố Hồ Chí Minh, Việt Nam"
Hùng Thuận,Don Nguyễn,"Thành phố Hồ Chí Minh, Việt Nam"
Hùng Thuận,Ngọc Diệp,"Thành phố Hồ Chí Minh, Việt Nam"
Hùng Thuận,Thu Trang,"Thành phố Hồ Chí Minh, Việt Nam"
Hùng Thuận,Võ Ngọc Trai,"Thành phố Hồ Chí Minh, Việt Nam"
Hùng Thuận,Jun Phạm,"Thành phố Hồ Chí Minh, Việt Nam"
Hùng Thuận,Diễm My 9x,"Thành phố Hồ Chí Minh, Việt Nam"
Hùng Thuận,Nguyễn Thắng,"Thành phố Hồ Chí Minh, Việt Nam"
Hùng Thuận,Khả Ngân,"Thành phố Hồ Chí Minh, Việt Nam"
Hùng Thuận,Anh Thư,"Thành phố Hồ Chí Minh, Việt Nam"
Hùng Thuận,Nguyễn Thúc Thùy Tiên,"Thành phố Hồ Chí Minh, Việt Nam"
Hùng Thuận,Huy Khánh,"Thành phố Hồ Chí Minh, Việt Nam"
Hùng Thuận,Đinh Ngọc Diệp,"Thành phố Hồ Chí Minh, Việt Nam"
Hùng Thuận,Hứa Vĩ Văn,"Thành phố Hồ Chí Minh, Việt Nam"
Hùng Thuận,Ái Phương,"Thành phố Hồ Chí Minh, Việt Nam"
Hùng Thuận,Thúy Diễm,"Thành phố Hồ Chí Minh, Việt Nam"
Hùng Thuận,Đan Trường,"Thành phố Hồ Chí Minh, Việt Nam"
Hùng Thuận,Bạch Công Khanh,"Thành phố Hồ Chí Minh, Việt Nam"
Hùng Thuận,Angela Phương Trinh,"Thành phố Hồ Chí Minh, Việt Nam"
Hùng Thuận,Việt Hương,"Thành phố Hồ Chí Minh, Việt Nam"
Hùng Thuận,Hà Okio,"Thành phố Hồ Chí Minh, Việt Nam"
Hùng Thuận,Uyên Linh,"Thành phố Hồ Chí Minh, Việt Nam"
Hùng Thuận,Lý Nhã Kỳ,"Thành phố Hồ Chí Minh, Việt Nam"
Hùng Thuận,Đàm Phương Linh,"Thành phố Hồ Chí Minh, Việt Nam"
Hùng Thuận,Phương Hằng (diễn viên),"Thành phố Hồ Chí Minh, Việt Nam"
Hùng Thuận,Yeye Nhật Hạ,"Thành phố Hồ Chí Minh, Việt Nam"
Hùng Thuận,Khánh Phương,"Thành phố Hồ Chí Minh, Việt Nam"
Hùng Thuận,Võ Thành Tâm,"Thành phố Hồ Chí Minh, Việt Nam"
Hùng Thuận,Đại Nghĩa (diễn viên),"Thành phố Hồ Chí Minh, Việt Nam"
Hùng Thuận,Kim Hiền (diễn viên),"Thành phố Hồ Chí Minh, Việt Nam"
Hùng Thuận,Mỹ Chi,"Thành phố Hồ Chí Minh, Việt Nam"
Hùng Thuận,Bằng Lăng,"Thành phố Hồ Chí Minh, Việt Nam"
Hùng Thuận,WanBi Tuấn Anh,"Thành phố Hồ Chí Minh, Việt Nam"
Hùng Thuận,Lương Bích Hữu,"Thành phố Hồ Chí Minh, Việt Nam"
Hùng Thuận,Elly Trần,"Thành phố Hồ Chí Minh, Việt Nam"
Hùng Thuận,Wanbi Tuấn Anh,"Thành phố Hồ Chí Minh, Việt Nam"
Hùng Thuận,Tường Vi (diễn viên),"Thành phố Hồ Chí Minh, Việt Nam"
Hùng Thuận,Chí Thiện (ca sĩ),"Thành phố Hồ Chí Minh, Việt Nam"
Hùng Thuận,Hồ Vĩnh Khoa,"Thành phố Hồ Chí Minh, Việt Nam"
Hùng Thuận,Thảo Trang,"Thành phố Hồ Chí Minh, Việt Nam"
Hùng Thuận,Rocker Nguyen,"Thành phố Hồ Chí Minh, Việt Nam"
Hùng Thuận,Phương Mỹ Chi,"Thành phố Hồ Chí Minh, Việt Nam"
Hùng Thuận,Thanh Thúy (diễn viên sinh 1982),"Thành phố Hồ Chí Minh, Việt Nam"
Hùng Thuận,Kim Tuyến,"Thành phố Hồ Chí Minh, Việt Nam"
Đình Hiếu,Phùng Ngọc Huy,"Thành phố Hồ Chí Minh, Việt Nam"
Đình Hiếu,Bảo Thy,"Thành phố Hồ Chí Minh, Việt Nam"
Đình Hiếu,Minh Hằng,"Thành phố Hồ Chí Minh, Việt Nam"
Đình Hiếu,Huỳnh Đông,"Thành phố Hồ Chí Minh, Việt Nam"
Đình Hiếu,Ngân Chi,"Thành phố Hồ Chí Minh, Việt Nam"
Đình Hiếu,Thu Trang,"Thành phố Hồ Chí Minh, Việt Nam"
Đình Hiếu,Thanh Trúc,"Thành phố Hồ Chí Minh, Việt Nam"
Đình Hiếu,Yến Trang,"Thành phố Hồ Chí Minh, Việt Nam"
Đình Hiếu,Tấn Beo,"Thành phố Hồ Chí Minh, Việt Nam"
Đình Hiếu,Hiếu Hiền,"Thành phố Hồ Chí Minh, Việt Nam"
Đình Hiếu,Khổng Tú Quỳnh,"Thành phố Hồ Chí Minh, Việt Nam"
Đình Hiếu,Noo Phước Thịnh,"Thành phố Hồ Chí Minh, Việt Nam"
Đình Hiếu,Ngô Kiến Huy,"Thành phố Hồ Chí Minh, Việt Nam"
Đình Hiếu,Tuấn Trần,"Thành phố Hồ Chí Minh, Việt Nam"
Đình Hiếu,Nguyễn Minh Tú,"Thành phố Hồ Chí Minh, Việt Nam"
Đình Hiếu,Uyển Ân,"Thành phố Hồ Chí Minh, Việt Nam"
Đình Hiếu,Bảo Anh,"Thành phố Hồ Chí Minh, Việt Nam"
Đình Hiếu,Don Nguyễn,"Thành phố Hồ Chí Minh, Việt Nam"
Đình Hiếu,Ngọc Diệp,"Thành phố Hồ Chí Minh, Việt Nam"
Đình Hiếu,Võ Ngọc Trai,"Thành phố Hồ Chí Minh, Việt Nam"
Đình Hiếu,Jun Phạm,"Thành phố Hồ Chí Minh, Việt Nam"
Đình Hiếu,Diễm My 9x,"Thành phố Hồ Chí Minh, Việt Nam"
Đình Hiếu,Nguyễn Thắng,"Thành phố Hồ Chí Minh, Việt Nam"
Đình Hiếu,Khả Ngân,"Thành phố Hồ Chí Minh, Việt Nam"
Đình Hiếu,Anh Thư,"Thành phố Hồ Chí Minh, Việt Nam"
Đình Hiếu,Nguyễn Thúc Thùy Tiên,"Thành phố Hồ Chí Minh, Việt Nam"
Đình Hiếu,Huy Khánh,"Thành phố Hồ Chí Minh, Việt Nam"
Đình Hiếu,Đinh Ngọc Diệp,"Thành phố Hồ Chí Minh, Việt Nam"
Đình Hiếu,Hứa Vĩ Văn,"Thành phố Hồ Chí Minh, Việt Nam"
Đình Hiếu,Ái Phương,"Thành phố Hồ Chí Minh, Việt Nam"
Đình Hiếu,Thúy Diễm,"Thành phố Hồ Chí Minh, Việt Nam"
Đình Hiếu,Đan Trường,"Thành phố Hồ Chí Minh, Việt Nam"
Đình Hiếu,Bạch Công Khanh,"Thành phố Hồ Chí Minh, Việt Nam"
Đình Hiếu,Angela Phương Trinh,"Thành phố Hồ Chí Minh, Việt Nam"
Đình Hiếu,Việt Hương,"Thành phố Hồ Chí Minh, Việt Nam"
Đình Hiếu,Hà Okio,"Thành phố Hồ Chí Minh, Việt Nam"
Đình Hiếu,Uyên Linh,"Thành phố Hồ Chí Minh, Việt Nam"
Đình Hiếu,Lý Nhã Kỳ,"Thành phố Hồ Chí Minh, Việt Nam"
Đình Hiếu,Đàm Phương Linh,"Thành phố Hồ Chí Minh, Việt Nam"
Đình Hiếu,Phương Hằng (diễn viên),"Thành phố Hồ Chí Minh, Việt Nam"
Đình Hiếu,Quang Tuấn,"Thành phố Hồ Chí Minh, Việt Nam"
Đình Hiếu,Yeye Nhật Hạ,"Thành phố Hồ Chí Minh, Việt Nam"
Đình Hiếu,Khánh Phương,"Thành phố Hồ Chí Minh, Việt Nam"
Đình Hiếu,Võ Thành Tâm,"Thành phố Hồ Chí Minh, Việt Nam"
Đình Hiếu,Đại Nghĩa (diễn viên),"Thành phố Hồ Chí Minh, Việt Nam"
Đình Hiếu,Kim Hiền (diễn viên),"Thành phố Hồ Chí Minh, Việt Nam"
Đình Hiếu,Mỹ Chi,"Thành phố Hồ Chí Minh, Việt Nam"
Đình Hiếu,Bằng Lăng,"Thành phố Hồ Chí Minh, Việt Nam"
Đình Hiếu,WanBi Tuấn Anh,"Thành phố Hồ Chí Minh, Việt Nam"
Đình Hiếu,Lương Bích Hữu,"Thành phố Hồ Chí Minh, Việt Nam"
Đình Hiếu,Elly Trần,"Thành phố Hồ Chí Minh, Việt Nam"
Đình Hiếu,Wanbi Tuấn Anh,"Thành phố Hồ Chí Minh, Việt Nam"
Đình Hiếu,Tường Vi (diễn viên),"Thành phố Hồ Chí Minh, Việt Nam"
Đình Hiếu,Chí Thiện (ca sĩ),"Thành phố Hồ Chí Minh, Việt Nam"
Đình Hiếu,Hồ Vĩnh Khoa,"Thành phố Hồ Chí Minh, Việt Nam"
Đình Hiếu,Thảo Trang,"Thành phố Hồ Chí Minh, Việt Nam"
Đình Hiếu,Rocker Nguyen,"Thành phố Hồ Chí Minh, Việt Nam"
Đình Hiếu,Phương Mỹ Chi,"Thành phố Hồ Chí Minh, Việt Nam"
Đình Hiếu,Thanh Thúy (diễn viên sinh 1982),"Thành phố Hồ Chí Minh, Việt Nam"
Đình Hiếu,Kim Tuyến,"Thành phố Hồ Chí Minh, Việt Nam"
Huỳnh Anh Tuấn,Võ Thanh Hòa,"Vĩnh Long, Việt Nam"
Kinh Quốc,Công Ninh,"Sài Gòn, Việt Nam Cộng hòa"
Kinh Quốc,Phước Sang,"Sài Gòn, Việt Nam Cộng hòa"
Kinh Quốc,Tuyết Thu,"Sài Gòn, Việt Nam Cộng hòa"
Kinh Quốc,Hữu Châu,"Sài Gòn, Việt Nam Cộng hòa"
Kinh Quốc,Ngân Quỳnh,"Sài Gòn, Việt Nam Cộng hòa"
Kinh Quốc,Dustin Nguyễn,"Sài Gòn, Việt Nam Cộng hòa"
Kinh Quốc,Thành Lộc,"Sài Gòn, Việt Nam Cộng hòa"
Kinh Quốc,Huỳnh Kiến An,"Sài Gòn, Việt Nam Cộng hòa"
Kinh Quốc,Stephane Gauger,"Sài Gòn, Việt Nam Cộng hòa"
Kinh Quốc,Trần Bảo Sơn,"Sài Gòn, Việt Nam Cộng hòa"
Kinh Quốc,Lê Công Tuấn Anh,"Sài Gòn, Việt Nam Cộng hòa"
Kinh Quốc,Bảo Liêm,"Sài Gòn, Việt Nam Cộng hòa"
Kinh Quốc,Mỹ Duyên,"Sài Gòn, Việt Nam Cộng hòa"
Kinh Quốc,Thanh Hằng (nghệ sĩ cải lương),"Sài Gòn, Việt Nam Cộng hòa"
Kinh Quốc,Trương Minh Quốc Thái,"Sài Gòn, Việt Nam Cộng hòa"
Kinh Quốc,Thái Hòa (diễn viên),"Sài Gòn, Việt Nam Cộng hòa"
Kinh Quốc,Việt Anh (nghệ sĩ),"Sài Gòn, Việt Nam Cộng hòa"
Kinh Quốc,Phạm Thị Ngọc Trinh,"Sài Gòn, Việt Nam Cộng hòa"
Kinh Quốc,Cẩm Ly,"Sài Gòn, Việt Nam Cộng hòa"
Kinh Quốc,Việt Dũng,"Sài Gòn, Việt Nam Cộng hòa"
Công Ninh,Ngân Quỳnh,"Sài Gòn, Việt Nam Cộng hòa"
Công Ninh,Tuyết Thu,"Sài Gòn, Việt Nam Cộng hòa"
Công Ninh,Trương Minh Quốc Thái,"Sài Gòn, Việt Nam Cộng hòa"
Công Ninh,Thái Hòa (diễn viên),"Sài Gòn, Việt Nam Cộng hòa"
Công Ninh,Phạm Thị Ngọc Trinh,"Sài Gòn, Việt Nam Cộng hòa"
Công Ninh,Thành Lộc,"Sài Gòn, Việt Nam Cộng hòa"
Công Ninh,Hữu Châu,"Sài Gòn, Việt Nam Cộng hòa"
Công Ninh,Huỳnh Kiến An,"Sài Gòn, Việt Nam Cộng hòa"
Công Ninh,Phước Sang,"Sài Gòn, Việt Nam Cộng hòa"
Công Ninh,Dustin Nguyễn,"Sài Gòn, Việt Nam Cộng hòa"
Công Ninh,Stephane Gauger,"Sài Gòn, Việt Nam Cộng hòa"
Công Ninh,Trần Bảo Sơn,"Sài Gòn, Việt Nam Cộng hòa"
Công Ninh,Lê Công Tuấn Anh,"Sài Gòn, Việt Nam Cộng hòa"
Công Ninh,Bảo Liêm,"Sài Gòn, Việt Nam Cộng hòa"
Công Ninh,Mỹ Duyên,"Sài Gòn, Việt Nam Cộng hòa"
Công Ninh,Thanh Hằng (nghệ sĩ cải lương),"Sài Gòn, Việt Nam Cộng hòa"
Công Ninh,Việt Anh (nghệ sĩ),"Sài Gòn, Việt Nam Cộng hòa"
Công Ninh,Cẩm Ly,"Sài Gòn, Việt Nam Cộng hòa"
Công Ninh,Việt Dũng,"Sài Gòn, Việt Nam Cộng hòa"
Phùng Ngọc Huy,Huỳnh Đông,"Thành phố Hồ Chí Minh, Việt Nam"
Phùng Ngọc Huy,Thanh Trúc,"Thành phố Hồ Chí Minh, Việt Nam"
Phùng Ngọc Huy,Bảo Thy,"Thành phố Hồ Chí Minh, Việt Nam"
Phùng Ngọc Huy,Yến Trang,"Thành phố Hồ Chí Minh, Việt Nam"
Phùng Ngọc Huy,Tấn Beo,"Thành phố Hồ Chí Minh, Việt Nam"
Phùng Ngọc Huy,Hiếu Hiền,"Thành phố Hồ Chí Minh, Việt Nam"
Phùng Ngọc Huy,Khổng Tú Quỳnh,"Thành phố Hồ Chí Minh, Việt Nam"
Phùng Ngọc Huy,Noo Phước Thịnh,"Thành phố Hồ Chí Minh, Việt Nam"
Phùng Ngọc Huy,Ngô Kiến Huy,"Thành phố Hồ Chí Minh, Việt Nam"
Phùng Ngọc Huy,Tuấn Trần,"Thành phố Hồ Chí Minh, Việt Nam"
Phùng Ngọc Huy,Ngân Chi,"Thành phố Hồ Chí Minh, Việt Nam"
Phùng Ngọc Huy,Nguyễn Minh Tú,"Thành phố Hồ Chí Minh, Việt Nam"
Phùng Ngọc Huy,Uyển Ân,"Thành phố Hồ Chí Minh, Việt Nam"
Phùng Ngọc Huy,Minh Hằng,"Thành phố Hồ Chí Minh, Việt Nam"
Phùng Ngọc Huy,Bảo Anh,"Thành phố Hồ Chí Minh, Việt Nam"
Phùng Ngọc Huy,Don Nguyễn,"Thành phố Hồ Chí Minh, Việt Nam"
Phùng Ngọc Huy,Ngọc Diệp,"Thành phố Hồ Chí Minh, Việt Nam"
Phùng Ngọc Huy,Thu Trang,"Thành phố Hồ Chí Minh, Việt Nam"
Phùng Ngọc Huy,Võ Ngọc Trai,"Thành phố Hồ Chí Minh, Việt Nam"
Phùng Ngọc Huy,Jun Phạm,"Thành phố Hồ Chí Minh, Việt Nam"
Phùng Ngọc Huy,Diễm My 9x,"Thành phố Hồ Chí Minh, Việt Nam"
Phùng Ngọc Huy,Nguyễn Thắng,"Thành phố Hồ Chí Minh, Việt Nam"
Phùng Ngọc Huy,Khả Ngân,"Thành phố Hồ Chí Minh, Việt Nam"
Phùng Ngọc Huy,Anh Thư,"Thành phố Hồ Chí Minh, Việt Nam"
Phùng Ngọc Huy,Nguyễn Thúc Thùy Tiên,"Thành phố Hồ Chí Minh, Việt Nam"
Phùng Ngọc Huy,Huy Khánh,"Thành phố Hồ Chí Minh, Việt Nam"
Phùng Ngọc Huy,Đinh Ngọc Diệp,"Thành phố Hồ Chí Minh, Việt Nam"
Phùng Ngọc Huy,Hứa Vĩ Văn,"Thành phố Hồ Chí Minh, Việt Nam"
Phùng Ngọc Huy,Ái Phương,"Thành phố Hồ Chí Minh, Việt Nam"
Phùng Ngọc Huy,Thúy Diễm,"Thành phố Hồ Chí Minh, Việt Nam"
Phùng Ngọc Huy,Đan Trường,"Thành phố Hồ Chí Minh, Việt Nam"
Phùng Ngọc Huy,Bạch Công Khanh,"Thành phố Hồ Chí Minh, Việt Nam"
Phùng Ngọc Huy,Angela Phương Trinh,"Thành phố Hồ Chí Minh, Việt Nam"
Phùng Ngọc Huy,Việt Hương,"Thành phố Hồ Chí Minh, Việt Nam"
Phùng Ngọc Huy,Hà Okio,"Thành phố Hồ Chí Minh, Việt Nam"
Phùng Ngọc Huy,Uyên Linh,"Thành phố Hồ Chí Minh, Việt Nam"
Phùng Ngọc Huy,Lý Nhã Kỳ,"Thành phố Hồ Chí Minh, Việt Nam"
Phùng Ngọc Huy,Đàm Phương Linh,"Thành phố Hồ Chí Minh, Việt Nam"
Phùng Ngọc Huy,Phương Hằng (diễn viên),"Thành phố Hồ Chí Minh, Việt Nam"
Phùng Ngọc Huy,Quang Tuấn,"Thành phố Hồ Chí Minh, Việt Nam"
Phùng Ngọc Huy,Yeye Nhật Hạ,"Thành phố Hồ Chí Minh, Việt Nam"
Phùng Ngọc Huy,Khánh Phương,"Thành phố Hồ Chí Minh, Việt Nam"
Phùng Ngọc Huy,Võ Thành Tâm,"Thành phố Hồ Chí Minh, Việt Nam"
Phùng Ngọc Huy,Đại Nghĩa (diễn viên),"Thành phố Hồ Chí Minh, Việt Nam"
Phùng Ngọc Huy,Kim Hiền (diễn viên),"Thành phố Hồ Chí Minh, Việt Nam"
Phùng Ngọc Huy,Mỹ Chi,"Thành phố Hồ Chí Minh, Việt Nam"
Phùng Ngọc Huy,Bằng Lăng,"Thành phố Hồ Chí Minh, Việt Nam"
Phùng Ngọc Huy,WanBi Tuấn Anh,"Thành phố Hồ Chí Minh, Việt Nam"
Phùng Ngọc Huy,Lương Bích Hữu,"Thành phố Hồ Chí Minh, Việt Nam"
Phùng Ngọc Huy,Elly Trần,"Thành phố Hồ Chí Minh, Việt Nam"
Phùng Ngọc Huy,Wanbi Tuấn Anh,"Thành phố Hồ Chí Minh, Việt Nam"
Phùng Ngọc Huy,Tường Vi (diễn viên),"Thành phố Hồ Chí Minh, Việt Nam"
Phùng Ngọc Huy,Chí Thiện (ca sĩ),"Thành phố Hồ Chí Minh, Việt Nam"
Phùng Ngọc Huy,Hồ Vĩnh Khoa,"Thành phố Hồ Chí Minh, Việt Nam"
Phùng Ngọc Huy,Thảo Trang,"Thành phố Hồ Chí Minh, Việt Nam"
Phùng Ngọc Huy,Rocker Nguyen,"Thành phố Hồ Chí Minh, Việt Nam"
Phùng Ngọc Huy,Phương Mỹ Chi,"Thành phố Hồ Chí Minh, Việt Nam"
Phùng Ngọc Huy,Thanh Thúy (diễn viên sinh 1982),"Thành phố Hồ Chí Minh, Việt Nam"
Phùng Ngọc Huy,Kim Tuyến,"Thành phố Hồ Chí Minh, Việt Nam"
Mai Phương (diễn viên),Ốc Thanh Vân,"Hải Phòng, Việt Nam"
Mai Phương (diễn viên),Nhung Kate,"Hải Phòng, Việt Nam"
Khương Ngọc,Trương Quỳnh Anh,"Nha Trang, Khánh Hòa, Việt Nam"
Khương Ngọc,Ngọc Thanh Tâm,"Nha Trang, Khánh Hòa, Việt Nam"
Thanh Trúc,Thúy Diễm,"Thành phố Hồ Chí Minh, Việt Nam"
Thanh Trúc,Tấn Beo,"Thành phố Hồ Chí Minh, Việt Nam"
Thanh Trúc,Quang Tuấn,"Thành phố Hồ Chí Minh, Việt Nam"
Thanh Trúc,Huỳnh Đông,"Thành phố Hồ Chí Minh, Việt Nam"
Thanh Trúc,Yeye Nhật Hạ,"Thành phố Hồ Chí Minh, Việt Nam"
Thanh Trúc,Thu Trang,"Thành phố Hồ Chí Minh, Việt Nam"
Thanh Trúc,Bảo Thy,"Thành phố Hồ Chí Minh, Việt Nam"
Thanh Trúc,Yến Trang,"Thành phố Hồ Chí Minh, Việt Nam"
Thanh Trúc,Hiếu Hiền,"Thành phố Hồ Chí Minh, Việt Nam"
Thanh Trúc,Khổng Tú Quỳnh,"Thành phố Hồ Chí Minh, Việt Nam"
Thanh Trúc,Noo Phước Thịnh,"Thành phố Hồ Chí Minh, Việt Nam"
Thanh Trúc,Ngô Kiến Huy,"Thành phố Hồ Chí Minh, Việt Nam"
Thanh Trúc,Tuấn Trần,"Thành phố Hồ Chí Minh, Việt Nam"
Thanh Trúc,Ngân Chi,"Thành phố Hồ Chí Minh, Việt Nam"
Thanh Trúc,Nguyễn Minh Tú,"Thành phố Hồ Chí Minh, Việt Nam"
Thanh Trúc,Uyển Ân,"Thành phố Hồ Chí Minh, Việt Nam"
Thanh Trúc,Minh Hằng,"Thành phố Hồ Chí Minh, Việt Nam"
Thanh Trúc,Bảo Anh,"Thành phố Hồ Chí Minh, Việt Nam"
Thanh Trúc,Don Nguyễn,"Thành phố Hồ Chí Minh, Việt Nam"
Thanh Trúc,Ngọc Diệp,"Thành phố Hồ Chí Minh, Việt Nam"
Thanh Trúc,Võ Ngọc Trai,"Thành phố Hồ Chí Minh, Việt Nam"
Thanh Trúc,Jun Phạm,"Thành phố Hồ Chí Minh, Việt Nam"
Thanh Trúc,Diễm My 9x,"Thành phố Hồ Chí Minh, Việt Nam"
Thanh Trúc,Nguyễn Thắng,"Thành phố Hồ Chí Minh, Việt Nam"
Thanh Trúc,Khả Ngân,"Thành phố Hồ Chí Minh, Việt Nam"
Thanh Trúc,Anh Thư,"Thành phố Hồ Chí Minh, Việt Nam"
Thanh Trúc,Nguyễn Thúc Thùy Tiên,"Thành phố Hồ Chí Minh, Việt Nam"
Thanh Trúc,Huy Khánh,"Thành phố Hồ Chí Minh, Việt Nam"
Thanh Trúc,Đinh Ngọc Diệp,"Thành phố Hồ Chí Minh, Việt Nam"
Thanh Trúc,Hứa Vĩ Văn,"Thành phố Hồ Chí Minh, Việt Nam"
Thanh Trúc,Ái Phương,"Thành phố Hồ Chí Minh, Việt Nam"
Thanh Trúc,Đan Trường,"Thành phố Hồ Chí Minh, Việt Nam"
Thanh Trúc,Bạch Công Khanh,"Thành phố Hồ Chí Minh, Việt Nam"
Thanh Trúc,Angela Phương Trinh,"Thành phố Hồ Chí Minh, Việt Nam"
Thanh Trúc,Việt Hương,"Thành phố Hồ Chí Minh, Việt Nam"
Thanh Trúc,Hà Okio,"Thành phố Hồ Chí Minh, Việt Nam"
Thanh Trúc,Uyên Linh,"Thành phố Hồ Chí Minh, Việt Nam"
Thanh Trúc,Lý Nhã Kỳ,"Thành phố Hồ Chí Minh, Việt Nam"
Thanh Trúc,Đàm Phương Linh,"Thành phố Hồ Chí Minh, Việt Nam"
Thanh Trúc,Phương Hằng (diễn viên),"Thành phố Hồ Chí Minh, Việt Nam"
Thanh Trúc,Khánh Phương,"Thành phố Hồ Chí Minh, Việt Nam"
Thanh Trúc,Võ Thành Tâm,"Thành phố Hồ Chí Minh, Việt Nam"
Thanh Trúc,Đại Nghĩa (diễn viên),"Thành phố Hồ Chí Minh, Việt Nam"
Thanh Trúc,Kim Hiền (diễn viên),"Thành phố Hồ Chí Minh, Việt Nam"
Thanh Trúc,Mỹ Chi,"Thành phố Hồ Chí Minh, Việt Nam"
Thanh Trúc,Bằng Lăng,"Thành phố Hồ Chí Minh, Việt Nam"
Thanh Trúc,WanBi Tuấn Anh,"Thành phố Hồ Chí Minh, Việt Nam"
Thanh Trúc,Lương Bích Hữu,"Thành phố Hồ Chí Minh, Việt Nam"
Thanh Trúc,Elly Trần,"Thành phố Hồ Chí Minh, Việt Nam"
Thanh Trúc,Wanbi Tuấn Anh,"Thành phố Hồ Chí Minh, Việt Nam"
Thanh Trúc,Tường Vi (diễn viên),"Thành phố Hồ Chí Minh, Việt Nam"
Thanh Trúc,Chí Thiện (ca sĩ),"Thành phố Hồ Chí Minh, Việt Nam"
Thanh Trúc,Hồ Vĩnh Khoa,"Thành phố Hồ Chí Minh, Việt Nam"
Thanh Trúc,Thảo Trang,"Thành phố Hồ Chí Minh, Việt Nam"
Thanh Trúc,Rocker Nguyen,"Thành phố Hồ Chí Minh, Việt Nam"
Thanh Trúc,Phương Mỹ Chi,"Thành phố Hồ Chí Minh, Việt Nam"
Thanh Trúc,Thanh Thúy (diễn viên sinh 1982),"Thành phố Hồ Chí Minh, Việt Nam"
Thanh Trúc,Kim Tuyến,"Thành phố Hồ Chí Minh, Việt Nam"
Vân Trang,Minh Béo,"Tiền Giang, Việt Nam"
Bảo Thy,Yến Trang,"Thành phố Hồ Chí Minh, Việt Nam"
Bảo Thy,Tấn Beo,"Thành phố Hồ Chí Minh, Việt Nam"
Bảo Thy,Hiếu Hiền,"Thành phố Hồ Chí Minh, Việt Nam"
Bảo Thy,Khổng Tú Quỳnh,"Thành phố Hồ Chí Minh, Việt Nam"
Bảo Thy,Noo Phước Thịnh,"Thành phố Hồ Chí Minh, Việt Nam"
Bảo Thy,Ngô Kiến Huy,"Thành phố Hồ Chí Minh, Việt Nam"
Bảo Thy,Tuấn Trần,"Thành phố Hồ Chí Minh, Việt Nam"
Bảo Thy,Ngân Chi,"Thành phố Hồ Chí Minh, Việt Nam"
Bảo Thy,Nguyễn Minh Tú,"Thành phố Hồ Chí Minh, Việt Nam"
Bảo Thy,Uyển Ân,"Thành phố Hồ Chí Minh, Việt Nam"
Bảo Thy,Huỳnh Đông,"Thành phố Hồ Chí Minh, Việt Nam"
Bảo Thy,Minh Hằng,"Thành phố Hồ Chí Minh, Việt Nam"
Bảo Thy,Bảo Anh,"Thành phố Hồ Chí Minh, Việt Nam"
Bảo Thy,Don Nguyễn,"Thành phố Hồ Chí Minh, Việt Nam"
Bảo Thy,Ngọc Diệp,"Thành phố Hồ Chí Minh, Việt Nam"
Bảo Thy,Thu Trang,"Thành phố Hồ Chí Minh, Việt Nam"
Bảo Thy,Võ Ngọc Trai,"Thành phố Hồ Chí Minh, Việt Nam"
Bảo Thy,Jun Phạm,"Thành phố Hồ Chí Minh, Việt Nam"
Bảo Thy,Diễm My 9x,"Thành phố Hồ Chí Minh, Việt Nam"
Bảo Thy,Nguyễn Thắng,"Thành phố Hồ Chí Minh, Việt Nam"
Bảo Thy,Khả Ngân,"Thành phố Hồ Chí Minh, Việt Nam"
Bảo Thy,Anh Thư,"Thành phố Hồ Chí Minh, Việt Nam"
Bảo Thy,Nguyễn Thúc Thùy Tiên,"Thành phố Hồ Chí Minh, Việt Nam"
Bảo Thy,Huy Khánh,"Thành phố Hồ Chí Minh, Việt Nam"
Bảo Thy,Đinh Ngọc Diệp,"Thành phố Hồ Chí Minh, Việt Nam"
Bảo Thy,Hứa Vĩ Văn,"Thành phố Hồ Chí Minh, Việt Nam"
Bảo Thy,Ái Phương,"Thành phố Hồ Chí Minh, Việt Nam"
Bảo Thy,Thúy Diễm,"Thành phố Hồ Chí Minh, Việt Nam"
Bảo Thy,Đan Trường,"Thành phố Hồ Chí Minh, Việt Nam"
Bảo Thy,Bạch Công Khanh,"Thành phố Hồ Chí Minh, Việt Nam"
Bảo Thy,Angela Phương Trinh,"Thành phố Hồ Chí Minh, Việt Nam"
Bảo Thy,Việt Hương,"Thành phố Hồ Chí Minh, Việt Nam"
Bảo Thy,Hà Okio,"Thành phố Hồ Chí Minh, Việt Nam"
Bảo Thy,Uyên Linh,"Thành phố Hồ Chí Minh, Việt Nam"
Bảo Thy,Lý Nhã Kỳ,"Thành phố Hồ Chí Minh, Việt Nam"
Bảo Thy,Đàm Phương Linh,"Thành phố Hồ Chí Minh, Việt Nam"
Bảo Thy,Phương Hằng (diễn viên),"Thành phố Hồ Chí Minh, Việt Nam"
Bảo Thy,Quang Tuấn,"Thành phố Hồ Chí Minh, Việt Nam"
Bảo Thy,Yeye Nhật Hạ,"Thành phố Hồ Chí Minh, Việt Nam"
Bảo Thy,Khánh Phương,"Thành phố Hồ Chí Minh, Việt Nam"
Bảo Thy,Võ Thành Tâm,"Thành phố Hồ Chí Minh, Việt Nam"
Bảo Thy,Đại Nghĩa (diễn viên),"Thành phố Hồ Chí Minh, Việt Nam"
Bảo Thy,Kim Hiền (diễn viên),"Thành phố Hồ Chí Minh, Việt Nam"
Bảo Thy,Mỹ Chi,"Thành phố Hồ Chí Minh, Việt Nam"
Bảo Thy,Bằng Lăng,"Thành phố Hồ Chí Minh, Việt Nam"
Bảo Thy,WanBi Tuấn Anh,"Thành phố Hồ Chí Minh, Việt Nam"
Bảo Thy,Lương Bích Hữu,"Thành phố Hồ Chí Minh, Việt Nam"
Bảo Thy,Elly Trần,"Thành phố Hồ Chí Minh, Việt Nam"
Bảo Thy,Wanbi Tuấn Anh,"Thành phố Hồ Chí Minh, Việt Nam"
Bảo Thy,Tường Vi (diễn viên),"Thành phố Hồ Chí Minh, Việt Nam"
Bảo Thy,Chí Thiện (ca sĩ),"Thành phố Hồ Chí Minh, Việt Nam"
Bảo Thy,Hồ Vĩnh Khoa,"Thành phố Hồ Chí Minh, Việt Nam"
Bảo Thy,Thảo Trang,"Thành phố Hồ Chí Minh, Việt Nam"
Bảo Thy,Rocker Nguyen,"Thành phố Hồ Chí Minh, Việt Nam"
Bảo Thy,Phương Mỹ Chi,"Thành phố Hồ Chí Minh, Việt Nam"
Bảo Thy,Thanh Thúy (diễn viên sinh 1982),"Thành phố Hồ Chí Minh, Việt Nam"
Bảo Thy,Kim Tuyến,"Thành phố Hồ Chí Minh, Việt Nam"
Yến Trang,Tấn Beo,"Thành phố Hồ Chí Minh, Việt Nam"
Yến Trang,Hiếu Hiền,"Thành phố Hồ Chí Minh, Việt Nam"
Yến Trang,Khổng Tú Quỳnh,"Thành phố Hồ Chí Minh, Việt Nam"
Yến Trang,Noo Phước Thịnh,"Thành phố Hồ Chí Minh, Việt Nam"
Yến Trang,Ngô Kiến Huy,"Thành phố Hồ Chí Minh, Việt Nam"
Yến Trang,Tuấn Trần,"Thành phố Hồ Chí Minh, Việt Nam"
Yến Trang,Ngân Chi,"Thành phố Hồ Chí Minh, Việt Nam"
Yến Trang,Nguyễn Minh Tú,"Thành phố Hồ Chí Minh, Việt Nam"
Yến Trang,Uyển Ân,"Thành phố Hồ Chí Minh, Việt Nam"
Yến Trang,Huỳnh Đông,"Thành phố Hồ Chí Minh, Việt Nam"
Yến Trang,Minh Hằng,"Thành phố Hồ Chí Minh, Việt Nam"
Yến Trang,Bảo Anh,"Thành phố Hồ Chí Minh, Việt Nam"
Yến Trang,Don Nguyễn,"Thành phố Hồ Chí Minh, Việt Nam"
Yến Trang,Ngọc Diệp,"Thành phố Hồ Chí Minh, Việt Nam"
Yến Trang,Thu Trang,"Thành phố Hồ Chí Minh, Việt Nam"
Yến Trang,Võ Ngọc Trai,"Thành phố Hồ Chí Minh, Việt Nam"
Yến Trang,Jun Phạm,"Thành phố Hồ Chí Minh, Việt Nam"
Yến Trang,Diễm My 9x,"Thành phố Hồ Chí Minh, Việt Nam"
Yến Trang,Nguyễn Thắng,"Thành phố Hồ Chí Minh, Việt Nam"
Yến Trang,Khả Ngân,"Thành phố Hồ Chí Minh, Việt Nam"
Yến Trang,Anh Thư,"Thành phố Hồ Chí Minh, Việt Nam"
Yến Trang,Nguyễn Thúc Thùy Tiên,"Thành phố Hồ Chí Minh, Việt Nam"
Yến Trang,Huy Khánh,"Thành phố Hồ Chí Minh, Việt Nam"
Yến Trang,Đinh Ngọc Diệp,"Thành phố Hồ Chí Minh, Việt Nam"
Yến Trang,Hứa Vĩ Văn,"Thành phố Hồ Chí Minh, Việt Nam"
Yến Trang,Ái Phương,"Thành phố Hồ Chí Minh, Việt Nam"
Yến Trang,Thúy Diễm,"Thành phố Hồ Chí Minh, Việt Nam"
Yến Trang,Đan Trường,"Thành phố Hồ Chí Minh, Việt Nam"
Yến Trang,Bạch Công Khanh,"Thành phố Hồ Chí Minh, Việt Nam"
Yến Trang,Angela Phương Trinh,"Thành phố Hồ Chí Minh, Việt Nam"
Yến Trang,Việt Hương,"Thành phố Hồ Chí Minh, Việt Nam"
Yến Trang,Hà Okio,"Thành phố Hồ Chí Minh, Việt Nam"
Yến Trang,Uyên Linh,"Thành phố Hồ Chí Minh, Việt Nam"
Yến Trang,Lý Nhã Kỳ,"Thành phố Hồ Chí Minh, Việt Nam"
Yến Trang,Đàm Phương Linh,"Thành phố Hồ Chí Minh, Việt Nam"
Yến Trang,Phương Hằng (diễn viên),"Thành phố Hồ Chí Minh, Việt Nam"
Yến Trang,Quang Tuấn,"Thành phố Hồ Chí Minh, Việt Nam"
Yến Trang,Yeye Nhật Hạ,"Thành phố Hồ Chí Minh, Việt Nam"
Yến Trang,Khánh Phương,"Thành phố Hồ Chí Minh, Việt Nam"
Yến Trang,Võ Thành Tâm,"Thành phố Hồ Chí Minh, Việt Nam"
Yến Trang,Đại Nghĩa (diễn viên),"Thành phố Hồ Chí Minh, Việt Nam"
Yến Trang,Kim Hiền (diễn viên),"Thành phố Hồ Chí Minh, Việt Nam"
Yến Trang,Mỹ Chi,"Thành phố Hồ Chí Minh, Việt Nam"
Yến Trang,Bằng Lăng,"Thành phố Hồ Chí Minh, Việt Nam"
Yến Trang,WanBi Tuấn Anh,"Thành phố Hồ Chí Minh, Việt Nam"
Yến Trang,Lương Bích Hữu,"Thành phố Hồ Chí Minh, Việt Nam"
Yến Trang,Elly Trần,"Thành phố Hồ Chí Minh, Việt Nam"
Yến Trang,Wanbi Tuấn Anh,"Thành phố Hồ Chí Minh, Việt Nam"
Yến Trang,Tường Vi (diễn viên),"Thành phố Hồ Chí Minh, Việt Nam"
Yến Trang,Chí Thiện (ca sĩ),"Thành phố Hồ Chí Minh, Việt Nam"
Yến Trang,Hồ Vĩnh Khoa,"Thành phố Hồ Chí Minh, Việt Nam"
Yến Trang,Thảo Trang,"Thành phố Hồ Chí Minh, Việt Nam"
Yến Trang,Rocker Nguyen,"Thành phố Hồ Chí Minh, Việt Nam"
Yến Trang,Phương Mỹ Chi,"Thành phố Hồ Chí Minh, Việt Nam"
Yến Trang,Thanh Thúy (diễn viên sinh 1982),"Thành phố Hồ Chí Minh, Việt Nam"
Yến Trang,Kim Tuyến,"Thành phố Hồ Chí Minh, Việt Nam"
Tấn Beo,Hiếu Hiền,"Thành phố Hồ Chí Minh, Việt Nam"
Tấn Beo,Khổng Tú Quỳnh,"Thành phố Hồ Chí Minh, Việt Nam"
Tấn Beo,Noo Phước Thịnh,"Thành phố Hồ Chí Minh, Việt Nam"
Tấn Beo,Ngô Kiến Huy,"Thành phố Hồ Chí Minh, Việt Nam"
Tấn Beo,Ngọc Diệp,"Thành phố Hồ Chí Minh, Việt Nam"
Tấn Beo,Khánh Phương,"Thành phố Hồ Chí Minh, Việt Nam"
Tấn Beo,Kim Hiền (diễn viên),"Thành phố Hồ Chí Minh, Việt Nam"
Tấn Beo,Việt Hương,"Thành phố Hồ Chí Minh, Việt Nam"
Tấn Beo,Mỹ Chi,"Thành phố Hồ Chí Minh, Việt Nam"
Tấn Beo,Đan Trường,"Thành phố Hồ Chí Minh, Việt Nam"
Tấn Beo,Ái Phương,"Thành phố Hồ Chí Minh, Việt Nam"
Tấn Beo,Tuấn Trần,"Thành phố Hồ Chí Minh, Việt Nam"
Tấn Beo,Ngân Chi,"Thành phố Hồ Chí Minh, Việt Nam"
Tấn Beo,Nguyễn Minh Tú,"Thành phố Hồ Chí Minh, Việt Nam"
Tấn Beo,Uyển Ân,"Thành phố Hồ Chí Minh, Việt Nam"
Tấn Beo,Huỳnh Đông,"Thành phố Hồ Chí Minh, Việt Nam"
Tấn Beo,Minh Hằng,"Thành phố Hồ Chí Minh, Việt Nam"
Tấn Beo,Bảo Anh,"Thành phố Hồ Chí Minh, Việt Nam"
Tấn Beo,Don Nguyễn,"Thành phố Hồ Chí Minh, Việt Nam"
Tấn Beo,Thu Trang,"Thành phố Hồ Chí Minh, Việt Nam"
Tấn Beo,Võ Ngọc Trai,"Thành phố Hồ Chí Minh, Việt Nam"
Tấn Beo,Jun Phạm,"Thành phố Hồ Chí Minh, Việt Nam"
Tấn Beo,Diễm My 9x,"Thành phố Hồ Chí Minh, Việt Nam"
Tấn Beo,Nguyễn Thắng,"Thành phố Hồ Chí Minh, Việt Nam"
Tấn Beo,Khả Ngân,"Thành phố Hồ Chí Minh, Việt Nam"
Tấn Beo,Anh Thư,"Thành phố Hồ Chí Minh, Việt Nam"
Tấn Beo,Nguyễn Thúc Thùy Tiên,"Thành phố Hồ Chí Minh, Việt Nam"
Tấn Beo,Huy Khánh,"Thành phố Hồ Chí Minh, Việt Nam"
Tấn Beo,Đinh Ngọc Diệp,"Thành phố Hồ Chí Minh, Việt Nam"
Tấn Beo,Hứa Vĩ Văn,"Thành phố Hồ Chí Minh, Việt Nam"
Tấn Beo,Thúy Diễm,"Thành phố Hồ Chí Minh, Việt Nam"
Tấn Beo,Bạch Công Khanh,"Thành phố Hồ Chí Minh, Việt Nam"
Tấn Beo,Angela Phương Trinh,"Thành phố Hồ Chí Minh, Việt Nam"
Tấn Beo,Hà Okio,"Thành phố Hồ Chí Minh, Việt Nam"
Tấn Beo,Uyên Linh,"Thành phố Hồ Chí Minh, Việt Nam"
Tấn Beo,Lý Nhã Kỳ,"Thành phố Hồ Chí Minh, Việt Nam"
Tấn Beo,Đàm Phương Linh,"Thành phố Hồ Chí Minh, Việt Nam"
Tấn Beo,Phương Hằng (diễn viên),"Thành phố Hồ Chí Minh, Việt Nam"
Tấn Beo,Quang Tuấn,"Thành phố Hồ Chí Minh, Việt Nam"
Tấn Beo,Yeye Nhật Hạ,"Thành phố Hồ Chí Minh, Việt Nam"
Tấn Beo,Võ Thành Tâm,"Thành phố Hồ Chí Minh, Việt Nam"
Tấn Beo,Đại Nghĩa (diễn viên),"Thành phố Hồ Chí Minh, Việt Nam"
Tấn Beo,Bằng Lăng,"Thành phố Hồ Chí Minh, Việt Nam"
Tấn Beo,WanBi Tuấn Anh,"Thành phố Hồ Chí Minh, Việt Nam"
Tấn Beo,Lương Bích Hữu,"Thành phố Hồ Chí Minh, Việt Nam"
Tấn Beo,Elly Trần,"Thành phố Hồ Chí Minh, Việt Nam"
Tấn Beo,Wanbi Tuấn Anh,"Thành phố Hồ Chí Minh, Việt Nam"
Tấn Beo,Tường Vi (diễn viên),"Thành phố Hồ Chí Minh, Việt Nam"
Tấn Beo,Chí Thiện (ca sĩ),"Thành phố Hồ Chí Minh, Việt Nam"
Tấn Beo,Hồ Vĩnh Khoa,"Thành phố Hồ Chí Minh, Việt Nam"
Tấn Beo,Thảo Trang,"Thành phố Hồ Chí Minh, Việt Nam"
Tấn Beo,Rocker Nguyen,"Thành phố Hồ Chí Minh, Việt Nam"
Tấn Beo,Phương Mỹ Chi,"Thành phố Hồ Chí Minh, Việt Nam"
Tấn Beo,Thanh Thúy (diễn viên sinh 1982),"Thành phố Hồ Chí Minh, Việt Nam"
Tấn Beo,Kim Tuyến,"Thành phố Hồ Chí Minh, Việt Nam"
Mạnh Tràng,Tiết Cương,"Long An, Việt Nam Cộng hòa"
Hiếu Hiền,Khổng Tú Quỳnh,"Thành phố Hồ Chí Minh, Việt Nam"
Hiếu Hiền,Noo Phước Thịnh,"Thành phố Hồ Chí Minh, Việt Nam"
Hiếu Hiền,Ngô Kiến Huy,"Thành phố Hồ Chí Minh, Việt Nam"
Hiếu Hiền,Võ Ngọc Trai,"Thành phố Hồ Chí Minh, Việt Nam"
Hiếu Hiền,Jun Phạm,"Thành phố Hồ Chí Minh, Việt Nam"
Hiếu Hiền,Ngọc Diệp,"Thành phố Hồ Chí Minh, Việt Nam"
Hiếu Hiền,Khánh Phương,"Thành phố Hồ Chí Minh, Việt Nam"
Hiếu Hiền,Việt Hương,"Thành phố Hồ Chí Minh, Việt Nam"
Hiếu Hiền,Tường Vi (diễn viên),"Thành phố Hồ Chí Minh, Việt Nam"
Hiếu Hiền,Chí Thiện (ca sĩ),"Thành phố Hồ Chí Minh, Việt Nam"
Hiếu Hiền,Elly Trần,"Thành phố Hồ Chí Minh, Việt Nam"
Hiếu Hiền,Anh Thư,"Thành phố Hồ Chí Minh, Việt Nam"
Hiếu Hiền,Hồ Vĩnh Khoa,"Thành phố Hồ Chí Minh, Việt Nam"
Hiếu Hiền,Don Nguyễn,"Thành phố Hồ Chí Minh, Việt Nam"
Hiếu Hiền,Tuấn Trần,"Thành phố Hồ Chí Minh, Việt Nam"
Hiếu Hiền,Ngân Chi,"Thành phố Hồ Chí Minh, Việt Nam"
Hiếu Hiền,Nguyễn Minh Tú,"Thành phố Hồ Chí Minh, Việt Nam"
Hiếu Hiền,Uyển Ân,"Thành phố Hồ Chí Minh, Việt Nam"
Hiếu Hiền,Huỳnh Đông,"Thành phố Hồ Chí Minh, Việt Nam"
Hiếu Hiền,Minh Hằng,"Thành phố Hồ Chí Minh, Việt Nam"
Hiếu Hiền,Bảo Anh,"Thành phố Hồ Chí Minh, Việt Nam"
Hiếu Hiền,Thu Trang,"Thành phố Hồ Chí Minh, Việt Nam"
Hiếu Hiền,Diễm My 9x,"Thành phố Hồ Chí Minh, Việt Nam"
Hiếu Hiền,Nguyễn Thắng,"Thành phố Hồ Chí Minh, Việt Nam"
Hiếu Hiền,Khả Ngân,"Thành phố Hồ Chí Minh, Việt Nam"
Hiếu Hiền,Nguyễn Thúc Thùy Tiên,"Thành phố Hồ Chí Minh, Việt Nam"
Hiếu Hiền,Huy Khánh,"Thành phố Hồ Chí Minh, Việt Nam"
Hiếu Hiền,Đinh Ngọc Diệp,"Thành phố Hồ Chí Minh, Việt Nam"
Hiếu Hiền,Hứa Vĩ Văn,"Thành phố Hồ Chí Minh, Việt Nam"
Hiếu Hiền,Ái Phương,"Thành phố Hồ Chí Minh, Việt Nam"
Hiếu Hiền,Thúy Diễm,"Thành phố Hồ Chí Minh, Việt Nam"
Hiếu Hiền,Đan Trường,"Thành phố Hồ Chí Minh, Việt Nam"
Hiếu Hiền,Bạch Công Khanh,"Thành phố Hồ Chí Minh, Việt Nam"
Hiếu Hiền,Angela Phương Trinh,"Thành phố Hồ Chí Minh, Việt Nam"
Hiếu Hiền,Hà Okio,"Thành phố Hồ Chí Minh, Việt Nam"
Hiếu Hiền,Uyên Linh,"Thành phố Hồ Chí Minh, Việt Nam"
Hiếu Hiền,Lý Nhã Kỳ,"Thành phố Hồ Chí Minh, Việt Nam"
Hiếu Hiền,Đàm Phương Linh,"Thành phố Hồ Chí Minh, Việt Nam"
Hiếu Hiền,Phương Hằng (diễn viên),"Thành phố Hồ Chí Minh, Việt Nam"
Hiếu Hiền,Quang Tuấn,"Thành phố Hồ Chí Minh, Việt Nam"
Hiếu Hiền,Yeye Nhật Hạ,"Thành phố Hồ Chí Minh, Việt Nam"
Hiếu Hiền,Võ Thành Tâm,"Thành phố Hồ Chí Minh, Việt Nam"
Hiếu Hiền,Đại Nghĩa (diễn viên),"Thành phố Hồ Chí Minh, Việt Nam"
Hiếu Hiền,Kim Hiền (diễn viên),"Thành phố Hồ Chí Minh, Việt Nam"
Hiếu Hiền,Mỹ Chi,"Thành phố Hồ Chí Minh, Việt Nam"
Hiếu Hiền,Bằng Lăng,"Thành phố Hồ Chí Minh, Việt Nam"
Hiếu Hiền,WanBi Tuấn Anh,"Thành phố Hồ Chí Minh, Việt Nam"
Hiếu Hiền,Lương Bích Hữu,"Thành phố Hồ Chí Minh, Việt Nam"
Hiếu Hiền,Wanbi Tuấn Anh,"Thành phố Hồ Chí Minh, Việt Nam"
Hiếu Hiền,Thảo Trang,"Thành phố Hồ Chí Minh, Việt Nam"
Hiếu Hiền,Rocker Nguyen,"Thành phố Hồ Chí Minh, Việt Nam"
Hiếu Hiền,Phương Mỹ Chi,"Thành phố Hồ Chí Minh, Việt Nam"
Hiếu Hiền,Thanh Thúy (diễn viên sinh 1982),"Thành phố Hồ Chí Minh, Việt Nam"
Hiếu Hiền,Kim Tuyến,"Thành phố Hồ Chí Minh, Việt Nam"
Khổng Tú Quỳnh,Noo Phước Thịnh,"Thành phố Hồ Chí Minh, Việt Nam"
Khổng Tú Quỳnh,Ngô Kiến Huy,"Thành phố Hồ Chí Minh, Việt Nam"
Khổng Tú Quỳnh,Anh Thư,"Thành phố Hồ Chí Minh, Việt Nam"
Khổng Tú Quỳnh,Tuấn Trần,"Thành phố Hồ Chí Minh, Việt Nam"
Khổng Tú Quỳnh,Ngân Chi,"Thành phố Hồ Chí Minh, Việt Nam"
Khổng Tú Quỳnh,Nguyễn Minh Tú,"Thành phố Hồ Chí Minh, Việt Nam"
Khổng Tú Quỳnh,Uyển Ân,"Thành phố Hồ Chí Minh, Việt Nam"
Khổng Tú Quỳnh,Huỳnh Đông,"Thành phố Hồ Chí Minh, Việt Nam"
Khổng Tú Quỳnh,Minh Hằng,"Thành phố Hồ Chí Minh, Việt Nam"
Khổng Tú Quỳnh,Bảo Anh,"Thành phố Hồ Chí Minh, Việt Nam"
Khổng Tú Quỳnh,Don Nguyễn,"Thành phố Hồ Chí Minh, Việt Nam"
Khổng Tú Quỳnh,Ngọc Diệp,"Thành phố Hồ Chí Minh, Việt Nam"
Khổng Tú Quỳnh,Thu Trang,"Thành phố Hồ Chí Minh, Việt Nam"
Khổng Tú Quỳnh,Võ Ngọc Trai,"Thành phố Hồ Chí Minh, Việt Nam"
Khổng Tú Quỳnh,Jun Phạm,"Thành phố Hồ Chí Minh, Việt Nam"
Khổng Tú Quỳnh,Diễm My 9x,"Thành phố Hồ Chí Minh, Việt Nam"
Khổng Tú Quỳnh,Nguyễn Thắng,"Thành phố Hồ Chí Minh, Việt Nam"
Khổng Tú Quỳnh,Khả Ngân,"Thành phố Hồ Chí Minh, Việt Nam"
Khổng Tú Quỳnh,Nguyễn Thúc Thùy Tiên,"Thành phố Hồ Chí Minh, Việt Nam"
Khổng Tú Quỳnh,Huy Khánh,"Thành phố Hồ Chí Minh, Việt Nam"
Khổng Tú Quỳnh,Đinh Ngọc Diệp,"Thành phố Hồ Chí Minh, Việt Nam"
Khổng Tú Quỳnh,Hứa Vĩ Văn,"Thành phố Hồ Chí Minh, Việt Nam"
Khổng Tú Quỳnh,Ái Phương,"Thành phố Hồ Chí Minh, Việt Nam"
Khổng Tú Quỳnh,Thúy Diễm,"Thành phố Hồ Chí Minh, Việt Nam"
Khổng Tú Quỳnh,Đan Trường,"Thành phố Hồ Chí Minh, Việt Nam"
Khổng Tú Quỳnh,Bạch Công Khanh,"Thành phố Hồ Chí Minh, Việt Nam"
Khổng Tú Quỳnh,Angela Phương Trinh,"Thành phố Hồ Chí Minh, Việt Nam"
Khổng Tú Quỳnh,Việt Hương,"Thành phố Hồ Chí Minh, Việt Nam"
Khổng Tú Quỳnh,Hà Okio,"Thành phố Hồ Chí Minh, Việt Nam"
Khổng Tú Quỳnh,Uyên Linh,"Thành phố Hồ Chí Minh, Việt Nam"
Khổng Tú Quỳnh,Lý Nhã Kỳ,"Thành phố Hồ Chí Minh, Việt Nam"
Khổng Tú Quỳnh,Đàm Phương Linh,"Thành phố Hồ Chí Minh, Việt Nam"
Khổng Tú Quỳnh,Phương Hằng (diễn viên),"Thành phố Hồ Chí Minh, Việt Nam"
Khổng Tú Quỳnh,Quang Tuấn,"Thành phố Hồ Chí Minh, Việt Nam"
Khổng Tú Quỳnh,Yeye Nhật Hạ,"Thành phố Hồ Chí Minh, Việt Nam"
Khổng Tú Quỳnh,Khánh Phương,"Thành phố Hồ Chí Minh, Việt Nam"
Khổng Tú Quỳnh,Võ Thành Tâm,"Thành phố Hồ Chí Minh, Việt Nam"
Khổng Tú Quỳnh,Đại Nghĩa (diễn viên),"Thành phố Hồ Chí Minh, Việt Nam"
Khổng Tú Quỳnh,Kim Hiền (diễn viên),"Thành phố Hồ Chí Minh, Việt Nam"
Khổng Tú Quỳnh,Mỹ Chi,"Thành phố Hồ Chí Minh, Việt Nam"
Khổng Tú Quỳnh,Bằng Lăng,"Thành phố Hồ Chí Minh, Việt Nam"
Khổng Tú Quỳnh,WanBi Tuấn Anh,"Thành phố Hồ Chí Minh, Việt Nam"
Khổng Tú Quỳnh,Lương Bích Hữu,"Thành phố Hồ Chí Minh, Việt Nam"
Khổng Tú Quỳnh,Elly Trần,"Thành phố Hồ Chí Minh, Việt Nam"
Khổng Tú Quỳnh,Wanbi Tuấn Anh,"Thành phố Hồ Chí Minh, Việt Nam"
Khổng Tú Quỳnh,Tường Vi (diễn viên),"Thành phố Hồ Chí Minh, Việt Nam"
Khổng Tú Quỳnh,Chí Thiện (ca sĩ),"Thành phố Hồ Chí Minh, Việt Nam"
Khổng Tú Quỳnh,Hồ Vĩnh Khoa,"Thành phố Hồ Chí Minh, Việt Nam"
Khổng Tú Quỳnh,Thảo Trang,"Thành phố Hồ Chí Minh, Việt Nam"
Khổng Tú Quỳnh,Rocker Nguyen,"Thành phố Hồ Chí Minh, Việt Nam"
Khổng Tú Quỳnh,Phương Mỹ Chi,"Thành phố Hồ Chí Minh, Việt Nam"
Khổng Tú Quỳnh,Thanh Thúy (diễn viên sinh 1982),"Thành phố Hồ Chí Minh, Việt Nam"
Khổng Tú Quỳnh,Kim Tuyến,"Thành phố Hồ Chí Minh, Việt Nam"
Đông Nhi,Lan Phương,"Hà Nội, Việt Nam"
Đông Nhi,Quân AP,"Hà Nội, Việt Nam"
Đông Nhi,Việt Khuê,"Hà Nội, Việt Nam"
Đông Nhi,Phùng Hoa Hoài Linh,"Hà Nội, Việt Nam"
Đông Nhi,Dương Hoàng Anh,"Hà Nội, Việt Nam"
Đông Nhi,Mỹ Anh,"Hà Nội, Việt Nam"
Đông Nhi,Châu Bùi,"Hà Nội, Việt Nam"
Đông Nhi,Hoàng Yến Chibi,"Hà Nội, Việt Nam"
Đông Nhi,Thu Quỳnh,"Hà Nội, Việt Nam"
Đông Nhi,Thanh Vân Hugo,"Hà Nội, Việt Nam"
Đông Nhi,Lã Thanh Huyền,"Hà Nội, Việt Nam"
Đông Nhi,Kiều My,"Hà Nội, Việt Nam"
Đông Nhi,Phan Minh Huyền,"Hà Nội, Việt Nam"
Đông Nhi,Hồng Diễm,"Hà Nội, Việt Nam"
Đông Nhi,Thùy Anh,"Hà Nội, Việt Nam"
Đông Nhi,Đan Lê,"Hà Nội, Việt Nam"
Đông Nhi,Duy Hưng,"Hà Nội, Việt Nam"
Đông Nhi,Bảo Anh (diễn viên),"Hà Nội, Việt Nam"
Đông Nhi,Thùy Linh,"Hà Nội, Việt Nam"
Đông Nhi,Hoàng Hà (diễn viên),"Hà Nội, Việt Nam"
Đông Nhi,Lân Bích,"Hà Nội, Việt Nam"
Đông Nhi,Khắc Cường,"Hà Nội, Việt Nam"
Đông Nhi,Phạm Quỳnh Anh,"Hà Nội, Việt Nam"
Đông Nhi,Bùi Lan Hương,"Hà Nội, Việt Nam"
Đông Nhi,Trương Ngọc Ánh,"Hà Nội, Việt Nam"
Đông Nhi,Mai Phương Thúy,"Hà Nội, Việt Nam"
Đông Nhi,Thu Minh,"Hà Nội, Việt Nam"
Đông Nhi,Trần Yến Chi,"Hà Nội, Việt Nam"
Đông Nhi,Lương Mạnh Hải,"Hà Nội, Việt Nam"
Đông Nhi,Yến Vi,"Hà Nội, Việt Nam"
Đông Nhi,Hoàng Thùy Linh,"Hà Nội, Việt Nam"
Đông Nhi,Chi Pu,"Hà Nội, Việt Nam"
Đông Nhi,Tăng Nhật Tuệ,"Hà Nội, Việt Nam"
Đông Nhi,Đức Phúc,"Hà Nội, Việt Nam"
Đông Nhi,Công Dương,"Hà Nội, Việt Nam"
Đông Nhi,Huỳnh Anh (diễn viên),"Hà Nội, Việt Nam"
Đông Nhi,Bảo Hân,"Hà Nội, Việt Nam"
Đông Nhi,Tuấn Tú,"Hà Nội, Việt Nam"
Đông Nhi,Quỳnh Nga,"Hà Nội, Việt Nam"
Đông Nhi,Mai Thu Huyền,"Hà Nội, Việt Nam"
Đông Nhi,Trần Việt Hoàng,"Hà Nội, Việt Nam"
Đông Nhi,Khánh Linh,"Hà Nội, Việt Nam"
Đông Nhi,Chí Nhân,"Hà Nội, Việt Nam"
Đông Nhi,Kiều Thanh,"Hà Nội, Việt Nam"
Đông Nhi,Phùng Tiến Minh,"Hà Nội, Việt Nam"
Đông Nhi,Nguyễn Thu Hà,"Hà Nội, Việt Nam"
Đông Nhi,Thanh Sơn (diễn viên),"Hà Nội, Việt Nam"
Đông Nhi,Bùi Như Lai,"Hà Nội, Việt Nam"
Đông Nhi,Yến Vy,"Hà Nội, Việt Nam"
Đông Nhi,Phan Anh (người dẫn chương trình),"Hà Nội, Việt Nam"
Noo Phước Thịnh,Ngô Kiến Huy,"Thành phố Hồ Chí Minh, Việt Nam"
Noo Phước Thịnh,Tuấn Trần,"Thành phố Hồ Chí Minh, Việt Nam"
Noo Phước Thịnh,Ngân Chi,"Thành phố Hồ Chí Minh, Việt Nam"
Noo Phước Thịnh,Nguyễn Minh Tú,"Thành phố Hồ Chí Minh, Việt Nam"
Noo Phước Thịnh,Uyển Ân,"Thành phố Hồ Chí Minh, Việt Nam"
Noo Phước Thịnh,Huỳnh Đông,"Thành phố Hồ Chí Minh, Việt Nam"
Noo Phước Thịnh,Minh Hằng,"Thành phố Hồ Chí Minh, Việt Nam"
Noo Phước Thịnh,Bảo Anh,"Thành phố Hồ Chí Minh, Việt Nam"
Noo Phước Thịnh,Don Nguyễn,"Thành phố Hồ Chí Minh, Việt Nam"
Noo Phước Thịnh,Ngọc Diệp,"Thành phố Hồ Chí Minh, Việt Nam"
Noo Phước Thịnh,Thu Trang,"Thành phố Hồ Chí Minh, Việt Nam"
Noo Phước Thịnh,Võ Ngọc Trai,"Thành phố Hồ Chí Minh, Việt Nam"
Noo Phước Thịnh,Jun Phạm,"Thành phố Hồ Chí Minh, Việt Nam"
Noo Phước Thịnh,Diễm My 9x,"Thành phố Hồ Chí Minh, Việt Nam"
Noo Phước Thịnh,Nguyễn Thắng,"Thành phố Hồ Chí Minh, Việt Nam"
Noo Phước Thịnh,Khả Ngân,"Thành phố Hồ Chí Minh, Việt Nam"
Noo Phước Thịnh,Anh Thư,"Thành phố Hồ Chí Minh, Việt Nam"
Noo Phước Thịnh,Nguyễn Thúc Thùy Tiên,"Thành phố Hồ Chí Minh, Việt Nam"
Noo Phước Thịnh,Huy Khánh,"Thành phố Hồ Chí Minh, Việt Nam"
Noo Phước Thịnh,Đinh Ngọc Diệp,"Thành phố Hồ Chí Minh, Việt Nam"
Noo Phước Thịnh,Hứa Vĩ Văn,"Thành phố Hồ Chí Minh, Việt Nam"
Noo Phước Thịnh,Ái Phương,"Thành phố Hồ Chí Minh, Việt Nam"
Noo Phước Thịnh,Thúy Diễm,"Thành phố Hồ Chí Minh, Việt Nam"
Noo Phước Thịnh,Đan Trường,"Thành phố Hồ Chí Minh, Việt Nam"
Noo Phước Thịnh,Bạch Công Khanh,"Thành phố Hồ Chí Minh, Việt Nam"
Noo Phước Thịnh,Angela Phương Trinh,"Thành phố Hồ Chí Minh, Việt Nam"
Noo Phước Thịnh,Việt Hương,"Thành phố Hồ Chí Minh, Việt Nam"
Noo Phước Thịnh,Hà Okio,"Thành phố Hồ Chí Minh, Việt Nam"
Noo Phước Thịnh,Uyên Linh,"Thành phố Hồ Chí Minh, Việt Nam"
Noo Phước Thịnh,Lý Nhã Kỳ,"Thành phố Hồ Chí Minh, Việt Nam"
Noo Phước Thịnh,Đàm Phương Linh,"Thành phố Hồ Chí Minh, Việt Nam"
Noo Phước Thịnh,Phương Hằng (diễn viên),"Thành phố Hồ Chí Minh, Việt Nam"
Noo Phước Thịnh,Quang Tuấn,"Thành phố Hồ Chí Minh, Việt Nam"
Noo Phước Thịnh,Yeye Nhật Hạ,"Thành phố Hồ Chí Minh, Việt Nam"
Noo Phước Thịnh,Khánh Phương,"Thành phố Hồ Chí Minh, Việt Nam"
Noo Phước Thịnh,Võ Thành Tâm,"Thành phố Hồ Chí Minh, Việt Nam"
Noo Phước Thịnh,Đại Nghĩa (diễn viên),"Thành phố Hồ Chí Minh, Việt Nam"
Noo Phước Thịnh,Kim Hiền (diễn viên),"Thành phố Hồ Chí Minh, Việt Nam"
Noo Phước Thịnh,Mỹ Chi,"Thành phố Hồ Chí Minh, Việt Nam"
Noo Phước Thịnh,Bằng Lăng,"Thành phố Hồ Chí Minh, Việt Nam"
Noo Phước Thịnh,WanBi Tuấn Anh,"Thành phố Hồ Chí Minh, Việt Nam"
Noo Phước Thịnh,Lương Bích Hữu,"Thành phố Hồ Chí Minh, Việt Nam"
Noo Phước Thịnh,Elly Trần,"Thành phố Hồ Chí Minh, Việt Nam"
Noo Phước Thịnh,Wanbi Tuấn Anh,"Thành phố Hồ Chí Minh, Việt Nam"
Noo Phước Thịnh,Tường Vi (diễn viên),"Thành phố Hồ Chí Minh, Việt Nam"
Noo Phước Thịnh,Chí Thiện (ca sĩ),"Thành phố Hồ Chí Minh, Việt Nam"
Noo Phước Thịnh,Hồ Vĩnh Khoa,"Thành phố Hồ Chí Minh, Việt Nam"
Noo Phước Thịnh,Thảo Trang,"Thành phố Hồ Chí Minh, Việt Nam"
Noo Phước Thịnh,Rocker Nguyen,"Thành phố Hồ Chí Minh, Việt Nam"
Noo Phước Thịnh,Phương Mỹ Chi,"Thành phố Hồ Chí Minh, Việt Nam"
Noo Phước Thịnh,Thanh Thúy (diễn viên sinh 1982),"Thành phố Hồ Chí Minh, Việt Nam"
Noo Phước Thịnh,Kim Tuyến,"Thành phố Hồ Chí Minh, Việt Nam"
Ngô Kiến Huy,Ngọc Diệp,"Thành phố Hồ Chí Minh, Việt Nam"
Ngô Kiến Huy,Kim Hiền (diễn viên),"Thành phố Hồ Chí Minh, Việt Nam"
Ngô Kiến Huy,Việt Hương,"Thành phố Hồ Chí Minh, Việt Nam"
Ngô Kiến Huy,Ái Phương,"Thành phố Hồ Chí Minh, Việt Nam"
Ngô Kiến Huy,Hứa Vĩ Văn,"Thành phố Hồ Chí Minh, Việt Nam"
Ngô Kiến Huy,Don Nguyễn,"Thành phố Hồ Chí Minh, Việt Nam"
Ngô Kiến Huy,Thu Trang,"Thành phố Hồ Chí Minh, Việt Nam"
Ngô Kiến Huy,Võ Ngọc Trai,"Thành phố Hồ Chí Minh, Việt Nam"
Ngô Kiến Huy,Đàm Phương Linh,"Thành phố Hồ Chí Minh, Việt Nam"
Ngô Kiến Huy,Thảo Trang,"Thành phố Hồ Chí Minh, Việt Nam"
Ngô Kiến Huy,Uyên Linh,"Thành phố Hồ Chí Minh, Việt Nam"
Ngô Kiến Huy,Tuấn Trần,"Thành phố Hồ Chí Minh, Việt Nam"
Ngô Kiến Huy,Ngân Chi,"Thành phố Hồ Chí Minh, Việt Nam"
Ngô Kiến Huy,Nguyễn Minh Tú,"Thành phố Hồ Chí Minh, Việt Nam"
Ngô Kiến Huy,Uyển Ân,"Thành phố Hồ Chí Minh, Việt Nam"
Ngô Kiến Huy,Huỳnh Đông,"Thành phố Hồ Chí Minh, Việt Nam"
Ngô Kiến Huy,Minh Hằng,"Thành phố Hồ Chí Minh, Việt Nam"
Ngô Kiến Huy,Bảo Anh,"Thành phố Hồ Chí Minh, Việt Nam"
Ngô Kiến Huy,Jun Phạm,"Thành phố Hồ Chí Minh, Việt Nam"
Ngô Kiến Huy,Diễm My 9x,"Thành phố Hồ Chí Minh, Việt Nam"
Ngô Kiến Huy,Nguyễn Thắng,"Thành phố Hồ Chí Minh, Việt Nam"
Ngô Kiến Huy,Khả Ngân,"Thành phố Hồ Chí Minh, Việt Nam"
Ngô Kiến Huy,Anh Thư,"Thành phố Hồ Chí Minh, Việt Nam"
Ngô Kiến Huy,Nguyễn Thúc Thùy Tiên,"Thành phố Hồ Chí Minh, Việt Nam"
Ngô Kiến Huy,Huy Khánh,"Thành phố Hồ Chí Minh, Việt Nam"
Ngô Kiến Huy,Đinh Ngọc Diệp,"Thành phố Hồ Chí Minh, Việt Nam"
Ngô Kiến Huy,Thúy Diễm,"Thành phố Hồ Chí Minh, Việt Nam"
Ngô Kiến Huy,Đan Trường,"Thành phố Hồ Chí Minh, Việt Nam"
Ngô Kiến Huy,Bạch Công Khanh,"Thành phố Hồ Chí Minh, Việt Nam"
Ngô Kiến Huy,Angela Phương Trinh,"Thành phố Hồ Chí Minh, Việt Nam"
Ngô Kiến Huy,Hà Okio,"Thành phố Hồ Chí Minh, Việt Nam"
Ngô Kiến Huy,Lý Nhã Kỳ,"Thành phố Hồ Chí Minh, Việt Nam"
Ngô Kiến Huy,Phương Hằng (diễn viên),"Thành phố Hồ Chí Minh, Việt Nam"
Ngô Kiến Huy,Quang Tuấn,"Thành phố Hồ Chí Minh, Việt Nam"
Ngô Kiến Huy,Yeye Nhật Hạ,"Thành phố Hồ Chí Minh, Việt Nam"
Ngô Kiến Huy,Khánh Phương,"Thành phố Hồ Chí Minh, Việt Nam"
Ngô Kiến Huy,Võ Thành Tâm,"Thành phố Hồ Chí Minh, Việt Nam"
Ngô Kiến Huy,Đại Nghĩa (diễn viên),"Thành phố Hồ Chí Minh, Việt Nam"
Ngô Kiến Huy,Mỹ Chi,"Thành phố Hồ Chí Minh, Việt Nam"
Ngô Kiến Huy,Bằng Lăng,"Thành phố Hồ Chí Minh, Việt Nam"
Ngô Kiến Huy,WanBi Tuấn Anh,"Thành phố Hồ Chí Minh, Việt Nam"
Ngô Kiến Huy,Lương Bích Hữu,"Thành phố Hồ Chí Minh, Việt Nam"
Ngô Kiến Huy,Elly Trần,"Thành phố Hồ Chí Minh, Việt Nam"
Ngô Kiến Huy,Wanbi Tuấn Anh,"Thành phố Hồ Chí Minh, Việt Nam"
Ngô Kiến Huy,Tường Vi (diễn viên),"Thành phố Hồ Chí Minh, Việt Nam"
Ngô Kiến Huy,Chí Thiện (ca sĩ),"Thành phố Hồ Chí Minh, Việt Nam"
Ngô Kiến Huy,Hồ Vĩnh Khoa,"Thành phố Hồ Chí Minh, Việt Nam"
Ngô Kiến Huy,Rocker Nguyen,"Thành phố Hồ Chí Minh, Việt Nam"
Ngô Kiến Huy,Phương Mỹ Chi,"Thành phố Hồ Chí Minh, Việt Nam"
Ngô Kiến Huy,Thanh Thúy (diễn viên sinh 1982),"Thành phố Hồ Chí Minh, Việt Nam"
Ngô Kiến Huy,Kim Tuyến,"Thành phố Hồ Chí Minh, Việt Nam"
Phước Sang,Tuyết Thu,"Sài Gòn, Việt Nam Cộng hòa"
Phước Sang,Ngân Quỳnh,"Sài Gòn, Việt Nam Cộng hòa"
Phước Sang,Lê Công Tuấn Anh,"Sài Gòn, Việt Nam Cộng hòa"
Phước Sang,Hữu Châu,"Sài Gòn, Việt Nam Cộng hòa"
Phước Sang,Dustin Nguyễn,"Sài Gòn, Việt Nam Cộng hòa"
Phước Sang,Thành Lộc,"Sài Gòn, Việt Nam Cộng hòa"
Phước Sang,Huỳnh Kiến An,"Sài Gòn, Việt Nam Cộng hòa"
Phước Sang,Stephane Gauger,"Sài Gòn, Việt Nam Cộng hòa"
Phước Sang,Trần Bảo Sơn,"Sài Gòn, Việt Nam Cộng hòa"
Phước Sang,Bảo Liêm,"Sài Gòn, Việt Nam Cộng hòa"
Phước Sang,Mỹ Duyên,"Sài Gòn, Việt Nam Cộng hòa"
Phước Sang,Thanh Hằng (nghệ sĩ cải lương),"Sài Gòn, Việt Nam Cộng hòa"
Phước Sang,Trương Minh Quốc Thái,"Sài Gòn, Việt Nam Cộng hòa"
Phước Sang,Thái Hòa (diễn viên),"Sài Gòn, Việt Nam Cộng hòa"
Phước Sang,Việt Anh (nghệ sĩ),"Sài Gòn, Việt Nam Cộng hòa"
Phước Sang,Phạm Thị Ngọc Trinh,"Sài Gòn, Việt Nam Cộng hòa"
Phước Sang,Cẩm Ly,"Sài Gòn, Việt Nam Cộng hòa"
Phước Sang,Việt Dũng,"Sài Gòn, Việt Nam Cộng hòa"
Tuyết Thu,Mỹ Duyên,"Sài Gòn, Việt Nam Cộng hòa"
Tuyết Thu,Ngân Quỳnh,"Sài Gòn, Việt Nam Cộng hòa"
Tuyết Thu,Hữu Châu,"Sài Gòn, Việt Nam Cộng hòa"
Tuyết Thu,Dustin Nguyễn,"Sài Gòn, Việt Nam Cộng hòa"
Tuyết Thu,Thành Lộc,"Sài Gòn, Việt Nam Cộng hòa"
Tuyết Thu,Huỳnh Kiến An,"Sài Gòn, Việt Nam Cộng hòa"
Tuyết Thu,Stephane Gauger,"Sài Gòn, Việt Nam Cộng hòa"
Tuyết Thu,Trần Bảo Sơn,"Sài Gòn, Việt Nam Cộng hòa"
Tuyết Thu,Lê Công Tuấn Anh,"Sài Gòn, Việt Nam Cộng hòa"
Tuyết Thu,Bảo Liêm,"Sài Gòn, Việt Nam Cộng hòa"
Tuyết Thu,Thanh Hằng (nghệ sĩ cải lương),"Sài Gòn, Việt Nam Cộng hòa"
Tuyết Thu,Trương Minh Quốc Thái,"Sài Gòn, Việt Nam Cộng hòa"
Tuyết Thu,Thái Hòa (diễn viên),"Sài Gòn, Việt Nam Cộng hòa"
Tuyết Thu,Việt Anh (nghệ sĩ),"Sài Gòn, Việt Nam Cộng hòa"
Tuyết Thu,Phạm Thị Ngọc Trinh,"Sài Gòn, Việt Nam Cộng hòa"
Tuyết Thu,Cẩm Ly,"Sài Gòn, Việt Nam Cộng hòa"
Tuyết Thu,Việt Dũng,"Sài Gòn, Việt Nam Cộng hòa"
Hữu Châu,Thành Lộc,"Sài Gòn, Việt Nam Cộng hòa"
Hữu Châu,Ngân Quỳnh,"Sài Gòn, Việt Nam Cộng hòa"
Hữu Châu,Trương Minh Quốc Thái,"Sài Gòn, Việt Nam Cộng hòa"
Hữu Châu,Dustin Nguyễn,"Sài Gòn, Việt Nam Cộng hòa"
Hữu Châu,Huỳnh Kiến An,"Sài Gòn, Việt Nam Cộng hòa"
Hữu Châu,Stephane Gauger,"Sài Gòn, Việt Nam Cộng hòa"
Hữu Châu,Trần Bảo Sơn,"Sài Gòn, Việt Nam Cộng hòa"
Hữu Châu,Lê Công Tuấn Anh,"Sài Gòn, Việt Nam Cộng hòa"
Hữu Châu,Bảo Liêm,"Sài Gòn, Việt Nam Cộng hòa"
Hữu Châu,Mỹ Duyên,"Sài Gòn, Việt Nam Cộng hòa"
Hữu Châu,Thanh Hằng (nghệ sĩ cải lương),"Sài Gòn, Việt Nam Cộng hòa"
Hữu Châu,Thái Hòa (diễn viên),"Sài Gòn, Việt Nam Cộng hòa"
Hữu Châu,Việt Anh (nghệ sĩ),"Sài Gòn, Việt Nam Cộng hòa"
Hữu Châu,Phạm Thị Ngọc Trinh,"Sài Gòn, Việt Nam Cộng hòa"
Hữu Châu,Cẩm Ly,"Sài Gòn, Việt Nam Cộng hòa"
Hữu Châu,Việt Dũng,"Sài Gòn, Việt Nam Cộng hòa"
Hari Won,Jung Il-woo,"Seoul, Hàn Quốc"
Hari Won,Shin Hye-sun,"Seoul, Hàn Quốc"
Tuấn Trần,Ngân Chi,"Thành phố Hồ Chí Minh, Việt Nam"
Tuấn Trần,Nguyễn Minh Tú,"Thành phố Hồ Chí Minh, Việt Nam"
Tuấn Trần,Uyển Ân,"Thành phố Hồ Chí Minh, Việt Nam"
Tuấn Trần,Huỳnh Đông,"Thành phố Hồ Chí Minh, Việt Nam"
Tuấn Trần,Minh Hằng,"Thành phố Hồ Chí Minh, Việt Nam"
Tuấn Trần,Bảo Anh,"Thành phố Hồ Chí Minh, Việt Nam"
Tuấn Trần,Don Nguyễn,"Thành phố Hồ Chí Minh, Việt Nam"
Tuấn Trần,Ngọc Diệp,"Thành phố Hồ Chí Minh, Việt Nam"
Tuấn Trần,Thu Trang,"Thành phố Hồ Chí Minh, Việt Nam"
Tuấn Trần,Võ Ngọc Trai,"Thành phố Hồ Chí Minh, Việt Nam"
Tuấn Trần,Jun Phạm,"Thành phố Hồ Chí Minh, Việt Nam"
Tuấn Trần,Diễm My 9x,"Thành phố Hồ Chí Minh, Việt Nam"
Tuấn Trần,Nguyễn Thắng,"Thành phố Hồ Chí Minh, Việt Nam"
Tuấn Trần,Khả Ngân,"Thành phố Hồ Chí Minh, Việt Nam"
Tuấn Trần,Anh Thư,"Thành phố Hồ Chí Minh, Việt Nam"
Tuấn Trần,Nguyễn Thúc Thùy Tiên,"Thành phố Hồ Chí Minh, Việt Nam"
Tuấn Trần,Huy Khánh,"Thành phố Hồ Chí Minh, Việt Nam"
Tuấn Trần,Đinh Ngọc Diệp,"Thành phố Hồ Chí Minh, Việt Nam"
Tuấn Trần,Hứa Vĩ Văn,"Thành phố Hồ Chí Minh, Việt Nam"
Tuấn Trần,Ái Phương,"Thành phố Hồ Chí Minh, Việt Nam"
Tuấn Trần,Thúy Diễm,"Thành phố Hồ Chí Minh, Việt Nam"
Tuấn Trần,Đan Trường,"Thành phố Hồ Chí Minh, Việt Nam"
Tuấn Trần,Bạch Công Khanh,"Thành phố Hồ Chí Minh, Việt Nam"
Tuấn Trần,Angela Phương Trinh,"Thành phố Hồ Chí Minh, Việt Nam"
Tuấn Trần,Việt Hương,"Thành phố Hồ Chí Minh, Việt Nam"
Tuấn Trần,Hà Okio,"Thành phố Hồ Chí Minh, Việt Nam"
Tuấn Trần,Uyên Linh,"Thành phố Hồ Chí Minh, Việt Nam"
Tuấn Trần,Lý Nhã Kỳ,"Thành phố Hồ Chí Minh, Việt Nam"
Tuấn Trần,Đàm Phương Linh,"Thành phố Hồ Chí Minh, Việt Nam"
Tuấn Trần,Phương Hằng (diễn viên),"Thành phố Hồ Chí Minh, Việt Nam"
Tuấn Trần,Quang Tuấn,"Thành phố Hồ Chí Minh, Việt Nam"
Tuấn Trần,Yeye Nhật Hạ,"Thành phố Hồ Chí Minh, Việt Nam"
Tuấn Trần,Khánh Phương,"Thành phố Hồ Chí Minh, Việt Nam"
Tuấn Trần,Võ Thành Tâm,"Thành phố Hồ Chí Minh, Việt Nam"
Tuấn Trần,Đại Nghĩa (diễn viên),"Thành phố Hồ Chí Minh, Việt Nam"
Tuấn Trần,Kim Hiền (diễn viên),"Thành phố Hồ Chí Minh, Việt Nam"
Tuấn Trần,Mỹ Chi,"Thành phố Hồ Chí Minh, Việt Nam"
Tuấn Trần,Bằng Lăng,"Thành phố Hồ Chí Minh, Việt Nam"
Tuấn Trần,WanBi Tuấn Anh,"Thành phố Hồ Chí Minh, Việt Nam"
Tuấn Trần,Lương Bích Hữu,"Thành phố Hồ Chí Minh, Việt Nam"
Tuấn Trần,Elly Trần,"Thành phố Hồ Chí Minh, Việt Nam"
Tuấn Trần,Wanbi Tuấn Anh,"Thành phố Hồ Chí Minh, Việt Nam"
Tuấn Trần,Tường Vi (diễn viên),"Thành phố Hồ Chí Minh, Việt Nam"
Tuấn Trần,Chí Thiện (ca sĩ),"Thành phố Hồ Chí Minh, Việt Nam"
Tuấn Trần,Hồ Vĩnh Khoa,"Thành phố Hồ Chí Minh, Việt Nam"
Tuấn Trần,Thảo Trang,"Thành phố Hồ Chí Minh, Việt Nam"
Tuấn Trần,Rocker Nguyen,"Thành phố Hồ Chí Minh, Việt Nam"
Tuấn Trần,Phương Mỹ Chi,"Thành phố Hồ Chí Minh, Việt Nam"
Tuấn Trần,Thanh Thúy (diễn viên sinh 1982),"Thành phố Hồ Chí Minh, Việt Nam"
Tuấn Trần,Kim Tuyến,"Thành phố Hồ Chí Minh, Việt Nam"
Ngân Chi,Nguyễn Minh Tú,"Thành phố Hồ Chí Minh, Việt Nam"
Ngân Chi,Uyển Ân,"Thành phố Hồ Chí Minh, Việt Nam"
Ngân Chi,Huỳnh Đông,"Thành phố Hồ Chí Minh, Việt Nam"
Ngân Chi,Minh Hằng,"Thành phố Hồ Chí Minh, Việt Nam"
Ngân Chi,Bảo Anh,"Thành phố Hồ Chí Minh, Việt Nam"
Ngân Chi,Don Nguyễn,"Thành phố Hồ Chí Minh, Việt Nam"
Ngân Chi,Ngọc Diệp,"Thành phố Hồ Chí Minh, Việt Nam"
Ngân Chi,Thu Trang,"Thành phố Hồ Chí Minh, Việt Nam"
Ngân Chi,Võ Ngọc Trai,"Thành phố Hồ Chí Minh, Việt Nam"
Ngân Chi,Jun Phạm,"Thành phố Hồ Chí Minh, Việt Nam"
Ngân Chi,Diễm My 9x,"Thành phố Hồ Chí Minh, Việt Nam"
Ngân Chi,Nguyễn Thắng,"Thành phố Hồ Chí Minh, Việt Nam"
Ngân Chi,Khả Ngân,"Thành phố Hồ Chí Minh, Việt Nam"
Ngân Chi,Anh Thư,"Thành phố Hồ Chí Minh, Việt Nam"
Ngân Chi,Nguyễn Thúc Thùy Tiên,"Thành phố Hồ Chí Minh, Việt Nam"
Ngân Chi,Huy Khánh,"Thành phố Hồ Chí Minh, Việt Nam"
Ngân Chi,Đinh Ngọc Diệp,"Thành phố Hồ Chí Minh, Việt Nam"
Ngân Chi,Hứa Vĩ Văn,"Thành phố Hồ Chí Minh, Việt Nam"
Ngân Chi,Ái Phương,"Thành phố Hồ Chí Minh, Việt Nam"
Ngân Chi,Thúy Diễm,"Thành phố Hồ Chí Minh, Việt Nam"
Ngân Chi,Đan Trường,"Thành phố Hồ Chí Minh, Việt Nam"
Ngân Chi,Bạch Công Khanh,"Thành phố Hồ Chí Minh, Việt Nam"
Ngân Chi,Angela Phương Trinh,"Thành phố Hồ Chí Minh, Việt Nam"
Ngân Chi,Việt Hương,"Thành phố Hồ Chí Minh, Việt Nam"
Ngân Chi,Hà Okio,"Thành phố Hồ Chí Minh, Việt Nam"
Ngân Chi,Uyên Linh,"Thành phố Hồ Chí Minh, Việt Nam"
Ngân Chi,Lý Nhã Kỳ,"Thành phố Hồ Chí Minh, Việt Nam"
Ngân Chi,Đàm Phương Linh,"Thành phố Hồ Chí Minh, Việt Nam"
Ngân Chi,Phương Hằng (diễn viên),"Thành phố Hồ Chí Minh, Việt Nam"
Ngân Chi,Quang Tuấn,"Thành phố Hồ Chí Minh, Việt Nam"
Ngân Chi,Yeye Nhật Hạ,"Thành phố Hồ Chí Minh, Việt Nam"
Ngân Chi,Khánh Phương,"Thành phố Hồ Chí Minh, Việt Nam"
Ngân Chi,Võ Thành Tâm,"Thành phố Hồ Chí Minh, Việt Nam"
Ngân Chi,Đại Nghĩa (diễn viên),"Thành phố Hồ Chí Minh, Việt Nam"
Ngân Chi,Kim Hiền (diễn viên),"Thành phố Hồ Chí Minh, Việt Nam"
Ngân Chi,Mỹ Chi,"Thành phố Hồ Chí Minh, Việt Nam"
Ngân Chi,Bằng Lăng,"Thành phố Hồ Chí Minh, Việt Nam"
Ngân Chi,WanBi Tuấn Anh,"Thành phố Hồ Chí Minh, Việt Nam"
Ngân Chi,Lương Bích Hữu,"Thành phố Hồ Chí Minh, Việt Nam"
Ngân Chi,Elly Trần,"Thành phố Hồ Chí Minh, Việt Nam"
Ngân Chi,Wanbi Tuấn Anh,"Thành phố Hồ Chí Minh, Việt Nam"
Ngân Chi,Tường Vi (diễn viên),"Thành phố Hồ Chí Minh, Việt Nam"
Ngân Chi,Chí Thiện (ca sĩ),"Thành phố Hồ Chí Minh, Việt Nam"
Ngân Chi,Hồ Vĩnh Khoa,"Thành phố Hồ Chí Minh, Việt Nam"
Ngân Chi,Thảo Trang,"Thành phố Hồ Chí Minh, Việt Nam"
Ngân Chi,Rocker Nguyen,"Thành phố Hồ Chí Minh, Việt Nam"
Ngân Chi,Phương Mỹ Chi,"Thành phố Hồ Chí Minh, Việt Nam"
Ngân Chi,Thanh Thúy (diễn viên sinh 1982),"Thành phố Hồ Chí Minh, Việt Nam"
Ngân Chi,Kim Tuyến,"Thành phố Hồ Chí Minh, Việt Nam"
Lan Phương,Dương Hoàng Anh,"Hà Nội, Việt Nam"
Lan Phương,Hoàng Yến Chibi,"Hà Nội, Việt Nam"
Lan Phương,Hồng Diễm,"Hà Nội, Việt Nam"
Lan Phương,Thùy Anh,"Hà Nội, Việt Nam"
Lan Phương,Kiều My,"Hà Nội, Việt Nam"
Lan Phương,Đan Lê,"Hà Nội, Việt Nam"
Lan Phương,Lã Thanh Huyền,"Hà Nội, Việt Nam"
Lan Phương,Phan Minh Huyền,"Hà Nội, Việt Nam"
Lan Phương,Bảo Anh (diễn viên),"Hà Nội, Việt Nam"
Lan Phương,Duy Hưng,"Hà Nội, Việt Nam"
Lan Phương,Quân AP,"Hà Nội, Việt Nam"
Lan Phương,Việt Khuê,"Hà Nội, Việt Nam"
Lan Phương,Phùng Hoa Hoài Linh,"Hà Nội, Việt Nam"
Lan Phương,Mỹ Anh,"Hà Nội, Việt Nam"
Lan Phương,Châu Bùi,"Hà Nội, Việt Nam"
Lan Phương,Thu Quỳnh,"Hà Nội, Việt Nam"
Lan Phương,Thanh Vân Hugo,"Hà Nội, Việt Nam"
Lan Phương,Thùy Linh,"Hà Nội, Việt Nam"
Lan Phương,Hoàng Hà (diễn viên),"Hà Nội, Việt Nam"
Lan Phương,Lân Bích,"Hà Nội, Việt Nam"
Lan Phương,Khắc Cường,"Hà Nội, Việt Nam"
Lan Phương,Phạm Quỳnh Anh,"Hà Nội, Việt Nam"
Lan Phương,Bùi Lan Hương,"Hà Nội, Việt Nam"
Lan Phương,Trương Ngọc Ánh,"Hà Nội, Việt Nam"
Lan Phương,Mai Phương Thúy,"Hà Nội, Việt Nam"
Lan Phương,Thu Minh,"Hà Nội, Việt Nam"
Lan Phương,Trần Yến Chi,"Hà Nội, Việt Nam"
Lan Phương,Lương Mạnh Hải,"Hà Nội, Việt Nam"
Lan Phương,Yến Vi,"Hà Nội, Việt Nam"
Lan Phương,Hoàng Thùy Linh,"Hà Nội, Việt Nam"
Lan Phương,Chi Pu,"Hà Nội, Việt Nam"
Lan Phương,Tăng Nhật Tuệ,"Hà Nội, Việt Nam"
Lan Phương,Đức Phúc,"Hà Nội, Việt Nam"
Lan Phương,Công Dương,"Hà Nội, Việt Nam"
Lan Phương,Huỳnh Anh (diễn viên),"Hà Nội, Việt Nam"
Lan Phương,Bảo Hân,"Hà Nội, Việt Nam"
Lan Phương,Tuấn Tú,"Hà Nội, Việt Nam"
Lan Phương,Quỳnh Nga,"Hà Nội, Việt Nam"
Lan Phương,Mai Thu Huyền,"Hà Nội, Việt Nam"
Lan Phương,Trần Việt Hoàng,"Hà Nội, Việt Nam"
Lan Phương,Khánh Linh,"Hà Nội, Việt Nam"
Lan Phương,Chí Nhân,"Hà Nội, Việt Nam"
Lan Phương,Kiều Thanh,"Hà Nội, Việt Nam"
Lan Phương,Phùng Tiến Minh,"Hà Nội, Việt Nam"
Lan Phương,Nguyễn Thu Hà,"Hà Nội, Việt Nam"
Lan Phương,Thanh Sơn (diễn viên),"Hà Nội, Việt Nam"
Lan Phương,Bùi Như Lai,"Hà Nội, Việt Nam"
Lan Phương,Yến Vy,"Hà Nội, Việt Nam"
Lan Phương,Phan Anh (người dẫn chương trình),"Hà Nội, Việt Nam"
Nguyễn Minh Tú,Uyển Ân,"Thành phố Hồ Chí Minh, Việt Nam"
Nguyễn Minh Tú,Huỳnh Đông,"Thành phố Hồ Chí Minh, Việt Nam"
Nguyễn Minh Tú,Minh Hằng,"Thành phố Hồ Chí Minh, Việt Nam"
Nguyễn Minh Tú,Bảo Anh,"Thành phố Hồ Chí Minh, Việt Nam"
Nguyễn Minh Tú,Don Nguyễn,"Thành phố Hồ Chí Minh, Việt Nam"
Nguyễn Minh Tú,Ngọc Diệp,"Thành phố Hồ Chí Minh, Việt Nam"
Nguyễn Minh Tú,Thu Trang,"Thành phố Hồ Chí Minh, Việt Nam"
Nguyễn Minh Tú,Võ Ngọc Trai,"Thành phố Hồ Chí Minh, Việt Nam"
Nguyễn Minh Tú,Jun Phạm,"Thành phố Hồ Chí Minh, Việt Nam"
Nguyễn Minh Tú,Diễm My 9x,"Thành phố Hồ Chí Minh, Việt Nam"
Nguyễn Minh Tú,Nguyễn Thắng,"Thành phố Hồ Chí Minh, Việt Nam"
Nguyễn Minh Tú,Khả Ngân,"Thành phố Hồ Chí Minh, Việt Nam"
Nguyễn Minh Tú,Anh Thư,"Thành phố Hồ Chí Minh, Việt Nam"
Nguyễn Minh Tú,Nguyễn Thúc Thùy Tiên,"Thành phố Hồ Chí Minh, Việt Nam"
Nguyễn Minh Tú,Huy Khánh,"Thành phố Hồ Chí Minh, Việt Nam"
Nguyễn Minh Tú,Đinh Ngọc Diệp,"Thành phố Hồ Chí Minh, Việt Nam"
Nguyễn Minh Tú,Hứa Vĩ Văn,"Thành phố Hồ Chí Minh, Việt Nam"
Nguyễn Minh Tú,Ái Phương,"Thành phố Hồ Chí Minh, Việt Nam"
Nguyễn Minh Tú,Thúy Diễm,"Thành phố Hồ Chí Minh, Việt Nam"
Nguyễn Minh Tú,Đan Trường,"Thành phố Hồ Chí Minh, Việt Nam"
Nguyễn Minh Tú,Bạch Công Khanh,"Thành phố Hồ Chí Minh, Việt Nam"
Nguyễn Minh Tú,Angela Phương Trinh,"Thành phố Hồ Chí Minh, Việt Nam"
Nguyễn Minh Tú,Việt Hương,"Thành phố Hồ Chí Minh, Việt Nam"
Nguyễn Minh Tú,Hà Okio,"Thành phố Hồ Chí Minh, Việt Nam"
Nguyễn Minh Tú,Uyên Linh,"Thành phố Hồ Chí Minh, Việt Nam"
Nguyễn Minh Tú,Lý Nhã Kỳ,"Thành phố Hồ Chí Minh, Việt Nam"
Nguyễn Minh Tú,Đàm Phương Linh,"Thành phố Hồ Chí Minh, Việt Nam"
Nguyễn Minh Tú,Phương Hằng (diễn viên),"Thành phố Hồ Chí Minh, Việt Nam"
Nguyễn Minh Tú,Quang Tuấn,"Thành phố Hồ Chí Minh, Việt Nam"
Nguyễn Minh Tú,Yeye Nhật Hạ,"Thành phố Hồ Chí Minh, Việt Nam"
Nguyễn Minh Tú,Khánh Phương,"Thành phố Hồ Chí Minh, Việt Nam"
Nguyễn Minh Tú,Võ Thành Tâm,"Thành phố Hồ Chí Minh, Việt Nam"
Nguyễn Minh Tú,Đại Nghĩa (diễn viên),"Thành phố Hồ Chí Minh, Việt Nam"
Nguyễn Minh Tú,Kim Hiền (diễn viên),"Thành phố Hồ Chí Minh, Việt Nam"
Nguyễn Minh Tú,Mỹ Chi,"Thành phố Hồ Chí Minh, Việt Nam"
Nguyễn Minh Tú,Bằng Lăng,"Thành phố Hồ Chí Minh, Việt Nam"
Nguyễn Minh Tú,WanBi Tuấn Anh,"Thành phố Hồ Chí Minh, Việt Nam"
Nguyễn Minh Tú,Lương Bích Hữu,"Thành phố Hồ Chí Minh, Việt Nam"
Nguyễn Minh Tú,Elly Trần,"Thành phố Hồ Chí Minh, Việt Nam"
Nguyễn Minh Tú,Wanbi Tuấn Anh,"Thành phố Hồ Chí Minh, Việt Nam"
Nguyễn Minh Tú,Tường Vi (diễn viên),"Thành phố Hồ Chí Minh, Việt Nam"
Nguyễn Minh Tú,Chí Thiện (ca sĩ),"Thành phố Hồ Chí Minh, Việt Nam"
Nguyễn Minh Tú,Hồ Vĩnh Khoa,"Thành phố Hồ Chí Minh, Việt Nam"
Nguyễn Minh Tú,Thảo Trang,"Thành phố Hồ Chí Minh, Việt Nam"
Nguyễn Minh Tú,Rocker Nguyen,"Thành phố Hồ Chí Minh, Việt Nam"
Nguyễn Minh Tú,Phương Mỹ Chi,"Thành phố Hồ Chí Minh, Việt Nam"
Nguyễn Minh Tú,Thanh Thúy (diễn viên sinh 1982),"Thành phố Hồ Chí Minh, Việt Nam"
Nguyễn Minh Tú,Kim Tuyến,"Thành phố Hồ Chí Minh, Việt Nam"
Uyển Ân,Huỳnh Đông,"Thành phố Hồ Chí Minh, Việt Nam"
Uyển Ân,Minh Hằng,"Thành phố Hồ Chí Minh, Việt Nam"
Uyển Ân,Bảo Anh,"Thành phố Hồ Chí Minh, Việt Nam"
Uyển Ân,Don Nguyễn,"Thành phố Hồ Chí Minh, Việt Nam"
Uyển Ân,Ngọc Diệp,"Thành phố Hồ Chí Minh, Việt Nam"
Uyển Ân,Thu Trang,"Thành phố Hồ Chí Minh, Việt Nam"
Uyển Ân,Võ Ngọc Trai,"Thành phố Hồ Chí Minh, Việt Nam"
Uyển Ân,Jun Phạm,"Thành phố Hồ Chí Minh, Việt Nam"
Uyển Ân,Diễm My 9x,"Thành phố Hồ Chí Minh, Việt Nam"
Uyển Ân,Nguyễn Thắng,"Thành phố Hồ Chí Minh, Việt Nam"
Uyển Ân,Khả Ngân,"Thành phố Hồ Chí Minh, Việt Nam"
Uyển Ân,Anh Thư,"Thành phố Hồ Chí Minh, Việt Nam"
Uyển Ân,Nguyễn Thúc Thùy Tiên,"Thành phố Hồ Chí Minh, Việt Nam"
Uyển Ân,Huy Khánh,"Thành phố Hồ Chí Minh, Việt Nam"
Uyển Ân,Đinh Ngọc Diệp,"Thành phố Hồ Chí Minh, Việt Nam"
Uyển Ân,Hứa Vĩ Văn,"Thành phố Hồ Chí Minh, Việt Nam"
Uyển Ân,Ái Phương,"Thành phố Hồ Chí Minh, Việt Nam"
Uyển Ân,Thúy Diễm,"Thành phố Hồ Chí Minh, Việt Nam"
Uyển Ân,Đan Trường,"Thành phố Hồ Chí Minh, Việt Nam"
Uyển Ân,Bạch Công Khanh,"Thành phố Hồ Chí Minh, Việt Nam"
Uyển Ân,Angela Phương Trinh,"Thành phố Hồ Chí Minh, Việt Nam"
Uyển Ân,Việt Hương,"Thành phố Hồ Chí Minh, Việt Nam"
Uyển Ân,Hà Okio,"Thành phố Hồ Chí Minh, Việt Nam"
Uyển Ân,Uyên Linh,"Thành phố Hồ Chí Minh, Việt Nam"
Uyển Ân,Lý Nhã Kỳ,"Thành phố Hồ Chí Minh, Việt Nam"
Uyển Ân,Đàm Phương Linh,"Thành phố Hồ Chí Minh, Việt Nam"
Uyển Ân,Phương Hằng (diễn viên),"Thành phố Hồ Chí Minh, Việt Nam"
Uyển Ân,Quang Tuấn,"Thành phố Hồ Chí Minh, Việt Nam"
Uyển Ân,Yeye Nhật Hạ,"Thành phố Hồ Chí Minh, Việt Nam"
Uyển Ân,Khánh Phương,"Thành phố Hồ Chí Minh, Việt Nam"
Uyển Ân,Võ Thành Tâm,"Thành phố Hồ Chí Minh, Việt Nam"
Uyển Ân,Đại Nghĩa (diễn viên),"Thành phố Hồ Chí Minh, Việt Nam"
Uyển Ân,Kim Hiền (diễn viên),"Thành phố Hồ Chí Minh, Việt Nam"
Uyển Ân,Mỹ Chi,"Thành phố Hồ Chí Minh, Việt Nam"
Uyển Ân,Bằng Lăng,"Thành phố Hồ Chí Minh, Việt Nam"
Uyển Ân,WanBi Tuấn Anh,"Thành phố Hồ Chí Minh, Việt Nam"
Uyển Ân,Lương Bích Hữu,"Thành phố Hồ Chí Minh, Việt Nam"
Uyển Ân,Elly Trần,"Thành phố Hồ Chí Minh, Việt Nam"
Uyển Ân,Wanbi Tuấn Anh,"Thành phố Hồ Chí Minh, Việt Nam"
Uyển Ân,Tường Vi (diễn viên),"Thành phố Hồ Chí Minh, Việt Nam"
Uyển Ân,Chí Thiện (ca sĩ),"Thành phố Hồ Chí Minh, Việt Nam"
Uyển Ân,Hồ Vĩnh Khoa,"Thành phố Hồ Chí Minh, Việt Nam"
Uyển Ân,Thảo Trang,"Thành phố Hồ Chí Minh, Việt Nam"
Uyển Ân,Rocker Nguyen,"Thành phố Hồ Chí Minh, Việt Nam"
Uyển Ân,Phương Mỹ Chi,"Thành phố Hồ Chí Minh, Việt Nam"
Uyển Ân,Thanh Thúy (diễn viên sinh 1982),"Thành phố Hồ Chí Minh, Việt Nam"
Uyển Ân,Kim Tuyến,"Thành phố Hồ Chí Minh, Việt Nam"
Lê Giang,Trung Dũng (diễn viên),"Vĩnh Long, Việt Nam Cộng hòa"
Song Luân,Lê Dương Bảo Lâm,"Đồng Nai, Việt Nam"
Song Luân,Quỳnh Lam,"Đồng Nai, Việt Nam"
Lê Dương Bảo Lâm,Quỳnh Lam,"Đồng Nai, Việt Nam"
Ngân Quỳnh,Mỹ Duyên,"Sài Gòn, Việt Nam Cộng hòa"
Ngân Quỳnh,Trương Minh Quốc Thái,"Sài Gòn, Việt Nam Cộng hòa"
Ngân Quỳnh,Dustin Nguyễn,"Sài Gòn, Việt Nam Cộng hòa"
Ngân Quỳnh,Thành Lộc,"Sài Gòn, Việt Nam Cộng hòa"
Ngân Quỳnh,Huỳnh Kiến An,"Sài Gòn, Việt Nam Cộng hòa"
Ngân Quỳnh,Stephane Gauger,"Sài Gòn, Việt Nam Cộng hòa"
Ngân Quỳnh,Trần Bảo Sơn,"Sài Gòn, Việt Nam Cộng hòa"
Ngân Quỳnh,Lê Công Tuấn Anh,"Sài Gòn, Việt Nam Cộng hòa"
Ngân Quỳnh,Bảo Liêm,"Sài Gòn, Việt Nam Cộng hòa"
Ngân Quỳnh,Thanh Hằng (nghệ sĩ cải lương),"Sài Gòn, Việt Nam Cộng hòa"
Ngân Quỳnh,Thái Hòa (diễn viên),"Sài Gòn, Việt Nam Cộng hòa"
Ngân Quỳnh,Việt Anh (nghệ sĩ),"Sài Gòn, Việt Nam Cộng hòa"
Ngân Quỳnh,Phạm Thị Ngọc Trinh,"Sài Gòn, Việt Nam Cộng hòa"
Ngân Quỳnh,Cẩm Ly,"Sài Gòn, Việt Nam Cộng hòa"
Ngân Quỳnh,Việt Dũng,"Sài Gòn, Việt Nam Cộng hòa"
Huỳnh Đông,Thu Trang,"Thành phố Hồ Chí Minh, Việt Nam"
Huỳnh Đông,Minh Hằng,"Thành phố Hồ Chí Minh, Việt Nam"
Huỳnh Đông,Bạch Công Khanh,"Thành phố Hồ Chí Minh, Việt Nam"
Huỳnh Đông,Võ Thành Tâm,"Thành phố Hồ Chí Minh, Việt Nam"
Huỳnh Đông,Quang Tuấn,"Thành phố Hồ Chí Minh, Việt Nam"
Huỳnh Đông,Phương Mỹ Chi,"Thành phố Hồ Chí Minh, Việt Nam"
Huỳnh Đông,Bảo Anh,"Thành phố Hồ Chí Minh, Việt Nam"
Huỳnh Đông,Don Nguyễn,"Thành phố Hồ Chí Minh, Việt Nam"
Huỳnh Đông,Ngọc Diệp,"Thành phố Hồ Chí Minh, Việt Nam"
Huỳnh Đông,Võ Ngọc Trai,"Thành phố Hồ Chí Minh, Việt Nam"
Huỳnh Đông,Jun Phạm,"Thành phố Hồ Chí Minh, Việt Nam"
Huỳnh Đông,Diễm My 9x,"Thành phố Hồ Chí Minh, Việt Nam"
Huỳnh Đông,Nguyễn Thắng,"Thành phố Hồ Chí Minh, Việt Nam"
Huỳnh Đông,Khả Ngân,"Thành phố Hồ Chí Minh, Việt Nam"
Huỳnh Đông,Anh Thư,"Thành phố Hồ Chí Minh, Việt Nam"
Huỳnh Đông,Nguyễn Thúc Thùy Tiên,"Thành phố Hồ Chí Minh, Việt Nam"
Huỳnh Đông,Huy Khánh,"Thành phố Hồ Chí Minh, Việt Nam"
Huỳnh Đông,Đinh Ngọc Diệp,"Thành phố Hồ Chí Minh, Việt Nam"
Huỳnh Đông,Hứa Vĩ Văn,"Thành phố Hồ Chí Minh, Việt Nam"
Huỳnh Đông,Ái Phương,"Thành phố Hồ Chí Minh, Việt Nam"
Huỳnh Đông,Thúy Diễm,"Thành phố Hồ Chí Minh, Việt Nam"
Huỳnh Đông,Đan Trường,"Thành phố Hồ Chí Minh, Việt Nam"
Huỳnh Đông,Angela Phương Trinh,"Thành phố Hồ Chí Minh, Việt Nam"
Huỳnh Đông,Việt Hương,"Thành phố Hồ Chí Minh, Việt Nam"
Huỳnh Đông,Hà Okio,"Thành phố Hồ Chí Minh, Việt Nam"
Huỳnh Đông,Uyên Linh,"Thành phố Hồ Chí Minh, Việt Nam"
Huỳnh Đông,Lý Nhã Kỳ,"Thành phố Hồ Chí Minh, Việt Nam"
Huỳnh Đông,Đàm Phương Linh,"Thành phố Hồ Chí Minh, Việt Nam"
Huỳnh Đông,Phương Hằng (diễn viên),"Thành phố Hồ Chí Minh, Việt Nam"
Huỳnh Đông,Yeye Nhật Hạ,"Thành phố Hồ Chí Minh, Việt Nam"
Huỳnh Đông,Khánh Phương,"Thành phố Hồ Chí Minh, Việt Nam"
Huỳnh Đông,Đại Nghĩa (diễn viên),"Thành phố Hồ Chí Minh, Việt Nam"
Huỳnh Đông,Kim Hiền (diễn viên),"Thành phố Hồ Chí Minh, Việt Nam"
Huỳnh Đông,Mỹ Chi,"Thành phố Hồ Chí Minh, Việt Nam"
Huỳnh Đông,Bằng Lăng,"Thành phố Hồ Chí Minh, Việt Nam"
Huỳnh Đông,WanBi Tuấn Anh,"Thành phố Hồ Chí Minh, Việt Nam"
Huỳnh Đông,Lương Bích Hữu,"Thành phố Hồ Chí Minh, Việt Nam"
Huỳnh Đông,Elly Trần,"Thành phố Hồ Chí Minh, Việt Nam"
Huỳnh Đông,Wanbi Tuấn Anh,"Thành phố Hồ Chí Minh, Việt Nam"
Huỳnh Đông,Tường Vi (diễn viên),"Thành phố Hồ Chí Minh, Việt Nam"
Huỳnh Đông,Chí Thiện (ca sĩ),"Thành phố Hồ Chí Minh, Việt Nam"
Huỳnh Đông,Hồ Vĩnh Khoa,"Thành phố Hồ Chí Minh, Việt Nam"
Huỳnh Đông,Thảo Trang,"Thành phố Hồ Chí Minh, Việt Nam"
Huỳnh Đông,Rocker Nguyen,"Thành phố Hồ Chí Minh, Việt Nam"
Huỳnh Đông,Thanh Thúy (diễn viên sinh 1982),"Thành phố Hồ Chí Minh, Việt Nam"
Huỳnh Đông,Kim Tuyến,"Thành phố Hồ Chí Minh, Việt Nam"
Quân AP,Việt Khuê,"Hà Nội, Việt Nam"
Quân AP,Phùng Hoa Hoài Linh,"Hà Nội, Việt Nam"
Quân AP,Dương Hoàng Anh,"Hà Nội, Việt Nam"
Quân AP,Mỹ Anh,"Hà Nội, Việt Nam"
Quân AP,Châu Bùi,"Hà Nội, Việt Nam"
Quân AP,Hoàng Yến Chibi,"Hà Nội, Việt Nam"
Quân AP,Thu Quỳnh,"Hà Nội, Việt Nam"
Quân AP,Thanh Vân Hugo,"Hà Nội, Việt Nam"
Quân AP,Lã Thanh Huyền,"Hà Nội, Việt Nam"
Quân AP,Kiều My,"Hà Nội, Việt Nam"
Quân AP,Phan Minh Huyền,"Hà Nội, Việt Nam"
Quân AP,Hồng Diễm,"Hà Nội, Việt Nam"
Quân AP,Thùy Anh,"Hà Nội, Việt Nam"
Quân AP,Đan Lê,"Hà Nội, Việt Nam"
Quân AP,Duy Hưng,"Hà Nội, Việt Nam"
Quân AP,Bảo Anh (diễn viên),"Hà Nội, Việt Nam"
Quân AP,Thùy Linh,"Hà Nội, Việt Nam"
Quân AP,Hoàng Hà (diễn viên),"Hà Nội, Việt Nam"
Quân AP,Lân Bích,"Hà Nội, Việt Nam"
Quân AP,Khắc Cường,"Hà Nội, Việt Nam"
Quân AP,Phạm Quỳnh Anh,"Hà Nội, Việt Nam"
Quân AP,Bùi Lan Hương,"Hà Nội, Việt Nam"
Quân AP,Trương Ngọc Ánh,"Hà Nội, Việt Nam"
Quân AP,Mai Phương Thúy,"Hà Nội, Việt Nam"
Quân AP,Thu Minh,"Hà Nội, Việt Nam"
Quân AP,Trần Yến Chi,"Hà Nội, Việt Nam"
Quân AP,Lương Mạnh Hải,"Hà Nội, Việt Nam"
Quân AP,Yến Vi,"Hà Nội, Việt Nam"
Quân AP,Hoàng Thùy Linh,"Hà Nội, Việt Nam"
Quân AP,Chi Pu,"Hà Nội, Việt Nam"
Quân AP,Tăng Nhật Tuệ,"Hà Nội, Việt Nam"
Quân AP,Đức Phúc,"Hà Nội, Việt Nam"
Quân AP,Công Dương,"Hà Nội, Việt Nam"
Quân AP,Huỳnh Anh (diễn viên),"Hà Nội, Việt Nam"
Quân AP,Bảo Hân,"Hà Nội, Việt Nam"
Quân AP,Tuấn Tú,"Hà Nội, Việt Nam"
Quân AP,Quỳnh Nga,"Hà Nội, Việt Nam"
Quân AP,Mai Thu Huyền,"Hà Nội, Việt Nam"
Quân AP,Trần Việt Hoàng,"Hà Nội, Việt Nam"
Quân AP,Khánh Linh,"Hà Nội, Việt Nam"
Quân AP,Chí Nhân,"Hà Nội, Việt Nam"
Quân AP,Kiều Thanh,"Hà Nội, Việt Nam"
Quân AP,Phùng Tiến Minh,"Hà Nội, Việt Nam"
Quân AP,Nguyễn Thu Hà,"Hà Nội, Việt Nam"
Quân AP,Thanh Sơn (diễn viên),"Hà Nội, Việt Nam"
Quân AP,Bùi Như Lai,"Hà Nội, Việt Nam"
Quân AP,Yến Vy,"Hà Nội, Việt Nam"
Quân AP,Phan Anh (người dẫn chương trình),"Hà Nội, Việt Nam"
Minh Hằng,Bảo Anh,"Thành phố Hồ Chí Minh, Việt Nam"
Minh Hằng,Võ Ngọc Trai,"Thành phố Hồ Chí Minh, Việt Nam"
Minh Hằng,Rocker Nguyen,"Thành phố Hồ Chí Minh, Việt Nam"
Minh Hằng,Don Nguyễn,"Thành phố Hồ Chí Minh, Việt Nam"
Minh Hằng,Ngọc Diệp,"Thành phố Hồ Chí Minh, Việt Nam"
Minh Hằng,Thu Trang,"Thành phố Hồ Chí Minh, Việt Nam"
Minh Hằng,Jun Phạm,"Thành phố Hồ Chí Minh, Việt Nam"
Minh Hằng,Diễm My 9x,"Thành phố Hồ Chí Minh, Việt Nam"
Minh Hằng,Nguyễn Thắng,"Thành phố Hồ Chí Minh, Việt Nam"
Minh Hằng,Khả Ngân,"Thành phố Hồ Chí Minh, Việt Nam"
Minh Hằng,Anh Thư,"Thành phố Hồ Chí Minh, Việt Nam"
Minh Hằng,Nguyễn Thúc Thùy Tiên,"Thành phố Hồ Chí Minh, Việt Nam"
Minh Hằng,Huy Khánh,"Thành phố Hồ Chí Minh, Việt Nam"
Minh Hằng,Đinh Ngọc Diệp,"Thành phố Hồ Chí Minh, Việt Nam"
Minh Hằng,Hứa Vĩ Văn,"Thành phố Hồ Chí Minh, Việt Nam"
Minh Hằng,Ái Phương,"Thành phố Hồ Chí Minh, Việt Nam"
Minh Hằng,Thúy Diễm,"Thành phố Hồ Chí Minh, Việt Nam"
Minh Hằng,Đan Trường,"Thành phố Hồ Chí Minh, Việt Nam"
Minh Hằng,Bạch Công Khanh,"Thành phố Hồ Chí Minh, Việt Nam"
Minh Hằng,Angela Phương Trinh,"Thành phố Hồ Chí Minh, Việt Nam"
Minh Hằng,Việt Hương,"Thành phố Hồ Chí Minh, Việt Nam"
Minh Hằng,Hà Okio,"Thành phố Hồ Chí Minh, Việt Nam"
Minh Hằng,Uyên Linh,"Thành phố Hồ Chí Minh, Việt Nam"
Minh Hằng,Lý Nhã Kỳ,"Thành phố Hồ Chí Minh, Việt Nam"
Minh Hằng,Đàm Phương Linh,"Thành phố Hồ Chí Minh, Việt Nam"
Minh Hằng,Phương Hằng (diễn viên),"Thành phố Hồ Chí Minh, Việt Nam"
Minh Hằng,Quang Tuấn,"Thành phố Hồ Chí Minh, Việt Nam"
Minh Hằng,Yeye Nhật Hạ,"Thành phố Hồ Chí Minh, Việt Nam"
Minh Hằng,Khánh Phương,"Thành phố Hồ Chí Minh, Việt Nam"
Minh Hằng,Võ Thành Tâm,"Thành phố Hồ Chí Minh, Việt Nam"
Minh Hằng,Đại Nghĩa (diễn viên),"Thành phố Hồ Chí Minh, Việt Nam"
Minh Hằng,Kim Hiền (diễn viên),"Thành phố Hồ Chí Minh, Việt Nam"
Minh Hằng,Mỹ Chi,"Thành phố Hồ Chí Minh, Việt Nam"
Minh Hằng,Bằng Lăng,"Thành phố Hồ Chí Minh, Việt Nam"
Minh Hằng,WanBi Tuấn Anh,"Thành phố Hồ Chí Minh, Việt Nam"
Minh Hằng,Lương Bích Hữu,"Thành phố Hồ Chí Minh, Việt Nam"
Minh Hằng,Elly Trần,"Thành phố Hồ Chí Minh, Việt Nam"
Minh Hằng,Wanbi Tuấn Anh,"Thành phố Hồ Chí Minh, Việt Nam"
Minh Hằng,Tường Vi (diễn viên),"Thành phố Hồ Chí Minh, Việt Nam"
Minh Hằng,Chí Thiện (ca sĩ),"Thành phố Hồ Chí Minh, Việt Nam"
Minh Hằng,Hồ Vĩnh Khoa,"Thành phố Hồ Chí Minh, Việt Nam"
Minh Hằng,Thảo Trang,"Thành phố Hồ Chí Minh, Việt Nam"
Minh Hằng,Phương Mỹ Chi,"Thành phố Hồ Chí Minh, Việt Nam"
Minh Hằng,Thanh Thúy (diễn viên sinh 1982),"Thành phố Hồ Chí Minh, Việt Nam"
Minh Hằng,Kim Tuyến,"Thành phố Hồ Chí Minh, Việt Nam"
Văn Tùng,Tùng Yuki,"Tỉnh Pleiku, Việt Nam"
Bảo Anh,Don Nguyễn,"Thành phố Hồ Chí Minh, Việt Nam"
Bảo Anh,Ngọc Diệp,"Thành phố Hồ Chí Minh, Việt Nam"
Bảo Anh,Thu Trang,"Thành phố Hồ Chí Minh, Việt Nam"
Bảo Anh,Võ Ngọc Trai,"Thành phố Hồ Chí Minh, Việt Nam"
Bảo Anh,Jun Phạm,"Thành phố Hồ Chí Minh, Việt Nam"
Bảo Anh,Diễm My 9x,"Thành phố Hồ Chí Minh, Việt Nam"
Bảo Anh,Nguyễn Thắng,"Thành phố Hồ Chí Minh, Việt Nam"
Bảo Anh,Khả Ngân,"Thành phố Hồ Chí Minh, Việt Nam"
Bảo Anh,Anh Thư,"Thành phố Hồ Chí Minh, Việt Nam"
Bảo Anh,Nguyễn Thúc Thùy Tiên,"Thành phố Hồ Chí Minh, Việt Nam"
Bảo Anh,Huy Khánh,"Thành phố Hồ Chí Minh, Việt Nam"
Bảo Anh,Đinh Ngọc Diệp,"Thành phố Hồ Chí Minh, Việt Nam"
Bảo Anh,Hứa Vĩ Văn,"Thành phố Hồ Chí Minh, Việt Nam"
Bảo Anh,Ái Phương,"Thành phố Hồ Chí Minh, Việt Nam"
Bảo Anh,Thúy Diễm,"Thành phố Hồ Chí Minh, Việt Nam"
Bảo Anh,Đan Trường,"Thành phố Hồ Chí Minh, Việt Nam"
Bảo Anh,Bạch Công Khanh,"Thành phố Hồ Chí Minh, Việt Nam"
Bảo Anh,Angela Phương Trinh,"Thành phố Hồ Chí Minh, Việt Nam"
Bảo Anh,Việt Hương,"Thành phố Hồ Chí Minh, Việt Nam"
Bảo Anh,Hà Okio,"Thành phố Hồ Chí Minh, Việt Nam"
Bảo Anh,Uyên Linh,"Thành phố Hồ Chí Minh, Việt Nam"
Bảo Anh,Lý Nhã Kỳ,"Thành phố Hồ Chí Minh, Việt Nam"
Bảo Anh,Đàm Phương Linh,"Thành phố Hồ Chí Minh, Việt Nam"
Bảo Anh,Phương Hằng (diễn viên),"Thành phố Hồ Chí Minh, Việt Nam"
Bảo Anh,Quang Tuấn,"Thành phố Hồ Chí Minh, Việt Nam"
Bảo Anh,Yeye Nhật Hạ,"Thành phố Hồ Chí Minh, Việt Nam"
Bảo Anh,Khánh Phương,"Thành phố Hồ Chí Minh, Việt Nam"
Bảo Anh,Võ Thành Tâm,"Thành phố Hồ Chí Minh, Việt Nam"
Bảo Anh,Đại Nghĩa (diễn viên),"Thành phố Hồ Chí Minh, Việt Nam"
Bảo Anh,Kim Hiền (diễn viên),"Thành phố Hồ Chí Minh, Việt Nam"
Bảo Anh,Mỹ Chi,"Thành phố Hồ Chí Minh, Việt Nam"
Bảo Anh,Bằng Lăng,"Thành phố Hồ Chí Minh, Việt Nam"
Bảo Anh,WanBi Tuấn Anh,"Thành phố Hồ Chí Minh, Việt Nam"
Bảo Anh,Lương Bích Hữu,"Thành phố Hồ Chí Minh, Việt Nam"
Bảo Anh,Elly Trần,"Thành phố Hồ Chí Minh, Việt Nam"
Bảo Anh,Wanbi Tuấn Anh,"Thành phố Hồ Chí Minh, Việt Nam"
Bảo Anh,Tường Vi (diễn viên),"Thành phố Hồ Chí Minh, Việt Nam"
Bảo Anh,Chí Thiện (ca sĩ),"Thành phố Hồ Chí Minh, Việt Nam"
Bảo Anh,Hồ Vĩnh Khoa,"Thành phố Hồ Chí Minh, Việt Nam"
Bảo Anh,Thảo Trang,"Thành phố Hồ Chí Minh, Việt Nam"
Bảo Anh,Rocker Nguyen,"Thành phố Hồ Chí Minh, Việt Nam"
Bảo Anh,Phương Mỹ Chi,"Thành phố Hồ Chí Minh, Việt Nam"
Bảo Anh,Thanh Thúy (diễn viên sinh 1982),"Thành phố Hồ Chí Minh, Việt Nam"
Bảo Anh,Kim Tuyến,"Thành phố Hồ Chí Minh, Việt Nam"
Đào Bá Sơn,Trọng Hải,"Hà Nội, Việt Nam Dân chủ Cộng hòa"
Đào Bá Sơn,Trần Lực,"Hà Nội, Việt Nam Dân chủ Cộng hòa"
Đào Bá Sơn,Đỗ Kỷ,"Hà Nội, Việt Nam Dân chủ Cộng hòa"
Đào Bá Sơn,Hoàng Dũng,"Hà Nội, Việt Nam Dân chủ Cộng hòa"
Đào Bá Sơn,Dũng Nhi,"Hà Nội, Việt Nam Dân chủ Cộng hòa"
Đào Bá Sơn,Đức Khuê,"Hà Nội, Việt Nam Dân chủ Cộng hòa"
Đào Bá Sơn,Hoàng Hải (diễn viên),"Hà Nội, Việt Nam Dân chủ Cộng hòa"
Đào Bá Sơn,Chu Hùng,"Hà Nội, Việt Nam Dân chủ Cộng hòa"
Đào Bá Sơn,Việt Thắng (diễn viên),"Hà Nội, Việt Nam Dân chủ Cộng hòa"
Đào Bá Sơn,Tiến Đạt,"Hà Nội, Việt Nam Dân chủ Cộng hòa"
Đào Bá Sơn,Mạnh Cường,"Hà Nội, Việt Nam Dân chủ Cộng hòa"
Đào Bá Sơn,Hồng Nhung,"Hà Nội, Việt Nam Dân chủ Cộng hòa"
Đào Bá Sơn,Tất Bình,"Hà Nội, Việt Nam Dân chủ Cộng hòa"
Đào Bá Sơn,Vĩnh Xương (diễn viên),"Hà Nội, Việt Nam Dân chủ Cộng hòa"
Đào Bá Sơn,Tú Oanh,"Hà Nội, Việt Nam Dân chủ Cộng hòa"
Đào Bá Sơn,Mỹ Linh,"Hà Nội, Việt Nam Dân chủ Cộng hòa"
Đào Bá Sơn,Lê Hoàng,"Hà Nội, Việt Nam Dân chủ Cộng hòa"
Đào Bá Sơn,Chí Trung,"Hà Nội, Việt Nam Dân chủ Cộng hòa"
Đào Bá Sơn,Hiền Mai,"Hà Nội, Việt Nam Dân chủ Cộng hòa"
Đào Bá Sơn,Dũng Yoko,"Hà Nội, Việt Nam Dân chủ Cộng hòa"
Đào Bá Sơn,Phú Đôn,"Hà Nội, Việt Nam Dân chủ Cộng hòa"
Đào Bá Sơn,Trần Đức (diễn viên),"Hà Nội, Việt Nam Dân chủ Cộng hòa"
Đào Bá Sơn,Công Lý (diễn viên),"Hà Nội, Việt Nam Dân chủ Cộng hòa"
Đào Bá Sơn,Nguyễn Minh Trang,"Hà Nội, Việt Nam Dân chủ Cộng hòa"
Đào Bá Sơn,Lan Hương (diễn viên sinh 1963),"Hà Nội, Việt Nam Dân chủ Cộng hòa"
Đào Bá Sơn,Quốc Khánh (nghệ sĩ),"Hà Nội, Việt Nam Dân chủ Cộng hòa"
Đào Bá Sơn,Tuấn Quang,"Hà Nội, Việt Nam Dân chủ Cộng hòa"
Đào Bá Sơn,Minh Hằng (diễn viên),"Hà Nội, Việt Nam Dân chủ Cộng hòa"
Đào Bá Sơn,Hoàng Khải,"Hà Nội, Việt Nam Dân chủ Cộng hòa"
Đào Bá Sơn,Lan Hương (diễn viên sinh 1961),"Hà Nội, Việt Nam Dân chủ Cộng hòa"
Đào Bá Sơn,Nguyễn Anh Dũng (diễn viên),"Hà Nội, Việt Nam Dân chủ Cộng hòa"
Đào Bá Sơn,Thanh Thanh Hiền,"Hà Nội, Việt Nam Dân chủ Cộng hòa"
Đào Bá Sơn,Phạm Tuấn Quang,"Hà Nội, Việt Nam Dân chủ Cộng hòa"
Đào Bá Sơn,Lê Vũ Long,"Hà Nội, Việt Nam Dân chủ Cộng hòa"
Đào Bá Sơn,Duy Hậu,"Hà Nội, Việt Nam Dân chủ Cộng hòa"
Đào Bá Sơn,Võ Hoài Nam,"Hà Nội, Việt Nam Dân chủ Cộng hòa"
Đào Bá Sơn,Nguyễn Vĩnh Xương,"Hà Nội, Việt Nam Dân chủ Cộng hòa"
Đào Bá Sơn,Kim Oanh (diễn viên),"Hà Nội, Việt Nam Dân chủ Cộng hòa"
Đào Bá Sơn,Đường Minh Giang,"Hà Nội, Việt Nam Dân chủ Cộng hòa"
Đào Bá Sơn,Giang Còi,"Hà Nội, Việt Nam Dân chủ Cộng hòa"
Đào Bá Sơn,Trần Nữ Yên Khê,"Hà Nội, Việt Nam Dân chủ Cộng hòa"
Đào Bá Sơn,Thanh Lam,"Hà Nội, Việt Nam Dân chủ Cộng hòa"
Don Nguyễn,Huy Khánh,"Thành phố Hồ Chí Minh, Việt Nam"
Don Nguyễn,Võ Ngọc Trai,"Thành phố Hồ Chí Minh, Việt Nam"
Don Nguyễn,Hứa Vĩ Văn,"Thành phố Hồ Chí Minh, Việt Nam"
Don Nguyễn,Hồ Vĩnh Khoa,"Thành phố Hồ Chí Minh, Việt Nam"
Don Nguyễn,Ngọc Diệp,"Thành phố Hồ Chí Minh, Việt Nam"
Don Nguyễn,Thu Trang,"Thành phố Hồ Chí Minh, Việt Nam"
Don Nguyễn,Jun Phạm,"Thành phố Hồ Chí Minh, Việt Nam"
Don Nguyễn,Diễm My 9x,"Thành phố Hồ Chí Minh, Việt Nam"
Don Nguyễn,Nguyễn Thắng,"Thành phố Hồ Chí Minh, Việt Nam"
Don Nguyễn,Khả Ngân,"Thành phố Hồ Chí Minh, Việt Nam"
Don Nguyễn,Anh Thư,"Thành phố Hồ Chí Minh, Việt Nam"
Don Nguyễn,Nguyễn Thúc Thùy Tiên,"Thành phố Hồ Chí Minh, Việt Nam"
Don Nguyễn,Đinh Ngọc Diệp,"Thành phố Hồ Chí Minh, Việt Nam"
Don Nguyễn,Ái Phương,"Thành phố Hồ Chí Minh, Việt Nam"
Don Nguyễn,Thúy Diễm,"Thành phố Hồ Chí Minh, Việt Nam"
Don Nguyễn,Đan Trường,"Thành phố Hồ Chí Minh, Việt Nam"
Don Nguyễn,Bạch Công Khanh,"Thành phố Hồ Chí Minh, Việt Nam"
Don Nguyễn,Angela Phương Trinh,"Thành phố Hồ Chí Minh, Việt Nam"
Don Nguyễn,Việt Hương,"Thành phố Hồ Chí Minh, Việt Nam"
Don Nguyễn,Hà Okio,"Thành phố Hồ Chí Minh, Việt Nam"
Don Nguyễn,Uyên Linh,"Thành phố Hồ Chí Minh, Việt Nam"
Don Nguyễn,Lý Nhã Kỳ,"Thành phố Hồ Chí Minh, Việt Nam"
Don Nguyễn,Đàm Phương Linh,"Thành phố Hồ Chí Minh, Việt Nam"
Don Nguyễn,Phương Hằng (diễn viên),"Thành phố Hồ Chí Minh, Việt Nam"
Don Nguyễn,Quang Tuấn,"Thành phố Hồ Chí Minh, Việt Nam"
Don Nguyễn,Yeye Nhật Hạ,"Thành phố Hồ Chí Minh, Việt Nam"
Don Nguyễn,Khánh Phương,"Thành phố Hồ Chí Minh, Việt Nam"
Don Nguyễn,Võ Thành Tâm,"Thành phố Hồ Chí Minh, Việt Nam"
Don Nguyễn,Đại Nghĩa (diễn viên),"Thành phố Hồ Chí Minh, Việt Nam"
Don Nguyễn,Kim Hiền (diễn viên),"Thành phố Hồ Chí Minh, Việt Nam"
Don Nguyễn,Mỹ Chi,"Thành phố Hồ Chí Minh, Việt Nam"
Don Nguyễn,Bằng Lăng,"Thành phố Hồ Chí Minh, Việt Nam"
Don Nguyễn,WanBi Tuấn Anh,"Thành phố Hồ Chí Minh, Việt Nam"
Don Nguyễn,Lương Bích Hữu,"Thành phố Hồ Chí Minh, Việt Nam"
Don Nguyễn,Elly Trần,"Thành phố Hồ Chí Minh, Việt Nam"
Don Nguyễn,Wanbi Tuấn Anh,"Thành phố Hồ Chí Minh, Việt Nam"
Don Nguyễn,Tường Vi (diễn viên),"Thành phố Hồ Chí Minh, Việt Nam"
Don Nguyễn,Chí Thiện (ca sĩ),"Thành phố Hồ Chí Minh, Việt Nam"
Don Nguyễn,Thảo Trang,"Thành phố Hồ Chí Minh, Việt Nam"
Don Nguyễn,Rocker Nguyen,"Thành phố Hồ Chí Minh, Việt Nam"
Don Nguyễn,Phương Mỹ Chi,"Thành phố Hồ Chí Minh, Việt Nam"
Don Nguyễn,Thanh Thúy (diễn viên sinh 1982),"Thành phố Hồ Chí Minh, Việt Nam"
Don Nguyễn,Kim Tuyến,"Thành phố Hồ Chí Minh, Việt Nam"
Dustin Nguyễn,Stephane Gauger,"Sài Gòn, Việt Nam Cộng hòa"
Dustin Nguyễn,Trần Bảo Sơn,"Sài Gòn, Việt Nam Cộng hòa"
Dustin Nguyễn,Thành Lộc,"Sài Gòn, Việt Nam Cộng hòa"
Dustin Nguyễn,Huỳnh Kiến An,"Sài Gòn, Việt Nam Cộng hòa"
Dustin Nguyễn,Lê Công Tuấn Anh,"Sài Gòn, Việt Nam Cộng hòa"
Dustin Nguyễn,Bảo Liêm,"Sài Gòn, Việt Nam Cộng hòa"
Dustin Nguyễn,Mỹ Duyên,"Sài Gòn, Việt Nam Cộng hòa"
Dustin Nguyễn,Thanh Hằng (nghệ sĩ cải lương),"Sài Gòn, Việt Nam Cộng hòa"
Dustin Nguyễn,Trương Minh Quốc Thái,"Sài Gòn, Việt Nam Cộng hòa"
Dustin Nguyễn,Thái Hòa (diễn viên),"Sài Gòn, Việt Nam Cộng hòa"
Dustin Nguyễn,Việt Anh (nghệ sĩ),"Sài Gòn, Việt Nam Cộng hòa"
Dustin Nguyễn,Phạm Thị Ngọc Trinh,"Sài Gòn, Việt Nam Cộng hòa"
Dustin Nguyễn,Cẩm Ly,"Sài Gòn, Việt Nam Cộng hòa"
Dustin Nguyễn,Việt Dũng,"Sài Gòn, Việt Nam Cộng hòa"
Jayvee Mai Thế Hiệp,Mai Thế Hiệp,"Biên Hòa, Đồng Nai, Việt Nam Cộng hòa"
Ngọc Diệp,Huy Khánh,"Thành phố Hồ Chí Minh, Việt Nam"
Ngọc Diệp,Kim Hiền (diễn viên),"Thành phố Hồ Chí Minh, Việt Nam"
Ngọc Diệp,Bằng Lăng,"Thành phố Hồ Chí Minh, Việt Nam"
Ngọc Diệp,WanBi Tuấn Anh,"Thành phố Hồ Chí Minh, Việt Nam"
Ngọc Diệp,Angela Phương Trinh,"Thành phố Hồ Chí Minh, Việt Nam"
Ngọc Diệp,Wanbi Tuấn Anh,"Thành phố Hồ Chí Minh, Việt Nam"
Ngọc Diệp,Elly Trần,"Thành phố Hồ Chí Minh, Việt Nam"
Ngọc Diệp,Thu Trang,"Thành phố Hồ Chí Minh, Việt Nam"
Ngọc Diệp,Võ Ngọc Trai,"Thành phố Hồ Chí Minh, Việt Nam"
Ngọc Diệp,Jun Phạm,"Thành phố Hồ Chí Minh, Việt Nam"
Ngọc Diệp,Diễm My 9x,"Thành phố Hồ Chí Minh, Việt Nam"
Ngọc Diệp,Nguyễn Thắng,"Thành phố Hồ Chí Minh, Việt Nam"
Ngọc Diệp,Khả Ngân,"Thành phố Hồ Chí Minh, Việt Nam"
Ngọc Diệp,Anh Thư,"Thành phố Hồ Chí Minh, Việt Nam"
Ngọc Diệp,Nguyễn Thúc Thùy Tiên,"Thành phố Hồ Chí Minh, Việt Nam"
Ngọc Diệp,Đinh Ngọc Diệp,"Thành phố Hồ Chí Minh, Việt Nam"
Ngọc Diệp,Hứa Vĩ Văn,"Thành phố Hồ Chí Minh, Việt Nam"
Ngọc Diệp,Ái Phương,"Thành phố Hồ Chí Minh, Việt Nam"
Ngọc Diệp,Thúy Diễm,"Thành phố Hồ Chí Minh, Việt Nam"
Ngọc Diệp,Đan Trường,"Thành phố Hồ Chí Minh, Việt Nam"
Ngọc Diệp,Bạch Công Khanh,"Thành phố Hồ Chí Minh, Việt Nam"
Ngọc Diệp,Việt Hương,"Thành phố Hồ Chí Minh, Việt Nam"
Ngọc Diệp,Hà Okio,"Thành phố Hồ Chí Minh, Việt Nam"
Ngọc Diệp,Uyên Linh,"Thành phố Hồ Chí Minh, Việt Nam"
Ngọc Diệp,Lý Nhã Kỳ,"Thành phố Hồ Chí Minh, Việt Nam"
Ngọc Diệp,Đàm Phương Linh,"Thành phố Hồ Chí Minh, Việt Nam"
Ngọc Diệp,Phương Hằng (diễn viên),"Thành phố Hồ Chí Minh, Việt Nam"
Ngọc Diệp,Quang Tuấn,"Thành phố Hồ Chí Minh, Việt Nam"
Ngọc Diệp,Yeye Nhật Hạ,"Thành phố Hồ Chí Minh, Việt Nam"
Ngọc Diệp,Khánh Phương,"Thành phố Hồ Chí Minh, Việt Nam"
Ngọc Diệp,Võ Thành Tâm,"Thành phố Hồ Chí Minh, Việt Nam"
Ngọc Diệp,Đại Nghĩa (diễn viên),"Thành phố Hồ Chí Minh, Việt Nam"
Ngọc Diệp,Mỹ Chi,"Thành phố Hồ Chí Minh, Việt Nam"
Ngọc Diệp,Lương Bích Hữu,"Thành phố Hồ Chí Minh, Việt Nam"
Ngọc Diệp,Tường Vi (diễn viên),"Thành phố Hồ Chí Minh, Việt Nam"
Ngọc Diệp,Chí Thiện (ca sĩ),"Thành phố Hồ Chí Minh, Việt Nam"
Ngọc Diệp,Hồ Vĩnh Khoa,"Thành phố Hồ Chí Minh, Việt Nam"
Ngọc Diệp,Thảo Trang,"Thành phố Hồ Chí Minh, Việt Nam"
Ngọc Diệp,Rocker Nguyen,"Thành phố Hồ Chí Minh, Việt Nam"
Ngọc Diệp,Phương Mỹ Chi,"Thành phố Hồ Chí Minh, Việt Nam"
Ngọc Diệp,Thanh Thúy (diễn viên sinh 1982),"Thành phố Hồ Chí Minh, Việt Nam"
Ngọc Diệp,Kim Tuyến,"Thành phố Hồ Chí Minh, Việt Nam"
Thu Trang,Hứa Vĩ Văn,"Thành phố Hồ Chí Minh, Việt Nam"
Thu Trang,Võ Ngọc Trai,"Thành phố Hồ Chí Minh, Việt Nam"
Thu Trang,Đàm Phương Linh,"Thành phố Hồ Chí Minh, Việt Nam"
Thu Trang,Thảo Trang,"Thành phố Hồ Chí Minh, Việt Nam"
Thu Trang,Uyên Linh,"Thành phố Hồ Chí Minh, Việt Nam"
Thu Trang,Quang Tuấn,"Thành phố Hồ Chí Minh, Việt Nam"
Thu Trang,Jun Phạm,"Thành phố Hồ Chí Minh, Việt Nam"
Thu Trang,Diễm My 9x,"Thành phố Hồ Chí Minh, Việt Nam"
Thu Trang,Nguyễn Thắng,"Thành phố Hồ Chí Minh, Việt Nam"
Thu Trang,Khả Ngân,"Thành phố Hồ Chí Minh, Việt Nam"
Thu Trang,Anh Thư,"Thành phố Hồ Chí Minh, Việt Nam"
Thu Trang,Nguyễn Thúc Thùy Tiên,"Thành phố Hồ Chí Minh, Việt Nam"
Thu Trang,Huy Khánh,"Thành phố Hồ Chí Minh, Việt Nam"
Thu Trang,Đinh Ngọc Diệp,"Thành phố Hồ Chí Minh, Việt Nam"
Thu Trang,Ái Phương,"Thành phố Hồ Chí Minh, Việt Nam"
Thu Trang,Thúy Diễm,"Thành phố Hồ Chí Minh, Việt Nam"
Thu Trang,Đan Trường,"Thành phố Hồ Chí Minh, Việt Nam"
Thu Trang,Bạch Công Khanh,"Thành phố Hồ Chí Minh, Việt Nam"
Thu Trang,Angela Phương Trinh,"Thành phố Hồ Chí Minh, Việt Nam"
Thu Trang,Việt Hương,"Thành phố Hồ Chí Minh, Việt Nam"
Thu Trang,Hà Okio,"Thành phố Hồ Chí Minh, Việt Nam"
Thu Trang,Lý Nhã Kỳ,"Thành phố Hồ Chí Minh, Việt Nam"
Thu Trang,Phương Hằng (diễn viên),"Thành phố Hồ Chí Minh, Việt Nam"
Thu Trang,Yeye Nhật Hạ,"Thành phố Hồ Chí Minh, Việt Nam"
Thu Trang,Khánh Phương,"Thành phố Hồ Chí Minh, Việt Nam"
Thu Trang,Võ Thành Tâm,"Thành phố Hồ Chí Minh, Việt Nam"
Thu Trang,Đại Nghĩa (diễn viên),"Thành phố Hồ Chí Minh, Việt Nam"
Thu Trang,Kim Hiền (diễn viên),"Thành phố Hồ Chí Minh, Việt Nam"
Thu Trang,Mỹ Chi,"Thành phố Hồ Chí Minh, Việt Nam"
Thu Trang,Bằng Lăng,"Thành phố Hồ Chí Minh, Việt Nam"
Thu Trang,WanBi Tuấn Anh,"Thành phố Hồ Chí Minh, Việt Nam"
Thu Trang,Lương Bích Hữu,"Thành phố Hồ Chí Minh, Việt Nam"
Thu Trang,Elly Trần,"Thành phố Hồ Chí Minh, Việt Nam"
Thu Trang,Wanbi Tuấn Anh,"Thành phố Hồ Chí Minh, Việt Nam"
Thu Trang,Tường Vi (diễn viên),"Thành phố Hồ Chí Minh, Việt Nam"
Thu Trang,Chí Thiện (ca sĩ),"Thành phố Hồ Chí Minh, Việt Nam"
Thu Trang,Hồ Vĩnh Khoa,"Thành phố Hồ Chí Minh, Việt Nam"
Thu Trang,Rocker Nguyen,"Thành phố Hồ Chí Minh, Việt Nam"
Thu Trang,Phương Mỹ Chi,"Thành phố Hồ Chí Minh, Việt Nam"
Thu Trang,Thanh Thúy (diễn viên sinh 1982),"Thành phố Hồ Chí Minh, Việt Nam"
Thu Trang,Kim Tuyến,"Thành phố Hồ Chí Minh, Việt Nam"
Võ Ngọc Trai,Jun Phạm,"Thành phố Hồ Chí Minh, Việt Nam"
Võ Ngọc Trai,Huy Khánh,"Thành phố Hồ Chí Minh, Việt Nam"
Võ Ngọc Trai,Hứa Vĩ Văn,"Thành phố Hồ Chí Minh, Việt Nam"
Võ Ngọc Trai,Đàm Phương Linh,"Thành phố Hồ Chí Minh, Việt Nam"
Võ Ngọc Trai,Thảo Trang,"Thành phố Hồ Chí Minh, Việt Nam"
Võ Ngọc Trai,Uyên Linh,"Thành phố Hồ Chí Minh, Việt Nam"
Võ Ngọc Trai,Diễm My 9x,"Thành phố Hồ Chí Minh, Việt Nam"
Võ Ngọc Trai,Nguyễn Thắng,"Thành phố Hồ Chí Minh, Việt Nam"
Võ Ngọc Trai,Khả Ngân,"Thành phố Hồ Chí Minh, Việt Nam"
Võ Ngọc Trai,Anh Thư,"Thành phố Hồ Chí Minh, Việt Nam"
Võ Ngọc Trai,Nguyễn Thúc Thùy Tiên,"Thành phố Hồ Chí Minh, Việt Nam"
Võ Ngọc Trai,Đinh Ngọc Diệp,"Thành phố Hồ Chí Minh, Việt Nam"
Võ Ngọc Trai,Ái Phương,"Thành phố Hồ Chí Minh, Việt Nam"
Võ Ngọc Trai,Thúy Diễm,"Thành phố Hồ Chí Minh, Việt Nam"
Võ Ngọc Trai,Đan Trường,"Thành phố Hồ Chí Minh, Việt Nam"
Võ Ngọc Trai,Bạch Công Khanh,"Thành phố Hồ Chí Minh, Việt Nam"
Võ Ngọc Trai,Angela Phương Trinh,"Thành phố Hồ Chí Minh, Việt Nam"
Võ Ngọc Trai,Việt Hương,"Thành phố Hồ Chí Minh, Việt Nam"
Võ Ngọc Trai,Hà Okio,"Thành phố Hồ Chí Minh, Việt Nam"
Võ Ngọc Trai,Lý Nhã Kỳ,"Thành phố Hồ Chí Minh, Việt Nam"
Võ Ngọc Trai,Phương Hằng (diễn viên),"Thành phố Hồ Chí Minh, Việt Nam"
Võ Ngọc Trai,Quang Tuấn,"Thành phố Hồ Chí Minh, Việt Nam"
Võ Ngọc Trai,Yeye Nhật Hạ,"Thành phố Hồ Chí Minh, Việt Nam"
Võ Ngọc Trai,Khánh Phương,"Thành phố Hồ Chí Minh, Việt Nam"
Võ Ngọc Trai,Võ Thành Tâm,"Thành phố Hồ Chí Minh, Việt Nam"
Võ Ngọc Trai,Đại Nghĩa (diễn viên),"Thành phố Hồ Chí Minh, Việt Nam"
Võ Ngọc Trai,Kim Hiền (diễn viên),"Thành phố Hồ Chí Minh, Việt Nam"
Võ Ngọc Trai,Mỹ Chi,"Thành phố Hồ Chí Minh, Việt Nam"
Võ Ngọc Trai,Bằng Lăng,"Thành phố Hồ Chí Minh, Việt Nam"
Võ Ngọc Trai,WanBi Tuấn Anh,"Thành phố Hồ Chí Minh, Việt Nam"
Võ Ngọc Trai,Lương Bích Hữu,"Thành phố Hồ Chí Minh, Việt Nam"
Võ Ngọc Trai,Elly Trần,"Thành phố Hồ Chí Minh, Việt Nam"
Võ Ngọc Trai,Wanbi Tuấn Anh,"Thành phố Hồ Chí Minh, Việt Nam"
Võ Ngọc Trai,Tường Vi (diễn viên),"Thành phố Hồ Chí Minh, Việt Nam"
Võ Ngọc Trai,Chí Thiện (ca sĩ),"Thành phố Hồ Chí Minh, Việt Nam"
Võ Ngọc Trai,Hồ Vĩnh Khoa,"Thành phố Hồ Chí Minh, Việt Nam"
Võ Ngọc Trai,Rocker Nguyen,"Thành phố Hồ Chí Minh, Việt Nam"
Võ Ngọc Trai,Phương Mỹ Chi,"Thành phố Hồ Chí Minh, Việt Nam"
Võ Ngọc Trai,Thanh Thúy (diễn viên sinh 1982),"Thành phố Hồ Chí Minh, Việt Nam"
Võ Ngọc Trai,Kim Tuyến,"Thành phố Hồ Chí Minh, Việt Nam"
ST Sơn Thạch,Lê Hồng Thủy Tiên,Thành phố Hồ Chí Minh
Jun Phạm,Huy Khánh,"Thành phố Hồ Chí Minh, Việt Nam"
Jun Phạm,Ái Phương,"Thành phố Hồ Chí Minh, Việt Nam"
Jun Phạm,Diễm My 9x,"Thành phố Hồ Chí Minh, Việt Nam"
Jun Phạm,Nguyễn Thắng,"Thành phố Hồ Chí Minh, Việt Nam"
Jun Phạm,Khả Ngân,"Thành phố Hồ Chí Minh, Việt Nam"
Jun Phạm,Anh Thư,"Thành phố Hồ Chí Minh, Việt Nam"
Jun Phạm,Nguyễn Thúc Thùy Tiên,"Thành phố Hồ Chí Minh, Việt Nam"
Jun Phạm,Đinh Ngọc Diệp,"Thành phố Hồ Chí Minh, Việt Nam"
Jun Phạm,Hứa Vĩ Văn,"Thành phố Hồ Chí Minh, Việt Nam"
Jun Phạm,Thúy Diễm,"Thành phố Hồ Chí Minh, Việt Nam"
Jun Phạm,Đan Trường,"Thành phố Hồ Chí Minh, Việt Nam"
Jun Phạm,Bạch Công Khanh,"Thành phố Hồ Chí Minh, Việt Nam"
Jun Phạm,Angela Phương Trinh,"Thành phố Hồ Chí Minh, Việt Nam"
Jun Phạm,Việt Hương,"Thành phố Hồ Chí Minh, Việt Nam"
Jun Phạm,Hà Okio,"Thành phố Hồ Chí Minh, Việt Nam"
Jun Phạm,Uyên Linh,"Thành phố Hồ Chí Minh, Việt Nam"
Jun Phạm,Lý Nhã Kỳ,"Thành phố Hồ Chí Minh, Việt Nam"
Jun Phạm,Đàm Phương Linh,"Thành phố Hồ Chí Minh, Việt Nam"
Jun Phạm,Phương Hằng (diễn viên),"Thành phố Hồ Chí Minh, Việt Nam"
Jun Phạm,Quang Tuấn,"Thành phố Hồ Chí Minh, Việt Nam"
Jun Phạm,Yeye Nhật Hạ,"Thành phố Hồ Chí Minh, Việt Nam"
Jun Phạm,Khánh Phương,"Thành phố Hồ Chí Minh, Việt Nam"
Jun Phạm,Võ Thành Tâm,"Thành phố Hồ Chí Minh, Việt Nam"
Jun Phạm,Đại Nghĩa (diễn viên),"Thành phố Hồ Chí Minh, Việt Nam"
Jun Phạm,Kim Hiền (diễn viên),"Thành phố Hồ Chí Minh, Việt Nam"
Jun Phạm,Mỹ Chi,"Thành phố Hồ Chí Minh, Việt Nam"
Jun Phạm,Bằng Lăng,"Thành phố Hồ Chí Minh, Việt Nam"
Jun Phạm,WanBi Tuấn Anh,"Thành phố Hồ Chí Minh, Việt Nam"
Jun Phạm,Lương Bích Hữu,"Thành phố Hồ Chí Minh, Việt Nam"
Jun Phạm,Elly Trần,"Thành phố Hồ Chí Minh, Việt Nam"
Jun Phạm,Wanbi Tuấn Anh,"Thành phố Hồ Chí Minh, Việt Nam"
Jun Phạm,Tường Vi (diễn viên),"Thành phố Hồ Chí Minh, Việt Nam"
Jun Phạm,Chí Thiện (ca sĩ),"Thành phố Hồ Chí Minh, Việt Nam"
Jun Phạm,Hồ Vĩnh Khoa,"Thành phố Hồ Chí Minh, Việt Nam"
Jun Phạm,Thảo Trang,"Thành phố Hồ Chí Minh, Việt Nam"
Jun Phạm,Rocker Nguyen,"Thành phố Hồ Chí Minh, Việt Nam"
Jun Phạm,Phương Mỹ Chi,"Thành phố Hồ Chí Minh, Việt Nam"
Jun Phạm,Thanh Thúy (diễn viên sinh 1982),"Thành phố Hồ Chí Minh, Việt Nam"
Jun Phạm,Kim Tuyến,"Thành phố Hồ Chí Minh, Việt Nam"
Thành Lộc,Lê Công Tuấn Anh,"Sài Gòn, Việt Nam Cộng hòa"
Thành Lộc,Mỹ Duyên,"Sài Gòn, Việt Nam Cộng hòa"
Thành Lộc,Cẩm Ly,"Sài Gòn, Việt Nam Cộng hòa"
Thành Lộc,Huỳnh Kiến An,"Sài Gòn, Việt Nam Cộng hòa"
Thành Lộc,Stephane Gauger,"Sài Gòn, Việt Nam Cộng hòa"
Thành Lộc,Trần Bảo Sơn,"Sài Gòn, Việt Nam Cộng hòa"
Thành Lộc,Bảo Liêm,"Sài Gòn, Việt Nam Cộng hòa"
Thành Lộc,Thanh Hằng (nghệ sĩ cải lương),"Sài Gòn, Việt Nam Cộng hòa"
Thành Lộc,Trương Minh Quốc Thái,"Sài Gòn, Việt Nam Cộng hòa"
Thành Lộc,Thái Hòa (diễn viên),"Sài Gòn, Việt Nam Cộng hòa"
Thành Lộc,Việt Anh (nghệ sĩ),"Sài Gòn, Việt Nam Cộng hòa"
Thành Lộc,Phạm Thị Ngọc Trinh,"Sài Gòn, Việt Nam Cộng hòa"
Thành Lộc,Việt Dũng,"Sài Gòn, Việt Nam Cộng hòa"
Diễm My 9x,Nguyễn Thắng,"Thành phố Hồ Chí Minh, Việt Nam"
Diễm My 9x,Khả Ngân,"Thành phố Hồ Chí Minh, Việt Nam"
Diễm My 9x,Anh Thư,"Thành phố Hồ Chí Minh, Việt Nam"
Diễm My 9x,Nguyễn Thúc Thùy Tiên,"Thành phố Hồ Chí Minh, Việt Nam"
Diễm My 9x,Huy Khánh,"Thành phố Hồ Chí Minh, Việt Nam"
Diễm My 9x,Đinh Ngọc Diệp,"Thành phố Hồ Chí Minh, Việt Nam"
Diễm My 9x,Hứa Vĩ Văn,"Thành phố Hồ Chí Minh, Việt Nam"
Diễm My 9x,Ái Phương,"Thành phố Hồ Chí Minh, Việt Nam"
Diễm My 9x,Thúy Diễm,"Thành phố Hồ Chí Minh, Việt Nam"
Diễm My 9x,Đan Trường,"Thành phố Hồ Chí Minh, Việt Nam"
Diễm My 9x,Bạch Công Khanh,"Thành phố Hồ Chí Minh, Việt Nam"
Diễm My 9x,Angela Phương Trinh,"Thành phố Hồ Chí Minh, Việt Nam"
Diễm My 9x,Việt Hương,"Thành phố Hồ Chí Minh, Việt Nam"
Diễm My 9x,Hà Okio,"Thành phố Hồ Chí Minh, Việt Nam"
Diễm My 9x,Uyên Linh,"Thành phố Hồ Chí Minh, Việt Nam"
Diễm My 9x,Lý Nhã Kỳ,"Thành phố Hồ Chí Minh, Việt Nam"
Diễm My 9x,Đàm Phương Linh,"Thành phố Hồ Chí Minh, Việt Nam"
Diễm My 9x,Phương Hằng (diễn viên),"Thành phố Hồ Chí Minh, Việt Nam"
Diễm My 9x,Quang Tuấn,"Thành phố Hồ Chí Minh, Việt Nam"
Diễm My 9x,Yeye Nhật Hạ,"Thành phố Hồ Chí Minh, Việt Nam"
Diễm My 9x,Khánh Phương,"Thành phố Hồ Chí Minh, Việt Nam"
Diễm My 9x,Võ Thành Tâm,"Thành phố Hồ Chí Minh, Việt Nam"
Diễm My 9x,Đại Nghĩa (diễn viên),"Thành phố Hồ Chí Minh, Việt Nam"
Diễm My 9x,Kim Hiền (diễn viên),"Thành phố Hồ Chí Minh, Việt Nam"
Diễm My 9x,Mỹ Chi,"Thành phố Hồ Chí Minh, Việt Nam"
Diễm My 9x,Bằng Lăng,"Thành phố Hồ Chí Minh, Việt Nam"
Diễm My 9x,WanBi Tuấn Anh,"Thành phố Hồ Chí Minh, Việt Nam"
Diễm My 9x,Lương Bích Hữu,"Thành phố Hồ Chí Minh, Việt Nam"
Diễm My 9x,Elly Trần,"Thành phố Hồ Chí Minh, Việt Nam"
Diễm My 9x,Wanbi Tuấn Anh,"Thành phố Hồ Chí Minh, Việt Nam"
Diễm My 9x,Tường Vi (diễn viên),"Thành phố Hồ Chí Minh, Việt Nam"
Diễm My 9x,Chí Thiện (ca sĩ),"Thành phố Hồ Chí Minh, Việt Nam"
Diễm My 9x,Hồ Vĩnh Khoa,"Thành phố Hồ Chí Minh, Việt Nam"
Diễm My 9x,Thảo Trang,"Thành phố Hồ Chí Minh, Việt Nam"
Diễm My 9x,Rocker Nguyen,"Thành phố Hồ Chí Minh, Việt Nam"
Diễm My 9x,Phương Mỹ Chi,"Thành phố Hồ Chí Minh, Việt Nam"
Diễm My 9x,Thanh Thúy (diễn viên sinh 1982),"Thành phố Hồ Chí Minh, Việt Nam"
Diễm My 9x,Kim Tuyến,"Thành phố Hồ Chí Minh, Việt Nam"
Oanh Kiều,Xuân Nghi,"Đà Lạt, Lâm Đồng, Việt Nam"
Oanh Kiều,Trung Quân,"Đà Lạt, Lâm Đồng, Việt Nam"
Hoàng Dũng,Tiến Đạt,"Hà Nội, Việt Nam Dân chủ Cộng hòa"
Hoàng Dũng,Mạnh Cường,"Hà Nội, Việt Nam Dân chủ Cộng hòa"
Hoàng Dũng,Hồng Nhung,"Hà Nội, Việt Nam Dân chủ Cộng hòa"
Hoàng Dũng,Hoàng Hải (diễn viên),"Hà Nội, Việt Nam Dân chủ Cộng hòa"
Hoàng Dũng,Việt Thắng (diễn viên),"Hà Nội, Việt Nam Dân chủ Cộng hòa"
Hoàng Dũng,Đỗ Kỷ,"Hà Nội, Việt Nam Dân chủ Cộng hòa"
Hoàng Dũng,Vĩnh Xương (diễn viên),"Hà Nội, Việt Nam Dân chủ Cộng hòa"
Hoàng Dũng,Chí Trung,"Hà Nội, Việt Nam Dân chủ Cộng hòa"
Hoàng Dũng,Chu Hùng,"Hà Nội, Việt Nam Dân chủ Cộng hòa"
Hoàng Dũng,Phú Đôn,"Hà Nội, Việt Nam Dân chủ Cộng hòa"
Hoàng Dũng,Mỹ Linh,"Hà Nội, Việt Nam Dân chủ Cộng hòa"
Hoàng Dũng,Duy Hậu,"Hà Nội, Việt Nam Dân chủ Cộng hòa"
Hoàng Dũng,Võ Hoài Nam,"Hà Nội, Việt Nam Dân chủ Cộng hòa"
Hoàng Dũng,Dũng Nhi,"Hà Nội, Việt Nam Dân chủ Cộng hòa"
Hoàng Dũng,Tuấn Quang,"Hà Nội, Việt Nam Dân chủ Cộng hòa"
Hoàng Dũng,Quốc Khánh (nghệ sĩ),"Hà Nội, Việt Nam Dân chủ Cộng hòa"
Hoàng Dũng,Đức Khuê,"Hà Nội, Việt Nam Dân chủ Cộng hòa"
Hoàng Dũng,Tất Bình,"Hà Nội, Việt Nam Dân chủ Cộng hòa"
Hoàng Dũng,Tú Oanh,"Hà Nội, Việt Nam Dân chủ Cộng hòa"
Hoàng Dũng,Trọng Hải,"Hà Nội, Việt Nam Dân chủ Cộng hòa"
Hoàng Dũng,Lê Hoàng,"Hà Nội, Việt Nam Dân chủ Cộng hòa"
Hoàng Dũng,Trần Lực,"Hà Nội, Việt Nam Dân chủ Cộng hòa"
Hoàng Dũng,Hiền Mai,"Hà Nội, Việt Nam Dân chủ Cộng hòa"
Hoàng Dũng,Dũng Yoko,"Hà Nội, Việt Nam Dân chủ Cộng hòa"
Hoàng Dũng,Trần Đức (diễn viên),"Hà Nội, Việt Nam Dân chủ Cộng hòa"
Hoàng Dũng,Công Lý (diễn viên),"Hà Nội, Việt Nam Dân chủ Cộng hòa"
Hoàng Dũng,Nguyễn Minh Trang,"Hà Nội, Việt Nam Dân chủ Cộng hòa"
Hoàng Dũng,Lan Hương (diễn viên sinh 1963),"Hà Nội, Việt Nam Dân chủ Cộng hòa"
Hoàng Dũng,Minh Hằng (diễn viên),"Hà Nội, Việt Nam Dân chủ Cộng hòa"
Hoàng Dũng,Hoàng Khải,"Hà Nội, Việt Nam Dân chủ Cộng hòa"
Hoàng Dũng,Lan Hương (diễn viên sinh 1961),"Hà Nội, Việt Nam Dân chủ Cộng hòa"
Hoàng Dũng,Nguyễn Anh Dũng (diễn viên),"Hà Nội, Việt Nam Dân chủ Cộng hòa"
Hoàng Dũng,Thanh Thanh Hiền,"Hà Nội, Việt Nam Dân chủ Cộng hòa"
Hoàng Dũng,Phạm Tuấn Quang,"Hà Nội, Việt Nam Dân chủ Cộng hòa"
Hoàng Dũng,Lê Vũ Long,"Hà Nội, Việt Nam Dân chủ Cộng hòa"
Hoàng Dũng,Nguyễn Vĩnh Xương,"Hà Nội, Việt Nam Dân chủ Cộng hòa"
Hoàng Dũng,Kim Oanh (diễn viên),"Hà Nội, Việt Nam Dân chủ Cộng hòa"
Hoàng Dũng,Đường Minh Giang,"Hà Nội, Việt Nam Dân chủ Cộng hòa"
Hoàng Dũng,Giang Còi,"Hà Nội, Việt Nam Dân chủ Cộng hòa"
Hoàng Dũng,Trần Nữ Yên Khê,"Hà Nội, Việt Nam Dân chủ Cộng hòa"
Hoàng Dũng,Thanh Lam,"Hà Nội, Việt Nam Dân chủ Cộng hòa"
Lê Khánh,Hạnh Thúy,"Bến Tre, Việt Nam"
Lê Khánh,Quang Đăng,"Bến Tre, Việt Nam"
Lê Khánh,Đoàn Minh Tài,"Bến Tre, Việt Nam"
Lê Khánh,Khương Dừa,"Bến Tre, Việt Nam"
Lê Khánh,Hồng Trang,"Bến Tre, Việt Nam"
Huỳnh Kiến An,Trương Minh Quốc Thái,"Sài Gòn, Việt Nam Cộng hòa"
Huỳnh Kiến An,Stephane Gauger,"Sài Gòn, Việt Nam Cộng hòa"
Huỳnh Kiến An,Trần Bảo Sơn,"Sài Gòn, Việt Nam Cộng hòa"
Huỳnh Kiến An,Lê Công Tuấn Anh,"Sài Gòn, Việt Nam Cộng hòa"
Huỳnh Kiến An,Bảo Liêm,"Sài Gòn, Việt Nam Cộng hòa"
Huỳnh Kiến An,Mỹ Duyên,"Sài Gòn, Việt Nam Cộng hòa"
Huỳnh Kiến An,Thanh Hằng (nghệ sĩ cải lương),"Sài Gòn, Việt Nam Cộng hòa"
Huỳnh Kiến An,Thái Hòa (diễn viên),"Sài Gòn, Việt Nam Cộng hòa"
Huỳnh Kiến An,Việt Anh (nghệ sĩ),"Sài Gòn, Việt Nam Cộng hòa"
Huỳnh Kiến An,Phạm Thị Ngọc Trinh,"Sài Gòn, Việt Nam Cộng hòa"
Huỳnh Kiến An,Cẩm Ly,"Sài Gòn, Việt Nam Cộng hòa"
Huỳnh Kiến An,Việt Dũng,"Sài Gòn, Việt Nam Cộng hòa"
Hạnh Thúy,Đoàn Minh Tài,"Bến Tre, Việt Nam"
Hạnh Thúy,Hồng Trang,"Bến Tre, Việt Nam"
Hạnh Thúy,Quang Đăng,"Bến Tre, Việt Nam"
Hạnh Thúy,Khương Dừa,"Bến Tre, Việt Nam"
Nguyễn Thắng,Khả Ngân,"Thành phố Hồ Chí Minh, Việt Nam"
Nguyễn Thắng,Anh Thư,"Thành phố Hồ Chí Minh, Việt Nam"
Nguyễn Thắng,Nguyễn Thúc Thùy Tiên,"Thành phố Hồ Chí Minh, Việt Nam"
Nguyễn Thắng,Huy Khánh,"Thành phố Hồ Chí Minh, Việt Nam"
Nguyễn Thắng,Đinh Ngọc Diệp,"Thành phố Hồ Chí Minh, Việt Nam"
Nguyễn Thắng,Hứa Vĩ Văn,"Thành phố Hồ Chí Minh, Việt Nam"
Nguyễn Thắng,Ái Phương,"Thành phố Hồ Chí Minh, Việt Nam"
Nguyễn Thắng,Thúy Diễm,"Thành phố Hồ Chí Minh, Việt Nam"
Nguyễn Thắng,Đan Trường,"Thành phố Hồ Chí Minh, Việt Nam"
Nguyễn Thắng,Bạch Công Khanh,"Thành phố Hồ Chí Minh, Việt Nam"
Nguyễn Thắng,Angela Phương Trinh,"Thành phố Hồ Chí Minh, Việt Nam"
Nguyễn Thắng,Việt Hương,"Thành phố Hồ Chí Minh, Việt Nam"
Nguyễn Thắng,Hà Okio,"Thành phố Hồ Chí Minh, Việt Nam"
Nguyễn Thắng,Uyên Linh,"Thành phố Hồ Chí Minh, Việt Nam"
Nguyễn Thắng,Lý Nhã Kỳ,"Thành phố Hồ Chí Minh, Việt Nam"
Nguyễn Thắng,Đàm Phương Linh,"Thành phố Hồ Chí Minh, Việt Nam"
Nguyễn Thắng,Phương Hằng (diễn viên),"Thành phố Hồ Chí Minh, Việt Nam"
Nguyễn Thắng,Quang Tuấn,"Thành phố Hồ Chí Minh, Việt Nam"
Nguyễn Thắng,Yeye Nhật Hạ,"Thành phố Hồ Chí Minh, Việt Nam"
Nguyễn Thắng,Khánh Phương,"Thành phố Hồ Chí Minh, Việt Nam"
Nguyễn Thắng,Võ Thành Tâm,"Thành phố Hồ Chí Minh, Việt Nam"
Nguyễn Thắng,Đại Nghĩa (diễn viên),"Thành phố Hồ Chí Minh, Việt Nam"
Nguyễn Thắng,Kim Hiền (diễn viên),"Thành phố Hồ Chí Minh, Việt Nam"
Nguyễn Thắng,Mỹ Chi,"Thành phố Hồ Chí Minh, Việt Nam"
Nguyễn Thắng,Bằng Lăng,"Thành phố Hồ Chí Minh, Việt Nam"
Nguyễn Thắng,WanBi Tuấn Anh,"Thành phố Hồ Chí Minh, Việt Nam"
Nguyễn Thắng,Lương Bích Hữu,"Thành phố Hồ Chí Minh, Việt Nam"
Nguyễn Thắng,Elly Trần,"Thành phố Hồ Chí Minh, Việt Nam"
Nguyễn Thắng,Wanbi Tuấn Anh,"Thành phố Hồ Chí Minh, Việt Nam"
Nguyễn Thắng,Tường Vi (diễn viên),"Thành phố Hồ Chí Minh, Việt Nam"
Nguyễn Thắng,Chí Thiện (ca sĩ),"Thành phố Hồ Chí Minh, Việt Nam"
Nguyễn Thắng,Hồ Vĩnh Khoa,"Thành phố Hồ Chí Minh, Việt Nam"
Nguyễn Thắng,Thảo Trang,"Thành phố Hồ Chí Minh, Việt Nam"
Nguyễn Thắng,Rocker Nguyen,"Thành phố Hồ Chí Minh, Việt Nam"
Nguyễn Thắng,Phương Mỹ Chi,"Thành phố Hồ Chí Minh, Việt Nam"
Nguyễn Thắng,Thanh Thúy (diễn viên sinh 1982),"Thành phố Hồ Chí Minh, Việt Nam"
Nguyễn Thắng,Kim Tuyến,"Thành phố Hồ Chí Minh, Việt Nam"
Stephane Gauger,Trần Bảo Sơn,"Sài Gòn, Việt Nam Cộng hòa"
Stephane Gauger,Lê Công Tuấn Anh,"Sài Gòn, Việt Nam Cộng hòa"
Stephane Gauger,Bảo Liêm,"Sài Gòn, Việt Nam Cộng hòa"
Stephane Gauger,Mỹ Duyên,"Sài Gòn, Việt Nam Cộng hòa"
Stephane Gauger,Thanh Hằng (nghệ sĩ cải lương),"Sài Gòn, Việt Nam Cộng hòa"
Stephane Gauger,Trương Minh Quốc Thái,"Sài Gòn, Việt Nam Cộng hòa"
Stephane Gauger,Thái Hòa (diễn viên),"Sài Gòn, Việt Nam Cộng hòa"
Stephane Gauger,Việt Anh (nghệ sĩ),"Sài Gòn, Việt Nam Cộng hòa"
Stephane Gauger,Phạm Thị Ngọc Trinh,"Sài Gòn, Việt Nam Cộng hòa"
Stephane Gauger,Cẩm Ly,"Sài Gòn, Việt Nam Cộng hòa"
Stephane Gauger,Việt Dũng,"Sài Gòn, Việt Nam Cộng hòa"
Trần Bảo Sơn,Lê Công Tuấn Anh,"Sài Gòn, Việt Nam Cộng hòa"
Trần Bảo Sơn,Bảo Liêm,"Sài Gòn, Việt Nam Cộng hòa"
Trần Bảo Sơn,Mỹ Duyên,"Sài Gòn, Việt Nam Cộng hòa"
Trần Bảo Sơn,Thanh Hằng (nghệ sĩ cải lương),"Sài Gòn, Việt Nam Cộng hòa"
Trần Bảo Sơn,Trương Minh Quốc Thái,"Sài Gòn, Việt Nam Cộng hòa"
Trần Bảo Sơn,Thái Hòa (diễn viên),"Sài Gòn, Việt Nam Cộng hòa"
Trần Bảo Sơn,Việt Anh (nghệ sĩ),"Sài Gòn, Việt Nam Cộng hòa"
Trần Bảo Sơn,Phạm Thị Ngọc Trinh,"Sài Gòn, Việt Nam Cộng hòa"
Trần Bảo Sơn,Cẩm Ly,"Sài Gòn, Việt Nam Cộng hòa"
Trần Bảo Sơn,Việt Dũng,"Sài Gòn, Việt Nam Cộng hòa"
Phan Thị Mơ,Lê Huỳnh Thúy Ngân,"Cai Lậy, Tiền Giang, Việt Nam"
Khả Ngân,Anh Thư,"Thành phố Hồ Chí Minh, Việt Nam"
Khả Ngân,Nguyễn Thúc Thùy Tiên,"Thành phố Hồ Chí Minh, Việt Nam"
Khả Ngân,Huy Khánh,"Thành phố Hồ Chí Minh, Việt Nam"
Khả Ngân,Đinh Ngọc Diệp,"Thành phố Hồ Chí Minh, Việt Nam"
Khả Ngân,Hứa Vĩ Văn,"Thành phố Hồ Chí Minh, Việt Nam"
Khả Ngân,Ái Phương,"Thành phố Hồ Chí Minh, Việt Nam"
Khả Ngân,Thúy Diễm,"Thành phố Hồ Chí Minh, Việt Nam"
Khả Ngân,Đan Trường,"Thành phố Hồ Chí Minh, Việt Nam"
Khả Ngân,Bạch Công Khanh,"Thành phố Hồ Chí Minh, Việt Nam"
Khả Ngân,Angela Phương Trinh,"Thành phố Hồ Chí Minh, Việt Nam"
Khả Ngân,Việt Hương,"Thành phố Hồ Chí Minh, Việt Nam"
Khả Ngân,Hà Okio,"Thành phố Hồ Chí Minh, Việt Nam"
Khả Ngân,Uyên Linh,"Thành phố Hồ Chí Minh, Việt Nam"
Khả Ngân,Lý Nhã Kỳ,"Thành phố Hồ Chí Minh, Việt Nam"
Khả Ngân,Đàm Phương Linh,"Thành phố Hồ Chí Minh, Việt Nam"
Khả Ngân,Phương Hằng (diễn viên),"Thành phố Hồ Chí Minh, Việt Nam"
Khả Ngân,Quang Tuấn,"Thành phố Hồ Chí Minh, Việt Nam"
Khả Ngân,Yeye Nhật Hạ,"Thành phố Hồ Chí Minh, Việt Nam"
Khả Ngân,Khánh Phương,"Thành phố Hồ Chí Minh, Việt Nam"
Khả Ngân,Võ Thành Tâm,"Thành phố Hồ Chí Minh, Việt Nam"
Khả Ngân,Đại Nghĩa (diễn viên),"Thành phố Hồ Chí Minh, Việt Nam"
Khả Ngân,Kim Hiền (diễn viên),"Thành phố Hồ Chí Minh, Việt Nam"
Khả Ngân,Mỹ Chi,"Thành phố Hồ Chí Minh, Việt Nam"
Khả Ngân,Bằng Lăng,"Thành phố Hồ Chí Minh, Việt Nam"
Khả Ngân,WanBi Tuấn Anh,"Thành phố Hồ Chí Minh, Việt Nam"
Khả Ngân,Lương Bích Hữu,"Thành phố Hồ Chí Minh, Việt Nam"
Khả Ngân,Elly Trần,"Thành phố Hồ Chí Minh, Việt Nam"
Khả Ngân,Wanbi Tuấn Anh,"Thành phố Hồ Chí Minh, Việt Nam"
Khả Ngân,Tường Vi (diễn viên),"Thành phố Hồ Chí Minh, Việt Nam"
Khả Ngân,Chí Thiện (ca sĩ),"Thành phố Hồ Chí Minh, Việt Nam"
Khả Ngân,Hồ Vĩnh Khoa,"Thành phố Hồ Chí Minh, Việt Nam"
Khả Ngân,Thảo Trang,"Thành phố Hồ Chí Minh, Việt Nam"
Khả Ngân,Rocker Nguyen,"Thành phố Hồ Chí Minh, Việt Nam"
Khả Ngân,Phương Mỹ Chi,"Thành phố Hồ Chí Minh, Việt Nam"
Khả Ngân,Thanh Thúy (diễn viên sinh 1982),"Thành phố Hồ Chí Minh, Việt Nam"
Khả Ngân,Kim Tuyến,"Thành phố Hồ Chí Minh, Việt Nam"
Quang Thắng,Thiệu Ánh Dương,"Hải Phòng, Việt Nam Dân chủ Cộng hòa"
Lê Công Tuấn Anh,Bảo Liêm,"Sài Gòn, Việt Nam Cộng hòa"
Lê Công Tuấn Anh,Mỹ Duyên,"Sài Gòn, Việt Nam Cộng hòa"
Lê Công Tuấn Anh,Thanh Hằng (nghệ sĩ cải lương),"Sài Gòn, Việt Nam Cộng hòa"
Lê Công Tuấn Anh,Trương Minh Quốc Thái,"Sài Gòn, Việt Nam Cộng hòa"
Lê Công Tuấn Anh,Thái Hòa (diễn viên),"Sài Gòn, Việt Nam Cộng hòa"
Lê Công Tuấn Anh,Việt Anh (nghệ sĩ),"Sài Gòn, Việt Nam Cộng hòa"
Lê Công Tuấn Anh,Phạm Thị Ngọc Trinh,"Sài Gòn, Việt Nam Cộng hòa"
Lê Công Tuấn Anh,Cẩm Ly,"Sài Gòn, Việt Nam Cộng hòa"
Lê Công Tuấn Anh,Việt Dũng,"Sài Gòn, Việt Nam Cộng hòa"
Thanh Vy,Quốc Hưng,"Hà Nội, Việt Nam Dân chủ Cộng hoà"
Bảo Liêm,Mỹ Duyên,"Sài Gòn, Việt Nam Cộng hòa"
Bảo Liêm,Thanh Hằng (nghệ sĩ cải lương),"Sài Gòn, Việt Nam Cộng hòa"
Bảo Liêm,Trương Minh Quốc Thái,"Sài Gòn, Việt Nam Cộng hòa"
Bảo Liêm,Thái Hòa (diễn viên),"Sài Gòn, Việt Nam Cộng hòa"
Bảo Liêm,Việt Anh (nghệ sĩ),"Sài Gòn, Việt Nam Cộng hòa"
Bảo Liêm,Phạm Thị Ngọc Trinh,"Sài Gòn, Việt Nam Cộng hòa"
Bảo Liêm,Cẩm Ly,"Sài Gòn, Việt Nam Cộng hòa"
Bảo Liêm,Việt Dũng,"Sài Gòn, Việt Nam Cộng hòa"
Anh Thư,Việt Hương,"Thành phố Hồ Chí Minh, Việt Nam"
Anh Thư,Võ Thành Tâm,"Thành phố Hồ Chí Minh, Việt Nam"
Anh Thư,Nguyễn Thúc Thùy Tiên,"Thành phố Hồ Chí Minh, Việt Nam"
Anh Thư,Huy Khánh,"Thành phố Hồ Chí Minh, Việt Nam"
Anh Thư,Đinh Ngọc Diệp,"Thành phố Hồ Chí Minh, Việt Nam"
Anh Thư,Hứa Vĩ Văn,"Thành phố Hồ Chí Minh, Việt Nam"
Anh Thư,Ái Phương,"Thành phố Hồ Chí Minh, Việt Nam"
Anh Thư,Thúy Diễm,"Thành phố Hồ Chí Minh, Việt Nam"
Anh Thư,Đan Trường,"Thành phố Hồ Chí Minh, Việt Nam"
Anh Thư,Bạch Công Khanh,"Thành phố Hồ Chí Minh, Việt Nam"
Anh Thư,Angela Phương Trinh,"Thành phố Hồ Chí Minh, Việt Nam"
Anh Thư,Hà Okio,"Thành phố Hồ Chí Minh, Việt Nam"
Anh Thư,Uyên Linh,"Thành phố Hồ Chí Minh, Việt Nam"
Anh Thư,Lý Nhã Kỳ,"Thành phố Hồ Chí Minh, Việt Nam"
Anh Thư,Đàm Phương Linh,"Thành phố Hồ Chí Minh, Việt Nam"
Anh Thư,Phương Hằng (diễn viên),"Thành phố Hồ Chí Minh, Việt Nam"
Anh Thư,Quang Tuấn,"Thành phố Hồ Chí Minh, Việt Nam"
Anh Thư,Yeye Nhật Hạ,"Thành phố Hồ Chí Minh, Việt Nam"
Anh Thư,Khánh Phương,"Thành phố Hồ Chí Minh, Việt Nam"
Anh Thư,Đại Nghĩa (diễn viên),"Thành phố Hồ Chí Minh, Việt Nam"
Anh Thư,Kim Hiền (diễn viên),"Thành phố Hồ Chí Minh, Việt Nam"
Anh Thư,Mỹ Chi,"Thành phố Hồ Chí Minh, Việt Nam"
Anh Thư,Bằng Lăng,"Thành phố Hồ Chí Minh, Việt Nam"
Anh Thư,WanBi Tuấn Anh,"Thành phố Hồ Chí Minh, Việt Nam"
Anh Thư,Lương Bích Hữu,"Thành phố Hồ Chí Minh, Việt Nam"
Anh Thư,Elly Trần,"Thành phố Hồ Chí Minh, Việt Nam"
Anh Thư,Wanbi Tuấn Anh,"Thành phố Hồ Chí Minh, Việt Nam"
Anh Thư,Tường Vi (diễn viên),"Thành phố Hồ Chí Minh, Việt Nam"
Anh Thư,Chí Thiện (ca sĩ),"Thành phố Hồ Chí Minh, Việt Nam"
Anh Thư,Hồ Vĩnh Khoa,"Thành phố Hồ Chí Minh, Việt Nam"
Anh Thư,Thảo Trang,"Thành phố Hồ Chí Minh, Việt Nam"
Anh Thư,Rocker Nguyen,"Thành phố Hồ Chí Minh, Việt Nam"
Anh Thư,Phương Mỹ Chi,"Thành phố Hồ Chí Minh, Việt Nam"
Anh Thư,Thanh Thúy (diễn viên sinh 1982),"Thành phố Hồ Chí Minh, Việt Nam"
Anh Thư,Kim Tuyến,"Thành phố Hồ Chí Minh, Việt Nam"
Jung Il-woo,Shin Hye-sun,"Seoul, Hàn Quốc"
Go Kyung-pyo,Kang Tae-oh,"Incheon, Hàn Quốc"
Nguyễn Thúc Thùy Tiên,Huy Khánh,"Thành phố Hồ Chí Minh, Việt Nam"
Nguyễn Thúc Thùy Tiên,Đinh Ngọc Diệp,"Thành phố Hồ Chí Minh, Việt Nam"
Nguyễn Thúc Thùy Tiên,Hứa Vĩ Văn,"Thành phố Hồ Chí Minh, Việt Nam"
Nguyễn Thúc Thùy Tiên,Ái Phương,"Thành phố Hồ Chí Minh, Việt Nam"
Nguyễn Thúc Thùy Tiên,Thúy Diễm,"Thành phố Hồ Chí Minh, Việt Nam"
Nguyễn Thúc Thùy Tiên,Đan Trường,"Thành phố Hồ Chí Minh, Việt Nam"
Nguyễn Thúc Thùy Tiên,Bạch Công Khanh,"Thành phố Hồ Chí Minh, Việt Nam"
Nguyễn Thúc Thùy Tiên,Angela Phương Trinh,"Thành phố Hồ Chí Minh, Việt Nam"
Nguyễn Thúc Thùy Tiên,Việt Hương,"Thành phố Hồ Chí Minh, Việt Nam"
Nguyễn Thúc Thùy Tiên,Hà Okio,"Thành phố Hồ Chí Minh, Việt Nam"
Nguyễn Thúc Thùy Tiên,Uyên Linh,"Thành phố Hồ Chí Minh, Việt Nam"
Nguyễn Thúc Thùy Tiên,Lý Nhã Kỳ,"Thành phố Hồ Chí Minh, Việt Nam"
Nguyễn Thúc Thùy Tiên,Đàm Phương Linh,"Thành phố Hồ Chí Minh, Việt Nam"
Nguyễn Thúc Thùy Tiên,Phương Hằng (diễn viên),"Thành phố Hồ Chí Minh, Việt Nam"
Nguyễn Thúc Thùy Tiên,Quang Tuấn,"Thành phố Hồ Chí Minh, Việt Nam"
Nguyễn Thúc Thùy Tiên,Yeye Nhật Hạ,"Thành phố Hồ Chí Minh, Việt Nam"
Nguyễn Thúc Thùy Tiên,Khánh Phương,"Thành phố Hồ Chí Minh, Việt Nam"
Nguyễn Thúc Thùy Tiên,Võ Thành Tâm,"Thành phố Hồ Chí Minh, Việt Nam"
Nguyễn Thúc Thùy Tiên,Đại Nghĩa (diễn viên),"Thành phố Hồ Chí Minh, Việt Nam"
Nguyễn Thúc Thùy Tiên,Kim Hiền (diễn viên),"Thành phố Hồ Chí Minh, Việt Nam"
Nguyễn Thúc Thùy Tiên,Mỹ Chi,"Thành phố Hồ Chí Minh, Việt Nam"
Nguyễn Thúc Thùy Tiên,Bằng Lăng,"Thành phố Hồ Chí Minh, Việt Nam"
Nguyễn Thúc Thùy Tiên,WanBi Tuấn Anh,"Thành phố Hồ Chí Minh, Việt Nam"
Nguyễn Thúc Thùy Tiên,Lương Bích Hữu,"Thành phố Hồ Chí Minh, Việt Nam"
Nguyễn Thúc Thùy Tiên,Elly Trần,"Thành phố Hồ Chí Minh, Việt Nam"
Nguyễn Thúc Thùy Tiên,Wanbi Tuấn Anh,"Thành phố Hồ Chí Minh, Việt Nam"
Nguyễn Thúc Thùy Tiên,Tường Vi (diễn viên),"Thành phố Hồ Chí Minh, Việt Nam"
Nguyễn Thúc Thùy Tiên,Chí Thiện (ca sĩ),"Thành phố Hồ Chí Minh, Việt Nam"
Nguyễn Thúc Thùy Tiên,Hồ Vĩnh Khoa,"Thành phố Hồ Chí Minh, Việt Nam"
Nguyễn Thúc Thùy Tiên,Thảo Trang,"Thành phố Hồ Chí Minh, Việt Nam"
Nguyễn Thúc Thùy Tiên,Rocker Nguyen,"Thành phố Hồ Chí Minh, Việt Nam"
Nguyễn Thúc Thùy Tiên,Phương Mỹ Chi,"Thành phố Hồ Chí Minh, Việt Nam"
Nguyễn Thúc Thùy Tiên,Thanh Thúy (diễn viên sinh 1982),"Thành phố Hồ Chí Minh, Việt Nam"
Nguyễn Thúc Thùy Tiên,Kim Tuyến,"Thành phố Hồ Chí Minh, Việt Nam"
Việt Khuê,Phùng Hoa Hoài Linh,"Hà Nội, Việt Nam"
Việt Khuê,Dương Hoàng Anh,"Hà Nội, Việt Nam"
Việt Khuê,Mỹ Anh,"Hà Nội, Việt Nam"
Việt Khuê,Châu Bùi,"Hà Nội, Việt Nam"
Việt Khuê,Hoàng Yến Chibi,"Hà Nội, Việt Nam"
Việt Khuê,Thu Quỳnh,"Hà Nội, Việt Nam"
Việt Khuê,Thanh Vân Hugo,"Hà Nội, Việt Nam"
Việt Khuê,Lã Thanh Huyền,"Hà Nội, Việt Nam"
Việt Khuê,Kiều My,"Hà Nội, Việt Nam"
Việt Khuê,Phan Minh Huyền,"Hà Nội, Việt Nam"
Việt Khuê,Hồng Diễm,"Hà Nội, Việt Nam"
Việt Khuê,Thùy Anh,"Hà Nội, Việt Nam"
Việt Khuê,Đan Lê,"Hà Nội, Việt Nam"
Việt Khuê,Duy Hưng,"Hà Nội, Việt Nam"
Việt Khuê,Bảo Anh (diễn viên),"Hà Nội, Việt Nam"
Việt Khuê,Thùy Linh,"Hà Nội, Việt Nam"
Việt Khuê,Hoàng Hà (diễn viên),"Hà Nội, Việt Nam"
Việt Khuê,Lân Bích,"Hà Nội, Việt Nam"
Việt Khuê,Khắc Cường,"Hà Nội, Việt Nam"
Việt Khuê,Phạm Quỳnh Anh,"Hà Nội, Việt Nam"
Việt Khuê,Bùi Lan Hương,"Hà Nội, Việt Nam"
Việt Khuê,Trương Ngọc Ánh,"Hà Nội, Việt Nam"
Việt Khuê,Mai Phương Thúy,"Hà Nội, Việt Nam"
Việt Khuê,Thu Minh,"Hà Nội, Việt Nam"
Việt Khuê,Trần Yến Chi,"Hà Nội, Việt Nam"
Việt Khuê,Lương Mạnh Hải,"Hà Nội, Việt Nam"
Việt Khuê,Yến Vi,"Hà Nội, Việt Nam"
Việt Khuê,Hoàng Thùy Linh,"Hà Nội, Việt Nam"
Việt Khuê,Chi Pu,"Hà Nội, Việt Nam"
Việt Khuê,Tăng Nhật Tuệ,"Hà Nội, Việt Nam"
Việt Khuê,Đức Phúc,"Hà Nội, Việt Nam"
Việt Khuê,Công Dương,"Hà Nội, Việt Nam"
Việt Khuê,Huỳnh Anh (diễn viên),"Hà Nội, Việt Nam"
Việt Khuê,Bảo Hân,"Hà Nội, Việt Nam"
Việt Khuê,Tuấn Tú,"Hà Nội, Việt Nam"
Việt Khuê,Quỳnh Nga,"Hà Nội, Việt Nam"
Việt Khuê,Mai Thu Huyền,"Hà Nội, Việt Nam"
Việt Khuê,Trần Việt Hoàng,"Hà Nội, Việt Nam"
Việt Khuê,Khánh Linh,"Hà Nội, Việt Nam"
Việt Khuê,Chí Nhân,"Hà Nội, Việt Nam"
Việt Khuê,Kiều Thanh,"Hà Nội, Việt Nam"
Việt Khuê,Phùng Tiến Minh,"Hà Nội, Việt Nam"
Việt Khuê,Nguyễn Thu Hà,"Hà Nội, Việt Nam"
Việt Khuê,Thanh Sơn (diễn viên),"Hà Nội, Việt Nam"
Việt Khuê,Bùi Như Lai,"Hà Nội, Việt Nam"
Việt Khuê,Yến Vy,"Hà Nội, Việt Nam"
Việt Khuê,Phan Anh (người dẫn chương trình),"Hà Nội, Việt Nam"
Huy Khánh,Đinh Ngọc Diệp,"Thành phố Hồ Chí Minh, Việt Nam"
Huy Khánh,Việt Hương,"Thành phố Hồ Chí Minh, Việt Nam"
Huy Khánh,Hà Okio,"Thành phố Hồ Chí Minh, Việt Nam"
Huy Khánh,Uyên Linh,"Thành phố Hồ Chí Minh, Việt Nam"
Huy Khánh,Bằng Lăng,"Thành phố Hồ Chí Minh, Việt Nam"
Huy Khánh,WanBi Tuấn Anh,"Thành phố Hồ Chí Minh, Việt Nam"
Huy Khánh,Angela Phương Trinh,"Thành phố Hồ Chí Minh, Việt Nam"
Huy Khánh,Võ Thành Tâm,"Thành phố Hồ Chí Minh, Việt Nam"
Huy Khánh,Bạch Công Khanh,"Thành phố Hồ Chí Minh, Việt Nam"
Huy Khánh,Hứa Vĩ Văn,"Thành phố Hồ Chí Minh, Việt Nam"
Huy Khánh,Ái Phương,"Thành phố Hồ Chí Minh, Việt Nam"
Huy Khánh,Thúy Diễm,"Thành phố Hồ Chí Minh, Việt Nam"
Huy Khánh,Đan Trường,"Thành phố Hồ Chí Minh, Việt Nam"
Huy Khánh,Lý Nhã Kỳ,"Thành phố Hồ Chí Minh, Việt Nam"
Huy Khánh,Đàm Phương Linh,"Thành phố Hồ Chí Minh, Việt Nam"
Huy Khánh,Phương Hằng (diễn viên),"Thành phố Hồ Chí Minh, Việt Nam"
Huy Khánh,Quang Tuấn,"Thành phố Hồ Chí Minh, Việt Nam"
Huy Khánh,Yeye Nhật Hạ,"Thành phố Hồ Chí Minh, Việt Nam"
Huy Khánh,Khánh Phương,"Thành phố Hồ Chí Minh, Việt Nam"
Huy Khánh,Đại Nghĩa (diễn viên),"Thành phố Hồ Chí Minh, Việt Nam"
Huy Khánh,Kim Hiền (diễn viên),"Thành phố Hồ Chí Minh, Việt Nam"
Huy Khánh,Mỹ Chi,"Thành phố Hồ Chí Minh, Việt Nam"
Huy Khánh,Lương Bích Hữu,"Thành phố Hồ Chí Minh, Việt Nam"
Huy Khánh,Elly Trần,"Thành phố Hồ Chí Minh, Việt Nam"
Huy Khánh,Wanbi Tuấn Anh,"Thành phố Hồ Chí Minh, Việt Nam"
Huy Khánh,Tường Vi (diễn viên),"Thành phố Hồ Chí Minh, Việt Nam"
Huy Khánh,Chí Thiện (ca sĩ),"Thành phố Hồ Chí Minh, Việt Nam"
Huy Khánh,Hồ Vĩnh Khoa,"Thành phố Hồ Chí Minh, Việt Nam"
Huy Khánh,Thảo Trang,"Thành phố Hồ Chí Minh, Việt Nam"
Huy Khánh,Rocker Nguyen,"Thành phố Hồ Chí Minh, Việt Nam"
Huy Khánh,Phương Mỹ Chi,"Thành phố Hồ Chí Minh, Việt Nam"
Huy Khánh,Thanh Thúy (diễn viên sinh 1982),"Thành phố Hồ Chí Minh, Việt Nam"
Huy Khánh,Kim Tuyến,"Thành phố Hồ Chí Minh, Việt Nam"
Đinh Ngọc Diệp,Hứa Vĩ Văn,"Thành phố Hồ Chí Minh, Việt Nam"
Đinh Ngọc Diệp,Ái Phương,"Thành phố Hồ Chí Minh, Việt Nam"
Đinh Ngọc Diệp,Thúy Diễm,"Thành phố Hồ Chí Minh, Việt Nam"
Đinh Ngọc Diệp,Đan Trường,"Thành phố Hồ Chí Minh, Việt Nam"
Đinh Ngọc Diệp,Bạch Công Khanh,"Thành phố Hồ Chí Minh, Việt Nam"
Đinh Ngọc Diệp,Angela Phương Trinh,"Thành phố Hồ Chí Minh, Việt Nam"
Đinh Ngọc Diệp,Việt Hương,"Thành phố Hồ Chí Minh, Việt Nam"
Đinh Ngọc Diệp,Hà Okio,"Thành phố Hồ Chí Minh, Việt Nam"
Đinh Ngọc Diệp,Uyên Linh,"Thành phố Hồ Chí Minh, Việt Nam"
Đinh Ngọc Diệp,Lý Nhã Kỳ,"Thành phố Hồ Chí Minh, Việt Nam"
Đinh Ngọc Diệp,Đàm Phương Linh,"Thành phố Hồ Chí Minh, Việt Nam"
Đinh Ngọc Diệp,Phương Hằng (diễn viên),"Thành phố Hồ Chí Minh, Việt Nam"
Đinh Ngọc Diệp,Quang Tuấn,"Thành phố Hồ Chí Minh, Việt Nam"
Đinh Ngọc Diệp,Yeye Nhật Hạ,"Thành phố Hồ Chí Minh, Việt Nam"
Đinh Ngọc Diệp,Khánh Phương,"Thành phố Hồ Chí Minh, Việt Nam"
Đinh Ngọc Diệp,Võ Thành Tâm,"Thành phố Hồ Chí Minh, Việt Nam"
Đinh Ngọc Diệp,Đại Nghĩa (diễn viên),"Thành phố Hồ Chí Minh, Việt Nam"
Đinh Ngọc Diệp,Kim Hiền (diễn viên),"Thành phố Hồ Chí Minh, Việt Nam"
Đinh Ngọc Diệp,Mỹ Chi,"Thành phố Hồ Chí Minh, Việt Nam"
Đinh Ngọc Diệp,Bằng Lăng,"Thành phố Hồ Chí Minh, Việt Nam"
Đinh Ngọc Diệp,WanBi Tuấn Anh,"Thành phố Hồ Chí Minh, Việt Nam"
Đinh Ngọc Diệp,Lương Bích Hữu,"Thành phố Hồ Chí Minh, Việt Nam"
Đinh Ngọc Diệp,Elly Trần,"Thành phố Hồ Chí Minh, Việt Nam"
Đinh Ngọc Diệp,Wanbi Tuấn Anh,"Thành phố Hồ Chí Minh, Việt Nam"
Đinh Ngọc Diệp,Tường Vi (diễn viên),"Thành phố Hồ Chí Minh, Việt Nam"
Đinh Ngọc Diệp,Chí Thiện (ca sĩ),"Thành phố Hồ Chí Minh, Việt Nam"
Đinh Ngọc Diệp,Hồ Vĩnh Khoa,"Thành phố Hồ Chí Minh, Việt Nam"
Đinh Ngọc Diệp,Thảo Trang,"Thành phố Hồ Chí Minh, Việt Nam"
Đinh Ngọc Diệp,Rocker Nguyen,"Thành phố Hồ Chí Minh, Việt Nam"
Đinh Ngọc Diệp,Phương Mỹ Chi,"Thành phố Hồ Chí Minh, Việt Nam"
Đinh Ngọc Diệp,Thanh Thúy (diễn viên sinh 1982),"Thành phố Hồ Chí Minh, Việt Nam"
Đinh Ngọc Diệp,Kim Tuyến,"Thành phố Hồ Chí Minh, Việt Nam"
Hứa Vĩ Văn,Đàm Phương Linh,"Thành phố Hồ Chí Minh, Việt Nam"
Hứa Vĩ Văn,Thảo Trang,"Thành phố Hồ Chí Minh, Việt Nam"
Hứa Vĩ Văn,Uyên Linh,"Thành phố Hồ Chí Minh, Việt Nam"
Hứa Vĩ Văn,Võ Thành Tâm,"Thành phố Hồ Chí Minh, Việt Nam"
Hứa Vĩ Văn,Quang Tuấn,"Thành phố Hồ Chí Minh, Việt Nam"
Hứa Vĩ Văn,Ái Phương,"Thành phố Hồ Chí Minh, Việt Nam"
Hứa Vĩ Văn,Thúy Diễm,"Thành phố Hồ Chí Minh, Việt Nam"
Hứa Vĩ Văn,Đan Trường,"Thành phố Hồ Chí Minh, Việt Nam"
Hứa Vĩ Văn,Bạch Công Khanh,"Thành phố Hồ Chí Minh, Việt Nam"
Hứa Vĩ Văn,Angela Phương Trinh,"Thành phố Hồ Chí Minh, Việt Nam"
Hứa Vĩ Văn,Việt Hương,"Thành phố Hồ Chí Minh, Việt Nam"
Hứa Vĩ Văn,Hà Okio,"Thành phố Hồ Chí Minh, Việt Nam"
Hứa Vĩ Văn,Lý Nhã Kỳ,"Thành phố Hồ Chí Minh, Việt Nam"
Hứa Vĩ Văn,Phương Hằng (diễn viên),"Thành phố Hồ Chí Minh, Việt Nam"
Hứa Vĩ Văn,Yeye Nhật Hạ,"Thành phố Hồ Chí Minh, Việt Nam"
Hứa Vĩ Văn,Khánh Phương,"Thành phố Hồ Chí Minh, Việt Nam"
Hứa Vĩ Văn,Đại Nghĩa (diễn viên),"Thành phố Hồ Chí Minh, Việt Nam"
Hứa Vĩ Văn,Kim Hiền (diễn viên),"Thành phố Hồ Chí Minh, Việt Nam"
Hứa Vĩ Văn,Mỹ Chi,"Thành phố Hồ Chí Minh, Việt Nam"
Hứa Vĩ Văn,Bằng Lăng,"Thành phố Hồ Chí Minh, Việt Nam"
Hứa Vĩ Văn,WanBi Tuấn Anh,"Thành phố Hồ Chí Minh, Việt Nam"
Hứa Vĩ Văn,Lương Bích Hữu,"Thành phố Hồ Chí Minh, Việt Nam"
Hứa Vĩ Văn,Elly Trần,"Thành phố Hồ Chí Minh, Việt Nam"
Hứa Vĩ Văn,Wanbi Tuấn Anh,"Thành phố Hồ Chí Minh, Việt Nam"
Hứa Vĩ Văn,Tường Vi (diễn viên),"Thành phố Hồ Chí Minh, Việt Nam"
Hứa Vĩ Văn,Chí Thiện (ca sĩ),"Thành phố Hồ Chí Minh, Việt Nam"
Hứa Vĩ Văn,Hồ Vĩnh Khoa,"Thành phố Hồ Chí Minh, Việt Nam"
Hứa Vĩ Văn,Rocker Nguyen,"Thành phố Hồ Chí Minh, Việt Nam"
Hứa Vĩ Văn,Phương Mỹ Chi,"Thành phố Hồ Chí Minh, Việt Nam"
Hứa Vĩ Văn,Thanh Thúy (diễn viên sinh 1982),"Thành phố Hồ Chí Minh, Việt Nam"
Hứa Vĩ Văn,Kim Tuyến,"Thành phố Hồ Chí Minh, Việt Nam"
Dũng Nhi,Đỗ Kỷ,"Hà Nội, Việt Nam Dân chủ Cộng hòa"
Dũng Nhi,Trần Đức (diễn viên),"Hà Nội, Việt Nam Dân chủ Cộng hòa"
Dũng Nhi,Tiến Đạt,"Hà Nội, Việt Nam Dân chủ Cộng hòa"
Dũng Nhi,Tuấn Quang,"Hà Nội, Việt Nam Dân chủ Cộng hòa"
Dũng Nhi,Quốc Khánh (nghệ sĩ),"Hà Nội, Việt Nam Dân chủ Cộng hòa"
Dũng Nhi,Đức Khuê,"Hà Nội, Việt Nam Dân chủ Cộng hòa"
Dũng Nhi,Hoàng Hải (diễn viên),"Hà Nội, Việt Nam Dân chủ Cộng hòa"
Dũng Nhi,Chu Hùng,"Hà Nội, Việt Nam Dân chủ Cộng hòa"
Dũng Nhi,Việt Thắng (diễn viên),"Hà Nội, Việt Nam Dân chủ Cộng hòa"
Dũng Nhi,Mạnh Cường,"Hà Nội, Việt Nam Dân chủ Cộng hòa"
Dũng Nhi,Hồng Nhung,"Hà Nội, Việt Nam Dân chủ Cộng hòa"
Dũng Nhi,Tất Bình,"Hà Nội, Việt Nam Dân chủ Cộng hòa"
Dũng Nhi,Vĩnh Xương (diễn viên),"Hà Nội, Việt Nam Dân chủ Cộng hòa"
Dũng Nhi,Tú Oanh,"Hà Nội, Việt Nam Dân chủ Cộng hòa"
Dũng Nhi,Mỹ Linh,"Hà Nội, Việt Nam Dân chủ Cộng hòa"
Dũng Nhi,Trọng Hải,"Hà Nội, Việt Nam Dân chủ Cộng hòa"
Dũng Nhi,Lê Hoàng,"Hà Nội, Việt Nam Dân chủ Cộng hòa"
Dũng Nhi,Chí Trung,"Hà Nội, Việt Nam Dân chủ Cộng hòa"
Dũng Nhi,Trần Lực,"Hà Nội, Việt Nam Dân chủ Cộng hòa"
Dũng Nhi,Hiền Mai,"Hà Nội, Việt Nam Dân chủ Cộng hòa"
Dũng Nhi,Dũng Yoko,"Hà Nội, Việt Nam Dân chủ Cộng hòa"
Dũng Nhi,Phú Đôn,"Hà Nội, Việt Nam Dân chủ Cộng hòa"
Dũng Nhi,Công Lý (diễn viên),"Hà Nội, Việt Nam Dân chủ Cộng hòa"
Dũng Nhi,Nguyễn Minh Trang,"Hà Nội, Việt Nam Dân chủ Cộng hòa"
Dũng Nhi,Lan Hương (diễn viên sinh 1963),"Hà Nội, Việt Nam Dân chủ Cộng hòa"
Dũng Nhi,Minh Hằng (diễn viên),"Hà Nội, Việt Nam Dân chủ Cộng hòa"
Dũng Nhi,Hoàng Khải,"Hà Nội, Việt Nam Dân chủ Cộng hòa"
Dũng Nhi,Lan Hương (diễn viên sinh 1961),"Hà Nội, Việt Nam Dân chủ Cộng hòa"
Dũng Nhi,Nguyễn Anh Dũng (diễn viên),"Hà Nội, Việt Nam Dân chủ Cộng hòa"
Dũng Nhi,Thanh Thanh Hiền,"Hà Nội, Việt Nam Dân chủ Cộng hòa"
Dũng Nhi,Phạm Tuấn Quang,"Hà Nội, Việt Nam Dân chủ Cộng hòa"
Dũng Nhi,Lê Vũ Long,"Hà Nội, Việt Nam Dân chủ Cộng hòa"
Dũng Nhi,Duy Hậu,"Hà Nội, Việt Nam Dân chủ Cộng hòa"
Dũng Nhi,Võ Hoài Nam,"Hà Nội, Việt Nam Dân chủ Cộng hòa"
Dũng Nhi,Nguyễn Vĩnh Xương,"Hà Nội, Việt Nam Dân chủ Cộng hòa"
Dũng Nhi,Kim Oanh (diễn viên),"Hà Nội, Việt Nam Dân chủ Cộng hòa"
Dũng Nhi,Đường Minh Giang,"Hà Nội, Việt Nam Dân chủ Cộng hòa"
Dũng Nhi,Giang Còi,"Hà Nội, Việt Nam Dân chủ Cộng hòa"
Dũng Nhi,Trần Nữ Yên Khê,"Hà Nội, Việt Nam Dân chủ Cộng hòa"
Dũng Nhi,Thanh Lam,"Hà Nội, Việt Nam Dân chủ Cộng hòa"
Phùng Hoa Hoài Linh,Dương Hoàng Anh,"Hà Nội, Việt Nam"
Phùng Hoa Hoài Linh,Mỹ Anh,"Hà Nội, Việt Nam"
Phùng Hoa Hoài Linh,Châu Bùi,"Hà Nội, Việt Nam"
Phùng Hoa Hoài Linh,Hoàng Yến Chibi,"Hà Nội, Việt Nam"
Phùng Hoa Hoài Linh,Thu Quỳnh,"Hà Nội, Việt Nam"
Phùng Hoa Hoài Linh,Thanh Vân Hugo,"Hà Nội, Việt Nam"
Phùng Hoa Hoài Linh,Lã Thanh Huyền,"Hà Nội, Việt Nam"
Phùng Hoa Hoài Linh,Kiều My,"Hà Nội, Việt Nam"
Phùng Hoa Hoài Linh,Phan Minh Huyền,"Hà Nội, Việt Nam"
Phùng Hoa Hoài Linh,Hồng Diễm,"Hà Nội, Việt Nam"
Phùng Hoa Hoài Linh,Thùy Anh,"Hà Nội, Việt Nam"
Phùng Hoa Hoài Linh,Đan Lê,"Hà Nội, Việt Nam"
Phùng Hoa Hoài Linh,Duy Hưng,"Hà Nội, Việt Nam"
Phùng Hoa Hoài Linh,Bảo Anh (diễn viên),"Hà Nội, Việt Nam"
Phùng Hoa Hoài Linh,Thùy Linh,"Hà Nội, Việt Nam"
Phùng Hoa Hoài Linh,Hoàng Hà (diễn viên),"Hà Nội, Việt Nam"
Phùng Hoa Hoài Linh,Lân Bích,"Hà Nội, Việt Nam"
Phùng Hoa Hoài Linh,Khắc Cường,"Hà Nội, Việt Nam"
Phùng Hoa Hoài Linh,Phạm Quỳnh Anh,"Hà Nội, Việt Nam"
Phùng Hoa Hoài Linh,Bùi Lan Hương,"Hà Nội, Việt Nam"
Phùng Hoa Hoài Linh,Trương Ngọc Ánh,"Hà Nội, Việt Nam"
Phùng Hoa Hoài Linh,Mai Phương Thúy,"Hà Nội, Việt Nam"
Phùng Hoa Hoài Linh,Thu Minh,"Hà Nội, Việt Nam"
Phùng Hoa Hoài Linh,Trần Yến Chi,"Hà Nội, Việt Nam"
Phùng Hoa Hoài Linh,Lương Mạnh Hải,"Hà Nội, Việt Nam"
Phùng Hoa Hoài Linh,Yến Vi,"Hà Nội, Việt Nam"
Phùng Hoa Hoài Linh,Hoàng Thùy Linh,"Hà Nội, Việt Nam"
Phùng Hoa Hoài Linh,Chi Pu,"Hà Nội, Việt Nam"
Phùng Hoa Hoài Linh,Tăng Nhật Tuệ,"Hà Nội, Việt Nam"
Phùng Hoa Hoài Linh,Đức Phúc,"Hà Nội, Việt Nam"
Phùng Hoa Hoài Linh,Công Dương,"Hà Nội, Việt Nam"
Phùng Hoa Hoài Linh,Huỳnh Anh (diễn viên),"Hà Nội, Việt Nam"
Phùng Hoa Hoài Linh,Bảo Hân,"Hà Nội, Việt Nam"
Phùng Hoa Hoài Linh,Tuấn Tú,"Hà Nội, Việt Nam"
Phùng Hoa Hoài Linh,Quỳnh Nga,"Hà Nội, Việt Nam"
Phùng Hoa Hoài Linh,Mai Thu Huyền,"Hà Nội, Việt Nam"
Phùng Hoa Hoài Linh,Trần Việt Hoàng,"Hà Nội, Việt Nam"
Phùng Hoa Hoài Linh,Khánh Linh,"Hà Nội, Việt Nam"
Phùng Hoa Hoài Linh,Chí Nhân,"Hà Nội, Việt Nam"
Phùng Hoa Hoài Linh,Kiều Thanh,"Hà Nội, Việt Nam"
Phùng Hoa Hoài Linh,Phùng Tiến Minh,"Hà Nội, Việt Nam"
Phùng Hoa Hoài Linh,Nguyễn Thu Hà,"Hà Nội, Việt Nam"
Phùng Hoa Hoài Linh,Thanh Sơn (diễn viên),"Hà Nội, Việt Nam"
Phùng Hoa Hoài Linh,Bùi Như Lai,"Hà Nội, Việt Nam"
Phùng Hoa Hoài Linh,Yến Vy,"Hà Nội, Việt Nam"
Phùng Hoa Hoài Linh,Phan Anh (người dẫn chương trình),"Hà Nội, Việt Nam"
Dương Hoàng Anh,Mỹ Anh,"Hà Nội, Việt Nam"
Dương Hoàng Anh,Châu Bùi,"Hà Nội, Việt Nam"
Dương Hoàng Anh,Hoàng Yến Chibi,"Hà Nội, Việt Nam"
Dương Hoàng Anh,Thu Quỳnh,"Hà Nội, Việt Nam"
Dương Hoàng Anh,Thanh Vân Hugo,"Hà Nội, Việt Nam"
Dương Hoàng Anh,Lã Thanh Huyền,"Hà Nội, Việt Nam"
Dương Hoàng Anh,Kiều My,"Hà Nội, Việt Nam"
Dương Hoàng Anh,Phan Minh Huyền,"Hà Nội, Việt Nam"
Dương Hoàng Anh,Hồng Diễm,"Hà Nội, Việt Nam"
Dương Hoàng Anh,Thùy Anh,"Hà Nội, Việt Nam"
Dương Hoàng Anh,Đan Lê,"Hà Nội, Việt Nam"
Dương Hoàng Anh,Duy Hưng,"Hà Nội, Việt Nam"
Dương Hoàng Anh,Bảo Anh (diễn viên),"Hà Nội, Việt Nam"
Dương Hoàng Anh,Thùy Linh,"Hà Nội, Việt Nam"
Dương Hoàng Anh,Hoàng Hà (diễn viên),"Hà Nội, Việt Nam"
Dương Hoàng Anh,Lân Bích,"Hà Nội, Việt Nam"
Dương Hoàng Anh,Khắc Cường,"Hà Nội, Việt Nam"
Dương Hoàng Anh,Phạm Quỳnh Anh,"Hà Nội, Việt Nam"
Dương Hoàng Anh,Bùi Lan Hương,"Hà Nội, Việt Nam"
Dương Hoàng Anh,Trương Ngọc Ánh,"Hà Nội, Việt Nam"
Dương Hoàng Anh,Mai Phương Thúy,"Hà Nội, Việt Nam"
Dương Hoàng Anh,Thu Minh,"Hà Nội, Việt Nam"
Dương Hoàng Anh,Trần Yến Chi,"Hà Nội, Việt Nam"
Dương Hoàng Anh,Lương Mạnh Hải,"Hà Nội, Việt Nam"
Dương Hoàng Anh,Yến Vi,"Hà Nội, Việt Nam"
Dương Hoàng Anh,Hoàng Thùy Linh,"Hà Nội, Việt Nam"
Dương Hoàng Anh,Chi Pu,"Hà Nội, Việt Nam"
Dương Hoàng Anh,Tăng Nhật Tuệ,"Hà Nội, Việt Nam"
Dương Hoàng Anh,Đức Phúc,"Hà Nội, Việt Nam"
Dương Hoàng Anh,Công Dương,"Hà Nội, Việt Nam"
Dương Hoàng Anh,Huỳnh Anh (diễn viên),"Hà Nội, Việt Nam"
Dương Hoàng Anh,Bảo Hân,"Hà Nội, Việt Nam"
Dương Hoàng Anh,Tuấn Tú,"Hà Nội, Việt Nam"
Dương Hoàng Anh,Quỳnh Nga,"Hà Nội, Việt Nam"
Dương Hoàng Anh,Mai Thu Huyền,"Hà Nội, Việt Nam"
Dương Hoàng Anh,Trần Việt Hoàng,"Hà Nội, Việt Nam"
Dương Hoàng Anh,Khánh Linh,"Hà Nội, Việt Nam"
Dương Hoàng Anh,Chí Nhân,"Hà Nội, Việt Nam"
Dương Hoàng Anh,Kiều Thanh,"Hà Nội, Việt Nam"
Dương Hoàng Anh,Phùng Tiến Minh,"Hà Nội, Việt Nam"
Dương Hoàng Anh,Nguyễn Thu Hà,"Hà Nội, Việt Nam"
Dương Hoàng Anh,Thanh Sơn (diễn viên),"Hà Nội, Việt Nam"
Dương Hoàng Anh,Bùi Như Lai,"Hà Nội, Việt Nam"
Dương Hoàng Anh,Yến Vy,"Hà Nội, Việt Nam"
Dương Hoàng Anh,Phan Anh (người dẫn chương trình),"Hà Nội, Việt Nam"
Hoàng Bách,Đình Chiến,"Nam Định, Việt Nam"
Hoàng Bách,Đoan Trang,"Nam Định, Việt Nam"
Hoàng Bách,Diệu Hương (diễn viên),"Nam Định, Việt Nam"
Mỹ Anh,Châu Bùi,"Hà Nội, Việt Nam"
Mỹ Anh,Hoàng Yến Chibi,"Hà Nội, Việt Nam"
Mỹ Anh,Thu Quỳnh,"Hà Nội, Việt Nam"
Mỹ Anh,Thanh Vân Hugo,"Hà Nội, Việt Nam"
Mỹ Anh,Lã Thanh Huyền,"Hà Nội, Việt Nam"
Mỹ Anh,Kiều My,"Hà Nội, Việt Nam"
Mỹ Anh,Phan Minh Huyền,"Hà Nội, Việt Nam"
Mỹ Anh,Hồng Diễm,"Hà Nội, Việt Nam"
Mỹ Anh,Thùy Anh,"Hà Nội, Việt Nam"
Mỹ Anh,Đan Lê,"Hà Nội, Việt Nam"
Mỹ Anh,Duy Hưng,"Hà Nội, Việt Nam"
Mỹ Anh,Bảo Anh (diễn viên),"Hà Nội, Việt Nam"
Mỹ Anh,Thùy Linh,"Hà Nội, Việt Nam"
Mỹ Anh,Hoàng Hà (diễn viên),"Hà Nội, Việt Nam"
Mỹ Anh,Lân Bích,"Hà Nội, Việt Nam"
Mỹ Anh,Khắc Cường,"Hà Nội, Việt Nam"
Mỹ Anh,Phạm Quỳnh Anh,"Hà Nội, Việt Nam"
Mỹ Anh,Bùi Lan Hương,"Hà Nội, Việt Nam"
Mỹ Anh,Trương Ngọc Ánh,"Hà Nội, Việt Nam"
Mỹ Anh,Mai Phương Thúy,"Hà Nội, Việt Nam"
Mỹ Anh,Thu Minh,"Hà Nội, Việt Nam"
Mỹ Anh,Trần Yến Chi,"Hà Nội, Việt Nam"
Mỹ Anh,Lương Mạnh Hải,"Hà Nội, Việt Nam"
Mỹ Anh,Yến Vi,"Hà Nội, Việt Nam"
Mỹ Anh,Hoàng Thùy Linh,"Hà Nội, Việt Nam"
Mỹ Anh,Chi Pu,"Hà Nội, Việt Nam"
Mỹ Anh,Tăng Nhật Tuệ,"Hà Nội, Việt Nam"
Mỹ Anh,Đức Phúc,"Hà Nội, Việt Nam"
Mỹ Anh,Công Dương,"Hà Nội, Việt Nam"
Mỹ Anh,Huỳnh Anh (diễn viên),"Hà Nội, Việt Nam"
Mỹ Anh,Bảo Hân,"Hà Nội, Việt Nam"
Mỹ Anh,Tuấn Tú,"Hà Nội, Việt Nam"
Mỹ Anh,Quỳnh Nga,"Hà Nội, Việt Nam"
Mỹ Anh,Mai Thu Huyền,"Hà Nội, Việt Nam"
Mỹ Anh,Trần Việt Hoàng,"Hà Nội, Việt Nam"
Mỹ Anh,Khánh Linh,"Hà Nội, Việt Nam"
Mỹ Anh,Chí Nhân,"Hà Nội, Việt Nam"
Mỹ Anh,Kiều Thanh,"Hà Nội, Việt Nam"
Mỹ Anh,Phùng Tiến Minh,"Hà Nội, Việt Nam"
Mỹ Anh,Nguyễn Thu Hà,"Hà Nội, Việt Nam"
Mỹ Anh,Thanh Sơn (diễn viên),"Hà Nội, Việt Nam"
Mỹ Anh,Bùi Như Lai,"Hà Nội, Việt Nam"
Mỹ Anh,Yến Vy,"Hà Nội, Việt Nam"
Mỹ Anh,Phan Anh (người dẫn chương trình),"Hà Nội, Việt Nam"
Cao Thái Hà,Nhan Phúc Vinh,"Cần Thơ, Việt Nam"
Cao Thái Hà,Quốc Trường (diễn viên),"Cần Thơ, Việt Nam"
Cao Thái Hà,Quốc Huy (diễn viên),"Cần Thơ, Việt Nam"
Thanh Thức,Thanh Duy,"Trà Vinh, Việt Nam"
Thanh Thức,Phương Bình (diễn viên),"Trà Vinh, Việt Nam"
Thanh Thức,Lê Phương,"Trà Vinh, Việt Nam"
Trương Thế Vinh,Mỹ Tâm,"Đà Nẵng, Việt Nam"
Quách Ngọc Ngoan,Vĩnh Thuyên Kim,"Cà Mau, Việt Nam"
Đình Toàn,Đỗ Đức Thịnh,"Sài Gòn – Gia Định, Cộng hòa miền Nam Việt Nam"
Quang Sự,Ngọc Dung,"Hoằng Hóa, Thanh Hóa"
Châu Bùi,Hoàng Yến Chibi,"Hà Nội, Việt Nam"
Châu Bùi,Thu Quỳnh,"Hà Nội, Việt Nam"
Châu Bùi,Thanh Vân Hugo,"Hà Nội, Việt Nam"
Châu Bùi,Lã Thanh Huyền,"Hà Nội, Việt Nam"
Châu Bùi,Kiều My,"Hà Nội, Việt Nam"
Châu Bùi,Phan Minh Huyền,"Hà Nội, Việt Nam"
Châu Bùi,Hồng Diễm,"Hà Nội, Việt Nam"
Châu Bùi,Thùy Anh,"Hà Nội, Việt Nam"
Châu Bùi,Đan Lê,"Hà Nội, Việt Nam"
Châu Bùi,Duy Hưng,"Hà Nội, Việt Nam"
Châu Bùi,Bảo Anh (diễn viên),"Hà Nội, Việt Nam"
Châu Bùi,Thùy Linh,"Hà Nội, Việt Nam"
Châu Bùi,Hoàng Hà (diễn viên),"Hà Nội, Việt Nam"
Châu Bùi,Lân Bích,"Hà Nội, Việt Nam"
Châu Bùi,Khắc Cường,"Hà Nội, Việt Nam"
Châu Bùi,Phạm Quỳnh Anh,"Hà Nội, Việt Nam"
Châu Bùi,Bùi Lan Hương,"Hà Nội, Việt Nam"
Châu Bùi,Trương Ngọc Ánh,"Hà Nội, Việt Nam"
Châu Bùi,Mai Phương Thúy,"Hà Nội, Việt Nam"
Châu Bùi,Thu Minh,"Hà Nội, Việt Nam"
Châu Bùi,Trần Yến Chi,"Hà Nội, Việt Nam"
Châu Bùi,Lương Mạnh Hải,"Hà Nội, Việt Nam"
Châu Bùi,Yến Vi,"Hà Nội, Việt Nam"
Châu Bùi,Hoàng Thùy Linh,"Hà Nội, Việt Nam"
Châu Bùi,Chi Pu,"Hà Nội, Việt Nam"
Châu Bùi,Tăng Nhật Tuệ,"Hà Nội, Việt Nam"
Châu Bùi,Đức Phúc,"Hà Nội, Việt Nam"
Châu Bùi,Công Dương,"Hà Nội, Việt Nam"
Châu Bùi,Huỳnh Anh (diễn viên),"Hà Nội, Việt Nam"
Châu Bùi,Bảo Hân,"Hà Nội, Việt Nam"
Châu Bùi,Tuấn Tú,"Hà Nội, Việt Nam"
Châu Bùi,Quỳnh Nga,"Hà Nội, Việt Nam"
Châu Bùi,Mai Thu Huyền,"Hà Nội, Việt Nam"
Châu Bùi,Trần Việt Hoàng,"Hà Nội, Việt Nam"
Châu Bùi,Khánh Linh,"Hà Nội, Việt Nam"
Châu Bùi,Chí Nhân,"Hà Nội, Việt Nam"
Châu Bùi,Kiều Thanh,"Hà Nội, Việt Nam"
Châu Bùi,Phùng Tiến Minh,"Hà Nội, Việt Nam"
Châu Bùi,Nguyễn Thu Hà,"Hà Nội, Việt Nam"
Châu Bùi,Thanh Sơn (diễn viên),"Hà Nội, Việt Nam"
Châu Bùi,Bùi Như Lai,"Hà Nội, Việt Nam"
Châu Bùi,Yến Vy,"Hà Nội, Việt Nam"
Châu Bùi,Phan Anh (người dẫn chương trình),"Hà Nội, Việt Nam"
Mỹ Duyên,Trương Minh Quốc Thái,"Sài Gòn, Việt Nam Cộng hòa"
Mỹ Duyên,Thanh Hằng (nghệ sĩ cải lương),"Sài Gòn, Việt Nam Cộng hòa"
Mỹ Duyên,Thái Hòa (diễn viên),"Sài Gòn, Việt Nam Cộng hòa"
Mỹ Duyên,Việt Anh (nghệ sĩ),"Sài Gòn, Việt Nam Cộng hòa"
Mỹ Duyên,Phạm Thị Ngọc Trinh,"Sài Gòn, Việt Nam Cộng hòa"
Mỹ Duyên,Cẩm Ly,"Sài Gòn, Việt Nam Cộng hòa"
Mỹ Duyên,Việt Dũng,"Sài Gòn, Việt Nam Cộng hòa"
Ái Phương,Việt Hương,"Thành phố Hồ Chí Minh, Việt Nam"
Ái Phương,Thúy Diễm,"Thành phố Hồ Chí Minh, Việt Nam"
Ái Phương,Đan Trường,"Thành phố Hồ Chí Minh, Việt Nam"
Ái Phương,Bạch Công Khanh,"Thành phố Hồ Chí Minh, Việt Nam"
Ái Phương,Angela Phương Trinh,"Thành phố Hồ Chí Minh, Việt Nam"
Ái Phương,Hà Okio,"Thành phố Hồ Chí Minh, Việt Nam"
Ái Phương,Uyên Linh,"Thành phố Hồ Chí Minh, Việt Nam"
Ái Phương,Lý Nhã Kỳ,"Thành phố Hồ Chí Minh, Việt Nam"
Ái Phương,Đàm Phương Linh,"Thành phố Hồ Chí Minh, Việt Nam"
Ái Phương,Phương Hằng (diễn viên),"Thành phố Hồ Chí Minh, Việt Nam"
Ái Phương,Quang Tuấn,"Thành phố Hồ Chí Minh, Việt Nam"
Ái Phương,Yeye Nhật Hạ,"Thành phố Hồ Chí Minh, Việt Nam"
Ái Phương,Khánh Phương,"Thành phố Hồ Chí Minh, Việt Nam"
Ái Phương,Võ Thành Tâm,"Thành phố Hồ Chí Minh, Việt Nam"
Ái Phương,Đại Nghĩa (diễn viên),"Thành phố Hồ Chí Minh, Việt Nam"
Ái Phương,Kim Hiền (diễn viên),"Thành phố Hồ Chí Minh, Việt Nam"
Ái Phương,Mỹ Chi,"Thành phố Hồ Chí Minh, Việt Nam"
Ái Phương,Bằng Lăng,"Thành phố Hồ Chí Minh, Việt Nam"
Ái Phương,WanBi Tuấn Anh,"Thành phố Hồ Chí Minh, Việt Nam"
Ái Phương,Lương Bích Hữu,"Thành phố Hồ Chí Minh, Việt Nam"
Ái Phương,Elly Trần,"Thành phố Hồ Chí Minh, Việt Nam"
Ái Phương,Wanbi Tuấn Anh,"Thành phố Hồ Chí Minh, Việt Nam"
Ái Phương,Tường Vi (diễn viên),"Thành phố Hồ Chí Minh, Việt Nam"
Ái Phương,Chí Thiện (ca sĩ),"Thành phố Hồ Chí Minh, Việt Nam"
Ái Phương,Hồ Vĩnh Khoa,"Thành phố Hồ Chí Minh, Việt Nam"
Ái Phương,Thảo Trang,"Thành phố Hồ Chí Minh, Việt Nam"
Ái Phương,Rocker Nguyen,"Thành phố Hồ Chí Minh, Việt Nam"
Ái Phương,Phương Mỹ Chi,"Thành phố Hồ Chí Minh, Việt Nam"
Ái Phương,Thanh Thúy (diễn viên sinh 1982),"Thành phố Hồ Chí Minh, Việt Nam"
Ái Phương,Kim Tuyến,"Thành phố Hồ Chí Minh, Việt Nam"
Hoàng Yến Chibi,Phạm Quỳnh Anh,"Hà Nội, Việt Nam"
Hoàng Yến Chibi,Bùi Lan Hương,"Hà Nội, Việt Nam"
Hoàng Yến Chibi,Thu Quỳnh,"Hà Nội, Việt Nam"
Hoàng Yến Chibi,Thanh Vân Hugo,"Hà Nội, Việt Nam"
Hoàng Yến Chibi,Lã Thanh Huyền,"Hà Nội, Việt Nam"
Hoàng Yến Chibi,Kiều My,"Hà Nội, Việt Nam"
Hoàng Yến Chibi,Phan Minh Huyền,"Hà Nội, Việt Nam"
Hoàng Yến Chibi,Hồng Diễm,"Hà Nội, Việt Nam"
Hoàng Yến Chibi,Thùy Anh,"Hà Nội, Việt Nam"
Hoàng Yến Chibi,Đan Lê,"Hà Nội, Việt Nam"
Hoàng Yến Chibi,Duy Hưng,"Hà Nội, Việt Nam"
Hoàng Yến Chibi,Bảo Anh (diễn viên),"Hà Nội, Việt Nam"
Hoàng Yến Chibi,Thùy Linh,"Hà Nội, Việt Nam"
Hoàng Yến Chibi,Hoàng Hà (diễn viên),"Hà Nội, Việt Nam"
Hoàng Yến Chibi,Lân Bích,"Hà Nội, Việt Nam"
Hoàng Yến Chibi,Khắc Cường,"Hà Nội, Việt Nam"
Hoàng Yến Chibi,Trương Ngọc Ánh,"Hà Nội, Việt Nam"
Hoàng Yến Chibi,Mai Phương Thúy,"Hà Nội, Việt Nam"
Hoàng Yến Chibi,Thu Minh,"Hà Nội, Việt Nam"
Hoàng Yến Chibi,Trần Yến Chi,"Hà Nội, Việt Nam"
Hoàng Yến Chibi,Lương Mạnh Hải,"Hà Nội, Việt Nam"
Hoàng Yến Chibi,Yến Vi,"Hà Nội, Việt Nam"
Hoàng Yến Chibi,Hoàng Thùy Linh,"Hà Nội, Việt Nam"
Hoàng Yến Chibi,Chi Pu,"Hà Nội, Việt Nam"
Hoàng Yến Chibi,Tăng Nhật Tuệ,"Hà Nội, Việt Nam"
Hoàng Yến Chibi,Đức Phúc,"Hà Nội, Việt Nam"
Hoàng Yến Chibi,Công Dương,"Hà Nội, Việt Nam"
Hoàng Yến Chibi,Huỳnh Anh (diễn viên),"Hà Nội, Việt Nam"
Hoàng Yến Chibi,Bảo Hân,"Hà Nội, Việt Nam"
Hoàng Yến Chibi,Tuấn Tú,"Hà Nội, Việt Nam"
Hoàng Yến Chibi,Quỳnh Nga,"Hà Nội, Việt Nam"
Hoàng Yến Chibi,Mai Thu Huyền,"Hà Nội, Việt Nam"
Hoàng Yến Chibi,Trần Việt Hoàng,"Hà Nội, Việt Nam"
Hoàng Yến Chibi,Khánh Linh,"Hà Nội, Việt Nam"
Hoàng Yến Chibi,Chí Nhân,"Hà Nội, Việt Nam"
Hoàng Yến Chibi,Kiều Thanh,"Hà Nội, Việt Nam"
Hoàng Yến Chibi,Phùng Tiến Minh,"Hà Nội, Việt Nam"
Hoàng Yến Chibi,Nguyễn Thu Hà,"Hà Nội, Việt Nam"
Hoàng Yến Chibi,Thanh Sơn (diễn viên),"Hà Nội, Việt Nam"
Hoàng Yến Chibi,Bùi Như Lai,"Hà Nội, Việt Nam"
Hoàng Yến Chibi,Yến Vy,"Hà Nội, Việt Nam"
Hoàng Yến Chibi,Phan Anh (người dẫn chương trình),"Hà Nội, Việt Nam"
Đức Khuê,Tú Oanh,"Hà Nội, Việt Nam Dân chủ Cộng hòa"
Đức Khuê,Phú Đôn,"Hà Nội, Việt Nam Dân chủ Cộng hòa"
Đức Khuê,Vĩnh Xương (diễn viên),"Hà Nội, Việt Nam Dân chủ Cộng hòa"
Đức Khuê,Tất Bình,"Hà Nội, Việt Nam Dân chủ Cộng hòa"
Đức Khuê,Trần Đức (diễn viên),"Hà Nội, Việt Nam Dân chủ Cộng hòa"
Đức Khuê,Đỗ Kỷ,"Hà Nội, Việt Nam Dân chủ Cộng hòa"
Đức Khuê,Minh Hằng (diễn viên),"Hà Nội, Việt Nam Dân chủ Cộng hòa"
Đức Khuê,Hoàng Khải,"Hà Nội, Việt Nam Dân chủ Cộng hòa"
Đức Khuê,Hoàng Hải (diễn viên),"Hà Nội, Việt Nam Dân chủ Cộng hòa"
Đức Khuê,Chu Hùng,"Hà Nội, Việt Nam Dân chủ Cộng hòa"
Đức Khuê,Việt Thắng (diễn viên),"Hà Nội, Việt Nam Dân chủ Cộng hòa"
Đức Khuê,Tiến Đạt,"Hà Nội, Việt Nam Dân chủ Cộng hòa"
Đức Khuê,Mạnh Cường,"Hà Nội, Việt Nam Dân chủ Cộng hòa"
Đức Khuê,Hồng Nhung,"Hà Nội, Việt Nam Dân chủ Cộng hòa"
Đức Khuê,Mỹ Linh,"Hà Nội, Việt Nam Dân chủ Cộng hòa"
Đức Khuê,Trọng Hải,"Hà Nội, Việt Nam Dân chủ Cộng hòa"
Đức Khuê,Lê Hoàng,"Hà Nội, Việt Nam Dân chủ Cộng hòa"
Đức Khuê,Chí Trung,"Hà Nội, Việt Nam Dân chủ Cộng hòa"
Đức Khuê,Trần Lực,"Hà Nội, Việt Nam Dân chủ Cộng hòa"
Đức Khuê,Hiền Mai,"Hà Nội, Việt Nam Dân chủ Cộng hòa"
Đức Khuê,Dũng Yoko,"Hà Nội, Việt Nam Dân chủ Cộng hòa"
Đức Khuê,Công Lý (diễn viên),"Hà Nội, Việt Nam Dân chủ Cộng hòa"
Đức Khuê,Nguyễn Minh Trang,"Hà Nội, Việt Nam Dân chủ Cộng hòa"
Đức Khuê,Lan Hương (diễn viên sinh 1963),"Hà Nội, Việt Nam Dân chủ Cộng hòa"
Đức Khuê,Quốc Khánh (nghệ sĩ),"Hà Nội, Việt Nam Dân chủ Cộng hòa"
Đức Khuê,Tuấn Quang,"Hà Nội, Việt Nam Dân chủ Cộng hòa"
Đức Khuê,Lan Hương (diễn viên sinh 1961),"Hà Nội, Việt Nam Dân chủ Cộng hòa"
Đức Khuê,Nguyễn Anh Dũng (diễn viên),"Hà Nội, Việt Nam Dân chủ Cộng hòa"
Đức Khuê,Thanh Thanh Hiền,"Hà Nội, Việt Nam Dân chủ Cộng hòa"
Đức Khuê,Phạm Tuấn Quang,"Hà Nội, Việt Nam Dân chủ Cộng hòa"
Đức Khuê,Lê Vũ Long,"Hà Nội, Việt Nam Dân chủ Cộng hòa"
Đức Khuê,Duy Hậu,"Hà Nội, Việt Nam Dân chủ Cộng hòa"
Đức Khuê,Võ Hoài Nam,"Hà Nội, Việt Nam Dân chủ Cộng hòa"
Đức Khuê,Nguyễn Vĩnh Xương,"Hà Nội, Việt Nam Dân chủ Cộng hòa"
Đức Khuê,Kim Oanh (diễn viên),"Hà Nội, Việt Nam Dân chủ Cộng hòa"
Đức Khuê,Đường Minh Giang,"Hà Nội, Việt Nam Dân chủ Cộng hòa"
Đức Khuê,Giang Còi,"Hà Nội, Việt Nam Dân chủ Cộng hòa"
Đức Khuê,Trần Nữ Yên Khê,"Hà Nội, Việt Nam Dân chủ Cộng hòa"
Đức Khuê,Thanh Lam,"Hà Nội, Việt Nam Dân chủ Cộng hòa"
Thu Quỳnh,Phan Minh Huyền,"Hà Nội, Việt Nam"
Thu Quỳnh,Bảo Hân,"Hà Nội, Việt Nam"
Thu Quỳnh,Tuấn Tú,"Hà Nội, Việt Nam"
Thu Quỳnh,Quỳnh Nga,"Hà Nội, Việt Nam"
Thu Quỳnh,Duy Hưng,"Hà Nội, Việt Nam"
Thu Quỳnh,Hồng Diễm,"Hà Nội, Việt Nam"
Thu Quỳnh,Trần Việt Hoàng,"Hà Nội, Việt Nam"
Thu Quỳnh,Khánh Linh,"Hà Nội, Việt Nam"
Thu Quỳnh,Thanh Vân Hugo,"Hà Nội, Việt Nam"
Thu Quỳnh,Lã Thanh Huyền,"Hà Nội, Việt Nam"
Thu Quỳnh,Kiều My,"Hà Nội, Việt Nam"
Thu Quỳnh,Thùy Anh,"Hà Nội, Việt Nam"
Thu Quỳnh,Đan Lê,"Hà Nội, Việt Nam"
Thu Quỳnh,Bảo Anh (diễn viên),"Hà Nội, Việt Nam"
Thu Quỳnh,Thùy Linh,"Hà Nội, Việt Nam"
Thu Quỳnh,Hoàng Hà (diễn viên),"Hà Nội, Việt Nam"
Thu Quỳnh,Lân Bích,"Hà Nội, Việt Nam"
Thu Quỳnh,Khắc Cường,"Hà Nội, Việt Nam"
Thu Quỳnh,Phạm Quỳnh Anh,"Hà Nội, Việt Nam"
Thu Quỳnh,Bùi Lan Hương,"Hà Nội, Việt Nam"
Thu Quỳnh,Trương Ngọc Ánh,"Hà Nội, Việt Nam"
Thu Quỳnh,Mai Phương Thúy,"Hà Nội, Việt Nam"
Thu Quỳnh,Thu Minh,"Hà Nội, Việt Nam"
Thu Quỳnh,Trần Yến Chi,"Hà Nội, Việt Nam"
Thu Quỳnh,Lương Mạnh Hải,"Hà Nội, Việt Nam"
Thu Quỳnh,Yến Vi,"Hà Nội, Việt Nam"
Thu Quỳnh,Hoàng Thùy Linh,"Hà Nội, Việt Nam"
Thu Quỳnh,Chi Pu,"Hà Nội, Việt Nam"
Thu Quỳnh,Tăng Nhật Tuệ,"Hà Nội, Việt Nam"
Thu Quỳnh,Đức Phúc,"Hà Nội, Việt Nam"
Thu Quỳnh,Công Dương,"Hà Nội, Việt Nam"
Thu Quỳnh,Huỳnh Anh (diễn viên),"Hà Nội, Việt Nam"
Thu Quỳnh,Mai Thu Huyền,"Hà Nội, Việt Nam"
Thu Quỳnh,Chí Nhân,"Hà Nội, Việt Nam"
Thu Quỳnh,Kiều Thanh,"Hà Nội, Việt Nam"
Thu Quỳnh,Phùng Tiến Minh,"Hà Nội, Việt Nam"
Thu Quỳnh,Nguyễn Thu Hà,"Hà Nội, Việt Nam"
Thu Quỳnh,Thanh Sơn (diễn viên),"Hà Nội, Việt Nam"
Thu Quỳnh,Bùi Như Lai,"Hà Nội, Việt Nam"
Thu Quỳnh,Yến Vy,"Hà Nội, Việt Nam"
Thu Quỳnh,Phan Anh (người dẫn chương trình),"Hà Nội, Việt Nam"
Tạ Minh Thảo,Hương Dung,"Thái Bình, Việt Nam Dân chủ Cộng hòa"
Tạ Minh Thảo,Thế Bình,"Thái Bình, Việt Nam Dân chủ Cộng hòa"
Tạ Minh Thảo,Thế Bình (nghệ sĩ),"Thái Bình, Việt Nam Dân chủ Cộng hòa"
Hoàng Hải (diễn viên),Chu Hùng,"Hà Nội, Việt Nam Dân chủ Cộng hòa"
Hoàng Hải (diễn viên),Việt Thắng (diễn viên),"Hà Nội, Việt Nam Dân chủ Cộng hòa"
Hoàng Hải (diễn viên),Đỗ Kỷ,"Hà Nội, Việt Nam Dân chủ Cộng hòa"
Hoàng Hải (diễn viên),Vĩnh Xương (diễn viên),"Hà Nội, Việt Nam Dân chủ Cộng hòa"
Hoàng Hải (diễn viên),Tú Oanh,"Hà Nội, Việt Nam Dân chủ Cộng hòa"
Hoàng Hải (diễn viên),Hồng Nhung,"Hà Nội, Việt Nam Dân chủ Cộng hòa"
Hoàng Hải (diễn viên),Tuấn Quang,"Hà Nội, Việt Nam Dân chủ Cộng hòa"
Hoàng Hải (diễn viên),Lan Hương (diễn viên sinh 1961),"Hà Nội, Việt Nam Dân chủ Cộng hòa"
Hoàng Hải (diễn viên),Nguyễn Anh Dũng (diễn viên),"Hà Nội, Việt Nam Dân chủ Cộng hòa"
Hoàng Hải (diễn viên),Chí Trung,"Hà Nội, Việt Nam Dân chủ Cộng hòa"
Hoàng Hải (diễn viên),Tiến Đạt,"Hà Nội, Việt Nam Dân chủ Cộng hòa"
Hoàng Hải (diễn viên),Mạnh Cường,"Hà Nội, Việt Nam Dân chủ Cộng hòa"
Hoàng Hải (diễn viên),Tất Bình,"Hà Nội, Việt Nam Dân chủ Cộng hòa"
Hoàng Hải (diễn viên),Mỹ Linh,"Hà Nội, Việt Nam Dân chủ Cộng hòa"
Hoàng Hải (diễn viên),Trọng Hải,"Hà Nội, Việt Nam Dân chủ Cộng hòa"
Hoàng Hải (diễn viên),Lê Hoàng,"Hà Nội, Việt Nam Dân chủ Cộng hòa"
Hoàng Hải (diễn viên),Trần Lực,"Hà Nội, Việt Nam Dân chủ Cộng hòa"
Hoàng Hải (diễn viên),Hiền Mai,"Hà Nội, Việt Nam Dân chủ Cộng hòa"
Hoàng Hải (diễn viên),Dũng Yoko,"Hà Nội, Việt Nam Dân chủ Cộng hòa"
Hoàng Hải (diễn viên),Phú Đôn,"Hà Nội, Việt Nam Dân chủ Cộng hòa"
Hoàng Hải (diễn viên),Trần Đức (diễn viên),"Hà Nội, Việt Nam Dân chủ Cộng hòa"
Hoàng Hải (diễn viên),Công Lý (diễn viên),"Hà Nội, Việt Nam Dân chủ Cộng hòa"
Hoàng Hải (diễn viên),Nguyễn Minh Trang,"Hà Nội, Việt Nam Dân chủ Cộng hòa"
Hoàng Hải (diễn viên),Lan Hương (diễn viên sinh 1963),"Hà Nội, Việt Nam Dân chủ Cộng hòa"
Hoàng Hải (diễn viên),Quốc Khánh (nghệ sĩ),"Hà Nội, Việt Nam Dân chủ Cộng hòa"
Hoàng Hải (diễn viên),Minh Hằng (diễn viên),"Hà Nội, Việt Nam Dân chủ Cộng hòa"
Hoàng Hải (diễn viên),Hoàng Khải,"Hà Nội, Việt Nam Dân chủ Cộng hòa"
Hoàng Hải (diễn viên),Thanh Thanh Hiền,"Hà Nội, Việt Nam Dân chủ Cộng hòa"
Hoàng Hải (diễn viên),Phạm Tuấn Quang,"Hà Nội, Việt Nam Dân chủ Cộng hòa"
Hoàng Hải (diễn viên),Lê Vũ Long,"Hà Nội, Việt Nam Dân chủ Cộng hòa"
Hoàng Hải (diễn viên),Duy Hậu,"Hà Nội, Việt Nam Dân chủ Cộng hòa"
Hoàng Hải (diễn viên),Võ Hoài Nam,"Hà Nội, Việt Nam Dân chủ Cộng hòa"
Hoàng Hải (diễn viên),Nguyễn Vĩnh Xương,"Hà Nội, Việt Nam Dân chủ Cộng hòa"
Hoàng Hải (diễn viên),Kim Oanh (diễn viên),"Hà Nội, Việt Nam Dân chủ Cộng hòa"
Hoàng Hải (diễn viên),Đường Minh Giang,"Hà Nội, Việt Nam Dân chủ Cộng hòa"
Hoàng Hải (diễn viên),Giang Còi,"Hà Nội, Việt Nam Dân chủ Cộng hòa"
Hoàng Hải (diễn viên),Trần Nữ Yên Khê,"Hà Nội, Việt Nam Dân chủ Cộng hòa"
Hoàng Hải (diễn viên),Thanh Lam,"Hà Nội, Việt Nam Dân chủ Cộng hòa"
Chu Hùng,Việt Thắng (diễn viên),"Hà Nội, Việt Nam Dân chủ Cộng hòa"
Chu Hùng,Mạnh Cường,"Hà Nội, Việt Nam Dân chủ Cộng hòa"
Chu Hùng,Đỗ Kỷ,"Hà Nội, Việt Nam Dân chủ Cộng hòa"
Chu Hùng,Chí Trung,"Hà Nội, Việt Nam Dân chủ Cộng hòa"
Chu Hùng,Phú Đôn,"Hà Nội, Việt Nam Dân chủ Cộng hòa"
Chu Hùng,Duy Hậu,"Hà Nội, Việt Nam Dân chủ Cộng hòa"
Chu Hùng,Trần Nữ Yên Khê,"Hà Nội, Việt Nam Dân chủ Cộng hòa"
Chu Hùng,Thanh Lam,"Hà Nội, Việt Nam Dân chủ Cộng hòa"
Chu Hùng,Tiến Đạt,"Hà Nội, Việt Nam Dân chủ Cộng hòa"
Chu Hùng,Hồng Nhung,"Hà Nội, Việt Nam Dân chủ Cộng hòa"
Chu Hùng,Tất Bình,"Hà Nội, Việt Nam Dân chủ Cộng hòa"
Chu Hùng,Vĩnh Xương (diễn viên),"Hà Nội, Việt Nam Dân chủ Cộng hòa"
Chu Hùng,Tú Oanh,"Hà Nội, Việt Nam Dân chủ Cộng hòa"
Chu Hùng,Mỹ Linh,"Hà Nội, Việt Nam Dân chủ Cộng hòa"
Chu Hùng,Trọng Hải,"Hà Nội, Việt Nam Dân chủ Cộng hòa"
Chu Hùng,Lê Hoàng,"Hà Nội, Việt Nam Dân chủ Cộng hòa"
Chu Hùng,Trần Lực,"Hà Nội, Việt Nam Dân chủ Cộng hòa"
Chu Hùng,Hiền Mai,"Hà Nội, Việt Nam Dân chủ Cộng hòa"
Chu Hùng,Dũng Yoko,"Hà Nội, Việt Nam Dân chủ Cộng hòa"
Chu Hùng,Trần Đức (diễn viên),"Hà Nội, Việt Nam Dân chủ Cộng hòa"
Chu Hùng,Công Lý (diễn viên),"Hà Nội, Việt Nam Dân chủ Cộng hòa"
Chu Hùng,Nguyễn Minh Trang,"Hà Nội, Việt Nam Dân chủ Cộng hòa"
Chu Hùng,Lan Hương (diễn viên sinh 1963),"Hà Nội, Việt Nam Dân chủ Cộng hòa"
Chu Hùng,Quốc Khánh (nghệ sĩ),"Hà Nội, Việt Nam Dân chủ Cộng hòa"
Chu Hùng,Tuấn Quang,"Hà Nội, Việt Nam Dân chủ Cộng hòa"
Chu Hùng,Minh Hằng (diễn viên),"Hà Nội, Việt Nam Dân chủ Cộng hòa"
Chu Hùng,Hoàng Khải,"Hà Nội, Việt Nam Dân chủ Cộng hòa"
Chu Hùng,Lan Hương (diễn viên sinh 1961),"Hà Nội, Việt Nam Dân chủ Cộng hòa"
Chu Hùng,Nguyễn Anh Dũng (diễn viên),"Hà Nội, Việt Nam Dân chủ Cộng hòa"
Chu Hùng,Thanh Thanh Hiền,"Hà Nội, Việt Nam Dân chủ Cộng hòa"
Chu Hùng,Phạm Tuấn Quang,"Hà Nội, Việt Nam Dân chủ Cộng hòa"
Chu Hùng,Lê Vũ Long,"Hà Nội, Việt Nam Dân chủ Cộng hòa"
Chu Hùng,Võ Hoài Nam,"Hà Nội, Việt Nam Dân chủ Cộng hòa"
Chu Hùng,Nguyễn Vĩnh Xương,"Hà Nội, Việt Nam Dân chủ Cộng hòa"
Chu Hùng,Kim Oanh (diễn viên),"Hà Nội, Việt Nam Dân chủ Cộng hòa"
Chu Hùng,Đường Minh Giang,"Hà Nội, Việt Nam Dân chủ Cộng hòa"
Chu Hùng,Giang Còi,"Hà Nội, Việt Nam Dân chủ Cộng hòa"
Việt Thắng (diễn viên),Đỗ Kỷ,"Hà Nội, Việt Nam Dân chủ Cộng hòa"
Việt Thắng (diễn viên),Vĩnh Xương (diễn viên),"Hà Nội, Việt Nam Dân chủ Cộng hòa"
Việt Thắng (diễn viên),Lan Hương (diễn viên sinh 1961),"Hà Nội, Việt Nam Dân chủ Cộng hòa"
Việt Thắng (diễn viên),Tiến Đạt,"Hà Nội, Việt Nam Dân chủ Cộng hòa"
Việt Thắng (diễn viên),Mạnh Cường,"Hà Nội, Việt Nam Dân chủ Cộng hòa"
Việt Thắng (diễn viên),Hồng Nhung,"Hà Nội, Việt Nam Dân chủ Cộng hòa"
Việt Thắng (diễn viên),Tất Bình,"Hà Nội, Việt Nam Dân chủ Cộng hòa"
Việt Thắng (diễn viên),Tú Oanh,"Hà Nội, Việt Nam Dân chủ Cộng hòa"
Việt Thắng (diễn viên),Mỹ Linh,"Hà Nội, Việt Nam Dân chủ Cộng hòa"
Việt Thắng (diễn viên),Trọng Hải,"Hà Nội, Việt Nam Dân chủ Cộng hòa"
Việt Thắng (diễn viên),Lê Hoàng,"Hà Nội, Việt Nam Dân chủ Cộng hòa"
Việt Thắng (diễn viên),Chí Trung,"Hà Nội, Việt Nam Dân chủ Cộng hòa"
Việt Thắng (diễn viên),Trần Lực,"Hà Nội, Việt Nam Dân chủ Cộng hòa"
Việt Thắng (diễn viên),Hiền Mai,"Hà Nội, Việt Nam Dân chủ Cộng hòa"
Việt Thắng (diễn viên),Dũng Yoko,"Hà Nội, Việt Nam Dân chủ Cộng hòa"
Việt Thắng (diễn viên),Phú Đôn,"Hà Nội, Việt Nam Dân chủ Cộng hòa"
Việt Thắng (diễn viên),Trần Đức (diễn viên),"Hà Nội, Việt Nam Dân chủ Cộng hòa"
Việt Thắng (diễn viên),Công Lý (diễn viên),"Hà Nội, Việt Nam Dân chủ Cộng hòa"
Việt Thắng (diễn viên),Nguyễn Minh Trang,"Hà Nội, Việt Nam Dân chủ Cộng hòa"
Việt Thắng (diễn viên),Lan Hương (diễn viên sinh 1963),"Hà Nội, Việt Nam Dân chủ Cộng hòa"
Việt Thắng (diễn viên),Quốc Khánh (nghệ sĩ),"Hà Nội, Việt Nam Dân chủ Cộng hòa"
Việt Thắng (diễn viên),Tuấn Quang,"Hà Nội, Việt Nam Dân chủ Cộng hòa"
Việt Thắng (diễn viên),Minh Hằng (diễn viên),"Hà Nội, Việt Nam Dân chủ Cộng hòa"
Việt Thắng (diễn viên),Hoàng Khải,"Hà Nội, Việt Nam Dân chủ Cộng hòa"
Việt Thắng (diễn viên),Nguyễn Anh Dũng (diễn viên),"Hà Nội, Việt Nam Dân chủ Cộng hòa"
Việt Thắng (diễn viên),Thanh Thanh Hiền,"Hà Nội, Việt Nam Dân chủ Cộng hòa"
Việt Thắng (diễn viên),Phạm Tuấn Quang,"Hà Nội, Việt Nam Dân chủ Cộng hòa"
Việt Thắng (diễn viên),Lê Vũ Long,"Hà Nội, Việt Nam Dân chủ Cộng hòa"
Việt Thắng (diễn viên),Duy Hậu,"Hà Nội, Việt Nam Dân chủ Cộng hòa"
Việt Thắng (diễn viên),Võ Hoài Nam,"Hà Nội, Việt Nam Dân chủ Cộng hòa"
Việt Thắng (diễn viên),Nguyễn Vĩnh Xương,"Hà Nội, Việt Nam Dân chủ Cộng hòa"
Việt Thắng (diễn viên),Kim Oanh (diễn viên),"Hà Nội, Việt Nam Dân chủ Cộng hòa"
Việt Thắng (diễn viên),Đường Minh Giang,"Hà Nội, Việt Nam Dân chủ Cộng hòa"
Việt Thắng (diễn viên),Giang Còi,"Hà Nội, Việt Nam Dân chủ Cộng hòa"
Việt Thắng (diễn viên),Trần Nữ Yên Khê,"Hà Nội, Việt Nam Dân chủ Cộng hòa"
Việt Thắng (diễn viên),Thanh Lam,"Hà Nội, Việt Nam Dân chủ Cộng hòa"
Quốc Quân,Thu Hương,Hà Nội
Quốc Quân,Phú Thăng,Hà Nội
Quốc Quân,Quế Hằng,Hà Nội
Quốc Quân,Thiện Tùng,Hà Nội
Quốc Quân,Thu Quế,Hà Nội
Quốc Quân,Đức Hùng,Hà Nội
Quốc Quân,Thanh Phương (diễn viên),Hà Nội
Quốc Quân,Đoàn Dũng,Hà Nội
Quốc Quân,Diệp Anh,Hà Nội
Quốc Quân,Lê Tuấn Anh (diễn viên sinh 1970),Hà Nội
Quốc Quân,Quốc Tuấn (diễn viên),Hà Nội
Quốc Quân,Đức Sơn (diễn viên),Hà Nội
Quốc Quân,Tuấn Phong,Hà Nội
Quốc Quân,Vũ Đình Thân,Hà Nội
Quốc Quân,Doãn Hoàng Kiên,Hà Nội
Quốc Quân,Bùi Trần Tuệ Minh,Hà Nội
Quốc Quân,Thanh Trang,Hà Nội
Thanh Vân Hugo,Lã Thanh Huyền,"Hà Nội, Việt Nam"
Thanh Vân Hugo,Kiều My,"Hà Nội, Việt Nam"
Thanh Vân Hugo,Phan Minh Huyền,"Hà Nội, Việt Nam"
Thanh Vân Hugo,Hồng Diễm,"Hà Nội, Việt Nam"
Thanh Vân Hugo,Thùy Anh,"Hà Nội, Việt Nam"
Thanh Vân Hugo,Đan Lê,"Hà Nội, Việt Nam"
Thanh Vân Hugo,Duy Hưng,"Hà Nội, Việt Nam"
Thanh Vân Hugo,Bảo Anh (diễn viên),"Hà Nội, Việt Nam"
Thanh Vân Hugo,Thùy Linh,"Hà Nội, Việt Nam"
Thanh Vân Hugo,Hoàng Hà (diễn viên),"Hà Nội, Việt Nam"
Thanh Vân Hugo,Lân Bích,"Hà Nội, Việt Nam"
Thanh Vân Hugo,Khắc Cường,"Hà Nội, Việt Nam"
Thanh Vân Hugo,Phạm Quỳnh Anh,"Hà Nội, Việt Nam"
Thanh Vân Hugo,Bùi Lan Hương,"Hà Nội, Việt Nam"
Thanh Vân Hugo,Trương Ngọc Ánh,"Hà Nội, Việt Nam"
Thanh Vân Hugo,Mai Phương Thúy,"Hà Nội, Việt Nam"
Thanh Vân Hugo,Thu Minh,"Hà Nội, Việt Nam"
Thanh Vân Hugo,Trần Yến Chi,"Hà Nội, Việt Nam"
Thanh Vân Hugo,Lương Mạnh Hải,"Hà Nội, Việt Nam"
Thanh Vân Hugo,Yến Vi,"Hà Nội, Việt Nam"
Thanh Vân Hugo,Hoàng Thùy Linh,"Hà Nội, Việt Nam"
Thanh Vân Hugo,Chi Pu,"Hà Nội, Việt Nam"
Thanh Vân Hugo,Tăng Nhật Tuệ,"Hà Nội, Việt Nam"
Thanh Vân Hugo,Đức Phúc,"Hà Nội, Việt Nam"
Thanh Vân Hugo,Công Dương,"Hà Nội, Việt Nam"
Thanh Vân Hugo,Huỳnh Anh (diễn viên),"Hà Nội, Việt Nam"
Thanh Vân Hugo,Bảo Hân,"Hà Nội, Việt Nam"
Thanh Vân Hugo,Tuấn Tú,"Hà Nội, Việt Nam"
Thanh Vân Hugo,Quỳnh Nga,"Hà Nội, Việt Nam"
Thanh Vân Hugo,Mai Thu Huyền,"Hà Nội, Việt Nam"
Thanh Vân Hugo,Trần Việt Hoàng,"Hà Nội, Việt Nam"
Thanh Vân Hugo,Khánh Linh,"Hà Nội, Việt Nam"
Thanh Vân Hugo,Chí Nhân,"Hà Nội, Việt Nam"
Thanh Vân Hugo,Kiều Thanh,"Hà Nội, Việt Nam"
Thanh Vân Hugo,Phùng Tiến Minh,"Hà Nội, Việt Nam"
Thanh Vân Hugo,Nguyễn Thu Hà,"Hà Nội, Việt Nam"
Thanh Vân Hugo,Thanh Sơn (diễn viên),"Hà Nội, Việt Nam"
Thanh Vân Hugo,Bùi Như Lai,"Hà Nội, Việt Nam"
Thanh Vân Hugo,Yến Vy,"Hà Nội, Việt Nam"
Thanh Vân Hugo,Phan Anh (người dẫn chương trình),"Hà Nội, Việt Nam"
Hương Dung,Thế Bình,"Thái Bình, Việt Nam Dân chủ Cộng hòa"
Hương Dung,Thế Bình (nghệ sĩ),"Thái Bình, Việt Nam Dân chủ Cộng hòa"
Thu Hương,Thiện Tùng,Hà Nội
Thu Hương,Phú Thăng,Hà Nội
Thu Hương,Đức Hùng,Hà Nội
Thu Hương,Lê Tuấn Anh (diễn viên sinh 1970),Hà Nội
Thu Hương,Quốc Tuấn (diễn viên),Hà Nội
Thu Hương,Đức Sơn (diễn viên),Hà Nội
Thu Hương,Tuấn Phong,Hà Nội
Thu Hương,Vũ Đình Thân,Hà Nội
Thu Hương,Quế Hằng,Hà Nội
Thu Hương,Thu Quế,Hà Nội
Thu Hương,Thanh Phương (diễn viên),Hà Nội
Thu Hương,Đoàn Dũng,Hà Nội
Thu Hương,Diệp Anh,Hà Nội
Thu Hương,Doãn Hoàng Kiên,Hà Nội
Thu Hương,Bùi Trần Tuệ Minh,Hà Nội
Thu Hương,Thanh Trang,Hà Nội
Mạnh Hưng,Phùng Khánh Linh,"Bắc Giang, Việt Nam"
Mạnh Hưng,Thanh Hiền (nghệ sĩ),"Bắc Giang, Việt Nam"
Mạnh Hưng,Bảo Thanh (diễn viên),"Bắc Giang, Việt Nam"
Nguyễn Thanh Hương,Thanh Hương (diễn viên),"Hải Dương, Việt Nam"
Bùi Thị Oanh,Tuấn Hải,"Hải Phòng, Liên bang Đông Dương"
Bùi Thị Oanh,Tuyết Mai,"Hải Phòng, Liên bang Đông Dương"
Bùi Thị Oanh,Thúy Vinh,"Hải Phòng, Liên bang Đông Dương"
Lã Thanh Huyền,Kiều My,"Hà Nội, Việt Nam"
Lã Thanh Huyền,Phan Minh Huyền,"Hà Nội, Việt Nam"
Lã Thanh Huyền,Thùy Anh,"Hà Nội, Việt Nam"
Lã Thanh Huyền,Nguyễn Thu Hà,"Hà Nội, Việt Nam"
Lã Thanh Huyền,Chí Nhân,"Hà Nội, Việt Nam"
Lã Thanh Huyền,Quỳnh Nga,"Hà Nội, Việt Nam"
Lã Thanh Huyền,Hồng Diễm,"Hà Nội, Việt Nam"
Lã Thanh Huyền,Đan Lê,"Hà Nội, Việt Nam"
Lã Thanh Huyền,Duy Hưng,"Hà Nội, Việt Nam"
Lã Thanh Huyền,Bảo Anh (diễn viên),"Hà Nội, Việt Nam"
Lã Thanh Huyền,Thùy Linh,"Hà Nội, Việt Nam"
Lã Thanh Huyền,Hoàng Hà (diễn viên),"Hà Nội, Việt Nam"
Lã Thanh Huyền,Lân Bích,"Hà Nội, Việt Nam"
Lã Thanh Huyền,Khắc Cường,"Hà Nội, Việt Nam"
Lã Thanh Huyền,Phạm Quỳnh Anh,"Hà Nội, Việt Nam"
Lã Thanh Huyền,Bùi Lan Hương,"Hà Nội, Việt Nam"
Lã Thanh Huyền,Trương Ngọc Ánh,"Hà Nội, Việt Nam"
Lã Thanh Huyền,Mai Phương Thúy,"Hà Nội, Việt Nam"
Lã Thanh Huyền,Thu Minh,"Hà Nội, Việt Nam"
Lã Thanh Huyền,Trần Yến Chi,"Hà Nội, Việt Nam"
Lã Thanh Huyền,Lương Mạnh Hải,"Hà Nội, Việt Nam"
Lã Thanh Huyền,Yến Vi,"Hà Nội, Việt Nam"
Lã Thanh Huyền,Hoàng Thùy Linh,"Hà Nội, Việt Nam"
Lã Thanh Huyền,Chi Pu,"Hà Nội, Việt Nam"
Lã Thanh Huyền,Tăng Nhật Tuệ,"Hà Nội, Việt Nam"
Lã Thanh Huyền,Đức Phúc,"Hà Nội, Việt Nam"
Lã Thanh Huyền,Công Dương,"Hà Nội, Việt Nam"
Lã Thanh Huyền,Huỳnh Anh (diễn viên),"Hà Nội, Việt Nam"
Lã Thanh Huyền,Bảo Hân,"Hà Nội, Việt Nam"
Lã Thanh Huyền,Tuấn Tú,"Hà Nội, Việt Nam"
Lã Thanh Huyền,Mai Thu Huyền,"Hà Nội, Việt Nam"
Lã Thanh Huyền,Trần Việt Hoàng,"Hà Nội, Việt Nam"
Lã Thanh Huyền,Khánh Linh,"Hà Nội, Việt Nam"
Lã Thanh Huyền,Kiều Thanh,"Hà Nội, Việt Nam"
Lã Thanh Huyền,Phùng Tiến Minh,"Hà Nội, Việt Nam"
Lã Thanh Huyền,Thanh Sơn (diễn viên),"Hà Nội, Việt Nam"
Lã Thanh Huyền,Bùi Như Lai,"Hà Nội, Việt Nam"
Lã Thanh Huyền,Yến Vy,"Hà Nội, Việt Nam"
Lã Thanh Huyền,Phan Anh (người dẫn chương trình),"Hà Nội, Việt Nam"
Kiều My,Hồng Diễm,"Hà Nội, Việt Nam"
Kiều My,Thùy Anh,"Hà Nội, Việt Nam"
Kiều My,Đan Lê,"Hà Nội, Việt Nam"
Kiều My,Bùi Như Lai,"Hà Nội, Việt Nam"
Kiều My,Chí Nhân,"Hà Nội, Việt Nam"
Kiều My,Phan Minh Huyền,"Hà Nội, Việt Nam"
Kiều My,Duy Hưng,"Hà Nội, Việt Nam"
Kiều My,Bảo Anh (diễn viên),"Hà Nội, Việt Nam"
Kiều My,Thùy Linh,"Hà Nội, Việt Nam"
Kiều My,Hoàng Hà (diễn viên),"Hà Nội, Việt Nam"
Kiều My,Lân Bích,"Hà Nội, Việt Nam"
Kiều My,Khắc Cường,"Hà Nội, Việt Nam"
Kiều My,Phạm Quỳnh Anh,"Hà Nội, Việt Nam"
Kiều My,Bùi Lan Hương,"Hà Nội, Việt Nam"
Kiều My,Trương Ngọc Ánh,"Hà Nội, Việt Nam"
Kiều My,Mai Phương Thúy,"Hà Nội, Việt Nam"
Kiều My,Thu Minh,"Hà Nội, Việt Nam"
Kiều My,Trần Yến Chi,"Hà Nội, Việt Nam"
Kiều My,Lương Mạnh Hải,"Hà Nội, Việt Nam"
Kiều My,Yến Vi,"Hà Nội, Việt Nam"
Kiều My,Hoàng Thùy Linh,"Hà Nội, Việt Nam"
Kiều My,Chi Pu,"Hà Nội, Việt Nam"
Kiều My,Tăng Nhật Tuệ,"Hà Nội, Việt Nam"
Kiều My,Đức Phúc,"Hà Nội, Việt Nam"
Kiều My,Công Dương,"Hà Nội, Việt Nam"
Kiều My,Huỳnh Anh (diễn viên),"Hà Nội, Việt Nam"
Kiều My,Bảo Hân,"Hà Nội, Việt Nam"
Kiều My,Tuấn Tú,"Hà Nội, Việt Nam"
Kiều My,Quỳnh Nga,"Hà Nội, Việt Nam"
Kiều My,Mai Thu Huyền,"Hà Nội, Việt Nam"
Kiều My,Trần Việt Hoàng,"Hà Nội, Việt Nam"
Kiều My,Khánh Linh,"Hà Nội, Việt Nam"
Kiều My,Kiều Thanh,"Hà Nội, Việt Nam"
Kiều My,Phùng Tiến Minh,"Hà Nội, Việt Nam"
Kiều My,Nguyễn Thu Hà,"Hà Nội, Việt Nam"
Kiều My,Thanh Sơn (diễn viên),"Hà Nội, Việt Nam"
Kiều My,Yến Vy,"Hà Nội, Việt Nam"
Kiều My,Phan Anh (người dẫn chương trình),"Hà Nội, Việt Nam"
Quế Hằng,Thiện Tùng,Hà Nội
Quế Hằng,Phú Thăng,Hà Nội
Quế Hằng,Thu Quế,Hà Nội
Quế Hằng,Đức Hùng,Hà Nội
Quế Hằng,Thanh Phương (diễn viên),Hà Nội
Quế Hằng,Đoàn Dũng,Hà Nội
Quế Hằng,Diệp Anh,Hà Nội
Quế Hằng,Lê Tuấn Anh (diễn viên sinh 1970),Hà Nội
Quế Hằng,Quốc Tuấn (diễn viên),Hà Nội
Quế Hằng,Đức Sơn (diễn viên),Hà Nội
Quế Hằng,Tuấn Phong,Hà Nội
Quế Hằng,Vũ Đình Thân,Hà Nội
Quế Hằng,Doãn Hoàng Kiên,Hà Nội
Quế Hằng,Bùi Trần Tuệ Minh,Hà Nội
Quế Hằng,Thanh Trang,Hà Nội
Tiến Đạt,Mạnh Cường,"Hà Nội, Việt Nam Dân chủ Cộng hòa"
Tiến Đạt,Đỗ Kỷ,"Hà Nội, Việt Nam Dân chủ Cộng hòa"
Tiến Đạt,Trần Đức (diễn viên),"Hà Nội, Việt Nam Dân chủ Cộng hòa"
Tiến Đạt,Lan Hương (diễn viên sinh 1961),"Hà Nội, Việt Nam Dân chủ Cộng hòa"
Tiến Đạt,Minh Hằng (diễn viên),"Hà Nội, Việt Nam Dân chủ Cộng hòa"
Tiến Đạt,Hồng Nhung,"Hà Nội, Việt Nam Dân chủ Cộng hòa"
Tiến Đạt,Tất Bình,"Hà Nội, Việt Nam Dân chủ Cộng hòa"
Tiến Đạt,Vĩnh Xương (diễn viên),"Hà Nội, Việt Nam Dân chủ Cộng hòa"
Tiến Đạt,Tú Oanh,"Hà Nội, Việt Nam Dân chủ Cộng hòa"
Tiến Đạt,Mỹ Linh,"Hà Nội, Việt Nam Dân chủ Cộng hòa"
Tiến Đạt,Trọng Hải,"Hà Nội, Việt Nam Dân chủ Cộng hòa"
Tiến Đạt,Lê Hoàng,"Hà Nội, Việt Nam Dân chủ Cộng hòa"
Tiến Đạt,Chí Trung,"Hà Nội, Việt Nam Dân chủ Cộng hòa"
Tiến Đạt,Trần Lực,"Hà Nội, Việt Nam Dân chủ Cộng hòa"
Tiến Đạt,Hiền Mai,"Hà Nội, Việt Nam Dân chủ Cộng hòa"
Tiến Đạt,Dũng Yoko,"Hà Nội, Việt Nam Dân chủ Cộng hòa"
Tiến Đạt,Phú Đôn,"Hà Nội, Việt Nam Dân chủ Cộng hòa"
Tiến Đạt,Công Lý (diễn viên),"Hà Nội, Việt Nam Dân chủ Cộng hòa"
Tiến Đạt,Nguyễn Minh Trang,"Hà Nội, Việt Nam Dân chủ Cộng hòa"
Tiến Đạt,Lan Hương (diễn viên sinh 1963),"Hà Nội, Việt Nam Dân chủ Cộng hòa"
Tiến Đạt,Quốc Khánh (nghệ sĩ),"Hà Nội, Việt Nam Dân chủ Cộng hòa"
Tiến Đạt,Tuấn Quang,"Hà Nội, Việt Nam Dân chủ Cộng hòa"
Tiến Đạt,Hoàng Khải,"Hà Nội, Việt Nam Dân chủ Cộng hòa"
Tiến Đạt,Nguyễn Anh Dũng (diễn viên),"Hà Nội, Việt Nam Dân chủ Cộng hòa"
Tiến Đạt,Thanh Thanh Hiền,"Hà Nội, Việt Nam Dân chủ Cộng hòa"
Tiến Đạt,Phạm Tuấn Quang,"Hà Nội, Việt Nam Dân chủ Cộng hòa"
Tiến Đạt,Lê Vũ Long,"Hà Nội, Việt Nam Dân chủ Cộng hòa"
Tiến Đạt,Duy Hậu,"Hà Nội, Việt Nam Dân chủ Cộng hòa"
Tiến Đạt,Võ Hoài Nam,"Hà Nội, Việt Nam Dân chủ Cộng hòa"
Tiến Đạt,Nguyễn Vĩnh Xương,"Hà Nội, Việt Nam Dân chủ Cộng hòa"
Tiến Đạt,Kim Oanh (diễn viên),"Hà Nội, Việt Nam Dân chủ Cộng hòa"
Tiến Đạt,Đường Minh Giang,"Hà Nội, Việt Nam Dân chủ Cộng hòa"
Tiến Đạt,Giang Còi,"Hà Nội, Việt Nam Dân chủ Cộng hòa"
Tiến Đạt,Trần Nữ Yên Khê,"Hà Nội, Việt Nam Dân chủ Cộng hòa"
Tiến Đạt,Thanh Lam,"Hà Nội, Việt Nam Dân chủ Cộng hòa"
Phan Minh Huyền,Thùy Anh,"Hà Nội, Việt Nam"
Phan Minh Huyền,Bảo Anh (diễn viên),"Hà Nội, Việt Nam"
Phan Minh Huyền,Duy Hưng,"Hà Nội, Việt Nam"
Phan Minh Huyền,Hoàng Hà (diễn viên),"Hà Nội, Việt Nam"
Phan Minh Huyền,Chí Nhân,"Hà Nội, Việt Nam"
Phan Minh Huyền,Hồng Diễm,"Hà Nội, Việt Nam"
Phan Minh Huyền,Đan Lê,"Hà Nội, Việt Nam"
Phan Minh Huyền,Thùy Linh,"Hà Nội, Việt Nam"
Phan Minh Huyền,Lân Bích,"Hà Nội, Việt Nam"
Phan Minh Huyền,Khắc Cường,"Hà Nội, Việt Nam"
Phan Minh Huyền,Phạm Quỳnh Anh,"Hà Nội, Việt Nam"
Phan Minh Huyền,Bùi Lan Hương,"Hà Nội, Việt Nam"
Phan Minh Huyền,Trương Ngọc Ánh,"Hà Nội, Việt Nam"
Phan Minh Huyền,Mai Phương Thúy,"Hà Nội, Việt Nam"
Phan Minh Huyền,Thu Minh,"Hà Nội, Việt Nam"
Phan Minh Huyền,Trần Yến Chi,"Hà Nội, Việt Nam"
Phan Minh Huyền,Lương Mạnh Hải,"Hà Nội, Việt Nam"
Phan Minh Huyền,Yến Vi,"Hà Nội, Việt Nam"
Phan Minh Huyền,Hoàng Thùy Linh,"Hà Nội, Việt Nam"
Phan Minh Huyền,Chi Pu,"Hà Nội, Việt Nam"
Phan Minh Huyền,Tăng Nhật Tuệ,"Hà Nội, Việt Nam"
Phan Minh Huyền,Đức Phúc,"Hà Nội, Việt Nam"
Phan Minh Huyền,Công Dương,"Hà Nội, Việt Nam"
Phan Minh Huyền,Huỳnh Anh (diễn viên),"Hà Nội, Việt Nam"
Phan Minh Huyền,Bảo Hân,"Hà Nội, Việt Nam"
Phan Minh Huyền,Tuấn Tú,"Hà Nội, Việt Nam"
Phan Minh Huyền,Quỳnh Nga,"Hà Nội, Việt Nam"
Phan Minh Huyền,Mai Thu Huyền,"Hà Nội, Việt Nam"
Phan Minh Huyền,Trần Việt Hoàng,"Hà Nội, Việt Nam"
Phan Minh Huyền,Khánh Linh,"Hà Nội, Việt Nam"
Phan Minh Huyền,Kiều Thanh,"Hà Nội, Việt Nam"
Phan Minh Huyền,Phùng Tiến Minh,"Hà Nội, Việt Nam"
Phan Minh Huyền,Nguyễn Thu Hà,"Hà Nội, Việt Nam"
Phan Minh Huyền,Thanh Sơn (diễn viên),"Hà Nội, Việt Nam"
Phan Minh Huyền,Bùi Như Lai,"Hà Nội, Việt Nam"
Phan Minh Huyền,Yến Vy,"Hà Nội, Việt Nam"
Phan Minh Huyền,Phan Anh (người dẫn chương trình),"Hà Nội, Việt Nam"
Đình Chiến,Đoan Trang,"Nam Định, Việt Nam"
Đình Chiến,Diệu Hương (diễn viên),"Nam Định, Việt Nam"
Mạnh Cường,Hồng Nhung,"Hà Nội, Việt Nam Dân chủ Cộng hòa"
Mạnh Cường,Đỗ Kỷ,"Hà Nội, Việt Nam Dân chủ Cộng hòa"
Mạnh Cường,Chí Trung,"Hà Nội, Việt Nam Dân chủ Cộng hòa"
Mạnh Cường,Phú Đôn,"Hà Nội, Việt Nam Dân chủ Cộng hòa"
Mạnh Cường,Lan Hương (diễn viên sinh 1961),"Hà Nội, Việt Nam Dân chủ Cộng hòa"
Mạnh Cường,Minh Hằng (diễn viên),"Hà Nội, Việt Nam Dân chủ Cộng hòa"
Mạnh Cường,Trần Đức (diễn viên),"Hà Nội, Việt Nam Dân chủ Cộng hòa"
Mạnh Cường,Lê Vũ Long,"Hà Nội, Việt Nam Dân chủ Cộng hòa"
Mạnh Cường,Trần Nữ Yên Khê,"Hà Nội, Việt Nam Dân chủ Cộng hòa"
Mạnh Cường,Thanh Lam,"Hà Nội, Việt Nam Dân chủ Cộng hòa"
Mạnh Cường,Tất Bình,"Hà Nội, Việt Nam Dân chủ Cộng hòa"
Mạnh Cường,Vĩnh Xương (diễn viên),"Hà Nội, Việt Nam Dân chủ Cộng hòa"
Mạnh Cường,Tú Oanh,"Hà Nội, Việt Nam Dân chủ Cộng hòa"
Mạnh Cường,Mỹ Linh,"Hà Nội, Việt Nam Dân chủ Cộng hòa"
Mạnh Cường,Trọng Hải,"Hà Nội, Việt Nam Dân chủ Cộng hòa"
Mạnh Cường,Lê Hoàng,"Hà Nội, Việt Nam Dân chủ Cộng hòa"
Mạnh Cường,Trần Lực,"Hà Nội, Việt Nam Dân chủ Cộng hòa"
Mạnh Cường,Hiền Mai,"Hà Nội, Việt Nam Dân chủ Cộng hòa"
Mạnh Cường,Dũng Yoko,"Hà Nội, Việt Nam Dân chủ Cộng hòa"
Mạnh Cường,Công Lý (diễn viên),"Hà Nội, Việt Nam Dân chủ Cộng hòa"
Mạnh Cường,Nguyễn Minh Trang,"Hà Nội, Việt Nam Dân chủ Cộng hòa"
Mạnh Cường,Lan Hương (diễn viên sinh 1963),"Hà Nội, Việt Nam Dân chủ Cộng hòa"
Mạnh Cường,Quốc Khánh (nghệ sĩ),"Hà Nội, Việt Nam Dân chủ Cộng hòa"
Mạnh Cường,Tuấn Quang,"Hà Nội, Việt Nam Dân chủ Cộng hòa"
Mạnh Cường,Hoàng Khải,"Hà Nội, Việt Nam Dân chủ Cộng hòa"
Mạnh Cường,Nguyễn Anh Dũng (diễn viên),"Hà Nội, Việt Nam Dân chủ Cộng hòa"
Mạnh Cường,Thanh Thanh Hiền,"Hà Nội, Việt Nam Dân chủ Cộng hòa"
Mạnh Cường,Phạm Tuấn Quang,"Hà Nội, Việt Nam Dân chủ Cộng hòa"
Mạnh Cường,Duy Hậu,"Hà Nội, Việt Nam Dân chủ Cộng hòa"
Mạnh Cường,Võ Hoài Nam,"Hà Nội, Việt Nam Dân chủ Cộng hòa"
Mạnh Cường,Nguyễn Vĩnh Xương,"Hà Nội, Việt Nam Dân chủ Cộng hòa"
Mạnh Cường,Kim Oanh (diễn viên),"Hà Nội, Việt Nam Dân chủ Cộng hòa"
Mạnh Cường,Đường Minh Giang,"Hà Nội, Việt Nam Dân chủ Cộng hòa"
Mạnh Cường,Giang Còi,"Hà Nội, Việt Nam Dân chủ Cộng hòa"
Hồng Diễm,Thùy Anh,"Hà Nội, Việt Nam"
Hồng Diễm,Đan Lê,"Hà Nội, Việt Nam"
Hồng Diễm,Bảo Hân,"Hà Nội, Việt Nam"
Hồng Diễm,Tuấn Tú,"Hà Nội, Việt Nam"
Hồng Diễm,Phan Anh (người dẫn chương trình),"Hà Nội, Việt Nam"
Hồng Diễm,Huỳnh Anh (diễn viên),"Hà Nội, Việt Nam"
Hồng Diễm,Kiều Thanh,"Hà Nội, Việt Nam"
Hồng Diễm,Duy Hưng,"Hà Nội, Việt Nam"
Hồng Diễm,Bảo Anh (diễn viên),"Hà Nội, Việt Nam"
Hồng Diễm,Thùy Linh,"Hà Nội, Việt Nam"
Hồng Diễm,Hoàng Hà (diễn viên),"Hà Nội, Việt Nam"
Hồng Diễm,Lân Bích,"Hà Nội, Việt Nam"
Hồng Diễm,Khắc Cường,"Hà Nội, Việt Nam"
Hồng Diễm,Phạm Quỳnh Anh,"Hà Nội, Việt Nam"
Hồng Diễm,Bùi Lan Hương,"Hà Nội, Việt Nam"
Hồng Diễm,Trương Ngọc Ánh,"Hà Nội, Việt Nam"
Hồng Diễm,Mai Phương Thúy,"Hà Nội, Việt Nam"
Hồng Diễm,Thu Minh,"Hà Nội, Việt Nam"
Hồng Diễm,Trần Yến Chi,"Hà Nội, Việt Nam"
Hồng Diễm,Lương Mạnh Hải,"Hà Nội, Việt Nam"
Hồng Diễm,Yến Vi,"Hà Nội, Việt Nam"
Hồng Diễm,Hoàng Thùy Linh,"Hà Nội, Việt Nam"
Hồng Diễm,Chi Pu,"Hà Nội, Việt Nam"
Hồng Diễm,Tăng Nhật Tuệ,"Hà Nội, Việt Nam"
Hồng Diễm,Đức Phúc,"Hà Nội, Việt Nam"
Hồng Diễm,Công Dương,"Hà Nội, Việt Nam"
Hồng Diễm,Quỳnh Nga,"Hà Nội, Việt Nam"
Hồng Diễm,Mai Thu Huyền,"Hà Nội, Việt Nam"
Hồng Diễm,Trần Việt Hoàng,"Hà Nội, Việt Nam"
Hồng Diễm,Khánh Linh,"Hà Nội, Việt Nam"
Hồng Diễm,Chí Nhân,"Hà Nội, Việt Nam"
Hồng Diễm,Phùng Tiến Minh,"Hà Nội, Việt Nam"
Hồng Diễm,Nguyễn Thu Hà,"Hà Nội, Việt Nam"
Hồng Diễm,Thanh Sơn (diễn viên),"Hà Nội, Việt Nam"
Hồng Diễm,Bùi Như Lai,"Hà Nội, Việt Nam"
Hồng Diễm,Yến Vy,"Hà Nội, Việt Nam"
Thùy Anh,Đan Lê,"Hà Nội, Việt Nam"
Thùy Anh,Hoàng Hà (diễn viên),"Hà Nội, Việt Nam"
Thùy Anh,Công Dương,"Hà Nội, Việt Nam"
Thùy Anh,Duy Hưng,"Hà Nội, Việt Nam"
Thùy Anh,Bảo Anh (diễn viên),"Hà Nội, Việt Nam"
Thùy Anh,Thùy Linh,"Hà Nội, Việt Nam"
Thùy Anh,Lân Bích,"Hà Nội, Việt Nam"
Thùy Anh,Khắc Cường,"Hà Nội, Việt Nam"
Thùy Anh,Phạm Quỳnh Anh,"Hà Nội, Việt Nam"
Thùy Anh,Bùi Lan Hương,"Hà Nội, Việt Nam"
Thùy Anh,Trương Ngọc Ánh,"Hà Nội, Việt Nam"
Thùy Anh,Mai Phương Thúy,"Hà Nội, Việt Nam"
Thùy Anh,Thu Minh,"Hà Nội, Việt Nam"
Thùy Anh,Trần Yến Chi,"Hà Nội, Việt Nam"
Thùy Anh,Lương Mạnh Hải,"Hà Nội, Việt Nam"
Thùy Anh,Yến Vi,"Hà Nội, Việt Nam"
Thùy Anh,Hoàng Thùy Linh,"Hà Nội, Việt Nam"
Thùy Anh,Chi Pu,"Hà Nội, Việt Nam"
Thùy Anh,Tăng Nhật Tuệ,"Hà Nội, Việt Nam"
Thùy Anh,Đức Phúc,"Hà Nội, Việt Nam"
Thùy Anh,Huỳnh Anh (diễn viên),"Hà Nội, Việt Nam"
Thùy Anh,Bảo Hân,"Hà Nội, Việt Nam"
Thùy Anh,Tuấn Tú,"Hà Nội, Việt Nam"
Thùy Anh,Quỳnh Nga,"Hà Nội, Việt Nam"
Thùy Anh,Mai Thu Huyền,"Hà Nội, Việt Nam"
Thùy Anh,Trần Việt Hoàng,"Hà Nội, Việt Nam"
Thùy Anh,Khánh Linh,"Hà Nội, Việt Nam"
Thùy Anh,Chí Nhân,"Hà Nội, Việt Nam"
Thùy Anh,Kiều Thanh,"Hà Nội, Việt Nam"
Thùy Anh,Phùng Tiến Minh,"Hà Nội, Việt Nam"
Thùy Anh,Nguyễn Thu Hà,"Hà Nội, Việt Nam"
Thùy Anh,Thanh Sơn (diễn viên),"Hà Nội, Việt Nam"
Thùy Anh,Bùi Như Lai,"Hà Nội, Việt Nam"
Thùy Anh,Yến Vy,"Hà Nội, Việt Nam"
Thùy Anh,Phan Anh (người dẫn chương trình),"Hà Nội, Việt Nam"
Thiện Tùng,Phú Thăng,Hà Nội
Thiện Tùng,Thu Quế,Hà Nội
Thiện Tùng,Đức Hùng,Hà Nội
Thiện Tùng,Thanh Phương (diễn viên),Hà Nội
Thiện Tùng,Đoàn Dũng,Hà Nội
Thiện Tùng,Diệp Anh,Hà Nội
Thiện Tùng,Lê Tuấn Anh (diễn viên sinh 1970),Hà Nội
Thiện Tùng,Quốc Tuấn (diễn viên),Hà Nội
Thiện Tùng,Đức Sơn (diễn viên),Hà Nội
Thiện Tùng,Tuấn Phong,Hà Nội
Thiện Tùng,Vũ Đình Thân,Hà Nội
Thiện Tùng,Doãn Hoàng Kiên,Hà Nội
Thiện Tùng,Bùi Trần Tuệ Minh,Hà Nội
Thiện Tùng,Thanh Trang,Hà Nội
Đan Lê,Bảo Anh (diễn viên),"Hà Nội, Việt Nam"
Đan Lê,Duy Hưng,"Hà Nội, Việt Nam"
Đan Lê,Thanh Sơn (diễn viên),"Hà Nội, Việt Nam"
Đan Lê,Huỳnh Anh (diễn viên),"Hà Nội, Việt Nam"
Đan Lê,Phan Anh (người dẫn chương trình),"Hà Nội, Việt Nam"
Đan Lê,Thùy Linh,"Hà Nội, Việt Nam"
Đan Lê,Hoàng Hà (diễn viên),"Hà Nội, Việt Nam"
Đan Lê,Lân Bích,"Hà Nội, Việt Nam"
Đan Lê,Khắc Cường,"Hà Nội, Việt Nam"
Đan Lê,Phạm Quỳnh Anh,"Hà Nội, Việt Nam"
Đan Lê,Bùi Lan Hương,"Hà Nội, Việt Nam"
Đan Lê,Trương Ngọc Ánh,"Hà Nội, Việt Nam"
Đan Lê,Mai Phương Thúy,"Hà Nội, Việt Nam"
Đan Lê,Thu Minh,"Hà Nội, Việt Nam"
Đan Lê,Trần Yến Chi,"Hà Nội, Việt Nam"
Đan Lê,Lương Mạnh Hải,"Hà Nội, Việt Nam"
Đan Lê,Yến Vi,"Hà Nội, Việt Nam"
Đan Lê,Hoàng Thùy Linh,"Hà Nội, Việt Nam"
Đan Lê,Chi Pu,"Hà Nội, Việt Nam"
Đan Lê,Tăng Nhật Tuệ,"Hà Nội, Việt Nam"
Đan Lê,Đức Phúc,"Hà Nội, Việt Nam"
Đan Lê,Công Dương,"Hà Nội, Việt Nam"
Đan Lê,Bảo Hân,"Hà Nội, Việt Nam"
Đan Lê,Tuấn Tú,"Hà Nội, Việt Nam"
Đan Lê,Quỳnh Nga,"Hà Nội, Việt Nam"
Đan Lê,Mai Thu Huyền,"Hà Nội, Việt Nam"
Đan Lê,Trần Việt Hoàng,"Hà Nội, Việt Nam"
Đan Lê,Khánh Linh,"Hà Nội, Việt Nam"
Đan Lê,Chí Nhân,"Hà Nội, Việt Nam"
Đan Lê,Kiều Thanh,"Hà Nội, Việt Nam"
Đan Lê,Phùng Tiến Minh,"Hà Nội, Việt Nam"
Đan Lê,Nguyễn Thu Hà,"Hà Nội, Việt Nam"
Đan Lê,Bùi Như Lai,"Hà Nội, Việt Nam"
Đan Lê,Yến Vy,"Hà Nội, Việt Nam"
Hồng Nhung,Lê Hoàng,"Hà Nội, Việt Nam Dân chủ Cộng hòa"
Hồng Nhung,Tú Oanh,"Hà Nội, Việt Nam Dân chủ Cộng hòa"
Hồng Nhung,Trần Đức (diễn viên),"Hà Nội, Việt Nam Dân chủ Cộng hòa"
Hồng Nhung,Trần Lực,"Hà Nội, Việt Nam Dân chủ Cộng hòa"
Hồng Nhung,Đỗ Kỷ,"Hà Nội, Việt Nam Dân chủ Cộng hòa"
Hồng Nhung,Tất Bình,"Hà Nội, Việt Nam Dân chủ Cộng hòa"
Hồng Nhung,Vĩnh Xương (diễn viên),"Hà Nội, Việt Nam Dân chủ Cộng hòa"
Hồng Nhung,Mỹ Linh,"Hà Nội, Việt Nam Dân chủ Cộng hòa"
Hồng Nhung,Trọng Hải,"Hà Nội, Việt Nam Dân chủ Cộng hòa"
Hồng Nhung,Chí Trung,"Hà Nội, Việt Nam Dân chủ Cộng hòa"
Hồng Nhung,Hiền Mai,"Hà Nội, Việt Nam Dân chủ Cộng hòa"
Hồng Nhung,Dũng Yoko,"Hà Nội, Việt Nam Dân chủ Cộng hòa"
Hồng Nhung,Phú Đôn,"Hà Nội, Việt Nam Dân chủ Cộng hòa"
Hồng Nhung,Công Lý (diễn viên),"Hà Nội, Việt Nam Dân chủ Cộng hòa"
Hồng Nhung,Nguyễn Minh Trang,"Hà Nội, Việt Nam Dân chủ Cộng hòa"
Hồng Nhung,Lan Hương (diễn viên sinh 1963),"Hà Nội, Việt Nam Dân chủ Cộng hòa"
Hồng Nhung,Quốc Khánh (nghệ sĩ),"Hà Nội, Việt Nam Dân chủ Cộng hòa"
Hồng Nhung,Tuấn Quang,"Hà Nội, Việt Nam Dân chủ Cộng hòa"
Hồng Nhung,Minh Hằng (diễn viên),"Hà Nội, Việt Nam Dân chủ Cộng hòa"
Hồng Nhung,Hoàng Khải,"Hà Nội, Việt Nam Dân chủ Cộng hòa"
Hồng Nhung,Lan Hương (diễn viên sinh 1961),"Hà Nội, Việt Nam Dân chủ Cộng hòa"
Hồng Nhung,Nguyễn Anh Dũng (diễn viên),"Hà Nội, Việt Nam Dân chủ Cộng hòa"
Hồng Nhung,Thanh Thanh Hiền,"Hà Nội, Việt Nam Dân chủ Cộng hòa"
Hồng Nhung,Phạm Tuấn Quang,"Hà Nội, Việt Nam Dân chủ Cộng hòa"
Hồng Nhung,Lê Vũ Long,"Hà Nội, Việt Nam Dân chủ Cộng hòa"
Hồng Nhung,Duy Hậu,"Hà Nội, Việt Nam Dân chủ Cộng hòa"
Hồng Nhung,Võ Hoài Nam,"Hà Nội, Việt Nam Dân chủ Cộng hòa"
Hồng Nhung,Nguyễn Vĩnh Xương,"Hà Nội, Việt Nam Dân chủ Cộng hòa"
Hồng Nhung,Kim Oanh (diễn viên),"Hà Nội, Việt Nam Dân chủ Cộng hòa"
Hồng Nhung,Đường Minh Giang,"Hà Nội, Việt Nam Dân chủ Cộng hòa"
Hồng Nhung,Giang Còi,"Hà Nội, Việt Nam Dân chủ Cộng hòa"
Hồng Nhung,Trần Nữ Yên Khê,"Hà Nội, Việt Nam Dân chủ Cộng hòa"
Hồng Nhung,Thanh Lam,"Hà Nội, Việt Nam Dân chủ Cộng hòa"
Đỗ Kỷ,Tất Bình,"Hà Nội, Việt Nam Dân chủ Cộng hòa"
Đỗ Kỷ,Vĩnh Xương (diễn viên),"Hà Nội, Việt Nam Dân chủ Cộng hòa"
Đỗ Kỷ,Công Lý (diễn viên),"Hà Nội, Việt Nam Dân chủ Cộng hòa"
Đỗ Kỷ,Tú Oanh,"Hà Nội, Việt Nam Dân chủ Cộng hòa"
Đỗ Kỷ,Trần Lực,"Hà Nội, Việt Nam Dân chủ Cộng hòa"
Đỗ Kỷ,Chí Trung,"Hà Nội, Việt Nam Dân chủ Cộng hòa"
Đỗ Kỷ,Phú Đôn,"Hà Nội, Việt Nam Dân chủ Cộng hòa"
Đỗ Kỷ,Trần Đức (diễn viên),"Hà Nội, Việt Nam Dân chủ Cộng hòa"
Đỗ Kỷ,Minh Hằng (diễn viên),"Hà Nội, Việt Nam Dân chủ Cộng hòa"
Đỗ Kỷ,Hoàng Khải,"Hà Nội, Việt Nam Dân chủ Cộng hòa"
Đỗ Kỷ,Mỹ Linh,"Hà Nội, Việt Nam Dân chủ Cộng hòa"
Đỗ Kỷ,Trọng Hải,"Hà Nội, Việt Nam Dân chủ Cộng hòa"
Đỗ Kỷ,Lê Hoàng,"Hà Nội, Việt Nam Dân chủ Cộng hòa"
Đỗ Kỷ,Hiền Mai,"Hà Nội, Việt Nam Dân chủ Cộng hòa"
Đỗ Kỷ,Dũng Yoko,"Hà Nội, Việt Nam Dân chủ Cộng hòa"
Đỗ Kỷ,Nguyễn Minh Trang,"Hà Nội, Việt Nam Dân chủ Cộng hòa"
Đỗ Kỷ,Lan Hương (diễn viên sinh 1963),"Hà Nội, Việt Nam Dân chủ Cộng hòa"
Đỗ Kỷ,Quốc Khánh (nghệ sĩ),"Hà Nội, Việt Nam Dân chủ Cộng hòa"
Đỗ Kỷ,Tuấn Quang,"Hà Nội, Việt Nam Dân chủ Cộng hòa"
Đỗ Kỷ,Lan Hương (diễn viên sinh 1961),"Hà Nội, Việt Nam Dân chủ Cộng hòa"
Đỗ Kỷ,Nguyễn Anh Dũng (diễn viên),"Hà Nội, Việt Nam Dân chủ Cộng hòa"
Đỗ Kỷ,Thanh Thanh Hiền,"Hà Nội, Việt Nam Dân chủ Cộng hòa"
Đỗ Kỷ,Phạm Tuấn Quang,"Hà Nội, Việt Nam Dân chủ Cộng hòa"
Đỗ Kỷ,Lê Vũ Long,"Hà Nội, Việt Nam Dân chủ Cộng hòa"
Đỗ Kỷ,Duy Hậu,"Hà Nội, Việt Nam Dân chủ Cộng hòa"
Đỗ Kỷ,Võ Hoài Nam,"Hà Nội, Việt Nam Dân chủ Cộng hòa"
Đỗ Kỷ,Nguyễn Vĩnh Xương,"Hà Nội, Việt Nam Dân chủ Cộng hòa"
Đỗ Kỷ,Kim Oanh (diễn viên),"Hà Nội, Việt Nam Dân chủ Cộng hòa"
Đỗ Kỷ,Đường Minh Giang,"Hà Nội, Việt Nam Dân chủ Cộng hòa"
Đỗ Kỷ,Giang Còi,"Hà Nội, Việt Nam Dân chủ Cộng hòa"
Đỗ Kỷ,Trần Nữ Yên Khê,"Hà Nội, Việt Nam Dân chủ Cộng hòa"
Đỗ Kỷ,Thanh Lam,"Hà Nội, Việt Nam Dân chủ Cộng hòa"
Duy Hưng,Bảo Anh (diễn viên),"Hà Nội, Việt Nam"
Duy Hưng,Thanh Sơn (diễn viên),"Hà Nội, Việt Nam"
Duy Hưng,Huỳnh Anh (diễn viên),"Hà Nội, Việt Nam"
Duy Hưng,Hoàng Thùy Linh,"Hà Nội, Việt Nam"
Duy Hưng,Công Dương,"Hà Nội, Việt Nam"
Duy Hưng,Thùy Linh,"Hà Nội, Việt Nam"
Duy Hưng,Hoàng Hà (diễn viên),"Hà Nội, Việt Nam"
Duy Hưng,Lân Bích,"Hà Nội, Việt Nam"
Duy Hưng,Khắc Cường,"Hà Nội, Việt Nam"
Duy Hưng,Phạm Quỳnh Anh,"Hà Nội, Việt Nam"
Duy Hưng,Bùi Lan Hương,"Hà Nội, Việt Nam"
Duy Hưng,Trương Ngọc Ánh,"Hà Nội, Việt Nam"
Duy Hưng,Mai Phương Thúy,"Hà Nội, Việt Nam"
Duy Hưng,Thu Minh,"Hà Nội, Việt Nam"
Duy Hưng,Trần Yến Chi,"Hà Nội, Việt Nam"
Duy Hưng,Lương Mạnh Hải,"Hà Nội, Việt Nam"
Duy Hưng,Yến Vi,"Hà Nội, Việt Nam"
Duy Hưng,Chi Pu,"Hà Nội, Việt Nam"
Duy Hưng,Tăng Nhật Tuệ,"Hà Nội, Việt Nam"
Duy Hưng,Đức Phúc,"Hà Nội, Việt Nam"
Duy Hưng,Bảo Hân,"Hà Nội, Việt Nam"
Duy Hưng,Tuấn Tú,"Hà Nội, Việt Nam"
Duy Hưng,Quỳnh Nga,"Hà Nội, Việt Nam"
Duy Hưng,Mai Thu Huyền,"Hà Nội, Việt Nam"
Duy Hưng,Trần Việt Hoàng,"Hà Nội, Việt Nam"
Duy Hưng,Khánh Linh,"Hà Nội, Việt Nam"
Duy Hưng,Chí Nhân,"Hà Nội, Việt Nam"
Duy Hưng,Kiều Thanh,"Hà Nội, Việt Nam"
Duy Hưng,Phùng Tiến Minh,"Hà Nội, Việt Nam"
Duy Hưng,Nguyễn Thu Hà,"Hà Nội, Việt Nam"
Duy Hưng,Bùi Như Lai,"Hà Nội, Việt Nam"
Duy Hưng,Yến Vy,"Hà Nội, Việt Nam"
Duy Hưng,Phan Anh (người dẫn chương trình),"Hà Nội, Việt Nam"
Tất Bình,Vĩnh Xương (diễn viên),"Hà Nội, Việt Nam Dân chủ Cộng hòa"
Tất Bình,Trần Đức (diễn viên),"Hà Nội, Việt Nam Dân chủ Cộng hòa"
Tất Bình,Tú Oanh,"Hà Nội, Việt Nam Dân chủ Cộng hòa"
Tất Bình,Minh Hằng (diễn viên),"Hà Nội, Việt Nam Dân chủ Cộng hòa"
Tất Bình,Phú Đôn,"Hà Nội, Việt Nam Dân chủ Cộng hòa"
Tất Bình,Hoàng Khải,"Hà Nội, Việt Nam Dân chủ Cộng hòa"
Tất Bình,Thanh Thanh Hiền,"Hà Nội, Việt Nam Dân chủ Cộng hòa"
Tất Bình,Mỹ Linh,"Hà Nội, Việt Nam Dân chủ Cộng hòa"
Tất Bình,Trọng Hải,"Hà Nội, Việt Nam Dân chủ Cộng hòa"
Tất Bình,Lê Hoàng,"Hà Nội, Việt Nam Dân chủ Cộng hòa"
Tất Bình,Chí Trung,"Hà Nội, Việt Nam Dân chủ Cộng hòa"
Tất Bình,Trần Lực,"Hà Nội, Việt Nam Dân chủ Cộng hòa"
Tất Bình,Hiền Mai,"Hà Nội, Việt Nam Dân chủ Cộng hòa"
Tất Bình,Dũng Yoko,"Hà Nội, Việt Nam Dân chủ Cộng hòa"
Tất Bình,Công Lý (diễn viên),"Hà Nội, Việt Nam Dân chủ Cộng hòa"
Tất Bình,Nguyễn Minh Trang,"Hà Nội, Việt Nam Dân chủ Cộng hòa"
Tất Bình,Lan Hương (diễn viên sinh 1963),"Hà Nội, Việt Nam Dân chủ Cộng hòa"
Tất Bình,Quốc Khánh (nghệ sĩ),"Hà Nội, Việt Nam Dân chủ Cộng hòa"
Tất Bình,Tuấn Quang,"Hà Nội, Việt Nam Dân chủ Cộng hòa"
Tất Bình,Lan Hương (diễn viên sinh 1961),"Hà Nội, Việt Nam Dân chủ Cộng hòa"
Tất Bình,Nguyễn Anh Dũng (diễn viên),"Hà Nội, Việt Nam Dân chủ Cộng hòa"
Tất Bình,Phạm Tuấn Quang,"Hà Nội, Việt Nam Dân chủ Cộng hòa"
Tất Bình,Lê Vũ Long,"Hà Nội, Việt Nam Dân chủ Cộng hòa"
Tất Bình,Duy Hậu,"Hà Nội, Việt Nam Dân chủ Cộng hòa"
Tất Bình,Võ Hoài Nam,"Hà Nội, Việt Nam Dân chủ Cộng hòa"
Tất Bình,Nguyễn Vĩnh Xương,"Hà Nội, Việt Nam Dân chủ Cộng hòa"
Tất Bình,Kim Oanh (diễn viên),"Hà Nội, Việt Nam Dân chủ Cộng hòa"
Tất Bình,Đường Minh Giang,"Hà Nội, Việt Nam Dân chủ Cộng hòa"
Tất Bình,Giang Còi,"Hà Nội, Việt Nam Dân chủ Cộng hòa"
Tất Bình,Trần Nữ Yên Khê,"Hà Nội, Việt Nam Dân chủ Cộng hòa"
Tất Bình,Thanh Lam,"Hà Nội, Việt Nam Dân chủ Cộng hòa"
Phú Kiên,Nguyễn Phú Kiên,"Lạc Đạo, Văn Lâm, Hưng Yên, Việt Nam"
Nhan Phúc Vinh,Quốc Trường (diễn viên),"Cần Thơ, Việt Nam"
Nhan Phúc Vinh,Quốc Huy (diễn viên),"Cần Thơ, Việt Nam"
Phú Thăng,Thu Quế,Hà Nội
Phú Thăng,Đức Hùng,Hà Nội
Phú Thăng,Lê Tuấn Anh (diễn viên sinh 1970),Hà Nội
Phú Thăng,Thanh Phương (diễn viên),Hà Nội
Phú Thăng,Đoàn Dũng,Hà Nội
Phú Thăng,Diệp Anh,Hà Nội
Phú Thăng,Quốc Tuấn (diễn viên),Hà Nội
Phú Thăng,Đức Sơn (diễn viên),Hà Nội
Phú Thăng,Tuấn Phong,Hà Nội
Phú Thăng,Vũ Đình Thân,Hà Nội
Phú Thăng,Doãn Hoàng Kiên,Hà Nội
Phú Thăng,Bùi Trần Tuệ Minh,Hà Nội
Phú Thăng,Thanh Trang,Hà Nội
Thu Quế,Đức Hùng,Hà Nội
Thu Quế,Thanh Phương (diễn viên),Hà Nội
Thu Quế,Đoàn Dũng,Hà Nội
Thu Quế,Diệp Anh,Hà Nội
Thu Quế,Lê Tuấn Anh (diễn viên sinh 1970),Hà Nội
Thu Quế,Quốc Tuấn (diễn viên),Hà Nội
Thu Quế,Đức Sơn (diễn viên),Hà Nội
Thu Quế,Tuấn Phong,Hà Nội
Thu Quế,Vũ Đình Thân,Hà Nội
Thu Quế,Doãn Hoàng Kiên,Hà Nội
Thu Quế,Bùi Trần Tuệ Minh,Hà Nội
Thu Quế,Thanh Trang,Hà Nội
Bảo Anh (diễn viên),Thanh Sơn (diễn viên),"Hà Nội, Việt Nam"
Bảo Anh (diễn viên),Huỳnh Anh (diễn viên),"Hà Nội, Việt Nam"
Bảo Anh (diễn viên),Khánh Linh,"Hà Nội, Việt Nam"
Bảo Anh (diễn viên),Thùy Linh,"Hà Nội, Việt Nam"
Bảo Anh (diễn viên),Hoàng Hà (diễn viên),"Hà Nội, Việt Nam"
Bảo Anh (diễn viên),Lân Bích,"Hà Nội, Việt Nam"
Bảo Anh (diễn viên),Khắc Cường,"Hà Nội, Việt Nam"
Bảo Anh (diễn viên),Phạm Quỳnh Anh,"Hà Nội, Việt Nam"
Bảo Anh (diễn viên),Bùi Lan Hương,"Hà Nội, Việt Nam"
Bảo Anh (diễn viên),Trương Ngọc Ánh,"Hà Nội, Việt Nam"
Bảo Anh (diễn viên),Mai Phương Thúy,"Hà Nội, Việt Nam"
Bảo Anh (diễn viên),Thu Minh,"Hà Nội, Việt Nam"
Bảo Anh (diễn viên),Trần Yến Chi,"Hà Nội, Việt Nam"
Bảo Anh (diễn viên),Lương Mạnh Hải,"Hà Nội, Việt Nam"
Bảo Anh (diễn viên),Yến Vi,"Hà Nội, Việt Nam"
Bảo Anh (diễn viên),Hoàng Thùy Linh,"Hà Nội, Việt Nam"
Bảo Anh (diễn viên),Chi Pu,"Hà Nội, Việt Nam"
Bảo Anh (diễn viên),Tăng Nhật Tuệ,"Hà Nội, Việt Nam"
Bảo Anh (diễn viên),Đức Phúc,"Hà Nội, Việt Nam"
Bảo Anh (diễn viên),Công Dương,"Hà Nội, Việt Nam"
Bảo Anh (diễn viên),Bảo Hân,"Hà Nội, Việt Nam"
Bảo Anh (diễn viên),Tuấn Tú,"Hà Nội, Việt Nam"
Bảo Anh (diễn viên),Quỳnh Nga,"Hà Nội, Việt Nam"
Bảo Anh (diễn viên),Mai Thu Huyền,"Hà Nội, Việt Nam"
Bảo Anh (diễn viên),Trần Việt Hoàng,"Hà Nội, Việt Nam"
Bảo Anh (diễn viên),Chí Nhân,"Hà Nội, Việt Nam"
Bảo Anh (diễn viên),Kiều Thanh,"Hà Nội, Việt Nam"
Bảo Anh (diễn viên),Phùng Tiến Minh,"Hà Nội, Việt Nam"
Bảo Anh (diễn viên),Nguyễn Thu Hà,"Hà Nội, Việt Nam"
Bảo Anh (diễn viên),Bùi Như Lai,"Hà Nội, Việt Nam"
Bảo Anh (diễn viên),Yến Vy,"Hà Nội, Việt Nam"
Bảo Anh (diễn viên),Phan Anh (người dẫn chương trình),"Hà Nội, Việt Nam"
Đức Hùng,Lê Tuấn Anh (diễn viên sinh 1970),Hà Nội
Đức Hùng,Thanh Phương (diễn viên),Hà Nội
Đức Hùng,Đoàn Dũng,Hà Nội
Đức Hùng,Diệp Anh,Hà Nội
Đức Hùng,Quốc Tuấn (diễn viên),Hà Nội
Đức Hùng,Đức Sơn (diễn viên),Hà Nội
Đức Hùng,Tuấn Phong,Hà Nội
Đức Hùng,Vũ Đình Thân,Hà Nội
Đức Hùng,Doãn Hoàng Kiên,Hà Nội
Đức Hùng,Bùi Trần Tuệ Minh,Hà Nội
Đức Hùng,Thanh Trang,Hà Nội
Vĩnh Xương (diễn viên),Trần Đức (diễn viên),"Hà Nội, Việt Nam Dân chủ Cộng hòa"
Vĩnh Xương (diễn viên),Tú Oanh,"Hà Nội, Việt Nam Dân chủ Cộng hòa"
Vĩnh Xương (diễn viên),Minh Hằng (diễn viên),"Hà Nội, Việt Nam Dân chủ Cộng hòa"
Vĩnh Xương (diễn viên),Phú Đôn,"Hà Nội, Việt Nam Dân chủ Cộng hòa"
Vĩnh Xương (diễn viên),Hoàng Khải,"Hà Nội, Việt Nam Dân chủ Cộng hòa"
Vĩnh Xương (diễn viên),Chí Trung,"Hà Nội, Việt Nam Dân chủ Cộng hòa"
Vĩnh Xương (diễn viên),Quốc Khánh (nghệ sĩ),"Hà Nội, Việt Nam Dân chủ Cộng hòa"
Vĩnh Xương (diễn viên),Mỹ Linh,"Hà Nội, Việt Nam Dân chủ Cộng hòa"
Vĩnh Xương (diễn viên),Trọng Hải,"Hà Nội, Việt Nam Dân chủ Cộng hòa"
Vĩnh Xương (diễn viên),Lê Hoàng,"Hà Nội, Việt Nam Dân chủ Cộng hòa"
Vĩnh Xương (diễn viên),Trần Lực,"Hà Nội, Việt Nam Dân chủ Cộng hòa"
Vĩnh Xương (diễn viên),Hiền Mai,"Hà Nội, Việt Nam Dân chủ Cộng hòa"
Vĩnh Xương (diễn viên),Dũng Yoko,"Hà Nội, Việt Nam Dân chủ Cộng hòa"
Vĩnh Xương (diễn viên),Công Lý (diễn viên),"Hà Nội, Việt Nam Dân chủ Cộng hòa"
Vĩnh Xương (diễn viên),Nguyễn Minh Trang,"Hà Nội, Việt Nam Dân chủ Cộng hòa"
Vĩnh Xương (diễn viên),Lan Hương (diễn viên sinh 1963),"Hà Nội, Việt Nam Dân chủ Cộng hòa"
Vĩnh Xương (diễn viên),Tuấn Quang,"Hà Nội, Việt Nam Dân chủ Cộng hòa"
Vĩnh Xương (diễn viên),Lan Hương (diễn viên sinh 1961),"Hà Nội, Việt Nam Dân chủ Cộng hòa"
Vĩnh Xương (diễn viên),Nguyễn Anh Dũng (diễn viên),"Hà Nội, Việt Nam Dân chủ Cộng hòa"
Vĩnh Xương (diễn viên),Thanh Thanh Hiền,"Hà Nội, Việt Nam Dân chủ Cộng hòa"
Vĩnh Xương (diễn viên),Phạm Tuấn Quang,"Hà Nội, Việt Nam Dân chủ Cộng hòa"
Vĩnh Xương (diễn viên),Lê Vũ Long,"Hà Nội, Việt Nam Dân chủ Cộng hòa"
Vĩnh Xương (diễn viên),Duy Hậu,"Hà Nội, Việt Nam Dân chủ Cộng hòa"
Vĩnh Xương (diễn viên),Võ Hoài Nam,"Hà Nội, Việt Nam Dân chủ Cộng hòa"
Vĩnh Xương (diễn viên),Nguyễn Vĩnh Xương,"Hà Nội, Việt Nam Dân chủ Cộng hòa"
Vĩnh Xương (diễn viên),Kim Oanh (diễn viên),"Hà Nội, Việt Nam Dân chủ Cộng hòa"
Vĩnh Xương (diễn viên),Đường Minh Giang,"Hà Nội, Việt Nam Dân chủ Cộng hòa"
Vĩnh Xương (diễn viên),Giang Còi,"Hà Nội, Việt Nam Dân chủ Cộng hòa"
Vĩnh Xương (diễn viên),Trần Nữ Yên Khê,"Hà Nội, Việt Nam Dân chủ Cộng hòa"
Vĩnh Xương (diễn viên),Thanh Lam,"Hà Nội, Việt Nam Dân chủ Cộng hòa"
Phùng Khánh Linh,Thanh Hiền (nghệ sĩ),"Bắc Giang, Việt Nam"
Phùng Khánh Linh,Bảo Thanh (diễn viên),"Bắc Giang, Việt Nam"
Thùy Linh,Hoàng Hà (diễn viên),"Hà Nội, Việt Nam"
Thùy Linh,Lân Bích,"Hà Nội, Việt Nam"
Thùy Linh,Khắc Cường,"Hà Nội, Việt Nam"
Thùy Linh,Phạm Quỳnh Anh,"Hà Nội, Việt Nam"
Thùy Linh,Bùi Lan Hương,"Hà Nội, Việt Nam"
Thùy Linh,Trương Ngọc Ánh,"Hà Nội, Việt Nam"
Thùy Linh,Mai Phương Thúy,"Hà Nội, Việt Nam"
Thùy Linh,Thu Minh,"Hà Nội, Việt Nam"
Thùy Linh,Trần Yến Chi,"Hà Nội, Việt Nam"
Thùy Linh,Lương Mạnh Hải,"Hà Nội, Việt Nam"
Thùy Linh,Yến Vi,"Hà Nội, Việt Nam"
Thùy Linh,Hoàng Thùy Linh,"Hà Nội, Việt Nam"
Thùy Linh,Chi Pu,"Hà Nội, Việt Nam"
Thùy Linh,Tăng Nhật Tuệ,"Hà Nội, Việt Nam"
Thùy Linh,Đức Phúc,"Hà Nội, Việt Nam"
Thùy Linh,Công Dương,"Hà Nội, Việt Nam"
Thùy Linh,Huỳnh Anh (diễn viên),"Hà Nội, Việt Nam"
Thùy Linh,Bảo Hân,"Hà Nội, Việt Nam"
Thùy Linh,Tuấn Tú,"Hà Nội, Việt Nam"
Thùy Linh,Quỳnh Nga,"Hà Nội, Việt Nam"
Thùy Linh,Mai Thu Huyền,"Hà Nội, Việt Nam"
Thùy Linh,Trần Việt Hoàng,"Hà Nội, Việt Nam"
Thùy Linh,Khánh Linh,"Hà Nội, Việt Nam"
Thùy Linh,Chí Nhân,"Hà Nội, Việt Nam"
Thùy Linh,Kiều Thanh,"Hà Nội, Việt Nam"
Thùy Linh,Phùng Tiến Minh,"Hà Nội, Việt Nam"
Thùy Linh,Nguyễn Thu Hà,"Hà Nội, Việt Nam"
Thùy Linh,Thanh Sơn (diễn viên),"Hà Nội, Việt Nam"
Thùy Linh,Bùi Như Lai,"Hà Nội, Việt Nam"
Thùy Linh,Yến Vy,"Hà Nội, Việt Nam"
Thùy Linh,Phan Anh (người dẫn chương trình),"Hà Nội, Việt Nam"
Tú Oanh,Phú Đôn,"Hà Nội, Việt Nam Dân chủ Cộng hòa"
Tú Oanh,Công Lý (diễn viên),"Hà Nội, Việt Nam Dân chủ Cộng hòa"
Tú Oanh,Quốc Khánh (nghệ sĩ),"Hà Nội, Việt Nam Dân chủ Cộng hòa"
Tú Oanh,Trần Đức (diễn viên),"Hà Nội, Việt Nam Dân chủ Cộng hòa"
Tú Oanh,Minh Hằng (diễn viên),"Hà Nội, Việt Nam Dân chủ Cộng hòa"
Tú Oanh,Hoàng Khải,"Hà Nội, Việt Nam Dân chủ Cộng hòa"
Tú Oanh,Mỹ Linh,"Hà Nội, Việt Nam Dân chủ Cộng hòa"
Tú Oanh,Trọng Hải,"Hà Nội, Việt Nam Dân chủ Cộng hòa"
Tú Oanh,Lê Hoàng,"Hà Nội, Việt Nam Dân chủ Cộng hòa"
Tú Oanh,Chí Trung,"Hà Nội, Việt Nam Dân chủ Cộng hòa"
Tú Oanh,Trần Lực,"Hà Nội, Việt Nam Dân chủ Cộng hòa"
Tú Oanh,Hiền Mai,"Hà Nội, Việt Nam Dân chủ Cộng hòa"
Tú Oanh,Dũng Yoko,"Hà Nội, Việt Nam Dân chủ Cộng hòa"
Tú Oanh,Nguyễn Minh Trang,"Hà Nội, Việt Nam Dân chủ Cộng hòa"
Tú Oanh,Lan Hương (diễn viên sinh 1963),"Hà Nội, Việt Nam Dân chủ Cộng hòa"
Tú Oanh,Tuấn Quang,"Hà Nội, Việt Nam Dân chủ Cộng hòa"
Tú Oanh,Lan Hương (diễn viên sinh 1961),"Hà Nội, Việt Nam Dân chủ Cộng hòa"
Tú Oanh,Nguyễn Anh Dũng (diễn viên),"Hà Nội, Việt Nam Dân chủ Cộng hòa"
Tú Oanh,Thanh Thanh Hiền,"Hà Nội, Việt Nam Dân chủ Cộng hòa"
Tú Oanh,Phạm Tuấn Quang,"Hà Nội, Việt Nam Dân chủ Cộng hòa"
Tú Oanh,Lê Vũ Long,"Hà Nội, Việt Nam Dân chủ Cộng hòa"
Tú Oanh,Duy Hậu,"Hà Nội, Việt Nam Dân chủ Cộng hòa"
Tú Oanh,Võ Hoài Nam,"Hà Nội, Việt Nam Dân chủ Cộng hòa"
Tú Oanh,Nguyễn Vĩnh Xương,"Hà Nội, Việt Nam Dân chủ Cộng hòa"
Tú Oanh,Kim Oanh (diễn viên),"Hà Nội, Việt Nam Dân chủ Cộng hòa"
Tú Oanh,Đường Minh Giang,"Hà Nội, Việt Nam Dân chủ Cộng hòa"
Tú Oanh,Giang Còi,"Hà Nội, Việt Nam Dân chủ Cộng hòa"
Tú Oanh,Trần Nữ Yên Khê,"Hà Nội, Việt Nam Dân chủ Cộng hòa"
Tú Oanh,Thanh Lam,"Hà Nội, Việt Nam Dân chủ Cộng hòa"
Hoàng Hà (diễn viên),Lân Bích,"Hà Nội, Việt Nam"
Hoàng Hà (diễn viên),Khắc Cường,"Hà Nội, Việt Nam"
Hoàng Hà (diễn viên),Phạm Quỳnh Anh,"Hà Nội, Việt Nam"
Hoàng Hà (diễn viên),Bùi Lan Hương,"Hà Nội, Việt Nam"
Hoàng Hà (diễn viên),Trương Ngọc Ánh,"Hà Nội, Việt Nam"
Hoàng Hà (diễn viên),Mai Phương Thúy,"Hà Nội, Việt Nam"
Hoàng Hà (diễn viên),Thu Minh,"Hà Nội, Việt Nam"
Hoàng Hà (diễn viên),Trần Yến Chi,"Hà Nội, Việt Nam"
Hoàng Hà (diễn viên),Lương Mạnh Hải,"Hà Nội, Việt Nam"
Hoàng Hà (diễn viên),Yến Vi,"Hà Nội, Việt Nam"
Hoàng Hà (diễn viên),Hoàng Thùy Linh,"Hà Nội, Việt Nam"
Hoàng Hà (diễn viên),Chi Pu,"Hà Nội, Việt Nam"
Hoàng Hà (diễn viên),Tăng Nhật Tuệ,"Hà Nội, Việt Nam"
Hoàng Hà (diễn viên),Đức Phúc,"Hà Nội, Việt Nam"
Hoàng Hà (diễn viên),Công Dương,"Hà Nội, Việt Nam"
Hoàng Hà (diễn viên),Huỳnh Anh (diễn viên),"Hà Nội, Việt Nam"
Hoàng Hà (diễn viên),Bảo Hân,"Hà Nội, Việt Nam"
Hoàng Hà (diễn viên),Tuấn Tú,"Hà Nội, Việt Nam"
Hoàng Hà (diễn viên),Quỳnh Nga,"Hà Nội, Việt Nam"
Hoàng Hà (diễn viên),Mai Thu Huyền,"Hà Nội, Việt Nam"
Hoàng Hà (diễn viên),Trần Việt Hoàng,"Hà Nội, Việt Nam"
Hoàng Hà (diễn viên),Khánh Linh,"Hà Nội, Việt Nam"
Hoàng Hà (diễn viên),Chí Nhân,"Hà Nội, Việt Nam"
Hoàng Hà (diễn viên),Kiều Thanh,"Hà Nội, Việt Nam"
Hoàng Hà (diễn viên),Phùng Tiến Minh,"Hà Nội, Việt Nam"
Hoàng Hà (diễn viên),Nguyễn Thu Hà,"Hà Nội, Việt Nam"
Hoàng Hà (diễn viên),Thanh Sơn (diễn viên),"Hà Nội, Việt Nam"
Hoàng Hà (diễn viên),Bùi Như Lai,"Hà Nội, Việt Nam"
Hoàng Hà (diễn viên),Yến Vy,"Hà Nội, Việt Nam"
Hoàng Hà (diễn viên),Phan Anh (người dẫn chương trình),"Hà Nội, Việt Nam"
Văn Phượng,Hà Trí Quang,"Bà Rịa – Vũng Tàu, Việt Nam"
Ốc Thanh Vân,Nhung Kate,"Hải Phòng, Việt Nam"
Trương Quỳnh Anh,Ngọc Thanh Tâm,"Nha Trang, Khánh Hòa, Việt Nam"
Nguyễn Dương,Quốc Thảo,Sài Gòn
Nguyễn Dương,Phi Nga,Sài Gòn
Nguyễn Dương,Tú Trinh,Sài Gòn
Nhật Kim Anh,Quang Anh,"Thanh Hóa, Việt Nam"
Mỹ Linh,Trọng Hải,"Hà Nội, Việt Nam Dân chủ Cộng hòa"
Mỹ Linh,Lê Hoàng,"Hà Nội, Việt Nam Dân chủ Cộng hòa"
Mỹ Linh,Chí Trung,"Hà Nội, Việt Nam Dân chủ Cộng hòa"
Mỹ Linh,Trần Lực,"Hà Nội, Việt Nam Dân chủ Cộng hòa"
Mỹ Linh,Hiền Mai,"Hà Nội, Việt Nam Dân chủ Cộng hòa"
Mỹ Linh,Dũng Yoko,"Hà Nội, Việt Nam Dân chủ Cộng hòa"
Mỹ Linh,Phú Đôn,"Hà Nội, Việt Nam Dân chủ Cộng hòa"
Mỹ Linh,Trần Đức (diễn viên),"Hà Nội, Việt Nam Dân chủ Cộng hòa"
Mỹ Linh,Công Lý (diễn viên),"Hà Nội, Việt Nam Dân chủ Cộng hòa"
Mỹ Linh,Nguyễn Minh Trang,"Hà Nội, Việt Nam Dân chủ Cộng hòa"
Mỹ Linh,Lan Hương (diễn viên sinh 1963),"Hà Nội, Việt Nam Dân chủ Cộng hòa"
Mỹ Linh,Quốc Khánh (nghệ sĩ),"Hà Nội, Việt Nam Dân chủ Cộng hòa"
Mỹ Linh,Tuấn Quang,"Hà Nội, Việt Nam Dân chủ Cộng hòa"
Mỹ Linh,Minh Hằng (diễn viên),"Hà Nội, Việt Nam Dân chủ Cộng hòa"
Mỹ Linh,Hoàng Khải,"Hà Nội, Việt Nam Dân chủ Cộng hòa"
Mỹ Linh,Lan Hương (diễn viên sinh 1961),"Hà Nội, Việt Nam Dân chủ Cộng hòa"
Mỹ Linh,Nguyễn Anh Dũng (diễn viên),"Hà Nội, Việt Nam Dân chủ Cộng hòa"
Mỹ Linh,Thanh Thanh Hiền,"Hà Nội, Việt Nam Dân chủ Cộng hòa"
Mỹ Linh,Phạm Tuấn Quang,"Hà Nội, Việt Nam Dân chủ Cộng hòa"
Mỹ Linh,Lê Vũ Long,"Hà Nội, Việt Nam Dân chủ Cộng hòa"
Mỹ Linh,Duy Hậu,"Hà Nội, Việt Nam Dân chủ Cộng hòa"
Mỹ Linh,Võ Hoài Nam,"Hà Nội, Việt Nam Dân chủ Cộng hòa"
Mỹ Linh,Nguyễn Vĩnh Xương,"Hà Nội, Việt Nam Dân chủ Cộng hòa"
Mỹ Linh,Kim Oanh (diễn viên),"Hà Nội, Việt Nam Dân chủ Cộng hòa"
Mỹ Linh,Đường Minh Giang,"Hà Nội, Việt Nam Dân chủ Cộng hòa"
Mỹ Linh,Giang Còi,"Hà Nội, Việt Nam Dân chủ Cộng hòa"
Mỹ Linh,Trần Nữ Yên Khê,"Hà Nội, Việt Nam Dân chủ Cộng hòa"
Mỹ Linh,Thanh Lam,"Hà Nội, Việt Nam Dân chủ Cộng hòa"
Thanh Hằng (nghệ sĩ cải lương),Trương Minh Quốc Thái,"Sài Gòn, Việt Nam Cộng hòa"
Thanh Hằng (nghệ sĩ cải lương),Thái Hòa (diễn viên),"Sài Gòn, Việt Nam Cộng hòa"
Thanh Hằng (nghệ sĩ cải lương),Việt Anh (nghệ sĩ),"Sài Gòn, Việt Nam Cộng hòa"
Thanh Hằng (nghệ sĩ cải lương),Phạm Thị Ngọc Trinh,"Sài Gòn, Việt Nam Cộng hòa"
Thanh Hằng (nghệ sĩ cải lương),Cẩm Ly,"Sài Gòn, Việt Nam Cộng hòa"
Thanh Hằng (nghệ sĩ cải lương),Việt Dũng,"Sài Gòn, Việt Nam Cộng hòa"
Thúy Diễm,Đàm Phương Linh,"Thành phố Hồ Chí Minh, Việt Nam"
Thúy Diễm,Đan Trường,"Thành phố Hồ Chí Minh, Việt Nam"
Thúy Diễm,Bạch Công Khanh,"Thành phố Hồ Chí Minh, Việt Nam"
Thúy Diễm,Angela Phương Trinh,"Thành phố Hồ Chí Minh, Việt Nam"
Thúy Diễm,Việt Hương,"Thành phố Hồ Chí Minh, Việt Nam"
Thúy Diễm,Hà Okio,"Thành phố Hồ Chí Minh, Việt Nam"
Thúy Diễm,Uyên Linh,"Thành phố Hồ Chí Minh, Việt Nam"
Thúy Diễm,Lý Nhã Kỳ,"Thành phố Hồ Chí Minh, Việt Nam"
Thúy Diễm,Phương Hằng (diễn viên),"Thành phố Hồ Chí Minh, Việt Nam"
Thúy Diễm,Quang Tuấn,"Thành phố Hồ Chí Minh, Việt Nam"
Thúy Diễm,Yeye Nhật Hạ,"Thành phố Hồ Chí Minh, Việt Nam"
Thúy Diễm,Khánh Phương,"Thành phố Hồ Chí Minh, Việt Nam"
Thúy Diễm,Võ Thành Tâm,"Thành phố Hồ Chí Minh, Việt Nam"
Thúy Diễm,Đại Nghĩa (diễn viên),"Thành phố Hồ Chí Minh, Việt Nam"
Thúy Diễm,Kim Hiền (diễn viên),"Thành phố Hồ Chí Minh, Việt Nam"
Thúy Diễm,Mỹ Chi,"Thành phố Hồ Chí Minh, Việt Nam"
Thúy Diễm,Bằng Lăng,"Thành phố Hồ Chí Minh, Việt Nam"
Thúy Diễm,WanBi Tuấn Anh,"Thành phố Hồ Chí Minh, Việt Nam"
Thúy Diễm,Lương Bích Hữu,"Thành phố Hồ Chí Minh, Việt Nam"
Thúy Diễm,Elly Trần,"Thành phố Hồ Chí Minh, Việt Nam"
Thúy Diễm,Wanbi Tuấn Anh,"Thành phố Hồ Chí Minh, Việt Nam"
Thúy Diễm,Tường Vi (diễn viên),"Thành phố Hồ Chí Minh, Việt Nam"
Thúy Diễm,Chí Thiện (ca sĩ),"Thành phố Hồ Chí Minh, Việt Nam"
Thúy Diễm,Hồ Vĩnh Khoa,"Thành phố Hồ Chí Minh, Việt Nam"
Thúy Diễm,Thảo Trang,"Thành phố Hồ Chí Minh, Việt Nam"
Thúy Diễm,Rocker Nguyen,"Thành phố Hồ Chí Minh, Việt Nam"
Thúy Diễm,Phương Mỹ Chi,"Thành phố Hồ Chí Minh, Việt Nam"
Thúy Diễm,Thanh Thúy (diễn viên sinh 1982),"Thành phố Hồ Chí Minh, Việt Nam"
Thúy Diễm,Kim Tuyến,"Thành phố Hồ Chí Minh, Việt Nam"
Thanh Duy,Lê Phương,"Trà Vinh, Việt Nam"
Thanh Duy,Phương Bình (diễn viên),"Trà Vinh, Việt Nam"
Trọng Hải,Trần Lực,"Hà Nội, Việt Nam Dân chủ Cộng hòa"
Trọng Hải,Lê Hoàng,"Hà Nội, Việt Nam Dân chủ Cộng hòa"
Trọng Hải,Chí Trung,"Hà Nội, Việt Nam Dân chủ Cộng hòa"
Trọng Hải,Hiền Mai,"Hà Nội, Việt Nam Dân chủ Cộng hòa"
Trọng Hải,Dũng Yoko,"Hà Nội, Việt Nam Dân chủ Cộng hòa"
Trọng Hải,Phú Đôn,"Hà Nội, Việt Nam Dân chủ Cộng hòa"
Trọng Hải,Trần Đức (diễn viên),"Hà Nội, Việt Nam Dân chủ Cộng hòa"
Trọng Hải,Công Lý (diễn viên),"Hà Nội, Việt Nam Dân chủ Cộng hòa"
Trọng Hải,Nguyễn Minh Trang,"Hà Nội, Việt Nam Dân chủ Cộng hòa"
Trọng Hải,Lan Hương (diễn viên sinh 1963),"Hà Nội, Việt Nam Dân chủ Cộng hòa"
Trọng Hải,Quốc Khánh (nghệ sĩ),"Hà Nội, Việt Nam Dân chủ Cộng hòa"
Trọng Hải,Tuấn Quang,"Hà Nội, Việt Nam Dân chủ Cộng hòa"
Trọng Hải,Minh Hằng (diễn viên),"Hà Nội, Việt Nam Dân chủ Cộng hòa"
Trọng Hải,Hoàng Khải,"Hà Nội, Việt Nam Dân chủ Cộng hòa"
Trọng Hải,Lan Hương (diễn viên sinh 1961),"Hà Nội, Việt Nam Dân chủ Cộng hòa"
Trọng Hải,Nguyễn Anh Dũng (diễn viên),"Hà Nội, Việt Nam Dân chủ Cộng hòa"
Trọng Hải,Thanh Thanh Hiền,"Hà Nội, Việt Nam Dân chủ Cộng hòa"
Trọng Hải,Phạm Tuấn Quang,"Hà Nội, Việt Nam Dân chủ Cộng hòa"
Trọng Hải,Lê Vũ Long,"Hà Nội, Việt Nam Dân chủ Cộng hòa"
Trọng Hải,Duy Hậu,"Hà Nội, Việt Nam Dân chủ Cộng hòa"
Trọng Hải,Võ Hoài Nam,"Hà Nội, Việt Nam Dân chủ Cộng hòa"
Trọng Hải,Nguyễn Vĩnh Xương,"Hà Nội, Việt Nam Dân chủ Cộng hòa"
Trọng Hải,Kim Oanh (diễn viên),"Hà Nội, Việt Nam Dân chủ Cộng hòa"
Trọng Hải,Đường Minh Giang,"Hà Nội, Việt Nam Dân chủ Cộng hòa"
Trọng Hải,Giang Còi,"Hà Nội, Việt Nam Dân chủ Cộng hòa"
Trọng Hải,Trần Nữ Yên Khê,"Hà Nội, Việt Nam Dân chủ Cộng hòa"
Trọng Hải,Thanh Lam,"Hà Nội, Việt Nam Dân chủ Cộng hòa"
Thanh Phương (diễn viên),Đoàn Dũng,Hà Nội
Thanh Phương (diễn viên),Diệp Anh,Hà Nội
Thanh Phương (diễn viên),Lê Tuấn Anh (diễn viên sinh 1970),Hà Nội
Thanh Phương (diễn viên),Quốc Tuấn (diễn viên),Hà Nội
Thanh Phương (diễn viên),Đức Sơn (diễn viên),Hà Nội
Thanh Phương (diễn viên),Tuấn Phong,Hà Nội
Thanh Phương (diễn viên),Vũ Đình Thân,Hà Nội
Thanh Phương (diễn viên),Doãn Hoàng Kiên,Hà Nội
Thanh Phương (diễn viên),Bùi Trần Tuệ Minh,Hà Nội
Thanh Phương (diễn viên),Thanh Trang,Hà Nội
Minh Sang,Hồng Nga,"Sài Gòn, Liên bang Đông Dương"
Đan Trường,Bạch Công Khanh,"Thành phố Hồ Chí Minh, Việt Nam"
Đan Trường,Angela Phương Trinh,"Thành phố Hồ Chí Minh, Việt Nam"
Đan Trường,Việt Hương,"Thành phố Hồ Chí Minh, Việt Nam"
Đan Trường,Hà Okio,"Thành phố Hồ Chí Minh, Việt Nam"
Đan Trường,Uyên Linh,"Thành phố Hồ Chí Minh, Việt Nam"
Đan Trường,Lý Nhã Kỳ,"Thành phố Hồ Chí Minh, Việt Nam"
Đan Trường,Đàm Phương Linh,"Thành phố Hồ Chí Minh, Việt Nam"
Đan Trường,Phương Hằng (diễn viên),"Thành phố Hồ Chí Minh, Việt Nam"
Đan Trường,Quang Tuấn,"Thành phố Hồ Chí Minh, Việt Nam"
Đan Trường,Yeye Nhật Hạ,"Thành phố Hồ Chí Minh, Việt Nam"
Đan Trường,Khánh Phương,"Thành phố Hồ Chí Minh, Việt Nam"
Đan Trường,Võ Thành Tâm,"Thành phố Hồ Chí Minh, Việt Nam"
Đan Trường,Đại Nghĩa (diễn viên),"Thành phố Hồ Chí Minh, Việt Nam"
Đan Trường,Kim Hiền (diễn viên),"Thành phố Hồ Chí Minh, Việt Nam"
Đan Trường,Mỹ Chi,"Thành phố Hồ Chí Minh, Việt Nam"
Đan Trường,Bằng Lăng,"Thành phố Hồ Chí Minh, Việt Nam"
Đan Trường,WanBi Tuấn Anh,"Thành phố Hồ Chí Minh, Việt Nam"
Đan Trường,Lương Bích Hữu,"Thành phố Hồ Chí Minh, Việt Nam"
Đan Trường,Elly Trần,"Thành phố Hồ Chí Minh, Việt Nam"
Đan Trường,Wanbi Tuấn Anh,"Thành phố Hồ Chí Minh, Việt Nam"
Đan Trường,Tường Vi (diễn viên),"Thành phố Hồ Chí Minh, Việt Nam"
Đan Trường,Chí Thiện (ca sĩ),"Thành phố Hồ Chí Minh, Việt Nam"
Đan Trường,Hồ Vĩnh Khoa,"Thành phố Hồ Chí Minh, Việt Nam"
Đan Trường,Thảo Trang,"Thành phố Hồ Chí Minh, Việt Nam"
Đan Trường,Rocker Nguyen,"Thành phố Hồ Chí Minh, Việt Nam"
Đan Trường,Phương Mỹ Chi,"Thành phố Hồ Chí Minh, Việt Nam"
Đan Trường,Thanh Thúy (diễn viên sinh 1982),"Thành phố Hồ Chí Minh, Việt Nam"
Đan Trường,Kim Tuyến,"Thành phố Hồ Chí Minh, Việt Nam"
Bạch Công Khanh,Angela Phương Trinh,"Thành phố Hồ Chí Minh, Việt Nam"
Bạch Công Khanh,Việt Hương,"Thành phố Hồ Chí Minh, Việt Nam"
Bạch Công Khanh,Hà Okio,"Thành phố Hồ Chí Minh, Việt Nam"
Bạch Công Khanh,Uyên Linh,"Thành phố Hồ Chí Minh, Việt Nam"
Bạch Công Khanh,Lý Nhã Kỳ,"Thành phố Hồ Chí Minh, Việt Nam"
Bạch Công Khanh,Đàm Phương Linh,"Thành phố Hồ Chí Minh, Việt Nam"
Bạch Công Khanh,Phương Hằng (diễn viên),"Thành phố Hồ Chí Minh, Việt Nam"
Bạch Công Khanh,Quang Tuấn,"Thành phố Hồ Chí Minh, Việt Nam"
Bạch Công Khanh,Yeye Nhật Hạ,"Thành phố Hồ Chí Minh, Việt Nam"
Bạch Công Khanh,Khánh Phương,"Thành phố Hồ Chí Minh, Việt Nam"
Bạch Công Khanh,Võ Thành Tâm,"Thành phố Hồ Chí Minh, Việt Nam"
Bạch Công Khanh,Đại Nghĩa (diễn viên),"Thành phố Hồ Chí Minh, Việt Nam"
Bạch Công Khanh,Kim Hiền (diễn viên),"Thành phố Hồ Chí Minh, Việt Nam"
Bạch Công Khanh,Mỹ Chi,"Thành phố Hồ Chí Minh, Việt Nam"
Bạch Công Khanh,Bằng Lăng,"Thành phố Hồ Chí Minh, Việt Nam"
Bạch Công Khanh,WanBi Tuấn Anh,"Thành phố Hồ Chí Minh, Việt Nam"
Bạch Công Khanh,Lương Bích Hữu,"Thành phố Hồ Chí Minh, Việt Nam"
Bạch Công Khanh,Elly Trần,"Thành phố Hồ Chí Minh, Việt Nam"
Bạch Công Khanh,Wanbi Tuấn Anh,"Thành phố Hồ Chí Minh, Việt Nam"
Bạch Công Khanh,Tường Vi (diễn viên),"Thành phố Hồ Chí Minh, Việt Nam"
Bạch Công Khanh,Chí Thiện (ca sĩ),"Thành phố Hồ Chí Minh, Việt Nam"
Bạch Công Khanh,Hồ Vĩnh Khoa,"Thành phố Hồ Chí Minh, Việt Nam"
Bạch Công Khanh,Thảo Trang,"Thành phố Hồ Chí Minh, Việt Nam"
Bạch Công Khanh,Rocker Nguyen,"Thành phố Hồ Chí Minh, Việt Nam"
Bạch Công Khanh,Phương Mỹ Chi,"Thành phố Hồ Chí Minh, Việt Nam"
Bạch Công Khanh,Thanh Thúy (diễn viên sinh 1982),"Thành phố Hồ Chí Minh, Việt Nam"
Bạch Công Khanh,Kim Tuyến,"Thành phố Hồ Chí Minh, Việt Nam"
Angela Phương Trinh,Bằng Lăng,"Thành phố Hồ Chí Minh, Việt Nam"
Angela Phương Trinh,WanBi Tuấn Anh,"Thành phố Hồ Chí Minh, Việt Nam"
Angela Phương Trinh,Việt Hương,"Thành phố Hồ Chí Minh, Việt Nam"
Angela Phương Trinh,Hà Okio,"Thành phố Hồ Chí Minh, Việt Nam"
Angela Phương Trinh,Uyên Linh,"Thành phố Hồ Chí Minh, Việt Nam"
Angela Phương Trinh,Lý Nhã Kỳ,"Thành phố Hồ Chí Minh, Việt Nam"
Angela Phương Trinh,Đàm Phương Linh,"Thành phố Hồ Chí Minh, Việt Nam"
Angela Phương Trinh,Phương Hằng (diễn viên),"Thành phố Hồ Chí Minh, Việt Nam"
Angela Phương Trinh,Quang Tuấn,"Thành phố Hồ Chí Minh, Việt Nam"
Angela Phương Trinh,Yeye Nhật Hạ,"Thành phố Hồ Chí Minh, Việt Nam"
Angela Phương Trinh,Khánh Phương,"Thành phố Hồ Chí Minh, Việt Nam"
Angela Phương Trinh,Võ Thành Tâm,"Thành phố Hồ Chí Minh, Việt Nam"
Angela Phương Trinh,Đại Nghĩa (diễn viên),"Thành phố Hồ Chí Minh, Việt Nam"
Angela Phương Trinh,Kim Hiền (diễn viên),"Thành phố Hồ Chí Minh, Việt Nam"
Angela Phương Trinh,Mỹ Chi,"Thành phố Hồ Chí Minh, Việt Nam"
Angela Phương Trinh,Lương Bích Hữu,"Thành phố Hồ Chí Minh, Việt Nam"
Angela Phương Trinh,Elly Trần,"Thành phố Hồ Chí Minh, Việt Nam"
Angela Phương Trinh,Wanbi Tuấn Anh,"Thành phố Hồ Chí Minh, Việt Nam"
Angela Phương Trinh,Tường Vi (diễn viên),"Thành phố Hồ Chí Minh, Việt Nam"
Angela Phương Trinh,Chí Thiện (ca sĩ),"Thành phố Hồ Chí Minh, Việt Nam"
Angela Phương Trinh,Hồ Vĩnh Khoa,"Thành phố Hồ Chí Minh, Việt Nam"
Angela Phương Trinh,Thảo Trang,"Thành phố Hồ Chí Minh, Việt Nam"
Angela Phương Trinh,Rocker Nguyen,"Thành phố Hồ Chí Minh, Việt Nam"
Angela Phương Trinh,Phương Mỹ Chi,"Thành phố Hồ Chí Minh, Việt Nam"
Angela Phương Trinh,Thanh Thúy (diễn viên sinh 1982),"Thành phố Hồ Chí Minh, Việt Nam"
Angela Phương Trinh,Kim Tuyến,"Thành phố Hồ Chí Minh, Việt Nam"
Việt Hương,Mỹ Chi,"Thành phố Hồ Chí Minh, Việt Nam"
Việt Hương,Võ Thành Tâm,"Thành phố Hồ Chí Minh, Việt Nam"
Việt Hương,Hà Okio,"Thành phố Hồ Chí Minh, Việt Nam"
Việt Hương,Uyên Linh,"Thành phố Hồ Chí Minh, Việt Nam"
Việt Hương,Lý Nhã Kỳ,"Thành phố Hồ Chí Minh, Việt Nam"
Việt Hương,Đàm Phương Linh,"Thành phố Hồ Chí Minh, Việt Nam"
Việt Hương,Phương Hằng (diễn viên),"Thành phố Hồ Chí Minh, Việt Nam"
Việt Hương,Quang Tuấn,"Thành phố Hồ Chí Minh, Việt Nam"
Việt Hương,Yeye Nhật Hạ,"Thành phố Hồ Chí Minh, Việt Nam"
Việt Hương,Khánh Phương,"Thành phố Hồ Chí Minh, Việt Nam"
Việt Hương,Đại Nghĩa (diễn viên),"Thành phố Hồ Chí Minh, Việt Nam"
Việt Hương,Kim Hiền (diễn viên),"Thành phố Hồ Chí Minh, Việt Nam"
Việt Hương,Bằng Lăng,"Thành phố Hồ Chí Minh, Việt Nam"
Việt Hương,WanBi Tuấn Anh,"Thành phố Hồ Chí Minh, Việt Nam"
Việt Hương,Lương Bích Hữu,"Thành phố Hồ Chí Minh, Việt Nam"
Việt Hương,Elly Trần,"Thành phố Hồ Chí Minh, Việt Nam"
Việt Hương,Wanbi Tuấn Anh,"Thành phố Hồ Chí Minh, Việt Nam"
Việt Hương,Tường Vi (diễn viên),"Thành phố Hồ Chí Minh, Việt Nam"
Việt Hương,Chí Thiện (ca sĩ),"Thành phố Hồ Chí Minh, Việt Nam"
Việt Hương,Hồ Vĩnh Khoa,"Thành phố Hồ Chí Minh, Việt Nam"
Việt Hương,Thảo Trang,"Thành phố Hồ Chí Minh, Việt Nam"
Việt Hương,Rocker Nguyen,"Thành phố Hồ Chí Minh, Việt Nam"
Việt Hương,Phương Mỹ Chi,"Thành phố Hồ Chí Minh, Việt Nam"
Việt Hương,Thanh Thúy (diễn viên sinh 1982),"Thành phố Hồ Chí Minh, Việt Nam"
Việt Hương,Kim Tuyến,"Thành phố Hồ Chí Minh, Việt Nam"
Quang Đăng,Đoàn Minh Tài,"Bến Tre, Việt Nam"
Quang Đăng,Khương Dừa,"Bến Tre, Việt Nam"
Quang Đăng,Hồng Trang,"Bến Tre, Việt Nam"
Lê Hoàng,Chí Trung,"Hà Nội, Việt Nam Dân chủ Cộng hòa"
Lê Hoàng,Trần Lực,"Hà Nội, Việt Nam Dân chủ Cộng hòa"
Lê Hoàng,Hiền Mai,"Hà Nội, Việt Nam Dân chủ Cộng hòa"
Lê Hoàng,Dũng Yoko,"Hà Nội, Việt Nam Dân chủ Cộng hòa"
Lê Hoàng,Phú Đôn,"Hà Nội, Việt Nam Dân chủ Cộng hòa"
Lê Hoàng,Trần Đức (diễn viên),"Hà Nội, Việt Nam Dân chủ Cộng hòa"
Lê Hoàng,Công Lý (diễn viên),"Hà Nội, Việt Nam Dân chủ Cộng hòa"
Lê Hoàng,Nguyễn Minh Trang,"Hà Nội, Việt Nam Dân chủ Cộng hòa"
Lê Hoàng,Lan Hương (diễn viên sinh 1963),"Hà Nội, Việt Nam Dân chủ Cộng hòa"
Lê Hoàng,Quốc Khánh (nghệ sĩ),"Hà Nội, Việt Nam Dân chủ Cộng hòa"
Lê Hoàng,Tuấn Quang,"Hà Nội, Việt Nam Dân chủ Cộng hòa"
Lê Hoàng,Minh Hằng (diễn viên),"Hà Nội, Việt Nam Dân chủ Cộng hòa"
Lê Hoàng,Hoàng Khải,"Hà Nội, Việt Nam Dân chủ Cộng hòa"
Lê Hoàng,Lan Hương (diễn viên sinh 1961),"Hà Nội, Việt Nam Dân chủ Cộng hòa"
Lê Hoàng,Nguyễn Anh Dũng (diễn viên),"Hà Nội, Việt Nam Dân chủ Cộng hòa"
Lê Hoàng,Thanh Thanh Hiền,"Hà Nội, Việt Nam Dân chủ Cộng hòa"
Lê Hoàng,Phạm Tuấn Quang,"Hà Nội, Việt Nam Dân chủ Cộng hòa"
Lê Hoàng,Lê Vũ Long,"Hà Nội, Việt Nam Dân chủ Cộng hòa"
Lê Hoàng,Duy Hậu,"Hà Nội, Việt Nam Dân chủ Cộng hòa"
Lê Hoàng,Võ Hoài Nam,"Hà Nội, Việt Nam Dân chủ Cộng hòa"
Lê Hoàng,Nguyễn Vĩnh Xương,"Hà Nội, Việt Nam Dân chủ Cộng hòa"
Lê Hoàng,Kim Oanh (diễn viên),"Hà Nội, Việt Nam Dân chủ Cộng hòa"
Lê Hoàng,Đường Minh Giang,"Hà Nội, Việt Nam Dân chủ Cộng hòa"
Lê Hoàng,Giang Còi,"Hà Nội, Việt Nam Dân chủ Cộng hòa"
Lê Hoàng,Trần Nữ Yên Khê,"Hà Nội, Việt Nam Dân chủ Cộng hòa"
Lê Hoàng,Thanh Lam,"Hà Nội, Việt Nam Dân chủ Cộng hòa"
Hà Okio,Uyên Linh,"Thành phố Hồ Chí Minh, Việt Nam"
Hà Okio,Lý Nhã Kỳ,"Thành phố Hồ Chí Minh, Việt Nam"
Hà Okio,Đàm Phương Linh,"Thành phố Hồ Chí Minh, Việt Nam"
Hà Okio,Phương Hằng (diễn viên),"Thành phố Hồ Chí Minh, Việt Nam"
Hà Okio,Quang Tuấn,"Thành phố Hồ Chí Minh, Việt Nam"
Hà Okio,Yeye Nhật Hạ,"Thành phố Hồ Chí Minh, Việt Nam"
Hà Okio,Khánh Phương,"Thành phố Hồ Chí Minh, Việt Nam"
Hà Okio,Võ Thành Tâm,"Thành phố Hồ Chí Minh, Việt Nam"
Hà Okio,Đại Nghĩa (diễn viên),"Thành phố Hồ Chí Minh, Việt Nam"
Hà Okio,Kim Hiền (diễn viên),"Thành phố Hồ Chí Minh, Việt Nam"
Hà Okio,Mỹ Chi,"Thành phố Hồ Chí Minh, Việt Nam"
Hà Okio,Bằng Lăng,"Thành phố Hồ Chí Minh, Việt Nam"
Hà Okio,WanBi Tuấn Anh,"Thành phố Hồ Chí Minh, Việt Nam"
Hà Okio,Lương Bích Hữu,"Thành phố Hồ Chí Minh, Việt Nam"
Hà Okio,Elly Trần,"Thành phố Hồ Chí Minh, Việt Nam"
Hà Okio,Wanbi Tuấn Anh,"Thành phố Hồ Chí Minh, Việt Nam"
Hà Okio,Tường Vi (diễn viên),"Thành phố Hồ Chí Minh, Việt Nam"
Hà Okio,Chí Thiện (ca sĩ),"Thành phố Hồ Chí Minh, Việt Nam"
Hà Okio,Hồ Vĩnh Khoa,"Thành phố Hồ Chí Minh, Việt Nam"
Hà Okio,Thảo Trang,"Thành phố Hồ Chí Minh, Việt Nam"
Hà Okio,Rocker Nguyen,"Thành phố Hồ Chí Minh, Việt Nam"
Hà Okio,Phương Mỹ Chi,"Thành phố Hồ Chí Minh, Việt Nam"
Hà Okio,Thanh Thúy (diễn viên sinh 1982),"Thành phố Hồ Chí Minh, Việt Nam"
Hà Okio,Kim Tuyến,"Thành phố Hồ Chí Minh, Việt Nam"
Uyên Linh,Đàm Phương Linh,"Thành phố Hồ Chí Minh, Việt Nam"
Uyên Linh,Thảo Trang,"Thành phố Hồ Chí Minh, Việt Nam"
Uyên Linh,Lý Nhã Kỳ,"Thành phố Hồ Chí Minh, Việt Nam"
Uyên Linh,Phương Hằng (diễn viên),"Thành phố Hồ Chí Minh, Việt Nam"
Uyên Linh,Quang Tuấn,"Thành phố Hồ Chí Minh, Việt Nam"
Uyên Linh,Yeye Nhật Hạ,"Thành phố Hồ Chí Minh, Việt Nam"
Uyên Linh,Khánh Phương,"Thành phố Hồ Chí Minh, Việt Nam"
Uyên Linh,Võ Thành Tâm,"Thành phố Hồ Chí Minh, Việt Nam"
Uyên Linh,Đại Nghĩa (diễn viên),"Thành phố Hồ Chí Minh, Việt Nam"
Uyên Linh,Kim Hiền (diễn viên),"Thành phố Hồ Chí Minh, Việt Nam"
Uyên Linh,Mỹ Chi,"Thành phố Hồ Chí Minh, Việt Nam"
Uyên Linh,Bằng Lăng,"Thành phố Hồ Chí Minh, Việt Nam"
Uyên Linh,WanBi Tuấn Anh,"Thành phố Hồ Chí Minh, Việt Nam"
Uyên Linh,Lương Bích Hữu,"Thành phố Hồ Chí Minh, Việt Nam"
Uyên Linh,Elly Trần,"Thành phố Hồ Chí Minh, Việt Nam"
Uyên Linh,Wanbi Tuấn Anh,"Thành phố Hồ Chí Minh, Việt Nam"
Uyên Linh,Tường Vi (diễn viên),"Thành phố Hồ Chí Minh, Việt Nam"
Uyên Linh,Chí Thiện (ca sĩ),"Thành phố Hồ Chí Minh, Việt Nam"
Uyên Linh,Hồ Vĩnh Khoa,"Thành phố Hồ Chí Minh, Việt Nam"
Uyên Linh,Rocker Nguyen,"Thành phố Hồ Chí Minh, Việt Nam"
Uyên Linh,Phương Mỹ Chi,"Thành phố Hồ Chí Minh, Việt Nam"
Uyên Linh,Thanh Thúy (diễn viên sinh 1982),"Thành phố Hồ Chí Minh, Việt Nam"
Uyên Linh,Kim Tuyến,"Thành phố Hồ Chí Minh, Việt Nam"
Lý Nhã Kỳ,Đàm Phương Linh,"Thành phố Hồ Chí Minh, Việt Nam"
Lý Nhã Kỳ,Phương Hằng (diễn viên),"Thành phố Hồ Chí Minh, Việt Nam"
Lý Nhã Kỳ,Quang Tuấn,"Thành phố Hồ Chí Minh, Việt Nam"
Lý Nhã Kỳ,Yeye Nhật Hạ,"Thành phố Hồ Chí Minh, Việt Nam"
Lý Nhã Kỳ,Khánh Phương,"Thành phố Hồ Chí Minh, Việt Nam"
Lý Nhã Kỳ,Võ Thành Tâm,"Thành phố Hồ Chí Minh, Việt Nam"
Lý Nhã Kỳ,Đại Nghĩa (diễn viên),"Thành phố Hồ Chí Minh, Việt Nam"
Lý Nhã Kỳ,Kim Hiền (diễn viên),"Thành phố Hồ Chí Minh, Việt Nam"
Lý Nhã Kỳ,Mỹ Chi,"Thành phố Hồ Chí Minh, Việt Nam"
Lý Nhã Kỳ,Bằng Lăng,"Thành phố Hồ Chí Minh, Việt Nam"
Lý Nhã Kỳ,WanBi Tuấn Anh,"Thành phố Hồ Chí Minh, Việt Nam"
Lý Nhã Kỳ,Lương Bích Hữu,"Thành phố Hồ Chí Minh, Việt Nam"
Lý Nhã Kỳ,Elly Trần,"Thành phố Hồ Chí Minh, Việt Nam"
Lý Nhã Kỳ,Wanbi Tuấn Anh,"Thành phố Hồ Chí Minh, Việt Nam"
Lý Nhã Kỳ,Tường Vi (diễn viên),"Thành phố Hồ Chí Minh, Việt Nam"
Lý Nhã Kỳ,Chí Thiện (ca sĩ),"Thành phố Hồ Chí Minh, Việt Nam"
Lý Nhã Kỳ,Hồ Vĩnh Khoa,"Thành phố Hồ Chí Minh, Việt Nam"
Lý Nhã Kỳ,Thảo Trang,"Thành phố Hồ Chí Minh, Việt Nam"
Lý Nhã Kỳ,Rocker Nguyen,"Thành phố Hồ Chí Minh, Việt Nam"
Lý Nhã Kỳ,Phương Mỹ Chi,"Thành phố Hồ Chí Minh, Việt Nam"
Lý Nhã Kỳ,Thanh Thúy (diễn viên sinh 1982),"Thành phố Hồ Chí Minh, Việt Nam"
Lý Nhã Kỳ,Kim Tuyến,"Thành phố Hồ Chí Minh, Việt Nam"
Chí Trung,Phú Đôn,"Hà Nội, Việt Nam Dân chủ Cộng hòa"
Chí Trung,Trần Lực,"Hà Nội, Việt Nam Dân chủ Cộng hòa"
Chí Trung,Hiền Mai,"Hà Nội, Việt Nam Dân chủ Cộng hòa"
Chí Trung,Dũng Yoko,"Hà Nội, Việt Nam Dân chủ Cộng hòa"
Chí Trung,Trần Đức (diễn viên),"Hà Nội, Việt Nam Dân chủ Cộng hòa"
Chí Trung,Công Lý (diễn viên),"Hà Nội, Việt Nam Dân chủ Cộng hòa"
Chí Trung,Nguyễn Minh Trang,"Hà Nội, Việt Nam Dân chủ Cộng hòa"
Chí Trung,Lan Hương (diễn viên sinh 1963),"Hà Nội, Việt Nam Dân chủ Cộng hòa"
Chí Trung,Quốc Khánh (nghệ sĩ),"Hà Nội, Việt Nam Dân chủ Cộng hòa"
Chí Trung,Tuấn Quang,"Hà Nội, Việt Nam Dân chủ Cộng hòa"
Chí Trung,Minh Hằng (diễn viên),"Hà Nội, Việt Nam Dân chủ Cộng hòa"
Chí Trung,Hoàng Khải,"Hà Nội, Việt Nam Dân chủ Cộng hòa"
Chí Trung,Lan Hương (diễn viên sinh 1961),"Hà Nội, Việt Nam Dân chủ Cộng hòa"
Chí Trung,Nguyễn Anh Dũng (diễn viên),"Hà Nội, Việt Nam Dân chủ Cộng hòa"
Chí Trung,Thanh Thanh Hiền,"Hà Nội, Việt Nam Dân chủ Cộng hòa"
Chí Trung,Phạm Tuấn Quang,"Hà Nội, Việt Nam Dân chủ Cộng hòa"
Chí Trung,Lê Vũ Long,"Hà Nội, Việt Nam Dân chủ Cộng hòa"
Chí Trung,Duy Hậu,"Hà Nội, Việt Nam Dân chủ Cộng hòa"
Chí Trung,Võ Hoài Nam,"Hà Nội, Việt Nam Dân chủ Cộng hòa"
Chí Trung,Nguyễn Vĩnh Xương,"Hà Nội, Việt Nam Dân chủ Cộng hòa"
Chí Trung,Kim Oanh (diễn viên),"Hà Nội, Việt Nam Dân chủ Cộng hòa"
Chí Trung,Đường Minh Giang,"Hà Nội, Việt Nam Dân chủ Cộng hòa"
Chí Trung,Giang Còi,"Hà Nội, Việt Nam Dân chủ Cộng hòa"
Chí Trung,Trần Nữ Yên Khê,"Hà Nội, Việt Nam Dân chủ Cộng hòa"
Chí Trung,Thanh Lam,"Hà Nội, Việt Nam Dân chủ Cộng hòa"
Lân Bích,Khắc Cường,"Hà Nội, Việt Nam"
Lân Bích,Phạm Quỳnh Anh,"Hà Nội, Việt Nam"
Lân Bích,Bùi Lan Hương,"Hà Nội, Việt Nam"
Lân Bích,Trương Ngọc Ánh,"Hà Nội, Việt Nam"
Lân Bích,Mai Phương Thúy,"Hà Nội, Việt Nam"
Lân Bích,Thu Minh,"Hà Nội, Việt Nam"
Lân Bích,Trần Yến Chi,"Hà Nội, Việt Nam"
Lân Bích,Lương Mạnh Hải,"Hà Nội, Việt Nam"
Lân Bích,Yến Vi,"Hà Nội, Việt Nam"
Lân Bích,Hoàng Thùy Linh,"Hà Nội, Việt Nam"
Lân Bích,Chi Pu,"Hà Nội, Việt Nam"
Lân Bích,Tăng Nhật Tuệ,"Hà Nội, Việt Nam"
Lân Bích,Đức Phúc,"Hà Nội, Việt Nam"
Lân Bích,Công Dương,"Hà Nội, Việt Nam"
Lân Bích,Huỳnh Anh (diễn viên),"Hà Nội, Việt Nam"
Lân Bích,Bảo Hân,"Hà Nội, Việt Nam"
Lân Bích,Tuấn Tú,"Hà Nội, Việt Nam"
Lân Bích,Quỳnh Nga,"Hà Nội, Việt Nam"
Lân Bích,Mai Thu Huyền,"Hà Nội, Việt Nam"
Lân Bích,Trần Việt Hoàng,"Hà Nội, Việt Nam"
Lân Bích,Khánh Linh,"Hà Nội, Việt Nam"
Lân Bích,Chí Nhân,"Hà Nội, Việt Nam"
Lân Bích,Kiều Thanh,"Hà Nội, Việt Nam"
Lân Bích,Phùng Tiến Minh,"Hà Nội, Việt Nam"
Lân Bích,Nguyễn Thu Hà,"Hà Nội, Việt Nam"
Lân Bích,Thanh Sơn (diễn viên),"Hà Nội, Việt Nam"
Lân Bích,Bùi Như Lai,"Hà Nội, Việt Nam"
Lân Bích,Yến Vy,"Hà Nội, Việt Nam"
Lân Bích,Phan Anh (người dẫn chương trình),"Hà Nội, Việt Nam"
Đào Đức,Nhất Tuấn,Nam Định
Đàm Phương Linh,Quang Tuấn,"Thành phố Hồ Chí Minh, Việt Nam"
Đàm Phương Linh,Yeye Nhật Hạ,"Thành phố Hồ Chí Minh, Việt Nam"
Đàm Phương Linh,Thảo Trang,"Thành phố Hồ Chí Minh, Việt Nam"
Đàm Phương Linh,Phương Hằng (diễn viên),"Thành phố Hồ Chí Minh, Việt Nam"
Đàm Phương Linh,Khánh Phương,"Thành phố Hồ Chí Minh, Việt Nam"
Đàm Phương Linh,Võ Thành Tâm,"Thành phố Hồ Chí Minh, Việt Nam"
Đàm Phương Linh,Đại Nghĩa (diễn viên),"Thành phố Hồ Chí Minh, Việt Nam"
Đàm Phương Linh,Kim Hiền (diễn viên),"Thành phố Hồ Chí Minh, Việt Nam"
Đàm Phương Linh,Mỹ Chi,"Thành phố Hồ Chí Minh, Việt Nam"
Đàm Phương Linh,Bằng Lăng,"Thành phố Hồ Chí Minh, Việt Nam"
Đàm Phương Linh,WanBi Tuấn Anh,"Thành phố Hồ Chí Minh, Việt Nam"
Đàm Phương Linh,Lương Bích Hữu,"Thành phố Hồ Chí Minh, Việt Nam"
Đàm Phương Linh,Elly Trần,"Thành phố Hồ Chí Minh, Việt Nam"
Đàm Phương Linh,Wanbi Tuấn Anh,"Thành phố Hồ Chí Minh, Việt Nam"
Đàm Phương Linh,Tường Vi (diễn viên),"Thành phố Hồ Chí Minh, Việt Nam"
Đàm Phương Linh,Chí Thiện (ca sĩ),"Thành phố Hồ Chí Minh, Việt Nam"
Đàm Phương Linh,Hồ Vĩnh Khoa,"Thành phố Hồ Chí Minh, Việt Nam"
Đàm Phương Linh,Rocker Nguyen,"Thành phố Hồ Chí Minh, Việt Nam"
Đàm Phương Linh,Phương Mỹ Chi,"Thành phố Hồ Chí Minh, Việt Nam"
Đàm Phương Linh,Thanh Thúy (diễn viên sinh 1982),"Thành phố Hồ Chí Minh, Việt Nam"
Đàm Phương Linh,Kim Tuyến,"Thành phố Hồ Chí Minh, Việt Nam"
Phương Hằng (diễn viên),Quang Tuấn,"Thành phố Hồ Chí Minh, Việt Nam"
Phương Hằng (diễn viên),Yeye Nhật Hạ,"Thành phố Hồ Chí Minh, Việt Nam"
Phương Hằng (diễn viên),Khánh Phương,"Thành phố Hồ Chí Minh, Việt Nam"
Phương Hằng (diễn viên),Võ Thành Tâm,"Thành phố Hồ Chí Minh, Việt Nam"
Phương Hằng (diễn viên),Đại Nghĩa (diễn viên),"Thành phố Hồ Chí Minh, Việt Nam"
Phương Hằng (diễn viên),Kim Hiền (diễn viên),"Thành phố Hồ Chí Minh, Việt Nam"
Phương Hằng (diễn viên),Mỹ Chi,"Thành phố Hồ Chí Minh, Việt Nam"
Phương Hằng (diễn viên),Bằng Lăng,"Thành phố Hồ Chí Minh, Việt Nam"
Phương Hằng (diễn viên),WanBi Tuấn Anh,"Thành phố Hồ Chí Minh, Việt Nam"
Phương Hằng (diễn viên),Lương Bích Hữu,"Thành phố Hồ Chí Minh, Việt Nam"
Phương Hằng (diễn viên),Elly Trần,"Thành phố Hồ Chí Minh, Việt Nam"
Phương Hằng (diễn viên),Wanbi Tuấn Anh,"Thành phố Hồ Chí Minh, Việt Nam"
Phương Hằng (diễn viên),Tường Vi (diễn viên),"Thành phố Hồ Chí Minh, Việt Nam"
Phương Hằng (diễn viên),Chí Thiện (ca sĩ),"Thành phố Hồ Chí Minh, Việt Nam"
Phương Hằng (diễn viên),Hồ Vĩnh Khoa,"Thành phố Hồ Chí Minh, Việt Nam"
Phương Hằng (diễn viên),Thảo Trang,"Thành phố Hồ Chí Minh, Việt Nam"
Phương Hằng (diễn viên),Rocker Nguyen,"Thành phố Hồ Chí Minh, Việt Nam"
Phương Hằng (diễn viên),Phương Mỹ Chi,"Thành phố Hồ Chí Minh, Việt Nam"
Phương Hằng (diễn viên),Thanh Thúy (diễn viên sinh 1982),"Thành phố Hồ Chí Minh, Việt Nam"
Phương Hằng (diễn viên),Kim Tuyến,"Thành phố Hồ Chí Minh, Việt Nam"
Quốc Thảo,Tú Trinh,Sài Gòn
Quốc Thảo,Phi Nga,Sài Gòn
Đoàn Minh Tài,Khương Dừa,"Bến Tre, Việt Nam"
Đoàn Minh Tài,Hồng Trang,"Bến Tre, Việt Nam"
Khương Dừa,Hồng Trang,"Bến Tre, Việt Nam"
Quang Tuấn,Yeye Nhật Hạ,"Thành phố Hồ Chí Minh, Việt Nam"
Quang Tuấn,Võ Thành Tâm,"Thành phố Hồ Chí Minh, Việt Nam"
Quang Tuấn,Bằng Lăng,"Thành phố Hồ Chí Minh, Việt Nam"
Quang Tuấn,Khánh Phương,"Thành phố Hồ Chí Minh, Việt Nam"
Quang Tuấn,Đại Nghĩa (diễn viên),"Thành phố Hồ Chí Minh, Việt Nam"
Quang Tuấn,Kim Hiền (diễn viên),"Thành phố Hồ Chí Minh, Việt Nam"
Quang Tuấn,Mỹ Chi,"Thành phố Hồ Chí Minh, Việt Nam"
Quang Tuấn,WanBi Tuấn Anh,"Thành phố Hồ Chí Minh, Việt Nam"
Quang Tuấn,Lương Bích Hữu,"Thành phố Hồ Chí Minh, Việt Nam"
Quang Tuấn,Elly Trần,"Thành phố Hồ Chí Minh, Việt Nam"
Quang Tuấn,Wanbi Tuấn Anh,"Thành phố Hồ Chí Minh, Việt Nam"
Quang Tuấn,Tường Vi (diễn viên),"Thành phố Hồ Chí Minh, Việt Nam"
Quang Tuấn,Chí Thiện (ca sĩ),"Thành phố Hồ Chí Minh, Việt Nam"
Quang Tuấn,Hồ Vĩnh Khoa,"Thành phố Hồ Chí Minh, Việt Nam"
Quang Tuấn,Thảo Trang,"Thành phố Hồ Chí Minh, Việt Nam"
Quang Tuấn,Rocker Nguyen,"Thành phố Hồ Chí Minh, Việt Nam"
Quang Tuấn,Phương Mỹ Chi,"Thành phố Hồ Chí Minh, Việt Nam"
Quang Tuấn,Thanh Thúy (diễn viên sinh 1982),"Thành phố Hồ Chí Minh, Việt Nam"
Quang Tuấn,Kim Tuyến,"Thành phố Hồ Chí Minh, Việt Nam"
Yeye Nhật Hạ,Khánh Phương,"Thành phố Hồ Chí Minh, Việt Nam"
Yeye Nhật Hạ,Võ Thành Tâm,"Thành phố Hồ Chí Minh, Việt Nam"
Yeye Nhật Hạ,Đại Nghĩa (diễn viên),"Thành phố Hồ Chí Minh, Việt Nam"
Yeye Nhật Hạ,Kim Hiền (diễn viên),"Thành phố Hồ Chí Minh, Việt Nam"
Yeye Nhật Hạ,Mỹ Chi,"Thành phố Hồ Chí Minh, Việt Nam"
Yeye Nhật Hạ,Bằng Lăng,"Thành phố Hồ Chí Minh, Việt Nam"
Yeye Nhật Hạ,WanBi Tuấn Anh,"Thành phố Hồ Chí Minh, Việt Nam"
Yeye Nhật Hạ,Lương Bích Hữu,"Thành phố Hồ Chí Minh, Việt Nam"
Yeye Nhật Hạ,Elly Trần,"Thành phố Hồ Chí Minh, Việt Nam"
Yeye Nhật Hạ,Wanbi Tuấn Anh,"Thành phố Hồ Chí Minh, Việt Nam"
Yeye Nhật Hạ,Tường Vi (diễn viên),"Thành phố Hồ Chí Minh, Việt Nam"
Yeye Nhật Hạ,Chí Thiện (ca sĩ),"Thành phố Hồ Chí Minh, Việt Nam"
Yeye Nhật Hạ,Hồ Vĩnh Khoa,"Thành phố Hồ Chí Minh, Việt Nam"
Yeye Nhật Hạ,Thảo Trang,"Thành phố Hồ Chí Minh, Việt Nam"
Yeye Nhật Hạ,Rocker Nguyen,"Thành phố Hồ Chí Minh, Việt Nam"
Yeye Nhật Hạ,Phương Mỹ Chi,"Thành phố Hồ Chí Minh, Việt Nam"
Yeye Nhật Hạ,Thanh Thúy (diễn viên sinh 1982),"Thành phố Hồ Chí Minh, Việt Nam"
Yeye Nhật Hạ,Kim Tuyến,"Thành phố Hồ Chí Minh, Việt Nam"
Phi Nga,Tú Trinh,Sài Gòn
Khánh Phương,Võ Thành Tâm,"Thành phố Hồ Chí Minh, Việt Nam"
Khánh Phương,Đại Nghĩa (diễn viên),"Thành phố Hồ Chí Minh, Việt Nam"
Khánh Phương,Kim Hiền (diễn viên),"Thành phố Hồ Chí Minh, Việt Nam"
Khánh Phương,Mỹ Chi,"Thành phố Hồ Chí Minh, Việt Nam"
Khánh Phương,Bằng Lăng,"Thành phố Hồ Chí Minh, Việt Nam"
Khánh Phương,WanBi Tuấn Anh,"Thành phố Hồ Chí Minh, Việt Nam"
Khánh Phương,Lương Bích Hữu,"Thành phố Hồ Chí Minh, Việt Nam"
Khánh Phương,Elly Trần,"Thành phố Hồ Chí Minh, Việt Nam"
Khánh Phương,Wanbi Tuấn Anh,"Thành phố Hồ Chí Minh, Việt Nam"
Khánh Phương,Tường Vi (diễn viên),"Thành phố Hồ Chí Minh, Việt Nam"
Khánh Phương,Chí Thiện (ca sĩ),"Thành phố Hồ Chí Minh, Việt Nam"
Khánh Phương,Hồ Vĩnh Khoa,"Thành phố Hồ Chí Minh, Việt Nam"
Khánh Phương,Thảo Trang,"Thành phố Hồ Chí Minh, Việt Nam"
Khánh Phương,Rocker Nguyen,"Thành phố Hồ Chí Minh, Việt Nam"
Khánh Phương,Phương Mỹ Chi,"Thành phố Hồ Chí Minh, Việt Nam"
Khánh Phương,Thanh Thúy (diễn viên sinh 1982),"Thành phố Hồ Chí Minh, Việt Nam"
Khánh Phương,Kim Tuyến,"Thành phố Hồ Chí Minh, Việt Nam"
Trương Minh Quốc Thái,Thái Hòa (diễn viên),"Sài Gòn, Việt Nam Cộng hòa"
Trương Minh Quốc Thái,Phạm Thị Ngọc Trinh,"Sài Gòn, Việt Nam Cộng hòa"
Trương Minh Quốc Thái,Việt Anh (nghệ sĩ),"Sài Gòn, Việt Nam Cộng hòa"
Trương Minh Quốc Thái,Cẩm Ly,"Sài Gòn, Việt Nam Cộng hòa"
Trương Minh Quốc Thái,Việt Dũng,"Sài Gòn, Việt Nam Cộng hòa"
Võ Thành Tâm,Đại Nghĩa (diễn viên),"Thành phố Hồ Chí Minh, Việt Nam"
Võ Thành Tâm,Kim Hiền (diễn viên),"Thành phố Hồ Chí Minh, Việt Nam"
Võ Thành Tâm,Mỹ Chi,"Thành phố Hồ Chí Minh, Việt Nam"
Võ Thành Tâm,Bằng Lăng,"Thành phố Hồ Chí Minh, Việt Nam"
Võ Thành Tâm,WanBi Tuấn Anh,"Thành phố Hồ Chí Minh, Việt Nam"
Võ Thành Tâm,Lương Bích Hữu,"Thành phố Hồ Chí Minh, Việt Nam"
Võ Thành Tâm,Elly Trần,"Thành phố Hồ Chí Minh, Việt Nam"
Võ Thành Tâm,Wanbi Tuấn Anh,"Thành phố Hồ Chí Minh, Việt Nam"
Võ Thành Tâm,Tường Vi (diễn viên),"Thành phố Hồ Chí Minh, Việt Nam"
Võ Thành Tâm,Chí Thiện (ca sĩ),"Thành phố Hồ Chí Minh, Việt Nam"
Võ Thành Tâm,Hồ Vĩnh Khoa,"Thành phố Hồ Chí Minh, Việt Nam"
Võ Thành Tâm,Thảo Trang,"Thành phố Hồ Chí Minh, Việt Nam"
Võ Thành Tâm,Rocker Nguyen,"Thành phố Hồ Chí Minh, Việt Nam"
Võ Thành Tâm,Phương Mỹ Chi,"Thành phố Hồ Chí Minh, Việt Nam"
Võ Thành Tâm,Thanh Thúy (diễn viên sinh 1982),"Thành phố Hồ Chí Minh, Việt Nam"
Võ Thành Tâm,Kim Tuyến,"Thành phố Hồ Chí Minh, Việt Nam"
Đại Nghĩa (diễn viên),Kim Hiền (diễn viên),"Thành phố Hồ Chí Minh, Việt Nam"
Đại Nghĩa (diễn viên),Mỹ Chi,"Thành phố Hồ Chí Minh, Việt Nam"
Đại Nghĩa (diễn viên),Bằng Lăng,"Thành phố Hồ Chí Minh, Việt Nam"
Đại Nghĩa (diễn viên),WanBi Tuấn Anh,"Thành phố Hồ Chí Minh, Việt Nam"
Đại Nghĩa (diễn viên),Lương Bích Hữu,"Thành phố Hồ Chí Minh, Việt Nam"
Đại Nghĩa (diễn viên),Elly Trần,"Thành phố Hồ Chí Minh, Việt Nam"
Đại Nghĩa (diễn viên),Wanbi Tuấn Anh,"Thành phố Hồ Chí Minh, Việt Nam"
Đại Nghĩa (diễn viên),Tường Vi (diễn viên),"Thành phố Hồ Chí Minh, Việt Nam"
Đại Nghĩa (diễn viên),Chí Thiện (ca sĩ),"Thành phố Hồ Chí Minh, Việt Nam"
Đại Nghĩa (diễn viên),Hồ Vĩnh Khoa,"Thành phố Hồ Chí Minh, Việt Nam"
Đại Nghĩa (diễn viên),Thảo Trang,"Thành phố Hồ Chí Minh, Việt Nam"
Đại Nghĩa (diễn viên),Rocker Nguyen,"Thành phố Hồ Chí Minh, Việt Nam"
Đại Nghĩa (diễn viên),Phương Mỹ Chi,"Thành phố Hồ Chí Minh, Việt Nam"
Đại Nghĩa (diễn viên),Thanh Thúy (diễn viên sinh 1982),"Thành phố Hồ Chí Minh, Việt Nam"
Đại Nghĩa (diễn viên),Kim Tuyến,"Thành phố Hồ Chí Minh, Việt Nam"
Thái Hòa (diễn viên),Việt Anh (nghệ sĩ),"Sài Gòn, Việt Nam Cộng hòa"
Thái Hòa (diễn viên),Phạm Thị Ngọc Trinh,"Sài Gòn, Việt Nam Cộng hòa"
Thái Hòa (diễn viên),Cẩm Ly,"Sài Gòn, Việt Nam Cộng hòa"
Thái Hòa (diễn viên),Việt Dũng,"Sài Gòn, Việt Nam Cộng hòa"
Khắc Cường,Phạm Quỳnh Anh,"Hà Nội, Việt Nam"
Khắc Cường,Bùi Lan Hương,"Hà Nội, Việt Nam"
Khắc Cường,Trương Ngọc Ánh,"Hà Nội, Việt Nam"
Khắc Cường,Mai Phương Thúy,"Hà Nội, Việt Nam"
Khắc Cường,Thu Minh,"Hà Nội, Việt Nam"
Khắc Cường,Trần Yến Chi,"Hà Nội, Việt Nam"
Khắc Cường,Lương Mạnh Hải,"Hà Nội, Việt Nam"
Khắc Cường,Yến Vi,"Hà Nội, Việt Nam"
Khắc Cường,Hoàng Thùy Linh,"Hà Nội, Việt Nam"
Khắc Cường,Chi Pu,"Hà Nội, Việt Nam"
Khắc Cường,Tăng Nhật Tuệ,"Hà Nội, Việt Nam"
Khắc Cường,Đức Phúc,"Hà Nội, Việt Nam"
Khắc Cường,Công Dương,"Hà Nội, Việt Nam"
Khắc Cường,Huỳnh Anh (diễn viên),"Hà Nội, Việt Nam"
Khắc Cường,Bảo Hân,"Hà Nội, Việt Nam"
Khắc Cường,Tuấn Tú,"Hà Nội, Việt Nam"
Khắc Cường,Quỳnh Nga,"Hà Nội, Việt Nam"
Khắc Cường,Mai Thu Huyền,"Hà Nội, Việt Nam"
Khắc Cường,Trần Việt Hoàng,"Hà Nội, Việt Nam"
Khắc Cường,Khánh Linh,"Hà Nội, Việt Nam"
Khắc Cường,Chí Nhân,"Hà Nội, Việt Nam"
Khắc Cường,Kiều Thanh,"Hà Nội, Việt Nam"
Khắc Cường,Phùng Tiến Minh,"Hà Nội, Việt Nam"
Khắc Cường,Nguyễn Thu Hà,"Hà Nội, Việt Nam"
Khắc Cường,Thanh Sơn (diễn viên),"Hà Nội, Việt Nam"
Khắc Cường,Bùi Như Lai,"Hà Nội, Việt Nam"
Khắc Cường,Yến Vy,"Hà Nội, Việt Nam"
Khắc Cường,Phan Anh (người dẫn chương trình),"Hà Nội, Việt Nam"
Kim Hiền (diễn viên),Mỹ Chi,"Thành phố Hồ Chí Minh, Việt Nam"
Kim Hiền (diễn viên),Bằng Lăng,"Thành phố Hồ Chí Minh, Việt Nam"
Kim Hiền (diễn viên),WanBi Tuấn Anh,"Thành phố Hồ Chí Minh, Việt Nam"
Kim Hiền (diễn viên),Lương Bích Hữu,"Thành phố Hồ Chí Minh, Việt Nam"
Kim Hiền (diễn viên),Elly Trần,"Thành phố Hồ Chí Minh, Việt Nam"
Kim Hiền (diễn viên),Wanbi Tuấn Anh,"Thành phố Hồ Chí Minh, Việt Nam"
Kim Hiền (diễn viên),Tường Vi (diễn viên),"Thành phố Hồ Chí Minh, Việt Nam"
Kim Hiền (diễn viên),Chí Thiện (ca sĩ),"Thành phố Hồ Chí Minh, Việt Nam"
Kim Hiền (diễn viên),Hồ Vĩnh Khoa,"Thành phố Hồ Chí Minh, Việt Nam"
Kim Hiền (diễn viên),Thảo Trang,"Thành phố Hồ Chí Minh, Việt Nam"
Kim Hiền (diễn viên),Rocker Nguyen,"Thành phố Hồ Chí Minh, Việt Nam"
Kim Hiền (diễn viên),Phương Mỹ Chi,"Thành phố Hồ Chí Minh, Việt Nam"
Kim Hiền (diễn viên),Thanh Thúy (diễn viên sinh 1982),"Thành phố Hồ Chí Minh, Việt Nam"
Kim Hiền (diễn viên),Kim Tuyến,"Thành phố Hồ Chí Minh, Việt Nam"
Việt Anh (nghệ sĩ),Phạm Thị Ngọc Trinh,"Sài Gòn, Việt Nam Cộng hòa"
Việt Anh (nghệ sĩ),Cẩm Ly,"Sài Gòn, Việt Nam Cộng hòa"
Việt Anh (nghệ sĩ),Việt Dũng,"Sài Gòn, Việt Nam Cộng hòa"
Trần Lực,Hiền Mai,"Hà Nội, Việt Nam Dân chủ Cộng hòa"
Trần Lực,Dũng Yoko,"Hà Nội, Việt Nam Dân chủ Cộng hòa"
Trần Lực,Phú Đôn,"Hà Nội, Việt Nam Dân chủ Cộng hòa"
Trần Lực,Trần Đức (diễn viên),"Hà Nội, Việt Nam Dân chủ Cộng hòa"
Trần Lực,Công Lý (diễn viên),"Hà Nội, Việt Nam Dân chủ Cộng hòa"
Trần Lực,Nguyễn Minh Trang,"Hà Nội, Việt Nam Dân chủ Cộng hòa"
Trần Lực,Lan Hương (diễn viên sinh 1963),"Hà Nội, Việt Nam Dân chủ Cộng hòa"
Trần Lực,Quốc Khánh (nghệ sĩ),"Hà Nội, Việt Nam Dân chủ Cộng hòa"
Trần Lực,Tuấn Quang,"Hà Nội, Việt Nam Dân chủ Cộng hòa"
Trần Lực,Minh Hằng (diễn viên),"Hà Nội, Việt Nam Dân chủ Cộng hòa"
Trần Lực,Hoàng Khải,"Hà Nội, Việt Nam Dân chủ Cộng hòa"
Trần Lực,Lan Hương (diễn viên sinh 1961),"Hà Nội, Việt Nam Dân chủ Cộng hòa"
Trần Lực,Nguyễn Anh Dũng (diễn viên),"Hà Nội, Việt Nam Dân chủ Cộng hòa"
Trần Lực,Thanh Thanh Hiền,"Hà Nội, Việt Nam Dân chủ Cộng hòa"
Trần Lực,Phạm Tuấn Quang,"Hà Nội, Việt Nam Dân chủ Cộng hòa"
Trần Lực,Lê Vũ Long,"Hà Nội, Việt Nam Dân chủ Cộng hòa"
Trần Lực,Duy Hậu,"Hà Nội, Việt Nam Dân chủ Cộng hòa"
Trần Lực,Võ Hoài Nam,"Hà Nội, Việt Nam Dân chủ Cộng hòa"
Trần Lực,Nguyễn Vĩnh Xương,"Hà Nội, Việt Nam Dân chủ Cộng hòa"
Trần Lực,Kim Oanh (diễn viên),"Hà Nội, Việt Nam Dân chủ Cộng hòa"
Trần Lực,Đường Minh Giang,"Hà Nội, Việt Nam Dân chủ Cộng hòa"
Trần Lực,Giang Còi,"Hà Nội, Việt Nam Dân chủ Cộng hòa"
Trần Lực,Trần Nữ Yên Khê,"Hà Nội, Việt Nam Dân chủ Cộng hòa"
Trần Lực,Thanh Lam,"Hà Nội, Việt Nam Dân chủ Cộng hòa"
Phạm Quỳnh Anh,Bùi Lan Hương,"Hà Nội, Việt Nam"
Phạm Quỳnh Anh,Hoàng Thùy Linh,"Hà Nội, Việt Nam"
Phạm Quỳnh Anh,Chi Pu,"Hà Nội, Việt Nam"
Phạm Quỳnh Anh,Trương Ngọc Ánh,"Hà Nội, Việt Nam"
Phạm Quỳnh Anh,Mai Phương Thúy,"Hà Nội, Việt Nam"
Phạm Quỳnh Anh,Thu Minh,"Hà Nội, Việt Nam"
Phạm Quỳnh Anh,Trần Yến Chi,"Hà Nội, Việt Nam"
Phạm Quỳnh Anh,Lương Mạnh Hải,"Hà Nội, Việt Nam"
Phạm Quỳnh Anh,Yến Vi,"Hà Nội, Việt Nam"
Phạm Quỳnh Anh,Tăng Nhật Tuệ,"Hà Nội, Việt Nam"
Phạm Quỳnh Anh,Đức Phúc,"Hà Nội, Việt Nam"
Phạm Quỳnh Anh,Công Dương,"Hà Nội, Việt Nam"
Phạm Quỳnh Anh,Huỳnh Anh (diễn viên),"Hà Nội, Việt Nam"
Phạm Quỳnh Anh,Bảo Hân,"Hà Nội, Việt Nam"
Phạm Quỳnh Anh,Tuấn Tú,"Hà Nội, Việt Nam"
Phạm Quỳnh Anh,Quỳnh Nga,"Hà Nội, Việt Nam"
Phạm Quỳnh Anh,Mai Thu Huyền,"Hà Nội, Việt Nam"
Phạm Quỳnh Anh,Trần Việt Hoàng,"Hà Nội, Việt Nam"
Phạm Quỳnh Anh,Khánh Linh,"Hà Nội, Việt Nam"
Phạm Quỳnh Anh,Chí Nhân,"Hà Nội, Việt Nam"
Phạm Quỳnh Anh,Kiều Thanh,"Hà Nội, Việt Nam"
Phạm Quỳnh Anh,Phùng Tiến Minh,"Hà Nội, Việt Nam"
Phạm Quỳnh Anh,Nguyễn Thu Hà,"Hà Nội, Việt Nam"
Phạm Quỳnh Anh,Thanh Sơn (diễn viên),"Hà Nội, Việt Nam"
Phạm Quỳnh Anh,Bùi Như Lai,"Hà Nội, Việt Nam"
Phạm Quỳnh Anh,Yến Vy,"Hà Nội, Việt Nam"
Phạm Quỳnh Anh,Phan Anh (người dẫn chương trình),"Hà Nội, Việt Nam"
Bùi Lan Hương,Trương Ngọc Ánh,"Hà Nội, Việt Nam"
Bùi Lan Hương,Mai Phương Thúy,"Hà Nội, Việt Nam"
Bùi Lan Hương,Thu Minh,"Hà Nội, Việt Nam"
Bùi Lan Hương,Trần Yến Chi,"Hà Nội, Việt Nam"
Bùi Lan Hương,Lương Mạnh Hải,"Hà Nội, Việt Nam"
Bùi Lan Hương,Yến Vi,"Hà Nội, Việt Nam"
Bùi Lan Hương,Hoàng Thùy Linh,"Hà Nội, Việt Nam"
Bùi Lan Hương,Chi Pu,"Hà Nội, Việt Nam"
Bùi Lan Hương,Tăng Nhật Tuệ,"Hà Nội, Việt Nam"
Bùi Lan Hương,Đức Phúc,"Hà Nội, Việt Nam"
Bùi Lan Hương,Công Dương,"Hà Nội, Việt Nam"
Bùi Lan Hương,Huỳnh Anh (diễn viên),"Hà Nội, Việt Nam"
Bùi Lan Hương,Bảo Hân,"Hà Nội, Việt Nam"
Bùi Lan Hương,Tuấn Tú,"Hà Nội, Việt Nam"
Bùi Lan Hương,Quỳnh Nga,"Hà Nội, Việt Nam"
Bùi Lan Hương,Mai Thu Huyền,"Hà Nội, Việt Nam"
Bùi Lan Hương,Trần Việt Hoàng,"Hà Nội, Việt Nam"
Bùi Lan Hương,Khánh Linh,"Hà Nội, Việt Nam"
Bùi Lan Hương,Chí Nhân,"Hà Nội, Việt Nam"
Bùi Lan Hương,Kiều Thanh,"Hà Nội, Việt Nam"
Bùi Lan Hương,Phùng Tiến Minh,"Hà Nội, Việt Nam"
Bùi Lan Hương,Nguyễn Thu Hà,"Hà Nội, Việt Nam"
Bùi Lan Hương,Thanh Sơn (diễn viên),"Hà Nội, Việt Nam"
Bùi Lan Hương,Bùi Như Lai,"Hà Nội, Việt Nam"
Bùi Lan Hương,Yến Vy,"Hà Nội, Việt Nam"
Bùi Lan Hương,Phan Anh (người dẫn chương trình),"Hà Nội, Việt Nam"
Trương Ngọc Ánh,Mai Phương Thúy,"Hà Nội, Việt Nam"
Trương Ngọc Ánh,Thu Minh,"Hà Nội, Việt Nam"
Trương Ngọc Ánh,Trần Yến Chi,"Hà Nội, Việt Nam"
Trương Ngọc Ánh,Lương Mạnh Hải,"Hà Nội, Việt Nam"
Trương Ngọc Ánh,Yến Vi,"Hà Nội, Việt Nam"
Trương Ngọc Ánh,Hoàng Thùy Linh,"Hà Nội, Việt Nam"
Trương Ngọc Ánh,Chi Pu,"Hà Nội, Việt Nam"
Trương Ngọc Ánh,Tăng Nhật Tuệ,"Hà Nội, Việt Nam"
Trương Ngọc Ánh,Đức Phúc,"Hà Nội, Việt Nam"
Trương Ngọc Ánh,Công Dương,"Hà Nội, Việt Nam"
Trương Ngọc Ánh,Huỳnh Anh (diễn viên),"Hà Nội, Việt Nam"
Trương Ngọc Ánh,Bảo Hân,"Hà Nội, Việt Nam"
Trương Ngọc Ánh,Tuấn Tú,"Hà Nội, Việt Nam"
Trương Ngọc Ánh,Quỳnh Nga,"Hà Nội, Việt Nam"
Trương Ngọc Ánh,Mai Thu Huyền,"Hà Nội, Việt Nam"
Trương Ngọc Ánh,Trần Việt Hoàng,"Hà Nội, Việt Nam"
Trương Ngọc Ánh,Khánh Linh,"Hà Nội, Việt Nam"
Trương Ngọc Ánh,Chí Nhân,"Hà Nội, Việt Nam"
Trương Ngọc Ánh,Kiều Thanh,"Hà Nội, Việt Nam"
Trương Ngọc Ánh,Phùng Tiến Minh,"Hà Nội, Việt Nam"
Trương Ngọc Ánh,Nguyễn Thu Hà,"Hà Nội, Việt Nam"
Trương Ngọc Ánh,Thanh Sơn (diễn viên),"Hà Nội, Việt Nam"
Trương Ngọc Ánh,Bùi Như Lai,"Hà Nội, Việt Nam"
Trương Ngọc Ánh,Yến Vy,"Hà Nội, Việt Nam"
Trương Ngọc Ánh,Phan Anh (người dẫn chương trình),"Hà Nội, Việt Nam"
Mỹ Chi,Bằng Lăng,"Thành phố Hồ Chí Minh, Việt Nam"
Mỹ Chi,WanBi Tuấn Anh,"Thành phố Hồ Chí Minh, Việt Nam"
Mỹ Chi,Lương Bích Hữu,"Thành phố Hồ Chí Minh, Việt Nam"
Mỹ Chi,Elly Trần,"Thành phố Hồ Chí Minh, Việt Nam"
Mỹ Chi,Wanbi Tuấn Anh,"Thành phố Hồ Chí Minh, Việt Nam"
Mỹ Chi,Tường Vi (diễn viên),"Thành phố Hồ Chí Minh, Việt Nam"
Mỹ Chi,Chí Thiện (ca sĩ),"Thành phố Hồ Chí Minh, Việt Nam"
Mỹ Chi,Hồ Vĩnh Khoa,"Thành phố Hồ Chí Minh, Việt Nam"
Mỹ Chi,Thảo Trang,"Thành phố Hồ Chí Minh, Việt Nam"
Mỹ Chi,Rocker Nguyen,"Thành phố Hồ Chí Minh, Việt Nam"
Mỹ Chi,Phương Mỹ Chi,"Thành phố Hồ Chí Minh, Việt Nam"
Mỹ Chi,Thanh Thúy (diễn viên sinh 1982),"Thành phố Hồ Chí Minh, Việt Nam"
Mỹ Chi,Kim Tuyến,"Thành phố Hồ Chí Minh, Việt Nam"
Phạm Thị Ngọc Trinh,Cẩm Ly,"Sài Gòn, Việt Nam Cộng hòa"
Phạm Thị Ngọc Trinh,Việt Dũng,"Sài Gòn, Việt Nam Cộng hòa"
Mai Phương Thúy,Thu Minh,"Hà Nội, Việt Nam"
Mai Phương Thúy,Trần Yến Chi,"Hà Nội, Việt Nam"
Mai Phương Thúy,Lương Mạnh Hải,"Hà Nội, Việt Nam"
Mai Phương Thúy,Yến Vi,"Hà Nội, Việt Nam"
Mai Phương Thúy,Hoàng Thùy Linh,"Hà Nội, Việt Nam"
Mai Phương Thúy,Chi Pu,"Hà Nội, Việt Nam"
Mai Phương Thúy,Tăng Nhật Tuệ,"Hà Nội, Việt Nam"
Mai Phương Thúy,Đức Phúc,"Hà Nội, Việt Nam"
Mai Phương Thúy,Công Dương,"Hà Nội, Việt Nam"
Mai Phương Thúy,Huỳnh Anh (diễn viên),"Hà Nội, Việt Nam"
Mai Phương Thúy,Bảo Hân,"Hà Nội, Việt Nam"
Mai Phương Thúy,Tuấn Tú,"Hà Nội, Việt Nam"
Mai Phương Thúy,Quỳnh Nga,"Hà Nội, Việt Nam"
Mai Phương Thúy,Mai Thu Huyền,"Hà Nội, Việt Nam"
Mai Phương Thúy,Trần Việt Hoàng,"Hà Nội, Việt Nam"
Mai Phương Thúy,Khánh Linh,"Hà Nội, Việt Nam"
Mai Phương Thúy,Chí Nhân,"Hà Nội, Việt Nam"
Mai Phương Thúy,Kiều Thanh,"Hà Nội, Việt Nam"
Mai Phương Thúy,Phùng Tiến Minh,"Hà Nội, Việt Nam"
Mai Phương Thúy,Nguyễn Thu Hà,"Hà Nội, Việt Nam"
Mai Phương Thúy,Thanh Sơn (diễn viên),"Hà Nội, Việt Nam"
Mai Phương Thúy,Bùi Như Lai,"Hà Nội, Việt Nam"
Mai Phương Thúy,Yến Vy,"Hà Nội, Việt Nam"
Mai Phương Thúy,Phan Anh (người dẫn chương trình),"Hà Nội, Việt Nam"
Thu Minh,Trần Yến Chi,"Hà Nội, Việt Nam"
Thu Minh,Lương Mạnh Hải,"Hà Nội, Việt Nam"
Thu Minh,Yến Vi,"Hà Nội, Việt Nam"
Thu Minh,Hoàng Thùy Linh,"Hà Nội, Việt Nam"
Thu Minh,Chi Pu,"Hà Nội, Việt Nam"
Thu Minh,Tăng Nhật Tuệ,"Hà Nội, Việt Nam"
Thu Minh,Đức Phúc,"Hà Nội, Việt Nam"
Thu Minh,Công Dương,"Hà Nội, Việt Nam"
Thu Minh,Huỳnh Anh (diễn viên),"Hà Nội, Việt Nam"
Thu Minh,Bảo Hân,"Hà Nội, Việt Nam"
Thu Minh,Tuấn Tú,"Hà Nội, Việt Nam"
Thu Minh,Quỳnh Nga,"Hà Nội, Việt Nam"
Thu Minh,Mai Thu Huyền,"Hà Nội, Việt Nam"
Thu Minh,Trần Việt Hoàng,"Hà Nội, Việt Nam"
Thu Minh,Khánh Linh,"Hà Nội, Việt Nam"
Thu Minh,Chí Nhân,"Hà Nội, Việt Nam"
Thu Minh,Kiều Thanh,"Hà Nội, Việt Nam"
Thu Minh,Phùng Tiến Minh,"Hà Nội, Việt Nam"
Thu Minh,Nguyễn Thu Hà,"Hà Nội, Việt Nam"
Thu Minh,Thanh Sơn (diễn viên),"Hà Nội, Việt Nam"
Thu Minh,Bùi Như Lai,"Hà Nội, Việt Nam"
Thu Minh,Yến Vy,"Hà Nội, Việt Nam"
Thu Minh,Phan Anh (người dẫn chương trình),"Hà Nội, Việt Nam"
Bằng Lăng,WanBi Tuấn Anh,"Thành phố Hồ Chí Minh, Việt Nam"
Bằng Lăng,Lương Bích Hữu,"Thành phố Hồ Chí Minh, Việt Nam"
Bằng Lăng,Elly Trần,"Thành phố Hồ Chí Minh, Việt Nam"
Bằng Lăng,Wanbi Tuấn Anh,"Thành phố Hồ Chí Minh, Việt Nam"
Bằng Lăng,Tường Vi (diễn viên),"Thành phố Hồ Chí Minh, Việt Nam"
Bằng Lăng,Chí Thiện (ca sĩ),"Thành phố Hồ Chí Minh, Việt Nam"
Bằng Lăng,Hồ Vĩnh Khoa,"Thành phố Hồ Chí Minh, Việt Nam"
Bằng Lăng,Thảo Trang,"Thành phố Hồ Chí Minh, Việt Nam"
Bằng Lăng,Rocker Nguyen,"Thành phố Hồ Chí Minh, Việt Nam"
Bằng Lăng,Phương Mỹ Chi,"Thành phố Hồ Chí Minh, Việt Nam"
Bằng Lăng,Thanh Thúy (diễn viên sinh 1982),"Thành phố Hồ Chí Minh, Việt Nam"
Bằng Lăng,Kim Tuyến,"Thành phố Hồ Chí Minh, Việt Nam"
WanBi Tuấn Anh,Lương Bích Hữu,"Thành phố Hồ Chí Minh, Việt Nam"
WanBi Tuấn Anh,Elly Trần,"Thành phố Hồ Chí Minh, Việt Nam"
WanBi Tuấn Anh,Wanbi Tuấn Anh,"Thành phố Hồ Chí Minh, Việt Nam"
WanBi Tuấn Anh,Tường Vi (diễn viên),"Thành phố Hồ Chí Minh, Việt Nam"
WanBi Tuấn Anh,Chí Thiện (ca sĩ),"Thành phố Hồ Chí Minh, Việt Nam"
WanBi Tuấn Anh,Hồ Vĩnh Khoa,"Thành phố Hồ Chí Minh, Việt Nam"
WanBi Tuấn Anh,Thảo Trang,"Thành phố Hồ Chí Minh, Việt Nam"
WanBi Tuấn Anh,Rocker Nguyen,"Thành phố Hồ Chí Minh, Việt Nam"
WanBi Tuấn Anh,Phương Mỹ Chi,"Thành phố Hồ Chí Minh, Việt Nam"
WanBi Tuấn Anh,Thanh Thúy (diễn viên sinh 1982),"Thành phố Hồ Chí Minh, Việt Nam"
WanBi Tuấn Anh,Kim Tuyến,"Thành phố Hồ Chí Minh, Việt Nam"
Đức Trung,Chu Văn Thức,"Hà Nội, Liên bang Đông Dương"
Đức Trung,Thanh Dậu,"Hà Nội, Liên bang Đông Dương"
Trần Yến Chi,Lương Mạnh Hải,"Hà Nội, Việt Nam"
Trần Yến Chi,Yến Vi,"Hà Nội, Việt Nam"
Trần Yến Chi,Hoàng Thùy Linh,"Hà Nội, Việt Nam"
Trần Yến Chi,Chi Pu,"Hà Nội, Việt Nam"
Trần Yến Chi,Tăng Nhật Tuệ,"Hà Nội, Việt Nam"
Trần Yến Chi,Đức Phúc,"Hà Nội, Việt Nam"
Trần Yến Chi,Công Dương,"Hà Nội, Việt Nam"
Trần Yến Chi,Huỳnh Anh (diễn viên),"Hà Nội, Việt Nam"
Trần Yến Chi,Bảo Hân,"Hà Nội, Việt Nam"
Trần Yến Chi,Tuấn Tú,"Hà Nội, Việt Nam"
Trần Yến Chi,Quỳnh Nga,"Hà Nội, Việt Nam"
Trần Yến Chi,Mai Thu Huyền,"Hà Nội, Việt Nam"
Trần Yến Chi,Trần Việt Hoàng,"Hà Nội, Việt Nam"
Trần Yến Chi,Khánh Linh,"Hà Nội, Việt Nam"
Trần Yến Chi,Chí Nhân,"Hà Nội, Việt Nam"
Trần Yến Chi,Kiều Thanh,"Hà Nội, Việt Nam"
Trần Yến Chi,Phùng Tiến Minh,"Hà Nội, Việt Nam"
Trần Yến Chi,Nguyễn Thu Hà,"Hà Nội, Việt Nam"
Trần Yến Chi,Thanh Sơn (diễn viên),"Hà Nội, Việt Nam"
Trần Yến Chi,Bùi Như Lai,"Hà Nội, Việt Nam"
Trần Yến Chi,Yến Vy,"Hà Nội, Việt Nam"
Trần Yến Chi,Phan Anh (người dẫn chương trình),"Hà Nội, Việt Nam"
Trinh Hoan,Trần Ngọc Phong,"Quảng Trị, Việt Nam Cộng hòa"
Lương Mạnh Hải,Yến Vi,"Hà Nội, Việt Nam"
Lương Mạnh Hải,Hoàng Thùy Linh,"Hà Nội, Việt Nam"
Lương Mạnh Hải,Chi Pu,"Hà Nội, Việt Nam"
Lương Mạnh Hải,Tăng Nhật Tuệ,"Hà Nội, Việt Nam"
Lương Mạnh Hải,Đức Phúc,"Hà Nội, Việt Nam"
Lương Mạnh Hải,Công Dương,"Hà Nội, Việt Nam"
Lương Mạnh Hải,Huỳnh Anh (diễn viên),"Hà Nội, Việt Nam"
Lương Mạnh Hải,Bảo Hân,"Hà Nội, Việt Nam"
Lương Mạnh Hải,Tuấn Tú,"Hà Nội, Việt Nam"
Lương Mạnh Hải,Quỳnh Nga,"Hà Nội, Việt Nam"
Lương Mạnh Hải,Mai Thu Huyền,"Hà Nội, Việt Nam"
Lương Mạnh Hải,Trần Việt Hoàng,"Hà Nội, Việt Nam"
Lương Mạnh Hải,Khánh Linh,"Hà Nội, Việt Nam"
Lương Mạnh Hải,Chí Nhân,"Hà Nội, Việt Nam"
Lương Mạnh Hải,Kiều Thanh,"Hà Nội, Việt Nam"
Lương Mạnh Hải,Phùng Tiến Minh,"Hà Nội, Việt Nam"
Lương Mạnh Hải,Nguyễn Thu Hà,"Hà Nội, Việt Nam"
Lương Mạnh Hải,Thanh Sơn (diễn viên),"Hà Nội, Việt Nam"
Lương Mạnh Hải,Bùi Như Lai,"Hà Nội, Việt Nam"
Lương Mạnh Hải,Yến Vy,"Hà Nội, Việt Nam"
Lương Mạnh Hải,Phan Anh (người dẫn chương trình),"Hà Nội, Việt Nam"
Thanh Hoài,Lịch Du,"Hưng Yên, Liên bang Đông Dương"
Thanh Hoài,Ngọc Thủy,"Hưng Yên, Liên bang Đông Dương"
Duy Tân,Vĩnh Thụy,"Huế, Đại Nam, Liên bang Đông Dương"
Yến Vi,Hoàng Thùy Linh,"Hà Nội, Việt Nam"
Yến Vi,Chi Pu,"Hà Nội, Việt Nam"
Yến Vi,Tăng Nhật Tuệ,"Hà Nội, Việt Nam"
Yến Vi,Đức Phúc,"Hà Nội, Việt Nam"
Yến Vi,Công Dương,"Hà Nội, Việt Nam"
Yến Vi,Huỳnh Anh (diễn viên),"Hà Nội, Việt Nam"
Yến Vi,Bảo Hân,"Hà Nội, Việt Nam"
Yến Vi,Tuấn Tú,"Hà Nội, Việt Nam"
Yến Vi,Quỳnh Nga,"Hà Nội, Việt Nam"
Yến Vi,Mai Thu Huyền,"Hà Nội, Việt Nam"
Yến Vi,Trần Việt Hoàng,"Hà Nội, Việt Nam"
Yến Vi,Khánh Linh,"Hà Nội, Việt Nam"
Yến Vi,Chí Nhân,"Hà Nội, Việt Nam"
Yến Vi,Kiều Thanh,"Hà Nội, Việt Nam"
Yến Vi,Phùng Tiến Minh,"Hà Nội, Việt Nam"
Yến Vi,Nguyễn Thu Hà,"Hà Nội, Việt Nam"
Yến Vi,Thanh Sơn (diễn viên),"Hà Nội, Việt Nam"
Yến Vi,Bùi Như Lai,"Hà Nội, Việt Nam"
Yến Vi,Yến Vy,"Hà Nội, Việt Nam"
Yến Vi,Phan Anh (người dẫn chương trình),"Hà Nội, Việt Nam"
Lương Bích Hữu,Elly Trần,"Thành phố Hồ Chí Minh, Việt Nam"
Lương Bích Hữu,Wanbi Tuấn Anh,"Thành phố Hồ Chí Minh, Việt Nam"
Lương Bích Hữu,Tường Vi (diễn viên),"Thành phố Hồ Chí Minh, Việt Nam"
Lương Bích Hữu,Chí Thiện (ca sĩ),"Thành phố Hồ Chí Minh, Việt Nam"
Lương Bích Hữu,Hồ Vĩnh Khoa,"Thành phố Hồ Chí Minh, Việt Nam"
Lương Bích Hữu,Thảo Trang,"Thành phố Hồ Chí Minh, Việt Nam"
Lương Bích Hữu,Rocker Nguyen,"Thành phố Hồ Chí Minh, Việt Nam"
Lương Bích Hữu,Phương Mỹ Chi,"Thành phố Hồ Chí Minh, Việt Nam"
Lương Bích Hữu,Thanh Thúy (diễn viên sinh 1982),"Thành phố Hồ Chí Minh, Việt Nam"
Lương Bích Hữu,Kim Tuyến,"Thành phố Hồ Chí Minh, Việt Nam"
Xuân Nghi,Trung Quân,"Đà Lạt, Lâm Đồng, Việt Nam"
Elly Trần,Wanbi Tuấn Anh,"Thành phố Hồ Chí Minh, Việt Nam"
Elly Trần,Tường Vi (diễn viên),"Thành phố Hồ Chí Minh, Việt Nam"
Elly Trần,Chí Thiện (ca sĩ),"Thành phố Hồ Chí Minh, Việt Nam"
Elly Trần,Hồ Vĩnh Khoa,"Thành phố Hồ Chí Minh, Việt Nam"
Elly Trần,Thảo Trang,"Thành phố Hồ Chí Minh, Việt Nam"
Elly Trần,Rocker Nguyen,"Thành phố Hồ Chí Minh, Việt Nam"
Elly Trần,Phương Mỹ Chi,"Thành phố Hồ Chí Minh, Việt Nam"
Elly Trần,Thanh Thúy (diễn viên sinh 1982),"Thành phố Hồ Chí Minh, Việt Nam"
Elly Trần,Kim Tuyến,"Thành phố Hồ Chí Minh, Việt Nam"
Wanbi Tuấn Anh,Tường Vi (diễn viên),"Thành phố Hồ Chí Minh, Việt Nam"
Wanbi Tuấn Anh,Chí Thiện (ca sĩ),"Thành phố Hồ Chí Minh, Việt Nam"
Wanbi Tuấn Anh,Hồ Vĩnh Khoa,"Thành phố Hồ Chí Minh, Việt Nam"
Wanbi Tuấn Anh,Thảo Trang,"Thành phố Hồ Chí Minh, Việt Nam"
Wanbi Tuấn Anh,Rocker Nguyen,"Thành phố Hồ Chí Minh, Việt Nam"
Wanbi Tuấn Anh,Phương Mỹ Chi,"Thành phố Hồ Chí Minh, Việt Nam"
Wanbi Tuấn Anh,Thanh Thúy (diễn viên sinh 1982),"Thành phố Hồ Chí Minh, Việt Nam"
Wanbi Tuấn Anh,Kim Tuyến,"Thành phố Hồ Chí Minh, Việt Nam"
Hiền Mai,Dũng Yoko,"Hà Nội, Việt Nam Dân chủ Cộng hòa"
Hiền Mai,Phú Đôn,"Hà Nội, Việt Nam Dân chủ Cộng hòa"
Hiền Mai,Trần Đức (diễn viên),"Hà Nội, Việt Nam Dân chủ Cộng hòa"
Hiền Mai,Công Lý (diễn viên),"Hà Nội, Việt Nam Dân chủ Cộng hòa"
Hiền Mai,Nguyễn Minh Trang,"Hà Nội, Việt Nam Dân chủ Cộng hòa"
Hiền Mai,Lan Hương (diễn viên sinh 1963),"Hà Nội, Việt Nam Dân chủ Cộng hòa"
Hiền Mai,Quốc Khánh (nghệ sĩ),"Hà Nội, Việt Nam Dân chủ Cộng hòa"
Hiền Mai,Tuấn Quang,"Hà Nội, Việt Nam Dân chủ Cộng hòa"
Hiền Mai,Minh Hằng (diễn viên),"Hà Nội, Việt Nam Dân chủ Cộng hòa"
Hiền Mai,Hoàng Khải,"Hà Nội, Việt Nam Dân chủ Cộng hòa"
Hiền Mai,Lan Hương (diễn viên sinh 1961),"Hà Nội, Việt Nam Dân chủ Cộng hòa"
Hiền Mai,Nguyễn Anh Dũng (diễn viên),"Hà Nội, Việt Nam Dân chủ Cộng hòa"
Hiền Mai,Thanh Thanh Hiền,"Hà Nội, Việt Nam Dân chủ Cộng hòa"
Hiền Mai,Phạm Tuấn Quang,"Hà Nội, Việt Nam Dân chủ Cộng hòa"
Hiền Mai,Lê Vũ Long,"Hà Nội, Việt Nam Dân chủ Cộng hòa"
Hiền Mai,Duy Hậu,"Hà Nội, Việt Nam Dân chủ Cộng hòa"
Hiền Mai,Võ Hoài Nam,"Hà Nội, Việt Nam Dân chủ Cộng hòa"
Hiền Mai,Nguyễn Vĩnh Xương,"Hà Nội, Việt Nam Dân chủ Cộng hòa"
Hiền Mai,Kim Oanh (diễn viên),"Hà Nội, Việt Nam Dân chủ Cộng hòa"
Hiền Mai,Đường Minh Giang,"Hà Nội, Việt Nam Dân chủ Cộng hòa"
Hiền Mai,Giang Còi,"Hà Nội, Việt Nam Dân chủ Cộng hòa"
Hiền Mai,Trần Nữ Yên Khê,"Hà Nội, Việt Nam Dân chủ Cộng hòa"
Hiền Mai,Thanh Lam,"Hà Nội, Việt Nam Dân chủ Cộng hòa"
Đoàn Dũng,Bùi Trần Tuệ Minh,Hà Nội
Đoàn Dũng,Diệp Anh,Hà Nội
Đoàn Dũng,Lê Tuấn Anh (diễn viên sinh 1970),Hà Nội
Đoàn Dũng,Quốc Tuấn (diễn viên),Hà Nội
Đoàn Dũng,Đức Sơn (diễn viên),Hà Nội
Đoàn Dũng,Tuấn Phong,Hà Nội
Đoàn Dũng,Vũ Đình Thân,Hà Nội
Đoàn Dũng,Doãn Hoàng Kiên,Hà Nội
Đoàn Dũng,Thanh Trang,Hà Nội
Hoàng Thùy Linh,Chi Pu,"Hà Nội, Việt Nam"
Hoàng Thùy Linh,Bảo Hân,"Hà Nội, Việt Nam"
Hoàng Thùy Linh,Tăng Nhật Tuệ,"Hà Nội, Việt Nam"
Hoàng Thùy Linh,Đức Phúc,"Hà Nội, Việt Nam"
Hoàng Thùy Linh,Công Dương,"Hà Nội, Việt Nam"
Hoàng Thùy Linh,Huỳnh Anh (diễn viên),"Hà Nội, Việt Nam"
Hoàng Thùy Linh,Tuấn Tú,"Hà Nội, Việt Nam"
Hoàng Thùy Linh,Quỳnh Nga,"Hà Nội, Việt Nam"
Hoàng Thùy Linh,Mai Thu Huyền,"Hà Nội, Việt Nam"
Hoàng Thùy Linh,Trần Việt Hoàng,"Hà Nội, Việt Nam"
Hoàng Thùy Linh,Khánh Linh,"Hà Nội, Việt Nam"
Hoàng Thùy Linh,Chí Nhân,"Hà Nội, Việt Nam"
Hoàng Thùy Linh,Kiều Thanh,"Hà Nội, Việt Nam"
Hoàng Thùy Linh,Phùng Tiến Minh,"Hà Nội, Việt Nam"
Hoàng Thùy Linh,Nguyễn Thu Hà,"Hà Nội, Việt Nam"
Hoàng Thùy Linh,Thanh Sơn (diễn viên),"Hà Nội, Việt Nam"
Hoàng Thùy Linh,Bùi Như Lai,"Hà Nội, Việt Nam"
Hoàng Thùy Linh,Yến Vy,"Hà Nội, Việt Nam"
Hoàng Thùy Linh,Phan Anh (người dẫn chương trình),"Hà Nội, Việt Nam"
Chi Pu,Chí Nhân,"Hà Nội, Việt Nam"
Chi Pu,Tăng Nhật Tuệ,"Hà Nội, Việt Nam"
Chi Pu,Đức Phúc,"Hà Nội, Việt Nam"
Chi Pu,Công Dương,"Hà Nội, Việt Nam"
Chi Pu,Huỳnh Anh (diễn viên),"Hà Nội, Việt Nam"
Chi Pu,Bảo Hân,"Hà Nội, Việt Nam"
Chi Pu,Tuấn Tú,"Hà Nội, Việt Nam"
Chi Pu,Quỳnh Nga,"Hà Nội, Việt Nam"
Chi Pu,Mai Thu Huyền,"Hà Nội, Việt Nam"
Chi Pu,Trần Việt Hoàng,"Hà Nội, Việt Nam"
Chi Pu,Khánh Linh,"Hà Nội, Việt Nam"
Chi Pu,Kiều Thanh,"Hà Nội, Việt Nam"
Chi Pu,Phùng Tiến Minh,"Hà Nội, Việt Nam"
Chi Pu,Nguyễn Thu Hà,"Hà Nội, Việt Nam"
Chi Pu,Thanh Sơn (diễn viên),"Hà Nội, Việt Nam"
Chi Pu,Bùi Như Lai,"Hà Nội, Việt Nam"
Chi Pu,Yến Vy,"Hà Nội, Việt Nam"
Chi Pu,Phan Anh (người dẫn chương trình),"Hà Nội, Việt Nam"
Tường Vi (diễn viên),Chí Thiện (ca sĩ),"Thành phố Hồ Chí Minh, Việt Nam"
Tường Vi (diễn viên),Hồ Vĩnh Khoa,"Thành phố Hồ Chí Minh, Việt Nam"
Tường Vi (diễn viên),Thảo Trang,"Thành phố Hồ Chí Minh, Việt Nam"
Tường Vi (diễn viên),Rocker Nguyen,"Thành phố Hồ Chí Minh, Việt Nam"
Tường Vi (diễn viên),Phương Mỹ Chi,"Thành phố Hồ Chí Minh, Việt Nam"
Tường Vi (diễn viên),Thanh Thúy (diễn viên sinh 1982),"Thành phố Hồ Chí Minh, Việt Nam"
Tường Vi (diễn viên),Kim Tuyến,"Thành phố Hồ Chí Minh, Việt Nam"
Chí Thiện (ca sĩ),Hồ Vĩnh Khoa,"Thành phố Hồ Chí Minh, Việt Nam"
Chí Thiện (ca sĩ),Thảo Trang,"Thành phố Hồ Chí Minh, Việt Nam"
Chí Thiện (ca sĩ),Rocker Nguyen,"Thành phố Hồ Chí Minh, Việt Nam"
Chí Thiện (ca sĩ),Phương Mỹ Chi,"Thành phố Hồ Chí Minh, Việt Nam"
Chí Thiện (ca sĩ),Thanh Thúy (diễn viên sinh 1982),"Thành phố Hồ Chí Minh, Việt Nam"
Chí Thiện (ca sĩ),Kim Tuyến,"Thành phố Hồ Chí Minh, Việt Nam"
Hồ Vĩnh Khoa,Thảo Trang,"Thành phố Hồ Chí Minh, Việt Nam"
Hồ Vĩnh Khoa,Rocker Nguyen,"Thành phố Hồ Chí Minh, Việt Nam"
Hồ Vĩnh Khoa,Phương Mỹ Chi,"Thành phố Hồ Chí Minh, Việt Nam"
Hồ Vĩnh Khoa,Thanh Thúy (diễn viên sinh 1982),"Thành phố Hồ Chí Minh, Việt Nam"
Hồ Vĩnh Khoa,Kim Tuyến,"Thành phố Hồ Chí Minh, Việt Nam"
Thảo Trang,Rocker Nguyen,"Thành phố Hồ Chí Minh, Việt Nam"
Thảo Trang,Phương Mỹ Chi,"Thành phố Hồ Chí Minh, Việt Nam"
Thảo Trang,Thanh Thúy (diễn viên sinh 1982),"Thành phố Hồ Chí Minh, Việt Nam"
Thảo Trang,Kim Tuyến,"Thành phố Hồ Chí Minh, Việt Nam"
Tăng Nhật Tuệ,Công Dương,"Hà Nội, Việt Nam"
Tăng Nhật Tuệ,Đức Phúc,"Hà Nội, Việt Nam"
Tăng Nhật Tuệ,Huỳnh Anh (diễn viên),"Hà Nội, Việt Nam"
Tăng Nhật Tuệ,Bảo Hân,"Hà Nội, Việt Nam"
Tăng Nhật Tuệ,Tuấn Tú,"Hà Nội, Việt Nam"
Tăng Nhật Tuệ,Quỳnh Nga,"Hà Nội, Việt Nam"
Tăng Nhật Tuệ,Mai Thu Huyền,"Hà Nội, Việt Nam"
Tăng Nhật Tuệ,Trần Việt Hoàng,"Hà Nội, Việt Nam"
Tăng Nhật Tuệ,Khánh Linh,"Hà Nội, Việt Nam"
Tăng Nhật Tuệ,Chí Nhân,"Hà Nội, Việt Nam"
Tăng Nhật Tuệ,Kiều Thanh,"Hà Nội, Việt Nam"
Tăng Nhật Tuệ,Phùng Tiến Minh,"Hà Nội, Việt Nam"
Tăng Nhật Tuệ,Nguyễn Thu Hà,"Hà Nội, Việt Nam"
Tăng Nhật Tuệ,Thanh Sơn (diễn viên),"Hà Nội, Việt Nam"
Tăng Nhật Tuệ,Bùi Như Lai,"Hà Nội, Việt Nam"
Tăng Nhật Tuệ,Yến Vy,"Hà Nội, Việt Nam"
Tăng Nhật Tuệ,Phan Anh (người dẫn chương trình),"Hà Nội, Việt Nam"
Đức Phúc,Công Dương,"Hà Nội, Việt Nam"
Đức Phúc,Huỳnh Anh (diễn viên),"Hà Nội, Việt Nam"
Đức Phúc,Bảo Hân,"Hà Nội, Việt Nam"
Đức Phúc,Tuấn Tú,"Hà Nội, Việt Nam"
Đức Phúc,Quỳnh Nga,"Hà Nội, Việt Nam"
Đức Phúc,Mai Thu Huyền,"Hà Nội, Việt Nam"
Đức Phúc,Trần Việt Hoàng,"Hà Nội, Việt Nam"
Đức Phúc,Khánh Linh,"Hà Nội, Việt Nam"
Đức Phúc,Chí Nhân,"Hà Nội, Việt Nam"
Đức Phúc,Kiều Thanh,"Hà Nội, Việt Nam"
Đức Phúc,Phùng Tiến Minh,"Hà Nội, Việt Nam"
Đức Phúc,Nguyễn Thu Hà,"Hà Nội, Việt Nam"
Đức Phúc,Thanh Sơn (diễn viên),"Hà Nội, Việt Nam"
Đức Phúc,Bùi Như Lai,"Hà Nội, Việt Nam"
Đức Phúc,Yến Vy,"Hà Nội, Việt Nam"
Đức Phúc,Phan Anh (người dẫn chương trình),"Hà Nội, Việt Nam"
Dũng Yoko,Phú Đôn,"Hà Nội, Việt Nam Dân chủ Cộng hòa"
Dũng Yoko,Trần Đức (diễn viên),"Hà Nội, Việt Nam Dân chủ Cộng hòa"
Dũng Yoko,Công Lý (diễn viên),"Hà Nội, Việt Nam Dân chủ Cộng hòa"
Dũng Yoko,Nguyễn Minh Trang,"Hà Nội, Việt Nam Dân chủ Cộng hòa"
Dũng Yoko,Lan Hương (diễn viên sinh 1963),"Hà Nội, Việt Nam Dân chủ Cộng hòa"
Dũng Yoko,Quốc Khánh (nghệ sĩ),"Hà Nội, Việt Nam Dân chủ Cộng hòa"
Dũng Yoko,Tuấn Quang,"Hà Nội, Việt Nam Dân chủ Cộng hòa"
Dũng Yoko,Minh Hằng (diễn viên),"Hà Nội, Việt Nam Dân chủ Cộng hòa"
Dũng Yoko,Hoàng Khải,"Hà Nội, Việt Nam Dân chủ Cộng hòa"
Dũng Yoko,Lan Hương (diễn viên sinh 1961),"Hà Nội, Việt Nam Dân chủ Cộng hòa"
Dũng Yoko,Nguyễn Anh Dũng (diễn viên),"Hà Nội, Việt Nam Dân chủ Cộng hòa"
Dũng Yoko,Thanh Thanh Hiền,"Hà Nội, Việt Nam Dân chủ Cộng hòa"
Dũng Yoko,Phạm Tuấn Quang,"Hà Nội, Việt Nam Dân chủ Cộng hòa"
Dũng Yoko,Lê Vũ Long,"Hà Nội, Việt Nam Dân chủ Cộng hòa"
Dũng Yoko,Duy Hậu,"Hà Nội, Việt Nam Dân chủ Cộng hòa"
Dũng Yoko,Võ Hoài Nam,"Hà Nội, Việt Nam Dân chủ Cộng hòa"
Dũng Yoko,Nguyễn Vĩnh Xương,"Hà Nội, Việt Nam Dân chủ Cộng hòa"
Dũng Yoko,Kim Oanh (diễn viên),"Hà Nội, Việt Nam Dân chủ Cộng hòa"
Dũng Yoko,Đường Minh Giang,"Hà Nội, Việt Nam Dân chủ Cộng hòa"
Dũng Yoko,Giang Còi,"Hà Nội, Việt Nam Dân chủ Cộng hòa"
Dũng Yoko,Trần Nữ Yên Khê,"Hà Nội, Việt Nam Dân chủ Cộng hòa"
Dũng Yoko,Thanh Lam,"Hà Nội, Việt Nam Dân chủ Cộng hòa"
Đoan Trang,Diệu Hương (diễn viên),"Nam Định, Việt Nam"
Công Dương,Huỳnh Anh (diễn viên),"Hà Nội, Việt Nam"
Công Dương,Bảo Hân,"Hà Nội, Việt Nam"
Công Dương,Tuấn Tú,"Hà Nội, Việt Nam"
Công Dương,Quỳnh Nga,"Hà Nội, Việt Nam"
Công Dương,Mai Thu Huyền,"Hà Nội, Việt Nam"
Công Dương,Trần Việt Hoàng,"Hà Nội, Việt Nam"
Công Dương,Khánh Linh,"Hà Nội, Việt Nam"
Công Dương,Chí Nhân,"Hà Nội, Việt Nam"
Công Dương,Kiều Thanh,"Hà Nội, Việt Nam"
Công Dương,Phùng Tiến Minh,"Hà Nội, Việt Nam"
Công Dương,Nguyễn Thu Hà,"Hà Nội, Việt Nam"
Công Dương,Thanh Sơn (diễn viên),"Hà Nội, Việt Nam"
Công Dương,Bùi Như Lai,"Hà Nội, Việt Nam"
Công Dương,Yến Vy,"Hà Nội, Việt Nam"
Công Dương,Phan Anh (người dẫn chương trình),"Hà Nội, Việt Nam"
Phú Đôn,Trần Đức (diễn viên),"Hà Nội, Việt Nam Dân chủ Cộng hòa"
Phú Đôn,Minh Hằng (diễn viên),"Hà Nội, Việt Nam Dân chủ Cộng hòa"
Phú Đôn,Hoàng Khải,"Hà Nội, Việt Nam Dân chủ Cộng hòa"
Phú Đôn,Lê Vũ Long,"Hà Nội, Việt Nam Dân chủ Cộng hòa"
Phú Đôn,Duy Hậu,"Hà Nội, Việt Nam Dân chủ Cộng hòa"
Phú Đôn,Công Lý (diễn viên),"Hà Nội, Việt Nam Dân chủ Cộng hòa"
Phú Đôn,Nguyễn Minh Trang,"Hà Nội, Việt Nam Dân chủ Cộng hòa"
Phú Đôn,Lan Hương (diễn viên sinh 1963),"Hà Nội, Việt Nam Dân chủ Cộng hòa"
Phú Đôn,Quốc Khánh (nghệ sĩ),"Hà Nội, Việt Nam Dân chủ Cộng hòa"
Phú Đôn,Tuấn Quang,"Hà Nội, Việt Nam Dân chủ Cộng hòa"
Phú Đôn,Lan Hương (diễn viên sinh 1961),"Hà Nội, Việt Nam Dân chủ Cộng hòa"
Phú Đôn,Nguyễn Anh Dũng (diễn viên),"Hà Nội, Việt Nam Dân chủ Cộng hòa"
Phú Đôn,Thanh Thanh Hiền,"Hà Nội, Việt Nam Dân chủ Cộng hòa"
Phú Đôn,Phạm Tuấn Quang,"Hà Nội, Việt Nam Dân chủ Cộng hòa"
Phú Đôn,Võ Hoài Nam,"Hà Nội, Việt Nam Dân chủ Cộng hòa"
Phú Đôn,Nguyễn Vĩnh Xương,"Hà Nội, Việt Nam Dân chủ Cộng hòa"
Phú Đôn,Kim Oanh (diễn viên),"Hà Nội, Việt Nam Dân chủ Cộng hòa"
Phú Đôn,Đường Minh Giang,"Hà Nội, Việt Nam Dân chủ Cộng hòa"
Phú Đôn,Giang Còi,"Hà Nội, Việt Nam Dân chủ Cộng hòa"
Phú Đôn,Trần Nữ Yên Khê,"Hà Nội, Việt Nam Dân chủ Cộng hòa"
Phú Đôn,Thanh Lam,"Hà Nội, Việt Nam Dân chủ Cộng hòa"
Trần Đức (diễn viên),Minh Hằng (diễn viên),"Hà Nội, Việt Nam Dân chủ Cộng hòa"
Trần Đức (diễn viên),Hoàng Khải,"Hà Nội, Việt Nam Dân chủ Cộng hòa"
Trần Đức (diễn viên),Quốc Khánh (nghệ sĩ),"Hà Nội, Việt Nam Dân chủ Cộng hòa"
Trần Đức (diễn viên),Lan Hương (diễn viên sinh 1961),"Hà Nội, Việt Nam Dân chủ Cộng hòa"
Trần Đức (diễn viên),Công Lý (diễn viên),"Hà Nội, Việt Nam Dân chủ Cộng hòa"
Trần Đức (diễn viên),Nguyễn Minh Trang,"Hà Nội, Việt Nam Dân chủ Cộng hòa"
Trần Đức (diễn viên),Lan Hương (diễn viên sinh 1963),"Hà Nội, Việt Nam Dân chủ Cộng hòa"
Trần Đức (diễn viên),Tuấn Quang,"Hà Nội, Việt Nam Dân chủ Cộng hòa"
Trần Đức (diễn viên),Nguyễn Anh Dũng (diễn viên),"Hà Nội, Việt Nam Dân chủ Cộng hòa"
Trần Đức (diễn viên),Thanh Thanh Hiền,"Hà Nội, Việt Nam Dân chủ Cộng hòa"
Trần Đức (diễn viên),Phạm Tuấn Quang,"Hà Nội, Việt Nam Dân chủ Cộng hòa"
Trần Đức (diễn viên),Lê Vũ Long,"Hà Nội, Việt Nam Dân chủ Cộng hòa"
Trần Đức (diễn viên),Duy Hậu,"Hà Nội, Việt Nam Dân chủ Cộng hòa"
Trần Đức (diễn viên),Võ Hoài Nam,"Hà Nội, Việt Nam Dân chủ Cộng hòa"
Trần Đức (diễn viên),Nguyễn Vĩnh Xương,"Hà Nội, Việt Nam Dân chủ Cộng hòa"
Trần Đức (diễn viên),Kim Oanh (diễn viên),"Hà Nội, Việt Nam Dân chủ Cộng hòa"
Trần Đức (diễn viên),Đường Minh Giang,"Hà Nội, Việt Nam Dân chủ Cộng hòa"
Trần Đức (diễn viên),Giang Còi,"Hà Nội, Việt Nam Dân chủ Cộng hòa"
Trần Đức (diễn viên),Trần Nữ Yên Khê,"Hà Nội, Việt Nam Dân chủ Cộng hòa"
Trần Đức (diễn viên),Thanh Lam,"Hà Nội, Việt Nam Dân chủ Cộng hòa"
Thanh Hiền (nghệ sĩ),Bảo Thanh (diễn viên),"Bắc Giang, Việt Nam"
Hoàng Lâm Tùng,Thu Hà (diễn viên),"Tuyên Quang, Việt Nam Dân chủ Cộng hòa"
Hoàng Lâm Tùng,Lâm Tùng,"Tuyên Quang, Việt Nam Dân chủ Cộng hòa"
Công Lý (diễn viên),Lan Hương (diễn viên sinh 1963),"Hà Nội, Việt Nam Dân chủ Cộng hòa"
Công Lý (diễn viên),Nguyễn Minh Trang,"Hà Nội, Việt Nam Dân chủ Cộng hòa"
Công Lý (diễn viên),Quốc Khánh (nghệ sĩ),"Hà Nội, Việt Nam Dân chủ Cộng hòa"
Công Lý (diễn viên),Tuấn Quang,"Hà Nội, Việt Nam Dân chủ Cộng hòa"
Công Lý (diễn viên),Minh Hằng (diễn viên),"Hà Nội, Việt Nam Dân chủ Cộng hòa"
Công Lý (diễn viên),Hoàng Khải,"Hà Nội, Việt Nam Dân chủ Cộng hòa"
Công Lý (diễn viên),Lan Hương (diễn viên sinh 1961),"Hà Nội, Việt Nam Dân chủ Cộng hòa"
Công Lý (diễn viên),Nguyễn Anh Dũng (diễn viên),"Hà Nội, Việt Nam Dân chủ Cộng hòa"
Công Lý (diễn viên),Thanh Thanh Hiền,"Hà Nội, Việt Nam Dân chủ Cộng hòa"
Công Lý (diễn viên),Phạm Tuấn Quang,"Hà Nội, Việt Nam Dân chủ Cộng hòa"
Công Lý (diễn viên),Lê Vũ Long,"Hà Nội, Việt Nam Dân chủ Cộng hòa"
Công Lý (diễn viên),Duy Hậu,"Hà Nội, Việt Nam Dân chủ Cộng hòa"
Công Lý (diễn viên),Võ Hoài Nam,"Hà Nội, Việt Nam Dân chủ Cộng hòa"
Công Lý (diễn viên),Nguyễn Vĩnh Xương,"Hà Nội, Việt Nam Dân chủ Cộng hòa"
Công Lý (diễn viên),Kim Oanh (diễn viên),"Hà Nội, Việt Nam Dân chủ Cộng hòa"
Công Lý (diễn viên),Đường Minh Giang,"Hà Nội, Việt Nam Dân chủ Cộng hòa"
Công Lý (diễn viên),Giang Còi,"Hà Nội, Việt Nam Dân chủ Cộng hòa"
Công Lý (diễn viên),Trần Nữ Yên Khê,"Hà Nội, Việt Nam Dân chủ Cộng hòa"
Công Lý (diễn viên),Thanh Lam,"Hà Nội, Việt Nam Dân chủ Cộng hòa"
Thu Hà (diễn viên),Lâm Tùng,"Tuyên Quang, Việt Nam Dân chủ Cộng hòa"
Huỳnh Anh (diễn viên),Thanh Sơn (diễn viên),"Hà Nội, Việt Nam"
Huỳnh Anh (diễn viên),Phùng Tiến Minh,"Hà Nội, Việt Nam"
Huỳnh Anh (diễn viên),Khánh Linh,"Hà Nội, Việt Nam"
Huỳnh Anh (diễn viên),Phan Anh (người dẫn chương trình),"Hà Nội, Việt Nam"
Huỳnh Anh (diễn viên),Bảo Hân,"Hà Nội, Việt Nam"
Huỳnh Anh (diễn viên),Tuấn Tú,"Hà Nội, Việt Nam"
Huỳnh Anh (diễn viên),Quỳnh Nga,"Hà Nội, Việt Nam"
Huỳnh Anh (diễn viên),Mai Thu Huyền,"Hà Nội, Việt Nam"
Huỳnh Anh (diễn viên),Trần Việt Hoàng,"Hà Nội, Việt Nam"
Huỳnh Anh (diễn viên),Chí Nhân,"Hà Nội, Việt Nam"
Huỳnh Anh (diễn viên),Kiều Thanh,"Hà Nội, Việt Nam"
Huỳnh Anh (diễn viên),Nguyễn Thu Hà,"Hà Nội, Việt Nam"
Huỳnh Anh (diễn viên),Bùi Như Lai,"Hà Nội, Việt Nam"
Huỳnh Anh (diễn viên),Yến Vy,"Hà Nội, Việt Nam"
Bảo Hân,Tuấn Tú,"Hà Nội, Việt Nam"
Bảo Hân,Quỳnh Nga,"Hà Nội, Việt Nam"
Bảo Hân,Mai Thu Huyền,"Hà Nội, Việt Nam"
Bảo Hân,Trần Việt Hoàng,"Hà Nội, Việt Nam"
Bảo Hân,Khánh Linh,"Hà Nội, Việt Nam"
Bảo Hân,Chí Nhân,"Hà Nội, Việt Nam"
Bảo Hân,Kiều Thanh,"Hà Nội, Việt Nam"
Bảo Hân,Phùng Tiến Minh,"Hà Nội, Việt Nam"
Bảo Hân,Nguyễn Thu Hà,"Hà Nội, Việt Nam"
Bảo Hân,Thanh Sơn (diễn viên),"Hà Nội, Việt Nam"
Bảo Hân,Bùi Như Lai,"Hà Nội, Việt Nam"
Bảo Hân,Yến Vy,"Hà Nội, Việt Nam"
Bảo Hân,Phan Anh (người dẫn chương trình),"Hà Nội, Việt Nam"
Tuấn Tú,Quỳnh Nga,"Hà Nội, Việt Nam"
Tuấn Tú,Mai Thu Huyền,"Hà Nội, Việt Nam"
Tuấn Tú,Trần Việt Hoàng,"Hà Nội, Việt Nam"
Tuấn Tú,Khánh Linh,"Hà Nội, Việt Nam"
Tuấn Tú,Chí Nhân,"Hà Nội, Việt Nam"
Tuấn Tú,Kiều Thanh,"Hà Nội, Việt Nam"
Tuấn Tú,Phùng Tiến Minh,"Hà Nội, Việt Nam"
Tuấn Tú,Nguyễn Thu Hà,"Hà Nội, Việt Nam"
Tuấn Tú,Thanh Sơn (diễn viên),"Hà Nội, Việt Nam"
Tuấn Tú,Bùi Như Lai,"Hà Nội, Việt Nam"
Tuấn Tú,Yến Vy,"Hà Nội, Việt Nam"
Tuấn Tú,Phan Anh (người dẫn chương trình),"Hà Nội, Việt Nam"
Quỳnh Nga,Chí Nhân,"Hà Nội, Việt Nam"
Quỳnh Nga,Mai Thu Huyền,"Hà Nội, Việt Nam"
Quỳnh Nga,Trần Việt Hoàng,"Hà Nội, Việt Nam"
Quỳnh Nga,Khánh Linh,"Hà Nội, Việt Nam"
Quỳnh Nga,Kiều Thanh,"Hà Nội, Việt Nam"
Quỳnh Nga,Phùng Tiến Minh,"Hà Nội, Việt Nam"
Quỳnh Nga,Nguyễn Thu Hà,"Hà Nội, Việt Nam"
Quỳnh Nga,Thanh Sơn (diễn viên),"Hà Nội, Việt Nam"
Quỳnh Nga,Bùi Như Lai,"Hà Nội, Việt Nam"
Quỳnh Nga,Yến Vy,"Hà Nội, Việt Nam"
Quỳnh Nga,Phan Anh (người dẫn chương trình),"Hà Nội, Việt Nam"
Thảo Quyên,Thúy Ngần,"Yên Mô, Ninh Bình"
Rocker Nguyen,Phương Mỹ Chi,"Thành phố Hồ Chí Minh, Việt Nam"
Rocker Nguyen,Thanh Thúy (diễn viên sinh 1982),"Thành phố Hồ Chí Minh, Việt Nam"
Rocker Nguyen,Kim Tuyến,"Thành phố Hồ Chí Minh, Việt Nam"
Mai Thu Huyền,Kiều Thanh,"Hà Nội, Việt Nam"
Mai Thu Huyền,Trần Việt Hoàng,"Hà Nội, Việt Nam"
Mai Thu Huyền,Khánh Linh,"Hà Nội, Việt Nam"
Mai Thu Huyền,Chí Nhân,"Hà Nội, Việt Nam"
Mai Thu Huyền,Phùng Tiến Minh,"Hà Nội, Việt Nam"
Mai Thu Huyền,Nguyễn Thu Hà,"Hà Nội, Việt Nam"
Mai Thu Huyền,Thanh Sơn (diễn viên),"Hà Nội, Việt Nam"
Mai Thu Huyền,Bùi Như Lai,"Hà Nội, Việt Nam"
Mai Thu Huyền,Yến Vy,"Hà Nội, Việt Nam"
Mai Thu Huyền,Phan Anh (người dẫn chương trình),"Hà Nội, Việt Nam"
Cẩm Ly,Việt Dũng,"Sài Gòn, Việt Nam Cộng hòa"
Quốc Trường (diễn viên),Quốc Huy (diễn viên),"Cần Thơ, Việt Nam"
Thanh Dậu,Chu Văn Thức,"Hà Nội, Liên bang Đông Dương"
Lê Phương,Phương Bình (diễn viên),"Trà Vinh, Việt Nam"
Phương Mỹ Chi,Thanh Thúy (diễn viên sinh 1982),"Thành phố Hồ Chí Minh, Việt Nam"
Phương Mỹ Chi,Kim Tuyến,"Thành phố Hồ Chí Minh, Việt Nam"
Nguyễn Minh Trang,Nguyễn Anh Dũng (diễn viên),"Hà Nội, Việt Nam Dân chủ Cộng hòa"
Nguyễn Minh Trang,Lan Hương (diễn viên sinh 1963),"Hà Nội, Việt Nam Dân chủ Cộng hòa"
Nguyễn Minh Trang,Quốc Khánh (nghệ sĩ),"Hà Nội, Việt Nam Dân chủ Cộng hòa"
Nguyễn Minh Trang,Tuấn Quang,"Hà Nội, Việt Nam Dân chủ Cộng hòa"
Nguyễn Minh Trang,Minh Hằng (diễn viên),"Hà Nội, Việt Nam Dân chủ Cộng hòa"
Nguyễn Minh Trang,Hoàng Khải,"Hà Nội, Việt Nam Dân chủ Cộng hòa"
Nguyễn Minh Trang,Lan Hương (diễn viên sinh 1961),"Hà Nội, Việt Nam Dân chủ Cộng hòa"
Nguyễn Minh Trang,Thanh Thanh Hiền,"Hà Nội, Việt Nam Dân chủ Cộng hòa"
Nguyễn Minh Trang,Phạm Tuấn Quang,"Hà Nội, Việt Nam Dân chủ Cộng hòa"
Nguyễn Minh Trang,Lê Vũ Long,"Hà Nội, Việt Nam Dân chủ Cộng hòa"
Nguyễn Minh Trang,Duy Hậu,"Hà Nội, Việt Nam Dân chủ Cộng hòa"
Nguyễn Minh Trang,Võ Hoài Nam,"Hà Nội, Việt Nam Dân chủ Cộng hòa"
Nguyễn Minh Trang,Nguyễn Vĩnh Xương,"Hà Nội, Việt Nam Dân chủ Cộng hòa"
Nguyễn Minh Trang,Kim Oanh (diễn viên),"Hà Nội, Việt Nam Dân chủ Cộng hòa"
Nguyễn Minh Trang,Đường Minh Giang,"Hà Nội, Việt Nam Dân chủ Cộng hòa"
Nguyễn Minh Trang,Giang Còi,"Hà Nội, Việt Nam Dân chủ Cộng hòa"
Nguyễn Minh Trang,Trần Nữ Yên Khê,"Hà Nội, Việt Nam Dân chủ Cộng hòa"
Nguyễn Minh Trang,Thanh Lam,"Hà Nội, Việt Nam Dân chủ Cộng hòa"
Thanh Thúy (diễn viên sinh 1982),Kim Tuyến,"Thành phố Hồ Chí Minh, Việt Nam"
Tuấn Hải,Tuyết Mai,"Hải Phòng, Liên bang Đông Dương"
Tuấn Hải,Thúy Vinh,"Hải Phòng, Liên bang Đông Dương"
Lan Hương (diễn viên sinh 1963),Quốc Khánh (nghệ sĩ),"Hà Nội, Việt Nam Dân chủ Cộng hòa"
Lan Hương (diễn viên sinh 1963),Tuấn Quang,"Hà Nội, Việt Nam Dân chủ Cộng hòa"
Lan Hương (diễn viên sinh 1963),Minh Hằng (diễn viên),"Hà Nội, Việt Nam Dân chủ Cộng hòa"
Lan Hương (diễn viên sinh 1963),Hoàng Khải,"Hà Nội, Việt Nam Dân chủ Cộng hòa"
Lan Hương (diễn viên sinh 1963),Lan Hương (diễn viên sinh 1961),"Hà Nội, Việt Nam Dân chủ Cộng hòa"
Lan Hương (diễn viên sinh 1963),Nguyễn Anh Dũng (diễn viên),"Hà Nội, Việt Nam Dân chủ Cộng hòa"
Lan Hương (diễn viên sinh 1963),Thanh Thanh Hiền,"Hà Nội, Việt Nam Dân chủ Cộng hòa"
Lan Hương (diễn viên sinh 1963),Phạm Tuấn Quang,"Hà Nội, Việt Nam Dân chủ Cộng hòa"
Lan Hương (diễn viên sinh 1963),Lê Vũ Long,"Hà Nội, Việt Nam Dân chủ Cộng hòa"
Lan Hương (diễn viên sinh 1963),Duy Hậu,"Hà Nội, Việt Nam Dân chủ Cộng hòa"
Lan Hương (diễn viên sinh 1963),Võ Hoài Nam,"Hà Nội, Việt Nam Dân chủ Cộng hòa"
Lan Hương (diễn viên sinh 1963),Nguyễn Vĩnh Xương,"Hà Nội, Việt Nam Dân chủ Cộng hòa"
Lan Hương (diễn viên sinh 1963),Kim Oanh (diễn viên),"Hà Nội, Việt Nam Dân chủ Cộng hòa"
Lan Hương (diễn viên sinh 1963),Đường Minh Giang,"Hà Nội, Việt Nam Dân chủ Cộng hòa"
Lan Hương (diễn viên sinh 1963),Giang Còi,"Hà Nội, Việt Nam Dân chủ Cộng hòa"
Lan Hương (diễn viên sinh 1963),Trần Nữ Yên Khê,"Hà Nội, Việt Nam Dân chủ Cộng hòa"
Lan Hương (diễn viên sinh 1963),Thanh Lam,"Hà Nội, Việt Nam Dân chủ Cộng hòa"
Diệp Anh,Lê Tuấn Anh (diễn viên sinh 1970),Hà Nội
Diệp Anh,Quốc Tuấn (diễn viên),Hà Nội
Diệp Anh,Đức Sơn (diễn viên),Hà Nội
Diệp Anh,Tuấn Phong,Hà Nội
Diệp Anh,Vũ Đình Thân,Hà Nội
Diệp Anh,Doãn Hoàng Kiên,Hà Nội
Diệp Anh,Bùi Trần Tuệ Minh,Hà Nội
Diệp Anh,Thanh Trang,Hà Nội
Trần Việt Hoàng,Khánh Linh,"Hà Nội, Việt Nam"
Trần Việt Hoàng,Chí Nhân,"Hà Nội, Việt Nam"
Trần Việt Hoàng,Kiều Thanh,"Hà Nội, Việt Nam"
Trần Việt Hoàng,Phùng Tiến Minh,"Hà Nội, Việt Nam"
Trần Việt Hoàng,Nguyễn Thu Hà,"Hà Nội, Việt Nam"
Trần Việt Hoàng,Thanh Sơn (diễn viên),"Hà Nội, Việt Nam"
Trần Việt Hoàng,Bùi Như Lai,"Hà Nội, Việt Nam"
Trần Việt Hoàng,Yến Vy,"Hà Nội, Việt Nam"
Trần Việt Hoàng,Phan Anh (người dẫn chương trình),"Hà Nội, Việt Nam"
Thế Bình,Thế Bình (nghệ sĩ),"Thái Bình, Việt Nam Dân chủ Cộng hòa"
Lê Tuấn Anh (diễn viên sinh 1970),Quốc Tuấn (diễn viên),Hà Nội
Lê Tuấn Anh (diễn viên sinh 1970),Đức Sơn (diễn viên),Hà Nội
Lê Tuấn Anh (diễn viên sinh 1970),Tuấn Phong,Hà Nội
Lê Tuấn Anh (diễn viên sinh 1970),Vũ Đình Thân,Hà Nội
Lê Tuấn Anh (diễn viên sinh 1970),Doãn Hoàng Kiên,Hà Nội
Lê Tuấn Anh (diễn viên sinh 1970),Bùi Trần Tuệ Minh,Hà Nội
Lê Tuấn Anh (diễn viên sinh 1970),Thanh Trang,Hà Nội
Khánh Linh,Chí Nhân,"Hà Nội, Việt Nam"
Khánh Linh,Kiều Thanh,"Hà Nội, Việt Nam"
Khánh Linh,Phùng Tiến Minh,"Hà Nội, Việt Nam"
Khánh Linh,Nguyễn Thu Hà,"Hà Nội, Việt Nam"
Khánh Linh,Thanh Sơn (diễn viên),"Hà Nội, Việt Nam"
Khánh Linh,Bùi Như Lai,"Hà Nội, Việt Nam"
Khánh Linh,Yến Vy,"Hà Nội, Việt Nam"
Khánh Linh,Phan Anh (người dẫn chương trình),"Hà Nội, Việt Nam"
Chí Nhân,Kiều Thanh,"Hà Nội, Việt Nam"
Chí Nhân,Phùng Tiến Minh,"Hà Nội, Việt Nam"
Chí Nhân,Nguyễn Thu Hà,"Hà Nội, Việt Nam"
Chí Nhân,Thanh Sơn (diễn viên),"Hà Nội, Việt Nam"
Chí Nhân,Bùi Như Lai,"Hà Nội, Việt Nam"
Chí Nhân,Yến Vy,"Hà Nội, Việt Nam"
Chí Nhân,Phan Anh (người dẫn chương trình),"Hà Nội, Việt Nam"
Quốc Khánh (nghệ sĩ),Tuấn Quang,"Hà Nội, Việt Nam Dân chủ Cộng hòa"
Quốc Khánh (nghệ sĩ),Minh Hằng (diễn viên),"Hà Nội, Việt Nam Dân chủ Cộng hòa"
Quốc Khánh (nghệ sĩ),Hoàng Khải,"Hà Nội, Việt Nam Dân chủ Cộng hòa"
Quốc Khánh (nghệ sĩ),Lan Hương (diễn viên sinh 1961),"Hà Nội, Việt Nam Dân chủ Cộng hòa"
Quốc Khánh (nghệ sĩ),Nguyễn Anh Dũng (diễn viên),"Hà Nội, Việt Nam Dân chủ Cộng hòa"
Quốc Khánh (nghệ sĩ),Thanh Thanh Hiền,"Hà Nội, Việt Nam Dân chủ Cộng hòa"
Quốc Khánh (nghệ sĩ),Phạm Tuấn Quang,"Hà Nội, Việt Nam Dân chủ Cộng hòa"
Quốc Khánh (nghệ sĩ),Lê Vũ Long,"Hà Nội, Việt Nam Dân chủ Cộng hòa"
Quốc Khánh (nghệ sĩ),Duy Hậu,"Hà Nội, Việt Nam Dân chủ Cộng hòa"
Quốc Khánh (nghệ sĩ),Võ Hoài Nam,"Hà Nội, Việt Nam Dân chủ Cộng hòa"
Quốc Khánh (nghệ sĩ),Nguyễn Vĩnh Xương,"Hà Nội, Việt Nam Dân chủ Cộng hòa"
Quốc Khánh (nghệ sĩ),Kim Oanh (diễn viên),"Hà Nội, Việt Nam Dân chủ Cộng hòa"
Quốc Khánh (nghệ sĩ),Đường Minh Giang,"Hà Nội, Việt Nam Dân chủ Cộng hòa"
Quốc Khánh (nghệ sĩ),Giang Còi,"Hà Nội, Việt Nam Dân chủ Cộng hòa"
Quốc Khánh (nghệ sĩ),Trần Nữ Yên Khê,"Hà Nội, Việt Nam Dân chủ Cộng hòa"
Quốc Khánh (nghệ sĩ),Thanh Lam,"Hà Nội, Việt Nam Dân chủ Cộng hòa"
Quốc Tuấn (diễn viên),Đức Sơn (diễn viên),Hà Nội
Quốc Tuấn (diễn viên),Tuấn Phong,Hà Nội
Quốc Tuấn (diễn viên),Vũ Đình Thân,Hà Nội
Quốc Tuấn (diễn viên),Doãn Hoàng Kiên,Hà Nội
Quốc Tuấn (diễn viên),Bùi Trần Tuệ Minh,Hà Nội
Quốc Tuấn (diễn viên),Thanh Trang,Hà Nội
Tuyết Mai,Thúy Vinh,"Hải Phòng, Liên bang Đông Dương"
Đức Sơn (diễn viên),Tuấn Phong,Hà Nội
Đức Sơn (diễn viên),Vũ Đình Thân,Hà Nội
Đức Sơn (diễn viên),Doãn Hoàng Kiên,Hà Nội
Đức Sơn (diễn viên),Bùi Trần Tuệ Minh,Hà Nội
Đức Sơn (diễn viên),Thanh Trang,Hà Nội
Tuấn Phong,Vũ Đình Thân,Hà Nội
Tuấn Phong,Doãn Hoàng Kiên,Hà Nội
Tuấn Phong,Bùi Trần Tuệ Minh,Hà Nội
Tuấn Phong,Thanh Trang,Hà Nội
Tuấn Quang,Lan Hương (diễn viên sinh 1961),"Hà Nội, Việt Nam Dân chủ Cộng hòa"
Tuấn Quang,Nguyễn Anh Dũng (diễn viên),"Hà Nội, Việt Nam Dân chủ Cộng hòa"
Tuấn Quang,Minh Hằng (diễn viên),"Hà Nội, Việt Nam Dân chủ Cộng hòa"
Tuấn Quang,Hoàng Khải,"Hà Nội, Việt Nam Dân chủ Cộng hòa"
Tuấn Quang,Thanh Thanh Hiền,"Hà Nội, Việt Nam Dân chủ Cộng hòa"
Tuấn Quang,Phạm Tuấn Quang,"Hà Nội, Việt Nam Dân chủ Cộng hòa"
Tuấn Quang,Lê Vũ Long,"Hà Nội, Việt Nam Dân chủ Cộng hòa"
Tuấn Quang,Duy Hậu,"Hà Nội, Việt Nam Dân chủ Cộng hòa"
Tuấn Quang,Võ Hoài Nam,"Hà Nội, Việt Nam Dân chủ Cộng hòa"
Tuấn Quang,Nguyễn Vĩnh Xương,"Hà Nội, Việt Nam Dân chủ Cộng hòa"
Tuấn Quang,Kim Oanh (diễn viên),"Hà Nội, Việt Nam Dân chủ Cộng hòa"
Tuấn Quang,Đường Minh Giang,"Hà Nội, Việt Nam Dân chủ Cộng hòa"
Tuấn Quang,Giang Còi,"Hà Nội, Việt Nam Dân chủ Cộng hòa"
Tuấn Quang,Trần Nữ Yên Khê,"Hà Nội, Việt Nam Dân chủ Cộng hòa"
Tuấn Quang,Thanh Lam,"Hà Nội, Việt Nam Dân chủ Cộng hòa"
Kiều Thanh,Phùng Tiến Minh,"Hà Nội, Việt Nam"
Kiều Thanh,Nguyễn Thu Hà,"Hà Nội, Việt Nam"
Kiều Thanh,Thanh Sơn (diễn viên),"Hà Nội, Việt Nam"
Kiều Thanh,Bùi Như Lai,"Hà Nội, Việt Nam"
Kiều Thanh,Yến Vy,"Hà Nội, Việt Nam"
Kiều Thanh,Phan Anh (người dẫn chương trình),"Hà Nội, Việt Nam"
Phùng Tiến Minh,Nguyễn Thu Hà,"Hà Nội, Việt Nam"
Phùng Tiến Minh,Thanh Sơn (diễn viên),"Hà Nội, Việt Nam"
Phùng Tiến Minh,Bùi Như Lai,"Hà Nội, Việt Nam"
Phùng Tiến Minh,Yến Vy,"Hà Nội, Việt Nam"
Phùng Tiến Minh,Phan Anh (người dẫn chương trình),"Hà Nội, Việt Nam"
Nguyễn Thu Hà,Thanh Sơn (diễn viên),"Hà Nội, Việt Nam"
Nguyễn Thu Hà,Bùi Như Lai,"Hà Nội, Việt Nam"
Nguyễn Thu Hà,Yến Vy,"Hà Nội, Việt Nam"
Nguyễn Thu Hà,Phan Anh (người dẫn chương trình),"Hà Nội, Việt Nam"
Thanh Sơn (diễn viên),Bùi Như Lai,"Hà Nội, Việt Nam"
Thanh Sơn (diễn viên),Yến Vy,"Hà Nội, Việt Nam"
Thanh Sơn (diễn viên),Phan Anh (người dẫn chương trình),"Hà Nội, Việt Nam"
Minh Hằng (diễn viên),Hoàng Khải,"Hà Nội, Việt Nam Dân chủ Cộng hòa"
Minh Hằng (diễn viên),Lan Hương (diễn viên sinh 1961),"Hà Nội, Việt Nam Dân chủ Cộng hòa"
Minh Hằng (diễn viên),Nguyễn Anh Dũng (diễn viên),"Hà Nội, Việt Nam Dân chủ Cộng hòa"
Minh Hằng (diễn viên),Thanh Thanh Hiền,"Hà Nội, Việt Nam Dân chủ Cộng hòa"
Minh Hằng (diễn viên),Phạm Tuấn Quang,"Hà Nội, Việt Nam Dân chủ Cộng hòa"
Minh Hằng (diễn viên),Lê Vũ Long,"Hà Nội, Việt Nam Dân chủ Cộng hòa"
Minh Hằng (diễn viên),Duy Hậu,"Hà Nội, Việt Nam Dân chủ Cộng hòa"
Minh Hằng (diễn viên),Võ Hoài Nam,"Hà Nội, Việt Nam Dân chủ Cộng hòa"
Minh Hằng (diễn viên),Nguyễn Vĩnh Xương,"Hà Nội, Việt Nam Dân chủ Cộng hòa"
Minh Hằng (diễn viên),Kim Oanh (diễn viên),"Hà Nội, Việt Nam Dân chủ Cộng hòa"
Minh Hằng (diễn viên),Đường Minh Giang,"Hà Nội, Việt Nam Dân chủ Cộng hòa"
Minh Hằng (diễn viên),Giang Còi,"Hà Nội, Việt Nam Dân chủ Cộng hòa"
Minh Hằng (diễn viên),Trần Nữ Yên Khê,"Hà Nội, Việt Nam Dân chủ Cộng hòa"
Minh Hằng (diễn viên),Thanh Lam,"Hà Nội, Việt Nam Dân chủ Cộng hòa"
Hoàng Khải,Lan Hương (diễn viên sinh 1961),"Hà Nội, Việt Nam Dân chủ Cộng hòa"
Hoàng Khải,Nguyễn Anh Dũng (diễn viên),"Hà Nội, Việt Nam Dân chủ Cộng hòa"
Hoàng Khải,Thanh Thanh Hiền,"Hà Nội, Việt Nam Dân chủ Cộng hòa"
Hoàng Khải,Phạm Tuấn Quang,"Hà Nội, Việt Nam Dân chủ Cộng hòa"
Hoàng Khải,Lê Vũ Long,"Hà Nội, Việt Nam Dân chủ Cộng hòa"
Hoàng Khải,Duy Hậu,"Hà Nội, Việt Nam Dân chủ Cộng hòa"
Hoàng Khải,Võ Hoài Nam,"Hà Nội, Việt Nam Dân chủ Cộng hòa"
Hoàng Khải,Nguyễn Vĩnh Xương,"Hà Nội, Việt Nam Dân chủ Cộng hòa"
Hoàng Khải,Kim Oanh (diễn viên),"Hà Nội, Việt Nam Dân chủ Cộng hòa"
Hoàng Khải,Đường Minh Giang,"Hà Nội, Việt Nam Dân chủ Cộng hòa"
Hoàng Khải,Giang Còi,"Hà Nội, Việt Nam Dân chủ Cộng hòa"
Hoàng Khải,Trần Nữ Yên Khê,"Hà Nội, Việt Nam Dân chủ Cộng hòa"
Hoàng Khải,Thanh Lam,"Hà Nội, Việt Nam Dân chủ Cộng hòa"
Thanh Huyền,Phạm Bằng,"Hà Nội, Bắc Kỳ, Liên bang Đông Dương"
Lan Hương (diễn viên sinh 1961),Nguyễn Anh Dũng (diễn viên),"Hà Nội, Việt Nam Dân chủ Cộng hòa"
Lan Hương (diễn viên sinh 1961),Thanh Thanh Hiền,"Hà Nội, Việt Nam Dân chủ Cộng hòa"
Lan Hương (diễn viên sinh 1961),Phạm Tuấn Quang,"Hà Nội, Việt Nam Dân chủ Cộng hòa"
Lan Hương (diễn viên sinh 1961),Lê Vũ Long,"Hà Nội, Việt Nam Dân chủ Cộng hòa"
Lan Hương (diễn viên sinh 1961),Duy Hậu,"Hà Nội, Việt Nam Dân chủ Cộng hòa"
Lan Hương (diễn viên sinh 1961),Võ Hoài Nam,"Hà Nội, Việt Nam Dân chủ Cộng hòa"
Lan Hương (diễn viên sinh 1961),Nguyễn Vĩnh Xương,"Hà Nội, Việt Nam Dân chủ Cộng hòa"
Lan Hương (diễn viên sinh 1961),Kim Oanh (diễn viên),"Hà Nội, Việt Nam Dân chủ Cộng hòa"
Lan Hương (diễn viên sinh 1961),Đường Minh Giang,"Hà Nội, Việt Nam Dân chủ Cộng hòa"
Lan Hương (diễn viên sinh 1961),Giang Còi,"Hà Nội, Việt Nam Dân chủ Cộng hòa"
Lan Hương (diễn viên sinh 1961),Trần Nữ Yên Khê,"Hà Nội, Việt Nam Dân chủ Cộng hòa"
Lan Hương (diễn viên sinh 1961),Thanh Lam,"Hà Nội, Việt Nam Dân chủ Cộng hòa"
Nguyễn Anh Dũng (diễn viên),Thanh Thanh Hiền,"Hà Nội, Việt Nam Dân chủ Cộng hòa"
Nguyễn Anh Dũng (diễn viên),Phạm Tuấn Quang,"Hà Nội, Việt Nam Dân chủ Cộng hòa"
Nguyễn Anh Dũng (diễn viên),Lê Vũ Long,"Hà Nội, Việt Nam Dân chủ Cộng hòa"
Nguyễn Anh Dũng (diễn viên),Duy Hậu,"Hà Nội, Việt Nam Dân chủ Cộng hòa"
Nguyễn Anh Dũng (diễn viên),Võ Hoài Nam,"Hà Nội, Việt Nam Dân chủ Cộng hòa"
Nguyễn Anh Dũng (diễn viên),Nguyễn Vĩnh Xương,"Hà Nội, Việt Nam Dân chủ Cộng hòa"
Nguyễn Anh Dũng (diễn viên),Kim Oanh (diễn viên),"Hà Nội, Việt Nam Dân chủ Cộng hòa"
Nguyễn Anh Dũng (diễn viên),Đường Minh Giang,"Hà Nội, Việt Nam Dân chủ Cộng hòa"
Nguyễn Anh Dũng (diễn viên),Giang Còi,"Hà Nội, Việt Nam Dân chủ Cộng hòa"
Nguyễn Anh Dũng (diễn viên),Trần Nữ Yên Khê,"Hà Nội, Việt Nam Dân chủ Cộng hòa"
Nguyễn Anh Dũng (diễn viên),Thanh Lam,"Hà Nội, Việt Nam Dân chủ Cộng hòa"
Thanh Thanh Hiền,Phạm Tuấn Quang,"Hà Nội, Việt Nam Dân chủ Cộng hòa"
Thanh Thanh Hiền,Lê Vũ Long,"Hà Nội, Việt Nam Dân chủ Cộng hòa"
Thanh Thanh Hiền,Duy Hậu,"Hà Nội, Việt Nam Dân chủ Cộng hòa"
Thanh Thanh Hiền,Võ Hoài Nam,"Hà Nội, Việt Nam Dân chủ Cộng hòa"
Thanh Thanh Hiền,Nguyễn Vĩnh Xương,"Hà Nội, Việt Nam Dân chủ Cộng hòa"
Thanh Thanh Hiền,Kim Oanh (diễn viên),"Hà Nội, Việt Nam Dân chủ Cộng hòa"
Thanh Thanh Hiền,Đường Minh Giang,"Hà Nội, Việt Nam Dân chủ Cộng hòa"
Thanh Thanh Hiền,Giang Còi,"Hà Nội, Việt Nam Dân chủ Cộng hòa"
Thanh Thanh Hiền,Trần Nữ Yên Khê,"Hà Nội, Việt Nam Dân chủ Cộng hòa"
Thanh Thanh Hiền,Thanh Lam,"Hà Nội, Việt Nam Dân chủ Cộng hòa"
Vũ Đình Thân,Doãn Hoàng Kiên,Hà Nội
Vũ Đình Thân,Bùi Trần Tuệ Minh,Hà Nội
Vũ Đình Thân,Thanh Trang,Hà Nội
Bùi Như Lai,Yến Vy,"Hà Nội, Việt Nam"
Bùi Như Lai,Phan Anh (người dẫn chương trình),"Hà Nội, Việt Nam"
Phạm Tuấn Quang,Lê Vũ Long,"Hà Nội, Việt Nam Dân chủ Cộng hòa"
Phạm Tuấn Quang,Duy Hậu,"Hà Nội, Việt Nam Dân chủ Cộng hòa"
Phạm Tuấn Quang,Võ Hoài Nam,"Hà Nội, Việt Nam Dân chủ Cộng hòa"
Phạm Tuấn Quang,Nguyễn Vĩnh Xương,"Hà Nội, Việt Nam Dân chủ Cộng hòa"
Phạm Tuấn Quang,Kim Oanh (diễn viên),"Hà Nội, Việt Nam Dân chủ Cộng hòa"
Phạm Tuấn Quang,Đường Minh Giang,"Hà Nội, Việt Nam Dân chủ Cộng hòa"
Phạm Tuấn Quang,Giang Còi,"Hà Nội, Việt Nam Dân chủ Cộng hòa"
Phạm Tuấn Quang,Trần Nữ Yên Khê,"Hà Nội, Việt Nam Dân chủ Cộng hòa"
Phạm Tuấn Quang,Thanh Lam,"Hà Nội, Việt Nam Dân chủ Cộng hòa"
Lê Tuấn Anh (diễn viên sinh 1968),Lê Tuấn Anh (diễn viên),Miền Bắc (Việt Nam)
Yến Vy,Phan Anh (người dẫn chương trình),"Hà Nội, Việt Nam"
Doãn Hoàng Kiên,Bùi Trần Tuệ Minh,Hà Nội
Doãn Hoàng Kiên,Thanh Trang,Hà Nội
Bùi Trần Tuệ Minh,Thanh Trang,Hà Nội
Lịch Du,Ngọc Thủy,"Hưng Yên, Liên bang Đông Dương"
Lê Vũ Long,Võ Hoài Nam,"Hà Nội, Việt Nam Dân chủ Cộng hòa"
Lê Vũ Long,Duy Hậu,"Hà Nội, Việt Nam Dân chủ Cộng hòa"
Lê Vũ Long,Nguyễn Vĩnh Xương,"Hà Nội, Việt Nam Dân chủ Cộng hòa"
Lê Vũ Long,Kim Oanh (diễn viên),"Hà Nội, Việt Nam Dân chủ Cộng hòa"
Lê Vũ Long,Đường Minh Giang,"Hà Nội, Việt Nam Dân chủ Cộng hòa"
Lê Vũ Long,Giang Còi,"Hà Nội, Việt Nam Dân chủ Cộng hòa"
Lê Vũ Long,Trần Nữ Yên Khê,"Hà Nội, Việt Nam Dân chủ Cộng hòa"
Lê Vũ Long,Thanh Lam,"Hà Nội, Việt Nam Dân chủ Cộng hòa"
Duy Hậu,Võ Hoài Nam,"Hà Nội, Việt Nam Dân chủ Cộng hòa"
Duy Hậu,Nguyễn Vĩnh Xương,"Hà Nội, Việt Nam Dân chủ Cộng hòa"
Duy Hậu,Kim Oanh (diễn viên),"Hà Nội, Việt Nam Dân chủ Cộng hòa"
Duy Hậu,Đường Minh Giang,"Hà Nội, Việt Nam Dân chủ Cộng hòa"
Duy Hậu,Giang Còi,"Hà Nội, Việt Nam Dân chủ Cộng hòa"
Duy Hậu,Trần Nữ Yên Khê,"Hà Nội, Việt Nam Dân chủ Cộng hòa"
Duy Hậu,Thanh Lam,"Hà Nội, Việt Nam Dân chủ Cộng hòa"
Võ Hoài Nam,Nguyễn Vĩnh Xương,"Hà Nội, Việt Nam Dân chủ Cộng hòa"
Võ Hoài Nam,Kim Oanh (diễn viên),"Hà Nội, Việt Nam Dân chủ Cộng hòa"
Võ Hoài Nam,Đường Minh Giang,"Hà Nội, Việt Nam Dân chủ Cộng hòa"
Võ Hoài Nam,Giang Còi,"Hà Nội, Việt Nam Dân chủ Cộng hòa"
Võ Hoài Nam,Trần Nữ Yên Khê,"Hà Nội, Việt Nam Dân chủ Cộng hòa"
Võ Hoài Nam,Thanh Lam,"Hà Nội, Việt Nam Dân chủ Cộng hòa"
Nguyễn Vĩnh Xương,Kim Oanh (diễn viên),"Hà Nội, Việt Nam Dân chủ Cộng hòa"
Nguyễn Vĩnh Xương,Đường Minh Giang,"Hà Nội, Việt Nam Dân chủ Cộng hòa"
Nguyễn Vĩnh Xương,Giang Còi,"Hà Nội, Việt Nam Dân chủ Cộng hòa"
Nguyễn Vĩnh Xương,Trần Nữ Yên Khê,"Hà Nội, Việt Nam Dân chủ Cộng hòa"
Nguyễn Vĩnh Xương,Thanh Lam,"Hà Nội, Việt Nam Dân chủ Cộng hòa"
Kim Oanh (diễn viên),Đường Minh Giang,"Hà Nội, Việt Nam Dân chủ Cộng hòa"
Kim Oanh (diễn viên),Giang Còi,"Hà Nội, Việt Nam Dân chủ Cộng hòa"
Kim Oanh (diễn viên),Trần Nữ Yên Khê,"Hà Nội, Việt Nam Dân chủ Cộng hòa"
Kim Oanh (diễn viên),Thanh Lam,"Hà Nội, Việt Nam Dân chủ Cộng hòa"
Đường Minh Giang,Giang Còi,"Hà Nội, Việt Nam Dân chủ Cộng hòa"
Đường Minh Giang,Trần Nữ Yên Khê,"Hà Nội, Việt Nam Dân chủ Cộng hòa"
Đường Minh Giang,Thanh Lam,"Hà Nội, Việt Nam Dân chủ Cộng hòa"
Giang Còi,Trần Nữ Yên Khê,"Hà Nội, Việt Nam Dân chủ Cộng hòa"
Giang Còi,Thanh Lam,"Hà Nội, Việt Nam Dân chủ Cộng hòa"
Trần Nữ Yên Khê,Thanh Lam,"Hà Nội, Việt Nam Dân chủ Cộng hòa"
