person1,person2,weight,film_count,films,collaboration_types,same_school,school,same_location,location
Trấn Thành,Bảo Thy,2.3,2,Công chúa teen và ngũ hổ tướng|Gia sư nữ quái,actor-actor,False,,True,"Thành phố Hồ Chí Minh, Việt Nam"
Trấn Thành,Yến Trang,1.3,1,Công chúa teen và ngũ hổ tướng,actor-actor,False,,True,"Thành phố Hồ Chí Minh, Việt Nam"
Trấn Thành,Hoài Linh,2.0,2,Công chúa teen và ngũ hổ tướng|Gia sư nữ quái,actor-actor,False,,False,
Trấn Thành,Tấn Beo,1.3,1,Công chúa teen và ngũ hổ tướng,actor-actor,False,,True,"Thành phố Hồ Chí Minh, Việt Nam"
Trấn Thành,Chí Tài,2.0,2,Công chúa teen và ngũ hổ tướng|Gia sư nữ quái,actor-actor,False,,False,
Trấn Thành,Mạnh Tràng,1.0,1,Công chúa teen và ngũ hổ tướng,actor-actor,False,,False,
Trấn Thành,Hiếu Hiền,1.3,1,Công chúa teen và ngũ hổ tướng,actor-actor,False,,True,"Thành phố Hồ Chí Minh, Việt Nam"
Trấn Thành,Khổng Tú Quỳnh,1.3,1,Công chúa teen và ngũ hổ tướng,actor-actor,False,,True,"Thành phố Hồ Chí Minh, Việt Nam"
Trấn Thành,Hoàng Sơn (diễn viên),1.0,1,Công chúa teen và ngũ hổ tướng,actor-actor,False,,False,
Trấn Thành,Chí Thiện (ca sĩ),1.3,1,Công chúa teen và ngũ hổ tướng,actor-actor,False,,True,"Thành phố Hồ Chí Minh, Việt Nam"
Trấn Thành,Ưng Hoàng Phúc,1.0,1,Công chúa teen và ngũ hổ tướng,actor-actor,False,,False,
Trấn Thành,Đông Nhi,1.0,1,Công chúa teen và ngũ hổ tướng,actor-actor,False,,False,
Trấn Thành,Noo Phước Thịnh,1.3,1,Công chúa teen và ngũ hổ tướng,actor-actor,False,,True,"Thành phố Hồ Chí Minh, Việt Nam"
Trấn Thành,Ngô Kiến Huy,1.3,1,Công chúa teen và ngũ hổ tướng,actor-actor,False,,True,"Thành phố Hồ Chí Minh, Việt Nam"
Trấn Thành,Phước Sang,1.0,1,Công chúa teen và ngũ hổ tướng,actor-actor,False,,False,
Trấn Thành,Việt Anh (nghệ sĩ),5.0,5,Công chúa teen và ngũ hổ tướng|Bố già (phim 2021)|Nhà bà Nữ|Mai (phim)|Bộ tứ báo thủ,director-actor|actor-actor,False,,False,
Trấn Thành,Tuyết Thu,1.0,1,Công chúa teen và ngũ hổ tướng,actor-actor,False,,False,
Trấn Thành,Bảo Quốc,1.0,1,Công chúa teen và ngũ hổ tướng,actor-actor,False,,False,
Trấn Thành,hủ tiếu,1.0,1,Công chúa teen và ngũ hổ tướng,actor-actor,False,,False,
Trấn Thành,Phi Phụng,1.0,1,Công chúa teen và ngũ hổ tướng,actor-actor,False,,False,
Trấn Thành,Phương Trinh Jolie,1.0,1,Công chúa teen và ngũ hổ tướng,actor-actor,False,,False,
Trấn Thành,Tấn Bo,1.0,1,Công chúa teen và ngũ hổ tướng,actor-actor,False,,False,
Trấn Thành,Kim Ngọc (nghệ sĩ),1.0,1,Công chúa teen và ngũ hổ tướng,actor-actor,False,,False,
Trấn Thành,Isaac (ca sĩ),1.0,1,Gia sư nữ quái,actor-actor,False,,False,
Trấn Thành,Dương Cẩm Lynh,1.0,1,Gia sư nữ quái,actor-actor,False,,False,
Trấn Thành,Ninh Dương Lan Ngọc,1.8,1,Cua lại vợ bầu,actor-actor,True,Trường Đại học Sân khấu – Điện ảnh Thành phố Hồ Chí Minh,True,"Thành phố Hồ Chí Minh, Việt Nam"
Trấn Thành,Anh Tú (sinh 1993),1.5,1,Cua lại vợ bầu,actor-actor,True,Trường Đại học Sân khấu – Điện ảnh Thành phố Hồ Chí Minh,False,
Trấn Thành,Mạc Văn Khoa,1.0,1,Cua lại vợ bầu,actor-actor,False,,False,
Trấn Thành,Khả Như,3.0,3,Cua lại vợ bầu|Nhà bà Nữ|Mai (phim),actor-actor|actor-director,False,,False,
Trấn Thành,Hữu Châu,1.0,1,Cua lại vợ bầu,actor-actor,False,,False,
Trấn Thành,Lê Giang (nghệ sĩ),2.0,2,Cua lại vợ bầu|Bố già (phim 2021),actor-actor|actor-director,False,,False,
Trấn Thành,Quang Minh - Hồng Đào,1.0,1,Cua lại vợ bầu,actor-actor,False,,False,
Trấn Thành,Trung Dân,1.0,1,Cua lại vợ bầu,actor-actor,False,,False,
Trấn Thành,Hari Won,2.0,2,Cua lại vợ bầu|Bố già (phim 2021),actor-actor|actor-director,False,,False,
Trấn Thành,Thuận Hoàng,1.0,1,Cua lại vợ bầu,actor-actor,False,,False,
Trấn Thành,Hoàng Thanh Mai,1.0,1,Cua lại vợ bầu,actor-actor,False,,False,
Trấn Thành,Tuấn Trần,3.3,3,Bố già (phim 2021)|Đất rừng phương Nam (phim)|Mai (phim),director-actor|actor-actor,False,,True,"Thành phố Hồ Chí Minh, Việt Nam"
Trấn Thành,Ngân Chi,1.3,1,Bố già (phim 2021),actor-director,False,,True,"Thành phố Hồ Chí Minh, Việt Nam"
Trấn Thành,Ngọc Giàu,4.0,4,Bố già (phim 2021)|Nhà bà Nữ|Mai (phim)|Bộ tứ báo thủ,actor-director,False,,False,
Trấn Thành,Lan Phương,1.0,1,Bố già (phim 2021),actor-director,False,,False,
Trấn Thành,Nguyễn Minh Tú,1.3,1,Bố già (phim 2021),actor-director,False,,True,"Thành phố Hồ Chí Minh, Việt Nam"
Trấn Thành,Xuân Nghị,1.0,1,Bố già (phim 2021),director-actor,False,,False,
Trấn Thành,Mai Trần,1.0,1,Bố già (phim 2021),actor-director,False,,False,
Trấn Thành,Trúc Nhân,1.0,1,Bố già (phim 2021),actor-director,False,,False,
Trấn Thành,Lê Dương Bảo Lâm,3.5,3,Bố già (phim 2021)|Nhà bà Nữ|Bộ tứ báo thủ,actor-director,True,Trường Đại học Sân khấu – Điện ảnh Thành phố Hồ Chí Minh,False,
Trấn Thành,Diệu Nhi,1.0,1,Bố già (phim 2021),actor-director,False,,False,
Trấn Thành,Bà Tân Vlog,1.0,1,Bố già (phim 2021),actor-director,False,,False,
Trấn Thành,Vũ Ngọc Đãng,1.0,1,Bố già (phim 2021),director-director,False,,False,
Trấn Thành,Lê Giang,2.0,2,Nhà bà Nữ|Bộ tứ báo thủ,actor-director,False,,False,
Trấn Thành,Uyển Ân,3.3,3,Nhà bà Nữ|Mai (phim)|Bộ tứ báo thủ,director-actor,False,,True,"Thành phố Hồ Chí Minh, Việt Nam"
Trấn Thành,Song Luân,1.0,1,Nhà bà Nữ,actor-director,False,,False,
Trấn Thành,Công Ninh,2.0,2,Nhà bà Nữ|Đất rừng phương Nam (phim),actor-actor|actor-director,False,,False,
Trấn Thành,Ngân Quỳnh,1.0,1,Nhà bà Nữ,actor-director,False,,False,
Trấn Thành,Băng Di,1.3,1,Đất rừng phương Nam (phim),actor-actor,False,,True,"Thành phố Hồ Chí Minh, Việt Nam"
Trấn Thành,bác Ba Phi,1.0,1,Đất rừng phương Nam (phim),actor-actor,False,,False,
Trấn Thành,nói dối,1.0,1,Đất rừng phương Nam (phim),actor-actor,False,,False,
Trấn Thành,Hứa Vĩ Văn,1.3,1,Đất rừng phương Nam (phim),actor-actor,False,,True,"Thành phố Hồ Chí Minh, Việt Nam"
Trấn Thành,Mai Tài Phến,1.0,1,Đất rừng phương Nam (phim),actor-actor,False,,False,
Trấn Thành,Huỳnh Đông,1.3,1,Đất rừng phương Nam (phim),actor-actor,False,,True,"Thành phố Hồ Chí Minh, Việt Nam"
Trấn Thành,Hồng Ánh,1.0,1,Đất rừng phương Nam (phim),actor-actor,False,,False,
Trấn Thành,Nguyễn Quang Dũng (đạo diễn),1.0,1,Đất rừng phương Nam (phim),director-actor,False,,False,
Trấn Thành,Phương Anh Đào,1.5,1,Mai (phim),actor-director,True,Trường Đại học Sân khấu – Điện ảnh Thành phố Hồ Chí Minh,False,
Trấn Thành,Hồng Đào (diễn viên),1.0,1,Mai (phim),actor-director,False,,False,
Trấn Thành,Trần Tiểu Vy,2.0,2,Mai (phim)|Bộ tứ báo thủ,director-actor,False,,False,
Trấn Thành,Thanh Hằng (nghệ sĩ cải lương),1.0,1,Mai (phim),actor-director,False,,False,
Trấn Thành,Nguyễn Cao Kỳ Duyên (người mẫu),1.0,1,Bộ tứ báo thủ,actor-director,False,,False,
Trấn Thành,Quân A.P,1.0,1,Bộ tứ báo thủ,actor-director,False,,False,
Trấn Thành,Kiều Minh Tuấn,0.3,0,,,False,,True,"Thành phố Hồ Chí Minh, Việt Nam"
Trấn Thành,Kaity Nguyễn,0.3,0,,,False,,True,"Thành phố Hồ Chí Minh, Việt Nam"
Trấn Thành,Quốc Huy (diễn viên),0.5,0,,,True,Trường Đại học Sân khấu – Điện ảnh Thành phố Hồ Chí Minh,False,
Trấn Thành,Ngọc Diệp,0.3,0,,,False,,True,"Thành phố Hồ Chí Minh, Việt Nam"
Trấn Thành,Thu Trang,0.3,0,,,False,,True,"Thành phố Hồ Chí Minh, Việt Nam"
Trấn Thành,Võ Ngọc Trai,0.3,0,,,False,,True,"Thành phố Hồ Chí Minh, Việt Nam"
Trấn Thành,Jun Phạm,0.3,0,,,False,,True,"Thành phố Hồ Chí Minh, Việt Nam"
Trấn Thành,Diễm My 9x,0.3,0,,,False,,True,"Thành phố Hồ Chí Minh, Việt Nam"
Trấn Thành,Oanh Kiều,0.5,0,,,True,Trường Đại học Sân khấu – Điện ảnh Thành phố Hồ Chí Minh,False,
Trấn Thành,Nguyễn Thắng,0.3,0,,,False,,True,"Thành phố Hồ Chí Minh, Việt Nam"
Trấn Thành,Khả Ngân,0.3,0,,,False,,True,"Thành phố Hồ Chí Minh, Việt Nam"
Trấn Thành,Tóc Tiên (ca sĩ),0.3,0,,,False,,True,"Thành phố Hồ Chí Minh, Việt Nam"
Trấn Thành,Lâm Vỹ Dạ,0.5,0,,,True,Trường Đại học Sân khấu – Điện ảnh Thành phố Hồ Chí Minh,False,
Trấn Thành,Nguyễn Thúc Thùy Tiên,0.3,0,,,False,,True,"Thành phố Hồ Chí Minh, Việt Nam"
Trấn Thành,Don Nguyễn,0.3,0,,,False,,True,"Thành phố Hồ Chí Minh, Việt Nam"
Trấn Thành,Nhã Phương (diễn viên),0.5,0,,,True,Trường Đại học Sân khấu – Điện ảnh Thành phố Hồ Chí Minh,False,
Trấn Thành,Huy Khánh,0.8,0,,,True,Trường Đại học Sân khấu – Điện ảnh Thành phố Hồ Chí Minh,True,"Thành phố Hồ Chí Minh, Việt Nam"
Trấn Thành,Đinh Ngọc Diệp,0.3,0,,,False,,True,"Thành phố Hồ Chí Minh, Việt Nam"
Trấn Thành,Đại Nghĩa (diễn viên),0.3,0,,,False,,True,"Thành phố Hồ Chí Minh, Việt Nam"
Trấn Thành,Midu,0.3,0,,,False,,True,"Thành phố Hồ Chí Minh, Việt Nam"
Trấn Thành,Tú Vi,0.3,0,,,False,,True,"Thành phố Hồ Chí Minh, Việt Nam"
Trấn Thành,Ái Phương,0.3,0,,,False,,True,"Thành phố Hồ Chí Minh, Việt Nam"
Trấn Thành,Anh Thư,0.3,0,,,False,,True,"Thành phố Hồ Chí Minh, Việt Nam"
Trấn Thành,Đan Trường,0.3,0,,,False,,True,"Thành phố Hồ Chí Minh, Việt Nam"
Trấn Thành,Wanbi Tuấn Anh,0.3,0,,,False,,True,"Thành phố Hồ Chí Minh, Việt Nam"
Trấn Thành,Elly Trần,0.3,0,,,False,,True,"Thành phố Hồ Chí Minh, Việt Nam"
Trấn Thành,Tim (ca sĩ),0.3,0,,,False,,True,"Thành phố Hồ Chí Minh, Việt Nam"
Trấn Thành,Việt Hương,0.3,0,,,False,,True,"Thành phố Hồ Chí Minh, Việt Nam"
Trấn Thành,Bảo Anh (ca sĩ),0.3,0,,,False,,True,"Thành phố Hồ Chí Minh, Việt Nam"
Trấn Thành,Thanh Trúc,0.3,0,,,False,,True,"Thành phố Hồ Chí Minh, Việt Nam"
Trấn Thành,Khánh Phương,0.3,0,,,False,,True,"Thành phố Hồ Chí Minh, Việt Nam"
Trấn Thành,Minh Hằng,0.3,0,,,False,,True,"Thành phố Hồ Chí Minh, Việt Nam"
Trấn Thành,Chí Thiện (sinh năm 1988),0.3,0,,,False,,True,"Thành phố Hồ Chí Minh, Việt Nam"
Trấn Thành,Tường Vi (diễn viên),0.3,0,,,False,,True,"Thành phố Hồ Chí Minh, Việt Nam"
Trấn Thành,Duy Khánh (diễn viên),0.3,0,,,False,,True,"Thành phố Hồ Chí Minh, Việt Nam"
Trấn Thành,Đàm Phương Linh,0.3,0,,,False,,True,"Thành phố Hồ Chí Minh, Việt Nam"
Trấn Thành,Thảo Trang,0.3,0,,,False,,True,"Thành phố Hồ Chí Minh, Việt Nam"
Trấn Thành,Uyên Linh,0.3,0,,,False,,True,"Thành phố Hồ Chí Minh, Việt Nam"
Trấn Thành,Võ Thành Tâm,0.3,0,,,False,,True,"Thành phố Hồ Chí Minh, Việt Nam"
Trấn Thành,Diễm My (diễn viên),0.3,0,,,False,,True,"Thành phố Hồ Chí Minh, Việt Nam"
Trấn Thành,Quang Tuấn,0.3,0,,,False,,True,"Thành phố Hồ Chí Minh, Việt Nam"
Trấn Thành,Quỳnh Lam,0.5,0,,,True,Trường Đại học Sân khấu – Điện ảnh Thành phố Hồ Chí Minh,False,
Trấn Thành,Lương Bích Hữu,0.3,0,,,False,,True,"Thành phố Hồ Chí Minh, Việt Nam"
Trấn Thành,Lê Công Hoàng (diễn viên),0.3,0,,,False,,True,"Thành phố Hồ Chí Minh, Việt Nam"
Trấn Thành,Lê Phương,0.5,0,,,True,Trường Đại học Sân khấu – Điện ảnh Thành phố Hồ Chí Minh,False,
Trấn Thành,Suboi,0.3,0,,,False,,True,"Thành phố Hồ Chí Minh, Việt Nam"
Trấn Thành,Hồ Vĩnh Khoa,0.3,0,,,False,,True,"Thành phố Hồ Chí Minh, Việt Nam"
Trấn Thành,Thanh Thúy (diễn viên sinh 1982),0.3,0,,,False,,True,"Thành phố Hồ Chí Minh, Việt Nam"
Trấn Thành,Angela Phương Trinh,0.3,0,,,False,,True,"Thành phố Hồ Chí Minh, Việt Nam"
Trấn Thành,Thanh Thúy (sinh 1982),0.3,0,,,False,,True,"Thành phố Hồ Chí Minh, Việt Nam"
Trấn Thành,Rocker Nguyen,0.3,0,,,False,,True,"Thành phố Hồ Chí Minh, Việt Nam"
Ninh Dương Lan Ngọc,Anh Tú (sinh 1993),1.5,1,Cua lại vợ bầu,actor-actor,True,Trường Đại học Sân khấu – Điện ảnh Thành phố Hồ Chí Minh,False,
Ninh Dương Lan Ngọc,Mạc Văn Khoa,1.0,1,Cua lại vợ bầu,actor-actor,False,,False,
Ninh Dương Lan Ngọc,Khả Như,1.0,1,Cua lại vợ bầu,actor-actor,False,,False,
Ninh Dương Lan Ngọc,Hữu Châu,3.0,3,Cua lại vợ bầu|Tèo em|Tấm Cám: Chuyện chưa kể,actor-actor,False,,False,
Ninh Dương Lan Ngọc,Lê Giang (nghệ sĩ),1.0,1,Cua lại vợ bầu,actor-actor,False,,False,
Ninh Dương Lan Ngọc,Quang Minh - Hồng Đào,1.0,1,Cua lại vợ bầu,actor-actor,False,,False,
Ninh Dương Lan Ngọc,Trung Dân,1.0,1,Cua lại vợ bầu,actor-actor,False,,False,
Ninh Dương Lan Ngọc,Hari Won,1.0,1,Cua lại vợ bầu,actor-actor,False,,False,
Ninh Dương Lan Ngọc,Thuận Hoàng,1.0,1,Cua lại vợ bầu,actor-actor,False,,False,
Ninh Dương Lan Ngọc,Hoàng Thanh Mai,1.0,1,Cua lại vợ bầu,actor-actor,False,,False,
Ninh Dương Lan Ngọc,Thái Hòa (diễn viên),2.0,2,Long Ruồi|Tèo em,actor-actor,False,,False,
Ninh Dương Lan Ngọc,Tinna Tình,1.0,1,Long Ruồi,actor-actor,False,,False,
Ninh Dương Lan Ngọc,Phi Thanh Vân,2.0,2,Long Ruồi|Trúng số (phim 2015),actor-actor,False,,False,
Ninh Dương Lan Ngọc,Khương Ngọc,1.0,1,Long Ruồi,actor-actor,False,,False,
Ninh Dương Lan Ngọc,Hiếu Hiền,2.3,2,Long Ruồi|Tấm Cám: Chuyện chưa kể,actor-actor,False,,True,"Thành phố Hồ Chí Minh, Việt Nam"
Ninh Dương Lan Ngọc,Mai Thành,1.0,1,Long Ruồi,actor-actor,False,,False,
Ninh Dương Lan Ngọc,Nguyễn Hậu,2.0,2,Long Ruồi|Tèo em,actor-actor,False,,False,
Ninh Dương Lan Ngọc,Quốc Huy (diễn viên),1.5,1,Long Ruồi,actor-actor,True,Trường Đại học Sân khấu – Điện ảnh Thành phố Hồ Chí Minh,False,
Ninh Dương Lan Ngọc,Jayvee Mai Thế Hiệp,1.0,1,Long Ruồi,actor-actor,False,,False,
Ninh Dương Lan Ngọc,Thanh Bùi,1.0,1,Long Ruồi,actor-actor,False,,False,
Ninh Dương Lan Ngọc,Johnny Trí Nguyễn,1.0,1,Tèo em,actor-actor,False,,False,
Ninh Dương Lan Ngọc,Yaya Trương Nhi,1.0,1,Tèo em,actor-actor,False,,False,
Ninh Dương Lan Ngọc,Thân Thúy Hà,1.0,1,Tèo em,actor-actor,False,,False,
Ninh Dương Lan Ngọc,Phương Trinh Jolie,1.0,1,Tèo em,actor-actor,False,,False,
Ninh Dương Lan Ngọc,Ngọc Diệp,1.3,1,Tèo em,actor-actor,False,,True,"Thành phố Hồ Chí Minh, Việt Nam"
Ninh Dương Lan Ngọc,Mai Thế Hiệp,2.0,2,Tèo em|Trúng số (phim 2015),actor-actor,False,,False,
Ninh Dương Lan Ngọc,Chí Tài,1.0,1,Trúng số (phim 2015),actor-actor,False,,False,
Ninh Dương Lan Ngọc,Dustin Nguyễn,1.0,1,Trúng số (phim 2015),actor-actor,False,,False,
Ninh Dương Lan Ngọc,Thu Trang,1.3,1,Trúng số (phim 2015),actor-actor,False,,True,"Thành phố Hồ Chí Minh, Việt Nam"
Ninh Dương Lan Ngọc,Kim Xuân,1.0,1,Trúng số (phim 2015),actor-actor,False,,False,
Ninh Dương Lan Ngọc,Thụy Mười,1.0,1,Trúng số (phim 2015),actor-actor,False,,False,
Ninh Dương Lan Ngọc,Isaac (ca sĩ),1.0,1,Tấm Cám: Chuyện chưa kể,actor-actor,False,,False,
Ninh Dương Lan Ngọc,Ngô Thanh Vân,2.0,2,Tấm Cám: Chuyện chưa kể|Cô Ba Sài Gòn,director-actor|actor-actor,False,,False,
Ninh Dương Lan Ngọc,365daband,1.0,1,Tấm Cám: Chuyện chưa kể,actor-actor,False,,False,
Ninh Dương Lan Ngọc,Võ Ngọc Trai,1.3,1,Tấm Cám: Chuyện chưa kể,actor-actor,False,,True,"Thành phố Hồ Chí Minh, Việt Nam"
Ninh Dương Lan Ngọc,S.T Sơn Thạch,2.0,2,Tấm Cám: Chuyện chưa kể|Cô Ba Sài Gòn,actor-actor,False,,False,
Ninh Dương Lan Ngọc,Jun Phạm,1.3,1,Tấm Cám: Chuyện chưa kể,actor-actor,False,,True,"Thành phố Hồ Chí Minh, Việt Nam"
Ninh Dương Lan Ngọc,Thành Lộc,1.0,1,Tấm Cám: Chuyện chưa kể,actor-actor,False,,False,
Ninh Dương Lan Ngọc,Ngọc Giàu,1.0,1,Tấm Cám: Chuyện chưa kể,actor-actor,False,,False,
Ninh Dương Lan Ngọc,Hồng Vân (diễn viên),2.0,2,Cô Ba Sài Gòn|Gái già lắm chiêu 3,actor-actor,False,,False,
Ninh Dương Lan Ngọc,Diễm My 9x,1.3,1,Cô Ba Sài Gòn,actor-actor,False,,True,"Thành phố Hồ Chí Minh, Việt Nam"
Ninh Dương Lan Ngọc,Diễm My,1.0,1,Cô Ba Sài Gòn,actor-actor,False,,False,
Ninh Dương Lan Ngọc,Oanh Kiều,1.5,1,Cô Ba Sài Gòn,actor-actor,True,Trường Đại học Sân khấu – Điện ảnh Thành phố Hồ Chí Minh,False,
Ninh Dương Lan Ngọc,Vũ Hà Anh,1.0,1,Cô Ba Sài Gòn,actor-actor,False,,False,
Ninh Dương Lan Ngọc,Đông Nhi,1.0,1,Cô Ba Sài Gòn,actor-actor,False,,False,
Ninh Dương Lan Ngọc,Lê Khanh,1.0,1,Gái già lắm chiêu 3,actor-actor,False,,False,
Ninh Dương Lan Ngọc,Lê Xuân Tiền,1.0,1,Gái già lắm chiêu 3,actor-actor,False,,False,
Ninh Dương Lan Ngọc,Jun Vũ,1.0,1,Gái già lắm chiêu 3,actor-actor,False,,False,
Ninh Dương Lan Ngọc,Bình An (diễn viên),1.0,1,Gái già lắm chiêu 3,actor-actor,False,,False,
Ninh Dương Lan Ngọc,Kiều Minh Tuấn,0.3,0,,,False,,True,"Thành phố Hồ Chí Minh, Việt Nam"
Ninh Dương Lan Ngọc,Kaity Nguyễn,0.3,0,,,False,,True,"Thành phố Hồ Chí Minh, Việt Nam"
Ninh Dương Lan Ngọc,Bảo Thy,0.3,0,,,False,,True,"Thành phố Hồ Chí Minh, Việt Nam"
Ninh Dương Lan Ngọc,Yến Trang,0.3,0,,,False,,True,"Thành phố Hồ Chí Minh, Việt Nam"
Ninh Dương Lan Ngọc,Tấn Beo,0.3,0,,,False,,True,"Thành phố Hồ Chí Minh, Việt Nam"
Ninh Dương Lan Ngọc,Khổng Tú Quỳnh,0.3,0,,,False,,True,"Thành phố Hồ Chí Minh, Việt Nam"
Ninh Dương Lan Ngọc,Chí Thiện (ca sĩ),0.3,0,,,False,,True,"Thành phố Hồ Chí Minh, Việt Nam"
Ninh Dương Lan Ngọc,Noo Phước Thịnh,0.3,0,,,False,,True,"Thành phố Hồ Chí Minh, Việt Nam"
Ninh Dương Lan Ngọc,Ngô Kiến Huy,0.3,0,,,False,,True,"Thành phố Hồ Chí Minh, Việt Nam"
Ninh Dương Lan Ngọc,Tuấn Trần,0.3,0,,,False,,True,"Thành phố Hồ Chí Minh, Việt Nam"
Ninh Dương Lan Ngọc,Ngân Chi,0.3,0,,,False,,True,"Thành phố Hồ Chí Minh, Việt Nam"
Ninh Dương Lan Ngọc,Nguyễn Minh Tú,0.3,0,,,False,,True,"Thành phố Hồ Chí Minh, Việt Nam"
Ninh Dương Lan Ngọc,Lê Dương Bảo Lâm,0.5,0,,,True,Trường Đại học Sân khấu – Điện ảnh Thành phố Hồ Chí Minh,False,
Ninh Dương Lan Ngọc,Uyển Ân,0.3,0,,,False,,True,"Thành phố Hồ Chí Minh, Việt Nam"
Ninh Dương Lan Ngọc,Băng Di,0.3,0,,,False,,True,"Thành phố Hồ Chí Minh, Việt Nam"
Ninh Dương Lan Ngọc,Hứa Vĩ Văn,0.3,0,,,False,,True,"Thành phố Hồ Chí Minh, Việt Nam"
Ninh Dương Lan Ngọc,Huỳnh Đông,0.3,0,,,False,,True,"Thành phố Hồ Chí Minh, Việt Nam"
Ninh Dương Lan Ngọc,Phương Anh Đào,0.5,0,,,True,Trường Đại học Sân khấu – Điện ảnh Thành phố Hồ Chí Minh,False,
Ninh Dương Lan Ngọc,Nguyễn Thắng,0.3,0,,,False,,True,"Thành phố Hồ Chí Minh, Việt Nam"
Ninh Dương Lan Ngọc,Khả Ngân,0.3,0,,,False,,True,"Thành phố Hồ Chí Minh, Việt Nam"
Ninh Dương Lan Ngọc,Tóc Tiên (ca sĩ),0.3,0,,,False,,True,"Thành phố Hồ Chí Minh, Việt Nam"
Ninh Dương Lan Ngọc,Lâm Vỹ Dạ,0.5,0,,,True,Trường Đại học Sân khấu – Điện ảnh Thành phố Hồ Chí Minh,False,
Ninh Dương Lan Ngọc,Nguyễn Thúc Thùy Tiên,0.3,0,,,False,,True,"Thành phố Hồ Chí Minh, Việt Nam"
Ninh Dương Lan Ngọc,Don Nguyễn,0.3,0,,,False,,True,"Thành phố Hồ Chí Minh, Việt Nam"
Ninh Dương Lan Ngọc,Nhã Phương (diễn viên),0.5,0,,,True,Trường Đại học Sân khấu – Điện ảnh Thành phố Hồ Chí Minh,False,
Ninh Dương Lan Ngọc,Huy Khánh,0.8,0,,,True,Trường Đại học Sân khấu – Điện ảnh Thành phố Hồ Chí Minh,True,"Thành phố Hồ Chí Minh, Việt Nam"
Ninh Dương Lan Ngọc,Đinh Ngọc Diệp,0.3,0,,,False,,True,"Thành phố Hồ Chí Minh, Việt Nam"
Ninh Dương Lan Ngọc,Đại Nghĩa (diễn viên),0.3,0,,,False,,True,"Thành phố Hồ Chí Minh, Việt Nam"
Ninh Dương Lan Ngọc,Midu,0.3,0,,,False,,True,"Thành phố Hồ Chí Minh, Việt Nam"
Ninh Dương Lan Ngọc,Tú Vi,0.3,0,,,False,,True,"Thành phố Hồ Chí Minh, Việt Nam"
Ninh Dương Lan Ngọc,Ái Phương,0.3,0,,,False,,True,"Thành phố Hồ Chí Minh, Việt Nam"
Ninh Dương Lan Ngọc,Anh Thư,0.3,0,,,False,,True,"Thành phố Hồ Chí Minh, Việt Nam"
Ninh Dương Lan Ngọc,Đan Trường,0.3,0,,,False,,True,"Thành phố Hồ Chí Minh, Việt Nam"
Ninh Dương Lan Ngọc,Wanbi Tuấn Anh,0.3,0,,,False,,True,"Thành phố Hồ Chí Minh, Việt Nam"
Ninh Dương Lan Ngọc,Elly Trần,0.3,0,,,False,,True,"Thành phố Hồ Chí Minh, Việt Nam"
Ninh Dương Lan Ngọc,Tim (ca sĩ),0.3,0,,,False,,True,"Thành phố Hồ Chí Minh, Việt Nam"
Ninh Dương Lan Ngọc,Việt Hương,0.3,0,,,False,,True,"Thành phố Hồ Chí Minh, Việt Nam"
Ninh Dương Lan Ngọc,Bảo Anh (ca sĩ),0.3,0,,,False,,True,"Thành phố Hồ Chí Minh, Việt Nam"
Ninh Dương Lan Ngọc,Thanh Trúc,0.3,0,,,False,,True,"Thành phố Hồ Chí Minh, Việt Nam"
Ninh Dương Lan Ngọc,Khánh Phương,0.3,0,,,False,,True,"Thành phố Hồ Chí Minh, Việt Nam"
Ninh Dương Lan Ngọc,Minh Hằng,0.3,0,,,False,,True,"Thành phố Hồ Chí Minh, Việt Nam"
Ninh Dương Lan Ngọc,Chí Thiện (sinh năm 1988),0.3,0,,,False,,True,"Thành phố Hồ Chí Minh, Việt Nam"
Ninh Dương Lan Ngọc,Tường Vi (diễn viên),0.3,0,,,False,,True,"Thành phố Hồ Chí Minh, Việt Nam"
Ninh Dương Lan Ngọc,Duy Khánh (diễn viên),0.3,0,,,False,,True,"Thành phố Hồ Chí Minh, Việt Nam"
Ninh Dương Lan Ngọc,Đàm Phương Linh,0.3,0,,,False,,True,"Thành phố Hồ Chí Minh, Việt Nam"
Ninh Dương Lan Ngọc,Thảo Trang,0.3,0,,,False,,True,"Thành phố Hồ Chí Minh, Việt Nam"
Ninh Dương Lan Ngọc,Uyên Linh,0.3,0,,,False,,True,"Thành phố Hồ Chí Minh, Việt Nam"
Ninh Dương Lan Ngọc,Võ Thành Tâm,0.3,0,,,False,,True,"Thành phố Hồ Chí Minh, Việt Nam"
Ninh Dương Lan Ngọc,Diễm My (diễn viên),0.3,0,,,False,,True,"Thành phố Hồ Chí Minh, Việt Nam"
Ninh Dương Lan Ngọc,Quang Tuấn,0.3,0,,,False,,True,"Thành phố Hồ Chí Minh, Việt Nam"
Ninh Dương Lan Ngọc,Quỳnh Lam,0.5,0,,,True,Trường Đại học Sân khấu – Điện ảnh Thành phố Hồ Chí Minh,False,
Ninh Dương Lan Ngọc,Lương Bích Hữu,0.3,0,,,False,,True,"Thành phố Hồ Chí Minh, Việt Nam"
Ninh Dương Lan Ngọc,Lê Công Hoàng (diễn viên),0.3,0,,,False,,True,"Thành phố Hồ Chí Minh, Việt Nam"
Ninh Dương Lan Ngọc,Lê Phương,0.5,0,,,True,Trường Đại học Sân khấu – Điện ảnh Thành phố Hồ Chí Minh,False,
Ninh Dương Lan Ngọc,Suboi,0.3,0,,,False,,True,"Thành phố Hồ Chí Minh, Việt Nam"
Ninh Dương Lan Ngọc,Hồ Vĩnh Khoa,0.3,0,,,False,,True,"Thành phố Hồ Chí Minh, Việt Nam"
Ninh Dương Lan Ngọc,Thanh Thúy (diễn viên sinh 1982),0.3,0,,,False,,True,"Thành phố Hồ Chí Minh, Việt Nam"
Ninh Dương Lan Ngọc,Angela Phương Trinh,0.3,0,,,False,,True,"Thành phố Hồ Chí Minh, Việt Nam"
Ninh Dương Lan Ngọc,Thanh Thúy (sinh 1982),0.3,0,,,False,,True,"Thành phố Hồ Chí Minh, Việt Nam"
Ninh Dương Lan Ngọc,Rocker Nguyen,0.3,0,,,False,,True,"Thành phố Hồ Chí Minh, Việt Nam"
Ngô Thanh Vân,Isaac (ca sĩ),1.0,1,Tấm Cám: Chuyện chưa kể,actor-director,False,,False,
Ngô Thanh Vân,Hữu Châu,2.0,2,Tấm Cám: Chuyện chưa kể|Về quê ăn Tết,actor-actor|actor-director,False,,False,
Ngô Thanh Vân,365daband,1.0,1,Tấm Cám: Chuyện chưa kể,actor-director,False,,False,
Ngô Thanh Vân,Võ Ngọc Trai,1.0,1,Tấm Cám: Chuyện chưa kể,director-actor,False,,False,
Ngô Thanh Vân,S.T Sơn Thạch,2.0,2,Tấm Cám: Chuyện chưa kể|Cô Ba Sài Gòn,director-actor|actor-actor,False,,False,
Ngô Thanh Vân,Jun Phạm,2.0,2,Tấm Cám: Chuyện chưa kể|Về quê ăn Tết,actor-actor|actor-director,False,,False,
Ngô Thanh Vân,Thành Lộc,1.0,1,Tấm Cám: Chuyện chưa kể,director-actor,False,,False,
Ngô Thanh Vân,Ngọc Giàu,1.0,1,Tấm Cám: Chuyện chưa kể,director-actor,False,,False,
Ngô Thanh Vân,Hiếu Hiền,3.0,3,Tấm Cám: Chuyện chưa kể|Bẫy rồng|Lửa Phật,actor-actor|actor-director,False,,False,
Ngô Thanh Vân,Hồng Vân (diễn viên),3.0,3,Cô Ba Sài Gòn|Thanh Sói – Cúc dại trong đêm|Thanh Sói - Cúc dại trong đêm,actor-actor|actor-director,False,,False,
Ngô Thanh Vân,Diễm My 9x,1.0,1,Cô Ba Sài Gòn,actor-actor,False,,False,
Ngô Thanh Vân,Diễm My,1.0,1,Cô Ba Sài Gòn,actor-actor,False,,False,
Ngô Thanh Vân,Oanh Kiều,2.0,2,Cô Ba Sài Gòn|Về quê ăn Tết,actor-actor,False,,False,
Ngô Thanh Vân,Vũ Hà Anh,1.0,1,Cô Ba Sài Gòn,actor-actor,False,,False,
Ngô Thanh Vân,Đông Nhi,1.0,1,Cô Ba Sài Gòn,actor-actor,False,,False,
Ngô Thanh Vân,Johnny Trí Nguyễn,2.0,2,Dòng máu anh hùng|Bẫy rồng,actor-actor,False,,False,
Ngô Thanh Vân,Đế quốc thực dân Pháp,1.0,1,Dòng máu anh hùng,actor-actor,False,,False,
Ngô Thanh Vân,Dustin Nguyễn,2.0,2,Dòng máu anh hùng|Lửa Phật,actor-actor,False,,False,
Ngô Thanh Vân,gái mại dâm,1.0,1,Dòng máu anh hùng,actor-actor,False,,False,
Ngô Thanh Vân,Nguyễn Chánh Tín,1.0,1,Dòng máu anh hùng,actor-actor,False,,False,
Ngô Thanh Vân,Nguyễn Văn Đây,1.0,1,Dòng máu anh hùng,actor-actor,False,,False,
Ngô Thanh Vân,Nguyễn Thắng,1.0,1,Dòng máu anh hùng,actor-actor,False,,False,
Ngô Thanh Vân,Stephane Gauger,1.0,1,Dòng máu anh hùng,actor-actor,False,,False,
Ngô Thanh Vân,David Minetti,1.0,1,Dòng máu anh hùng,actor-actor,False,,False,
Ngô Thanh Vân,Nguyễn Hậu,3.0,3,Dòng máu anh hùng|Bẫy rồng|Lửa Phật,actor-actor,False,,False,
Ngô Thanh Vân,Quốc Cường,1.0,1,Dòng máu anh hùng,actor-actor,False,,False,
Ngô Thanh Vân,Charlie Nguyễn,1.0,1,Dòng máu anh hùng,director-actor,False,,False,
Ngô Thanh Vân,Hoàng Phúc (diễn viên),1.0,1,Bẫy rồng,actor-actor,False,,False,
Ngô Thanh Vân,Lâm Minh Thắng,1.0,1,Bẫy rồng,actor-actor,False,,False,
Ngô Thanh Vân,Trần Bảo Sơn,1.0,1,Ngôi nhà trong hẻm,actor-actor,False,,False,
Ngô Thanh Vân,Phan Thị Mơ,1.0,1,Ngôi nhà trong hẻm,actor-actor,False,,False,
Ngô Thanh Vân,Thái Hòa (diễn viên),1.0,1,Lửa Phật,actor-actor,False,,False,
Ngô Thanh Vân,Ngọc Diệp,1.0,1,Lửa Phật,actor-actor,False,,False,
Ngô Thanh Vân,Xuân Phát,1.0,1,Lửa Phật,actor-actor,False,,False,
Ngô Thanh Vân,Phi Thanh Vân,1.0,1,Lửa Phật,actor-actor,False,,False,
Ngô Thanh Vân,Bùi Văn Hải,1.0,1,Lửa Phật,actor-actor,False,,False,
Ngô Thanh Vân,Kiều Mai Lý,1.0,1,Lửa Phật,actor-actor,False,,False,
Ngô Thanh Vân,Trung Dân,1.0,1,Về quê ăn Tết,actor-actor,False,,False,
Ngô Thanh Vân,Việt Anh (nghệ sĩ),1.0,1,Về quê ăn Tết,actor-actor,False,,False,
Ngô Thanh Vân,Phi Phụng,1.0,1,Về quê ăn Tết,actor-actor,False,,False,
Ngô Thanh Vân,Will,1.0,1,Về quê ăn Tết,actor-actor,False,,False,
Ngô Thanh Vân,Chí Tâm,1.0,1,Về quê ăn Tết,actor-actor,False,,False,
Ngô Thanh Vân,Xuân Lan,1.0,1,Về quê ăn Tết,actor-actor,False,,False,
Ngô Thanh Vân,Ngân Quỳnh,1.0,1,Về quê ăn Tết,actor-actor,False,,False,
Ngô Thanh Vân,Tiểu Bảo Quốc,1.0,1,Về quê ăn Tết,actor-actor,False,,False,
Ngô Thanh Vân,Đồng bằng sông Cửu Long,1.0,1,Hai Phượng,actor-actor,False,,False,
Ngô Thanh Vân,Khả Ngân,1.0,1,Hai Phượng,actor-actor,False,,False,
Ngô Thanh Vân,Phan Thanh Nhiên,1.0,1,Hai Phượng,actor-actor,False,,False,
Ngô Thanh Vân,Phạm Anh Khoa,1.0,1,Hai Phượng,actor-actor,False,,False,
Ngô Thanh Vân,Yaya Trương Nhi,1.0,1,Hai Phượng,actor-actor,False,,False,
Ngô Thanh Vân,Lê Bình (diễn viên),1.0,1,Hai Phượng,actor-actor,False,,False,
Ngô Thanh Vân,Đồng Ánh Quỳnh,2.0,2,Thanh Sói – Cúc dại trong đêm|Thanh Sói - Cúc dại trong đêm,director-actor,False,,False,
Ngô Thanh Vân,Tóc Tiên (ca sĩ),2.0,2,Thanh Sói – Cúc dại trong đêm|Thanh Sói - Cúc dại trong đêm,director-actor,False,,False,
Ngô Thanh Vân,Rima Thanh Vy,2.0,2,Thanh Sói – Cúc dại trong đêm|Thanh Sói - Cúc dại trong đêm,director-actor,False,,False,
Ngô Thanh Vân,Thuận Nguyễn,2.0,2,Thanh Sói – Cúc dại trong đêm|Thanh Sói - Cúc dại trong đêm,director-actor,False,,False,
Ngô Thanh Vân,Song Luân,2.0,2,Thanh Sói – Cúc dại trong đêm|Thanh Sói - Cúc dại trong đêm,director-actor,False,,False,
Ngô Thanh Vân,Gi A Nguyễn,2.0,2,Thanh Sói – Cúc dại trong đêm|Thanh Sói - Cúc dại trong đêm,actor-director,False,,False,
Ngô Thanh Vân,Phan Thanh Hiền,2.0,2,Thanh Sói – Cúc dại trong đêm|Thanh Sói - Cúc dại trong đêm,director-actor,False,,False,
Hồng Đào,Hồng Đào (diễn viên),0.3,0,,,False,,True,"Buôn Ma Thuột, Đắk Lắk, Việt Nam Cộng hòa"
Kiều Minh Tuấn,Kaity Nguyễn,2.3,2,Em chưa 18|Tiệc trăng máu,actor-actor,False,,True,"Thành phố Hồ Chí Minh, Việt Nam"
Kiều Minh Tuấn,Châu Bùi,1.0,1,Em chưa 18,actor-actor,False,,False,
Kiều Minh Tuấn,Quang Minh - Hồng Đào,1.0,1,Em chưa 18,actor-actor,False,,False,
Kiều Minh Tuấn,Nguyễn Chánh Tín,1.0,1,Em chưa 18,actor-actor,False,,False,
Kiều Minh Tuấn,Aaron Toronto,1.0,1,Em chưa 18,actor-actor,False,,False,
Kiều Minh Tuấn,Huy Khánh,1.3,1,Em chưa 18,actor-actor,False,,True,"Thành phố Hồ Chí Minh, Việt Nam"
Kiều Minh Tuấn,Kathy Uyên,1.0,1,Em chưa 18,actor-actor,False,,False,
Kiều Minh Tuấn,Don Nguyễn,1.3,1,Em chưa 18,actor-actor,False,,True,"Thành phố Hồ Chí Minh, Việt Nam"
Kiều Minh Tuấn,Võ Ngọc Trai,1.3,1,Em chưa 18,actor-actor,False,,True,"Thành phố Hồ Chí Minh, Việt Nam"
Kiều Minh Tuấn,Diễn viên Chí Tâm,1.0,1,Em chưa 18,actor-actor,False,,False,
Kiều Minh Tuấn,Thái Hòa (diễn viên),1.0,1,Tiệc trăng máu,actor-actor,False,,False,
Kiều Minh Tuấn,Thu Trang,3.3,3,Tiệc trăng máu|Năm sau con lại về|Nghề siêu dễ (phim 2022),actor-actor,False,,True,"Thành phố Hồ Chí Minh, Việt Nam"
Kiều Minh Tuấn,Đức Thịnh (đạo diễn),1.0,1,Tiệc trăng máu,actor-actor,False,,False,
Kiều Minh Tuấn,Hồng Ánh,1.0,1,Tiệc trăng máu,actor-actor,False,,False,
Kiều Minh Tuấn,Hứa Vĩ Văn,2.3,2,Tiệc trăng máu|Nghề siêu dễ (phim 2022),actor-actor,False,,True,"Thành phố Hồ Chí Minh, Việt Nam"
Kiều Minh Tuấn,Lê Thiện (nghệ sĩ),1.0,1,Tiệc trăng máu,actor-actor,False,,False,
Kiều Minh Tuấn,Nguyễn Quang Dũng (đạo diễn),1.0,1,Tiệc trăng máu,actor-director,False,,False,
Kiều Minh Tuấn,Việt Anh (nghệ sĩ),1.0,1,Năm sau con lại về,actor-actor,False,,False,
Kiều Minh Tuấn,Thanh Thủy (diễn viên),1.0,1,Năm sau con lại về,actor-actor,False,,False,
Kiều Minh Tuấn,Quý Bình,1.0,1,Năm sau con lại về,actor-actor,False,,False,
Kiều Minh Tuấn,Lê Khánh,1.0,1,Năm sau con lại về,actor-actor,False,,False,
Kiều Minh Tuấn,Hoài Linh,1.0,1,Năm sau con lại về,actor-actor,False,,False,
Kiều Minh Tuấn,Ngọc Giàu,1.0,1,Năm sau con lại về,actor-actor,False,,False,
Kiều Minh Tuấn,Chí Tài,1.0,1,Năm sau con lại về,actor-actor,False,,False,
Kiều Minh Tuấn,Hứa Minh Đạt,1.0,1,Năm sau con lại về,actor-actor,False,,False,
Kiều Minh Tuấn,Nhật Cường,1.0,1,Năm sau con lại về,actor-actor,False,,False,
Kiều Minh Tuấn,Thanh Trúc,1.3,1,Năm sau con lại về,actor-actor,False,,True,"Thành phố Hồ Chí Minh, Việt Nam"
Kiều Minh Tuấn,Trường Giang (nghệ sĩ),1.0,1,Năm sau con lại về,actor-actor,False,,False,
Kiều Minh Tuấn,Quốc Thuận,1.0,1,Năm sau con lại về,actor-actor,False,,False,
Kiều Minh Tuấn,Tiến Luật,1.0,1,Năm sau con lại về,actor-actor,False,,False,
Kiều Minh Tuấn,Kiều Mai Lý,1.0,1,Năm sau con lại về,actor-actor,False,,False,
Kiều Minh Tuấn,Quang Tuấn,1.3,1,Nghề siêu dễ (phim 2022),actor-actor,False,,True,"Thành phố Hồ Chí Minh, Việt Nam"
Kiều Minh Tuấn,Hữu Châu,1.0,1,Nghề siêu dễ (phim 2022),actor-actor,False,,False,
Kiều Minh Tuấn,Võ Thanh Hòa,1.0,1,Nghề siêu dễ (phim 2022),actor-director,False,,False,
Kiều Minh Tuấn,Bảo Thy,0.3,0,,,False,,True,"Thành phố Hồ Chí Minh, Việt Nam"
Kiều Minh Tuấn,Yến Trang,0.3,0,,,False,,True,"Thành phố Hồ Chí Minh, Việt Nam"
Kiều Minh Tuấn,Tấn Beo,0.3,0,,,False,,True,"Thành phố Hồ Chí Minh, Việt Nam"
Kiều Minh Tuấn,Hiếu Hiền,0.3,0,,,False,,True,"Thành phố Hồ Chí Minh, Việt Nam"
Kiều Minh Tuấn,Khổng Tú Quỳnh,0.3,0,,,False,,True,"Thành phố Hồ Chí Minh, Việt Nam"
Kiều Minh Tuấn,Chí Thiện (ca sĩ),0.3,0,,,False,,True,"Thành phố Hồ Chí Minh, Việt Nam"
Kiều Minh Tuấn,Noo Phước Thịnh,0.3,0,,,False,,True,"Thành phố Hồ Chí Minh, Việt Nam"
Kiều Minh Tuấn,Ngô Kiến Huy,0.3,0,,,False,,True,"Thành phố Hồ Chí Minh, Việt Nam"
Kiều Minh Tuấn,Tuấn Trần,0.3,0,,,False,,True,"Thành phố Hồ Chí Minh, Việt Nam"
Kiều Minh Tuấn,Ngân Chi,0.3,0,,,False,,True,"Thành phố Hồ Chí Minh, Việt Nam"
Kiều Minh Tuấn,Nguyễn Minh Tú,0.3,0,,,False,,True,"Thành phố Hồ Chí Minh, Việt Nam"
Kiều Minh Tuấn,Diệu Nhi,0.5,0,,,True,Trường Đại học Sân khấu - Điện ảnh Thành phố Hồ Chí Minh,False,
Kiều Minh Tuấn,Uyển Ân,0.3,0,,,False,,True,"Thành phố Hồ Chí Minh, Việt Nam"
Kiều Minh Tuấn,Băng Di,0.3,0,,,False,,True,"Thành phố Hồ Chí Minh, Việt Nam"
Kiều Minh Tuấn,Huỳnh Đông,0.3,0,,,False,,True,"Thành phố Hồ Chí Minh, Việt Nam"
Kiều Minh Tuấn,Khương Ngọc,0.5,0,,,True,Trường Đại học Sân khấu - Điện ảnh Thành phố Hồ Chí Minh,False,
Kiều Minh Tuấn,Ngọc Diệp,0.3,0,,,False,,True,"Thành phố Hồ Chí Minh, Việt Nam"
Kiều Minh Tuấn,Jun Phạm,0.3,0,,,False,,True,"Thành phố Hồ Chí Minh, Việt Nam"
Kiều Minh Tuấn,Diễm My 9x,0.3,0,,,False,,True,"Thành phố Hồ Chí Minh, Việt Nam"
Kiều Minh Tuấn,Hạnh Thúy,0.5,0,,,True,Trường Đại học Sân khấu - Điện ảnh Thành phố Hồ Chí Minh,False,
Kiều Minh Tuấn,Nguyễn Thắng,0.3,0,,,False,,True,"Thành phố Hồ Chí Minh, Việt Nam"
Kiều Minh Tuấn,Khả Ngân,0.3,0,,,False,,True,"Thành phố Hồ Chí Minh, Việt Nam"
Kiều Minh Tuấn,Tóc Tiên (ca sĩ),0.3,0,,,False,,True,"Thành phố Hồ Chí Minh, Việt Nam"
Kiều Minh Tuấn,Nguyễn Thúc Thùy Tiên,0.3,0,,,False,,True,"Thành phố Hồ Chí Minh, Việt Nam"
Kiều Minh Tuấn,Đinh Ngọc Diệp,0.3,0,,,False,,True,"Thành phố Hồ Chí Minh, Việt Nam"
Kiều Minh Tuấn,Đại Nghĩa (diễn viên),0.3,0,,,False,,True,"Thành phố Hồ Chí Minh, Việt Nam"
Kiều Minh Tuấn,Vân Trang,0.5,0,,,True,Trường Đại học Sân khấu - Điện ảnh Thành phố Hồ Chí Minh,False,
Kiều Minh Tuấn,Midu,0.3,0,,,False,,True,"Thành phố Hồ Chí Minh, Việt Nam"
Kiều Minh Tuấn,Tú Vi,0.3,0,,,False,,True,"Thành phố Hồ Chí Minh, Việt Nam"
Kiều Minh Tuấn,Ái Phương,0.3,0,,,False,,True,"Thành phố Hồ Chí Minh, Việt Nam"
Kiều Minh Tuấn,Anh Thư,0.3,0,,,False,,True,"Thành phố Hồ Chí Minh, Việt Nam"
Kiều Minh Tuấn,Đan Trường,0.3,0,,,False,,True,"Thành phố Hồ Chí Minh, Việt Nam"
Kiều Minh Tuấn,Wanbi Tuấn Anh,0.3,0,,,False,,True,"Thành phố Hồ Chí Minh, Việt Nam"
Kiều Minh Tuấn,Elly Trần,0.3,0,,,False,,True,"Thành phố Hồ Chí Minh, Việt Nam"
Kiều Minh Tuấn,Tim (ca sĩ),0.3,0,,,False,,True,"Thành phố Hồ Chí Minh, Việt Nam"
Kiều Minh Tuấn,Việt Hương,0.3,0,,,False,,True,"Thành phố Hồ Chí Minh, Việt Nam"
Kiều Minh Tuấn,Bảo Anh (ca sĩ),0.3,0,,,False,,True,"Thành phố Hồ Chí Minh, Việt Nam"
Kiều Minh Tuấn,Khánh Phương,0.3,0,,,False,,True,"Thành phố Hồ Chí Minh, Việt Nam"
Kiều Minh Tuấn,Minh Hằng,0.3,0,,,False,,True,"Thành phố Hồ Chí Minh, Việt Nam"
Kiều Minh Tuấn,Chí Thiện (sinh năm 1988),0.3,0,,,False,,True,"Thành phố Hồ Chí Minh, Việt Nam"
Kiều Minh Tuấn,Tường Vi (diễn viên),0.3,0,,,False,,True,"Thành phố Hồ Chí Minh, Việt Nam"
Kiều Minh Tuấn,Duy Khánh (diễn viên),0.3,0,,,False,,True,"Thành phố Hồ Chí Minh, Việt Nam"
Kiều Minh Tuấn,Đàm Phương Linh,0.3,0,,,False,,True,"Thành phố Hồ Chí Minh, Việt Nam"
Kiều Minh Tuấn,Thảo Trang,0.3,0,,,False,,True,"Thành phố Hồ Chí Minh, Việt Nam"
Kiều Minh Tuấn,Uyên Linh,0.3,0,,,False,,True,"Thành phố Hồ Chí Minh, Việt Nam"
Kiều Minh Tuấn,Võ Thành Tâm,0.3,0,,,False,,True,"Thành phố Hồ Chí Minh, Việt Nam"
Kiều Minh Tuấn,Diễm My (diễn viên),0.3,0,,,False,,True,"Thành phố Hồ Chí Minh, Việt Nam"
Kiều Minh Tuấn,Lương Bích Hữu,0.3,0,,,False,,True,"Thành phố Hồ Chí Minh, Việt Nam"
Kiều Minh Tuấn,Lê Công Hoàng (diễn viên),0.3,0,,,False,,True,"Thành phố Hồ Chí Minh, Việt Nam"
Kiều Minh Tuấn,Suboi,0.3,0,,,False,,True,"Thành phố Hồ Chí Minh, Việt Nam"
Kiều Minh Tuấn,Hồ Vĩnh Khoa,0.3,0,,,False,,True,"Thành phố Hồ Chí Minh, Việt Nam"
Kiều Minh Tuấn,Ốc Thanh Vân,0.5,0,,,True,Trường Đại học Sân khấu - Điện ảnh Thành phố Hồ Chí Minh,False,
Kiều Minh Tuấn,Thanh Thúy (diễn viên sinh 1982),0.3,0,,,False,,True,"Thành phố Hồ Chí Minh, Việt Nam"
Kiều Minh Tuấn,Angela Phương Trinh,0.3,0,,,False,,True,"Thành phố Hồ Chí Minh, Việt Nam"
Kiều Minh Tuấn,Thanh Thúy (sinh 1982),0.3,0,,,False,,True,"Thành phố Hồ Chí Minh, Việt Nam"
Kiều Minh Tuấn,Rocker Nguyen,0.3,0,,,False,,True,"Thành phố Hồ Chí Minh, Việt Nam"
Victor Vũ,Trần Bảo Sơn,1.0,1,Giao lộ định mệnh,actor-director,False,,False,
Victor Vũ,Vũ Thu Phương,1.0,1,Giao lộ định mệnh,director-actor,False,,False,
Victor Vũ,Bình Minh (người mẫu),1.0,1,Giao lộ định mệnh,actor-director,False,,False,
Victor Vũ,Tăng Bảo Quyên,1.0,1,Giao lộ định mệnh,actor-director,False,,False,
Victor Vũ,Đại Nghĩa (diễn viên),1.0,1,Giao lộ định mệnh,director-actor,False,,False,
Victor Vũ,Hứa Vĩ Văn,1.0,1,Giao lộ định mệnh,actor-director,False,,False,
Victor Vũ,Huỳnh Đông,1.0,1,Thiên mệnh anh hùng,actor-director,False,,False,
Victor Vũ,Midu,1.0,1,Thiên mệnh anh hùng,actor-director,False,,False,
Victor Vũ,Vân Trang,1.0,1,Thiên mệnh anh hùng,director-actor,False,,False,
Victor Vũ,Nguyễn Thị Anh,1.0,1,Thiên mệnh anh hùng,actor-director,False,,False,
Victor Vũ,Khương Ngọc,1.0,1,Thiên mệnh anh hùng,actor-director,False,,False,
Victor Vũ,Kim Hiền (diễn viên),1.0,1,Thiên mệnh anh hùng,actor-director,False,,False,
Victor Vũ,Minh Thuận (ca sĩ),1.0,1,Thiên mệnh anh hùng,actor-director,False,,False,
Victor Vũ,Mai Thế Hiệp,2.0,2,Thiên mệnh anh hùng|Tôi thấy hoa vàng trên cỏ xanh (phim),actor-director,False,,False,
Victor Vũ,Khánh Hiền,1.0,1,Tôi thấy hoa vàng trên cỏ xanh (phim),actor-director,False,,False,
Victor Vũ,Lê Bình (diễn viên),1.0,1,Tôi thấy hoa vàng trên cỏ xanh (phim),actor-director,False,,False,
Victor Vũ,Tấn Thi,1.0,1,Tôi thấy hoa vàng trên cỏ xanh (phim),actor-director,False,,False,
Victor Vũ,Trần Nghĩa (diễn viên),1.0,1,Mắt biếc (phim),actor-director,False,,False,
Victor Vũ,Trúc Anh,1.0,1,Mắt biếc (phim),actor-director,False,,False,
Victor Vũ,Khánh Huyền,1.0,1,Mắt biếc (phim),actor-director,False,,False,
Victor Vũ,Thanh Hiền,1.0,1,Mắt biếc (phim),actor-director,False,,False,
Victor Vũ,Quốc Huy (diễn viên),1.0,1,Trại hoa đỏ (phim),actor-director,False,,False,
Victor Vũ,Cao Thái Hà,1.0,1,Trại hoa đỏ (phim),actor-director,False,,False,
Victor Vũ,Hạnh Thúy,1.0,1,Trại hoa đỏ (phim),actor-director,False,,False,
Victor Vũ,Công Ninh,1.0,1,Trại hoa đỏ (phim),actor-director,False,,False,
Charlie Nguyễn,Johnny Trí Nguyễn,3.0,3,Dòng máu anh hùng|Để Mai tính|Để mai tính,director-actor|actor-actor,False,,False,
Charlie Nguyễn,Đế quốc thực dân Pháp,1.0,1,Dòng máu anh hùng,director-actor,False,,False,
Charlie Nguyễn,Dustin Nguyễn,3.3,3,Dòng máu anh hùng|Để Mai tính|Để mai tính,director-actor|actor-actor,False,,True,"Sài Gòn, Việt Nam Cộng hòa"
Charlie Nguyễn,gái mại dâm,1.0,1,Dòng máu anh hùng,director-actor,False,,False,
Charlie Nguyễn,Nguyễn Chánh Tín,1.0,1,Dòng máu anh hùng,director-actor,False,,False,
Charlie Nguyễn,Nguyễn Văn Đây,1.0,1,Dòng máu anh hùng,director-actor,False,,False,
Charlie Nguyễn,Nguyễn Thắng,1.0,1,Dòng máu anh hùng,director-actor,False,,False,
Charlie Nguyễn,Stephane Gauger,1.3,1,Dòng máu anh hùng,director-actor,False,,True,"Sài Gòn, Việt Nam Cộng hòa"
Charlie Nguyễn,David Minetti,1.0,1,Dòng máu anh hùng,director-actor,False,,False,
Charlie Nguyễn,Nguyễn Hậu,3.0,3,Dòng máu anh hùng|Để Mai tính|Để mai tính,director-actor|actor-actor,False,,False,
Charlie Nguyễn,Quốc Cường,1.0,1,Dòng máu anh hùng,director-actor,False,,False,
Charlie Nguyễn,Kathy Uyên,2.0,2,Để Mai tính|Để mai tính,actor-actor,False,,False,
Charlie Nguyễn,Thái Hòa (diễn viên),2.3,2,Để Mai tính|Để mai tính,actor-actor,False,,True,"Sài Gòn, Việt Nam Cộng hòa"
Charlie Nguyễn,Bùi Văn Hải,2.0,2,Để Mai tính|Để mai tính,actor-actor,False,,False,
Charlie Nguyễn,Maryline Tâm Võ,2.0,2,Để Mai tính|Để mai tính,actor-actor,False,,False,
Charlie Nguyễn,Leon Lê,2.0,2,Để Mai tính|Để mai tính,actor-actor,False,,False,
Charlie Nguyễn,Trần Trung Lĩnh,2.0,2,Để Mai tính|Để mai tính,actor-actor,False,,False,
Charlie Nguyễn,Bình Minh (người mẫu),2.0,2,Để Mai tính|Để mai tính,actor-actor,False,,False,
Charlie Nguyễn,Trương Thế Vinh,2.0,2,Để Mai tính|Để mai tính,actor-actor,False,,False,
Charlie Nguyễn,Dominic Pereira,2.0,2,Để Mai tính|Để mai tính,actor-actor,False,,False,
Charlie Nguyễn,Phước Sang,0.3,0,,,False,,True,"Sài Gòn, Việt Nam Cộng hòa"
Charlie Nguyễn,Việt Anh (nghệ sĩ),0.3,0,,,False,,True,"Sài Gòn, Việt Nam Cộng hòa"
Charlie Nguyễn,Tuyết Thu,0.3,0,,,False,,True,"Sài Gòn, Việt Nam Cộng hòa"
Charlie Nguyễn,Hữu Châu,0.3,0,,,False,,True,"Sài Gòn, Việt Nam Cộng hòa"
Charlie Nguyễn,Công Ninh,0.3,0,,,False,,True,"Sài Gòn, Việt Nam Cộng hòa"
Charlie Nguyễn,Ngân Quỳnh,0.3,0,,,False,,True,"Sài Gòn, Việt Nam Cộng hòa"
Charlie Nguyễn,Thanh Hằng (nghệ sĩ cải lương),0.3,0,,,False,,True,"Sài Gòn, Việt Nam Cộng hòa"
Charlie Nguyễn,Thành Lộc,0.3,0,,,False,,True,"Sài Gòn, Việt Nam Cộng hòa"
Charlie Nguyễn,Huỳnh Kiến An,0.3,0,,,False,,True,"Sài Gòn, Việt Nam Cộng hòa"
Charlie Nguyễn,Trần Bảo Sơn,0.3,0,,,False,,True,"Sài Gòn, Việt Nam Cộng hòa"
Charlie Nguyễn,Lê Công Tuấn Anh,0.3,0,,,False,,True,"Sài Gòn, Việt Nam Cộng hòa"
Charlie Nguyễn,Vân Sơn (nghệ sĩ hài),0.3,0,,,False,,True,"Sài Gòn, Việt Nam Cộng hòa"
Charlie Nguyễn,Bảo Liêm,0.3,0,,,False,,True,"Sài Gòn, Việt Nam Cộng hòa"
Charlie Nguyễn,Mỹ Duyên,0.3,0,,,False,,True,"Sài Gòn, Việt Nam Cộng hòa"
Charlie Nguyễn,Hương Giang (diễn viên),0.3,0,,,False,,True,"Sài Gòn, Việt Nam Cộng hòa"
Charlie Nguyễn,Trương Minh Quốc Thái,0.3,0,,,False,,True,"Sài Gòn, Việt Nam Cộng hòa"
Charlie Nguyễn,Cẩm Ly,0.3,0,,,False,,True,"Sài Gòn, Việt Nam Cộng hòa"
Charlie Nguyễn,Kiến An (diễn viên),0.3,0,,,False,,True,"Sài Gòn, Việt Nam Cộng hòa"
Charlie Nguyễn,Vũ Hà (ca sĩ),0.3,0,,,False,,True,"Sài Gòn, Việt Nam Cộng hòa"
Charlie Nguyễn,Phạm Thị Ngọc Trinh,0.3,0,,,False,,True,"Sài Gòn, Việt Nam Cộng hòa"
Vũ Ngọc Đãng,Tuấn Trần,1.0,1,Bố già (phim 2021),actor-director,False,,False,
Vũ Ngọc Đãng,Ngân Chi,1.0,1,Bố già (phim 2021),actor-director,False,,False,
Vũ Ngọc Đãng,Ngọc Giàu,1.0,1,Bố già (phim 2021),actor-director,False,,False,
Vũ Ngọc Đãng,Lê Giang (nghệ sĩ),1.0,1,Bố già (phim 2021),actor-director,False,,False,
Vũ Ngọc Đãng,Lan Phương,1.0,1,Bố già (phim 2021),actor-director,False,,False,
Vũ Ngọc Đãng,Nguyễn Minh Tú,1.0,1,Bố già (phim 2021),actor-director,False,,False,
Vũ Ngọc Đãng,Việt Anh (nghệ sĩ),1.0,1,Bố già (phim 2021),actor-director,False,,False,
Vũ Ngọc Đãng,Xuân Nghị,1.0,1,Bố già (phim 2021),director-actor,False,,False,
Vũ Ngọc Đãng,Mai Trần,1.0,1,Bố già (phim 2021),actor-director,False,,False,
Vũ Ngọc Đãng,Trúc Nhân,1.0,1,Bố già (phim 2021),actor-director,False,,False,
Vũ Ngọc Đãng,Lê Dương Bảo Lâm,3.0,3,"Bố già (phim 2021)|Hot boy nổi loạn và câu chuyện về thằng Cười, cô gái điếm và con vịt|Hot boy nổi loạn",actor-director,False,,False,
Vũ Ngọc Đãng,Diệu Nhi,1.0,1,Bố già (phim 2021),actor-director,False,,False,
Vũ Ngọc Đãng,Hari Won,1.0,1,Bố già (phim 2021),actor-director,False,,False,
Vũ Ngọc Đãng,Bà Tân Vlog,1.0,1,Bố già (phim 2021),actor-director,False,,False,
Vũ Ngọc Đãng,Johnny Trí Nguyễn,2.0,2,Nụ hôn thần chết (phim)|Nụ hôn thần chết,actor-actor,False,,False,
Vũ Ngọc Đãng,Thanh Hằng,2.0,2,Nụ hôn thần chết (phim)|Nụ hôn thần chết,actor-actor,False,,False,
Vũ Ngọc Đãng,Hoài Linh,2.0,2,Nụ hôn thần chết (phim)|Nụ hôn thần chết,actor-actor,False,,False,
Vũ Ngọc Đãng,Thành Lộc,2.0,2,Nụ hôn thần chết (phim)|Nụ hôn thần chết,actor-actor,False,,False,
Vũ Ngọc Đãng,Phương Thanh,4.0,4,"Nụ hôn thần chết (phim)|Nụ hôn thần chết|Hot boy nổi loạn và câu chuyện về thằng Cười, cô gái điếm và con vịt|Hot boy nổi loạn",actor-actor|actor-director,False,,False,
Vũ Ngọc Đãng,Hương Giang (diễn viên),2.0,2,Nụ hôn thần chết (phim)|Nụ hôn thần chết,actor-actor,False,,False,
Vũ Ngọc Đãng,Vĩnh Thụy (diễn viên),2.0,2,Nụ hôn thần chết (phim)|Nụ hôn thần chết,actor-actor,False,,False,
Vũ Ngọc Đãng,Thủy Tiên (ca sĩ),2.0,2,Nụ hôn thần chết (phim)|Nụ hôn thần chết,actor-actor,False,,False,
Vũ Ngọc Đãng,Hiếu Hiền,4.0,4,"Nụ hôn thần chết (phim)|Nụ hôn thần chết|Hot boy nổi loạn và câu chuyện về thằng Cười, cô gái điếm và con vịt|Hot boy nổi loạn",actor-actor|actor-director,False,,False,
Vũ Ngọc Đãng,Trinh Hoan,2.0,2,Nụ hôn thần chết (phim)|Nụ hôn thần chết,actor-actor,False,,False,
Vũ Ngọc Đãng,Minh Đức (diễn viên),2.0,2,Nụ hôn thần chết (phim)|Nụ hôn thần chết,actor-actor,False,,False,
Vũ Ngọc Đãng,Lê Bình (diễn viên),2.0,2,Nụ hôn thần chết (phim)|Nụ hôn thần chết,actor-actor,False,,False,
Vũ Ngọc Đãng,Lê Hóa,2.0,2,Nụ hôn thần chết (phim)|Nụ hôn thần chết,actor-actor,False,,False,
Vũ Ngọc Đãng,Lê Quốc Nam,2.0,2,Nụ hôn thần chết (phim)|Nụ hôn thần chết,actor-actor,False,,False,
Vũ Ngọc Đãng,Nguyễn Quang Dũng (đạo diễn),2.0,2,Nụ hôn thần chết (phim)|Nụ hôn thần chết,actor-actor,False,,False,
Vũ Ngọc Đãng,DJ,2.0,2,Nụ hôn thần chết (phim)|Nụ hôn thần chết,actor-actor,False,,False,
Vũ Ngọc Đãng,Lương Mạnh Hải,2.0,2,"Hot boy nổi loạn và câu chuyện về thằng Cười, cô gái điếm và con vịt|Hot boy nổi loạn",actor-director,False,,False,
Vũ Ngọc Đãng,Hồ Vĩnh Khoa,2.0,2,"Hot boy nổi loạn và câu chuyện về thằng Cười, cô gái điếm và con vịt|Hot boy nổi loạn",actor-director,False,,False,
Vũ Ngọc Đãng,Thiên Kim (diễn viên),2.0,2,"Hot boy nổi loạn và câu chuyện về thằng Cười, cô gái điếm và con vịt|Hot boy nổi loạn",actor-director,False,,False,
Vũ Ngọc Đãng,Don Nguyễn,2.0,2,"Hot boy nổi loạn và câu chuyện về thằng Cười, cô gái điếm và con vịt|Hot boy nổi loạn",actor-director,False,,False,
Vũ Ngọc Đãng,Huy Cường,2.0,2,"Hot boy nổi loạn và câu chuyện về thằng Cười, cô gái điếm và con vịt|Hot boy nổi loạn",actor-director,False,,False,
Kaity Nguyễn,Lê Khanh,2.0,2,Gái già lắm chiêu V: Những cuộc đời vương giả|Gái già lắm chiêu V,actor-actor,False,,False,
Kaity Nguyễn,Hồng Vân (diễn viên),3.0,3,Gái già lắm chiêu V: Những cuộc đời vương giả|Hồn papa da con gái|Gái già lắm chiêu V,actor-actor,False,,False,
Kaity Nguyễn,Khương Lê,2.0,2,Gái già lắm chiêu V: Những cuộc đời vương giả|Gái già lắm chiêu V,actor-actor,False,,False,
Kaity Nguyễn,Hoàng Dũng,2.0,2,Gái già lắm chiêu V: Những cuộc đời vương giả|Gái già lắm chiêu V,actor-actor,False,,False,
Kaity Nguyễn,Lê Khánh,2.0,2,Gái già lắm chiêu V: Những cuộc đời vương giả|Gái già lắm chiêu V,actor-actor,False,,False,
Kaity Nguyễn,Huỳnh Kiến An,2.0,2,Gái già lắm chiêu V: Những cuộc đời vương giả|Gái già lắm chiêu V,actor-actor,False,,False,
Kaity Nguyễn,Anh Dũng (diễn viên),2.0,2,Gái già lắm chiêu V: Những cuộc đời vương giả|Gái già lắm chiêu V,actor-actor,False,,False,
Kaity Nguyễn,Hạnh Thúy,2.0,2,Gái già lắm chiêu V: Những cuộc đời vương giả|Gái già lắm chiêu V,actor-actor,False,,False,
Kaity Nguyễn,Jun Vũ,2.0,2,Gái già lắm chiêu V: Những cuộc đời vương giả|Gái già lắm chiêu V,actor-actor,False,,False,
Kaity Nguyễn,TyhD Thùy Dương,2.0,2,Gái già lắm chiêu V: Những cuộc đời vương giả|Gái già lắm chiêu V,actor-actor,False,,False,
Kaity Nguyễn,Châu Bùi,1.0,1,Em chưa 18,actor-actor,False,,False,
Kaity Nguyễn,Quang Minh - Hồng Đào,1.0,1,Em chưa 18,actor-actor,False,,False,
Kaity Nguyễn,Nguyễn Chánh Tín,1.0,1,Em chưa 18,actor-actor,False,,False,
Kaity Nguyễn,Aaron Toronto,1.0,1,Em chưa 18,actor-actor,False,,False,
Kaity Nguyễn,Huy Khánh,2.3,2,Em chưa 18|Hồn papa da con gái,actor-actor,False,,True,"Thành phố Hồ Chí Minh, Việt Nam"
Kaity Nguyễn,Kathy Uyên,2.0,2,Em chưa 18|Hồn papa da con gái,actor-actor,False,,False,
Kaity Nguyễn,Don Nguyễn,1.3,1,Em chưa 18,actor-actor,False,,True,"Thành phố Hồ Chí Minh, Việt Nam"
Kaity Nguyễn,Võ Ngọc Trai,1.3,1,Em chưa 18,actor-actor,False,,True,"Thành phố Hồ Chí Minh, Việt Nam"
Kaity Nguyễn,Diễn viên Chí Tâm,1.0,1,Em chưa 18,actor-actor,False,,False,
Kaity Nguyễn,Thái Hòa (diễn viên),3.0,3,Hồn papa da con gái|Tiệc trăng máu|Tử chiến trên không,actor-actor,False,,False,
Kaity Nguyễn,Thành Lộc,1.0,1,Hồn papa da con gái,actor-actor,False,,False,
Kaity Nguyễn,Vân Trang,1.0,1,Hồn papa da con gái,actor-actor,False,,False,
Kaity Nguyễn,Mỹ Duyên,1.0,1,Hồn papa da con gái,actor-actor,False,,False,
Kaity Nguyễn,Chí Tài,1.0,1,Hồn papa da con gái,actor-actor,False,,False,
Kaity Nguyễn,Lê Bình (diễn viên),1.0,1,Hồn papa da con gái,actor-actor,False,,False,
Kaity Nguyễn,Phương Anh Đào,1.0,1,Hồn papa da con gái,actor-actor,False,,False,
Kaity Nguyễn,Jun Phạm,1.3,1,Hồn papa da con gái,actor-actor,False,,True,"Thành phố Hồ Chí Minh, Việt Nam"
Kaity Nguyễn,Thu Trang,1.3,1,Tiệc trăng máu,actor-actor,False,,True,"Thành phố Hồ Chí Minh, Việt Nam"
Kaity Nguyễn,Đức Thịnh (đạo diễn),1.0,1,Tiệc trăng máu,actor-actor,False,,False,
Kaity Nguyễn,Hồng Ánh,1.0,1,Tiệc trăng máu,actor-actor,False,,False,
Kaity Nguyễn,Hứa Vĩ Văn,1.3,1,Tiệc trăng máu,actor-actor,False,,True,"Thành phố Hồ Chí Minh, Việt Nam"
Kaity Nguyễn,Lê Thiện (nghệ sĩ),1.0,1,Tiệc trăng máu,actor-actor,False,,False,
Kaity Nguyễn,Nguyễn Quang Dũng (đạo diễn),1.0,1,Tiệc trăng máu,actor-director,False,,False,
Kaity Nguyễn,không tặc,1.0,1,Tử chiến trên không,actor-actor,False,,False,
Kaity Nguyễn,tâm lý,1.0,1,Tử chiến trên không,actor-actor,False,,False,
Kaity Nguyễn,Bảo Thy,0.3,0,,,False,,True,"Thành phố Hồ Chí Minh, Việt Nam"
Kaity Nguyễn,Yến Trang,0.3,0,,,False,,True,"Thành phố Hồ Chí Minh, Việt Nam"
Kaity Nguyễn,Tấn Beo,0.3,0,,,False,,True,"Thành phố Hồ Chí Minh, Việt Nam"
Kaity Nguyễn,Hiếu Hiền,0.3,0,,,False,,True,"Thành phố Hồ Chí Minh, Việt Nam"
Kaity Nguyễn,Khổng Tú Quỳnh,0.3,0,,,False,,True,"Thành phố Hồ Chí Minh, Việt Nam"
Kaity Nguyễn,Chí Thiện (ca sĩ),0.3,0,,,False,,True,"Thành phố Hồ Chí Minh, Việt Nam"
Kaity Nguyễn,Noo Phước Thịnh,0.3,0,,,False,,True,"Thành phố Hồ Chí Minh, Việt Nam"
Kaity Nguyễn,Ngô Kiến Huy,0.3,0,,,False,,True,"Thành phố Hồ Chí Minh, Việt Nam"
Kaity Nguyễn,Tuấn Trần,0.3,0,,,False,,True,"Thành phố Hồ Chí Minh, Việt Nam"
Kaity Nguyễn,Ngân Chi,0.3,0,,,False,,True,"Thành phố Hồ Chí Minh, Việt Nam"
Kaity Nguyễn,Nguyễn Minh Tú,0.3,0,,,False,,True,"Thành phố Hồ Chí Minh, Việt Nam"
Kaity Nguyễn,Uyển Ân,0.3,0,,,False,,True,"Thành phố Hồ Chí Minh, Việt Nam"
Kaity Nguyễn,Băng Di,0.3,0,,,False,,True,"Thành phố Hồ Chí Minh, Việt Nam"
Kaity Nguyễn,Huỳnh Đông,0.3,0,,,False,,True,"Thành phố Hồ Chí Minh, Việt Nam"
Kaity Nguyễn,Ngọc Diệp,0.3,0,,,False,,True,"Thành phố Hồ Chí Minh, Việt Nam"
Kaity Nguyễn,Diễm My 9x,0.3,0,,,False,,True,"Thành phố Hồ Chí Minh, Việt Nam"
Kaity Nguyễn,Nguyễn Thắng,0.3,0,,,False,,True,"Thành phố Hồ Chí Minh, Việt Nam"
Kaity Nguyễn,Khả Ngân,0.3,0,,,False,,True,"Thành phố Hồ Chí Minh, Việt Nam"
Kaity Nguyễn,Tóc Tiên (ca sĩ),0.3,0,,,False,,True,"Thành phố Hồ Chí Minh, Việt Nam"
Kaity Nguyễn,Nguyễn Thúc Thùy Tiên,0.3,0,,,False,,True,"Thành phố Hồ Chí Minh, Việt Nam"
Kaity Nguyễn,Đinh Ngọc Diệp,0.3,0,,,False,,True,"Thành phố Hồ Chí Minh, Việt Nam"
Kaity Nguyễn,Đại Nghĩa (diễn viên),0.3,0,,,False,,True,"Thành phố Hồ Chí Minh, Việt Nam"
Kaity Nguyễn,Midu,0.3,0,,,False,,True,"Thành phố Hồ Chí Minh, Việt Nam"
Kaity Nguyễn,Tú Vi,0.3,0,,,False,,True,"Thành phố Hồ Chí Minh, Việt Nam"
Kaity Nguyễn,Ái Phương,0.3,0,,,False,,True,"Thành phố Hồ Chí Minh, Việt Nam"
Kaity Nguyễn,Anh Thư,0.3,0,,,False,,True,"Thành phố Hồ Chí Minh, Việt Nam"
Kaity Nguyễn,Đan Trường,0.3,0,,,False,,True,"Thành phố Hồ Chí Minh, Việt Nam"
Kaity Nguyễn,Wanbi Tuấn Anh,0.3,0,,,False,,True,"Thành phố Hồ Chí Minh, Việt Nam"
Kaity Nguyễn,Elly Trần,0.3,0,,,False,,True,"Thành phố Hồ Chí Minh, Việt Nam"
Kaity Nguyễn,Tim (ca sĩ),0.3,0,,,False,,True,"Thành phố Hồ Chí Minh, Việt Nam"
Kaity Nguyễn,Việt Hương,0.3,0,,,False,,True,"Thành phố Hồ Chí Minh, Việt Nam"
Kaity Nguyễn,Bảo Anh (ca sĩ),0.3,0,,,False,,True,"Thành phố Hồ Chí Minh, Việt Nam"
Kaity Nguyễn,Thanh Trúc,0.3,0,,,False,,True,"Thành phố Hồ Chí Minh, Việt Nam"
Kaity Nguyễn,Khánh Phương,0.3,0,,,False,,True,"Thành phố Hồ Chí Minh, Việt Nam"
Kaity Nguyễn,Minh Hằng,0.3,0,,,False,,True,"Thành phố Hồ Chí Minh, Việt Nam"
Kaity Nguyễn,Chí Thiện (sinh năm 1988),0.3,0,,,False,,True,"Thành phố Hồ Chí Minh, Việt Nam"
Kaity Nguyễn,Tường Vi (diễn viên),0.3,0,,,False,,True,"Thành phố Hồ Chí Minh, Việt Nam"
Kaity Nguyễn,Duy Khánh (diễn viên),0.3,0,,,False,,True,"Thành phố Hồ Chí Minh, Việt Nam"
Kaity Nguyễn,Đàm Phương Linh,0.3,0,,,False,,True,"Thành phố Hồ Chí Minh, Việt Nam"
Kaity Nguyễn,Thảo Trang,0.3,0,,,False,,True,"Thành phố Hồ Chí Minh, Việt Nam"
Kaity Nguyễn,Uyên Linh,0.3,0,,,False,,True,"Thành phố Hồ Chí Minh, Việt Nam"
Kaity Nguyễn,Võ Thành Tâm,0.3,0,,,False,,True,"Thành phố Hồ Chí Minh, Việt Nam"
Kaity Nguyễn,Diễm My (diễn viên),0.3,0,,,False,,True,"Thành phố Hồ Chí Minh, Việt Nam"
Kaity Nguyễn,Quang Tuấn,0.3,0,,,False,,True,"Thành phố Hồ Chí Minh, Việt Nam"
Kaity Nguyễn,Lương Bích Hữu,0.3,0,,,False,,True,"Thành phố Hồ Chí Minh, Việt Nam"
Kaity Nguyễn,Lê Công Hoàng (diễn viên),0.3,0,,,False,,True,"Thành phố Hồ Chí Minh, Việt Nam"
Kaity Nguyễn,Suboi,0.3,0,,,False,,True,"Thành phố Hồ Chí Minh, Việt Nam"
Kaity Nguyễn,Hồ Vĩnh Khoa,0.3,0,,,False,,True,"Thành phố Hồ Chí Minh, Việt Nam"
Kaity Nguyễn,Thanh Thúy (diễn viên sinh 1982),0.3,0,,,False,,True,"Thành phố Hồ Chí Minh, Việt Nam"
Kaity Nguyễn,Angela Phương Trinh,0.3,0,,,False,,True,"Thành phố Hồ Chí Minh, Việt Nam"
Kaity Nguyễn,Thanh Thúy (sinh 1982),0.3,0,,,False,,True,"Thành phố Hồ Chí Minh, Việt Nam"
Kaity Nguyễn,Rocker Nguyen,0.3,0,,,False,,True,"Thành phố Hồ Chí Minh, Việt Nam"
Jun Vũ,Lê Khanh,3.0,3,Gái già lắm chiêu 3|Gái già lắm chiêu V: Những cuộc đời vương giả|Gái già lắm chiêu V,actor-actor,False,,False,
Jun Vũ,Hồng Vân (diễn viên),3.0,3,Gái già lắm chiêu 3|Gái già lắm chiêu V: Những cuộc đời vương giả|Gái già lắm chiêu V,actor-actor,False,,False,
Jun Vũ,Lê Xuân Tiền,1.0,1,Gái già lắm chiêu 3,actor-actor,False,,False,
Jun Vũ,Bình An (diễn viên),1.0,1,Gái già lắm chiêu 3,actor-actor,False,,False,
Jun Vũ,Khương Lê,2.0,2,Gái già lắm chiêu V: Những cuộc đời vương giả|Gái già lắm chiêu V,actor-actor,False,,False,
Jun Vũ,Hoàng Dũng,2.0,2,Gái già lắm chiêu V: Những cuộc đời vương giả|Gái già lắm chiêu V,actor-actor,False,,False,
Jun Vũ,Lê Khánh,2.0,2,Gái già lắm chiêu V: Những cuộc đời vương giả|Gái già lắm chiêu V,actor-actor,False,,False,
Jun Vũ,Huỳnh Kiến An,2.0,2,Gái già lắm chiêu V: Những cuộc đời vương giả|Gái già lắm chiêu V,actor-actor,False,,False,
Jun Vũ,Anh Dũng (diễn viên),2.0,2,Gái già lắm chiêu V: Những cuộc đời vương giả|Gái già lắm chiêu V,actor-actor,False,,False,
Jun Vũ,Hạnh Thúy,2.0,2,Gái già lắm chiêu V: Những cuộc đời vương giả|Gái già lắm chiêu V,actor-actor,False,,False,
Jun Vũ,TyhD Thùy Dương,2.0,2,Gái già lắm chiêu V: Những cuộc đời vương giả|Gái già lắm chiêu V,actor-actor,False,,False,
Jun Vũ,Jun Phạm,1.0,1,12 chòm sao: Vẽ đường cho yêu chạy,actor-actor,False,,False,
Jun Vũ,Ái Phương,1.0,1,12 chòm sao: Vẽ đường cho yêu chạy,actor-actor,False,,False,
Jun Vũ,Hoàng Yến Chibi,1.3,1,Tháng năm rực rỡ,actor-actor,False,,True,"Hà Nội, Việt Nam"
Jun Vũ,Hồng Ánh,1.0,1,Tháng năm rực rỡ,actor-actor,False,,False,
Jun Vũ,Anh Thư,1.0,1,Tháng năm rực rỡ,actor-actor,False,,False,
Jun Vũ,Vai diễn khách mời,1.0,1,Tháng năm rực rỡ,actor-actor,False,,False,
Jun Vũ,Thanh Hằng,1.0,1,Tháng năm rực rỡ,actor-actor,False,,False,
Jun Vũ,Khổng Tú Quỳnh,1.0,1,Tháng năm rực rỡ,actor-actor,False,,False,
Jun Vũ,Mỹ Uyên,1.0,1,Tháng năm rực rỡ,actor-actor,False,,False,
Jun Vũ,Mỹ Duyên,1.0,1,Tháng năm rực rỡ,actor-actor,False,,False,
Jun Vũ,Văn Tùng,1.0,1,Tháng năm rực rỡ,actor-actor,False,,False,
Jun Vũ,Lan Hương (diễn viên sinh 1961),1.0,1,Tháng năm rực rỡ,actor-actor,False,,False,
Jun Vũ,Đức Khuê,1.0,1,Tháng năm rực rỡ,actor-actor,False,,False,
Jun Vũ,Lê Thiện (nghệ sĩ),1.0,1,Tháng năm rực rỡ,actor-actor,False,,False,
Jun Vũ,Lan Phương,1.3,1,Tháng năm rực rỡ,actor-actor,False,,True,"Hà Nội, Việt Nam"
Jun Vũ,Hoàng Phúc (diễn viên),1.0,1,Tháng năm rực rỡ,actor-actor,False,,False,
Jun Vũ,Khánh Huyền,1.0,1,Tháng năm rực rỡ,actor-actor,False,,False,
Jun Vũ,Trúc Anh,1.0,1,Tháng năm rực rỡ,actor-actor,False,,False,
Jun Vũ,Mạnh Trường,0.3,0,,,False,,True,"Hà Nội, Việt Nam"
Jun Vũ,Đông Nhi,0.3,0,,,False,,True,"Hà Nội, Việt Nam"
Jun Vũ,Anh Tú (sinh 1993),0.3,0,,,False,,True,"Hà Nội, Việt Nam"
Jun Vũ,Quân A.P,0.3,0,,,False,,True,"Hà Nội, Việt Nam"
Jun Vũ,Dương Hoàng Anh,0.3,0,,,False,,True,"Hà Nội, Việt Nam"
Jun Vũ,Châu Bùi,0.3,0,,,False,,True,"Hà Nội, Việt Nam"
Jun Vũ,Hoàng Thùy Linh,0.3,0,,,False,,True,"Hà Nội, Việt Nam"
Jun Vũ,Phạm Quỳnh Anh,0.3,0,,,False,,True,"Hà Nội, Việt Nam"
Jun Vũ,Chi Pu,0.3,0,,,False,,True,"Hà Nội, Việt Nam"
Jun Vũ,Tăng Nhật Tuệ,0.3,0,,,False,,True,"Hà Nội, Việt Nam"
Jun Vũ,Đức Phúc,0.3,0,,,False,,True,"Hà Nội, Việt Nam"
Jun Vũ,Công Dương,0.3,0,,,False,,True,"Hà Nội, Việt Nam"
Jun Vũ,Hoàng Hà (diễn viên),0.3,0,,,False,,True,"Hà Nội, Việt Nam"
Jun Vũ,Bùi Lan Hương,0.3,0,,,False,,True,"Hà Nội, Việt Nam"
Jun Vũ,Mai Thu Huyền,0.3,0,,,False,,True,"Hà Nội, Việt Nam"
Jun Vũ,Thùy Anh,0.3,0,,,False,,True,"Hà Nội, Việt Nam"
Jun Vũ,Lương Mạnh Hải,0.3,0,,,False,,True,"Hà Nội, Việt Nam"
Jun Vũ,Kiều Thanh,0.3,0,,,False,,True,"Hà Nội, Việt Nam"
Jun Vũ,Lã Thanh Huyền,0.3,0,,,False,,True,"Hà Nội, Việt Nam"
Mạnh Trường,Hoàng Hải (diễn viên),1.0,1,Đường lên Điện Biên,actor-actor,False,,False,
Mạnh Trường,Đông Nhi,0.3,0,,,False,,True,"Hà Nội, Việt Nam"
Mạnh Trường,Anh Tú (sinh 1993),0.3,0,,,False,,True,"Hà Nội, Việt Nam"
Mạnh Trường,Lan Phương,0.3,0,,,False,,True,"Hà Nội, Việt Nam"
Mạnh Trường,Quân A.P,0.3,0,,,False,,True,"Hà Nội, Việt Nam"
Mạnh Trường,Dương Hoàng Anh,0.3,0,,,False,,True,"Hà Nội, Việt Nam"
Mạnh Trường,Châu Bùi,0.3,0,,,False,,True,"Hà Nội, Việt Nam"
Mạnh Trường,Hoàng Yến Chibi,0.3,0,,,False,,True,"Hà Nội, Việt Nam"
Mạnh Trường,Hoàng Thùy Linh,0.3,0,,,False,,True,"Hà Nội, Việt Nam"
Mạnh Trường,Phạm Quỳnh Anh,0.3,0,,,False,,True,"Hà Nội, Việt Nam"
Mạnh Trường,Chi Pu,0.3,0,,,False,,True,"Hà Nội, Việt Nam"
Mạnh Trường,Tăng Nhật Tuệ,0.3,0,,,False,,True,"Hà Nội, Việt Nam"
Mạnh Trường,Đức Phúc,0.3,0,,,False,,True,"Hà Nội, Việt Nam"
Mạnh Trường,Công Dương,0.3,0,,,False,,True,"Hà Nội, Việt Nam"
Mạnh Trường,Hoàng Hà (diễn viên),0.3,0,,,False,,True,"Hà Nội, Việt Nam"
Mạnh Trường,Bùi Lan Hương,0.3,0,,,False,,True,"Hà Nội, Việt Nam"
Mạnh Trường,Mai Thu Huyền,0.3,0,,,False,,True,"Hà Nội, Việt Nam"
Mạnh Trường,Thùy Anh,0.3,0,,,False,,True,"Hà Nội, Việt Nam"
Mạnh Trường,Lương Mạnh Hải,0.3,0,,,False,,True,"Hà Nội, Việt Nam"
Mạnh Trường,Kiều Thanh,0.3,0,,,False,,True,"Hà Nội, Việt Nam"
Mạnh Trường,Lã Thanh Huyền,0.3,0,,,False,,True,"Hà Nội, Việt Nam"
Bảo Thy,Yến Trang,1.3,1,Công chúa teen và ngũ hổ tướng,actor-actor,False,,True,"Thành phố Hồ Chí Minh, Việt Nam"
Bảo Thy,Hoài Linh,2.0,2,Công chúa teen và ngũ hổ tướng|Gia sư nữ quái,actor-actor,False,,False,
Bảo Thy,Tấn Beo,1.3,1,Công chúa teen và ngũ hổ tướng,actor-actor,False,,True,"Thành phố Hồ Chí Minh, Việt Nam"
Bảo Thy,Chí Tài,2.0,2,Công chúa teen và ngũ hổ tướng|Gia sư nữ quái,actor-actor,False,,False,
Bảo Thy,Mạnh Tràng,1.0,1,Công chúa teen và ngũ hổ tướng,actor-actor,False,,False,
Bảo Thy,Hiếu Hiền,1.3,1,Công chúa teen và ngũ hổ tướng,actor-actor,False,,True,"Thành phố Hồ Chí Minh, Việt Nam"
Bảo Thy,Khổng Tú Quỳnh,1.3,1,Công chúa teen và ngũ hổ tướng,actor-actor,False,,True,"Thành phố Hồ Chí Minh, Việt Nam"
Bảo Thy,Hoàng Sơn (diễn viên),1.0,1,Công chúa teen và ngũ hổ tướng,actor-actor,False,,False,
Bảo Thy,Chí Thiện (ca sĩ),1.3,1,Công chúa teen và ngũ hổ tướng,actor-actor,False,,True,"Thành phố Hồ Chí Minh, Việt Nam"
Bảo Thy,Ưng Hoàng Phúc,1.0,1,Công chúa teen và ngũ hổ tướng,actor-actor,False,,False,
Bảo Thy,Đông Nhi,1.0,1,Công chúa teen và ngũ hổ tướng,actor-actor,False,,False,
Bảo Thy,Noo Phước Thịnh,1.3,1,Công chúa teen và ngũ hổ tướng,actor-actor,False,,True,"Thành phố Hồ Chí Minh, Việt Nam"
Bảo Thy,Ngô Kiến Huy,1.3,1,Công chúa teen và ngũ hổ tướng,actor-actor,False,,True,"Thành phố Hồ Chí Minh, Việt Nam"
Bảo Thy,Phước Sang,1.0,1,Công chúa teen và ngũ hổ tướng,actor-actor,False,,False,
Bảo Thy,Việt Anh (nghệ sĩ),1.0,1,Công chúa teen và ngũ hổ tướng,actor-actor,False,,False,
Bảo Thy,Tuyết Thu,1.0,1,Công chúa teen và ngũ hổ tướng,actor-actor,False,,False,
Bảo Thy,Bảo Quốc,1.0,1,Công chúa teen và ngũ hổ tướng,actor-actor,False,,False,
Bảo Thy,hủ tiếu,1.0,1,Công chúa teen và ngũ hổ tướng,actor-actor,False,,False,
Bảo Thy,Phi Phụng,1.0,1,Công chúa teen và ngũ hổ tướng,actor-actor,False,,False,
Bảo Thy,Phương Trinh Jolie,1.0,1,Công chúa teen và ngũ hổ tướng,actor-actor,False,,False,
Bảo Thy,Tấn Bo,1.0,1,Công chúa teen và ngũ hổ tướng,actor-actor,False,,False,
Bảo Thy,Kim Ngọc (nghệ sĩ),1.0,1,Công chúa teen và ngũ hổ tướng,actor-actor,False,,False,
Bảo Thy,Isaac (ca sĩ),1.0,1,Gia sư nữ quái,actor-actor,False,,False,
Bảo Thy,Dương Cẩm Lynh,1.0,1,Gia sư nữ quái,actor-actor,False,,False,
Bảo Thy,Tuấn Trần,0.3,0,,,False,,True,"Thành phố Hồ Chí Minh, Việt Nam"
Bảo Thy,Ngân Chi,0.3,0,,,False,,True,"Thành phố Hồ Chí Minh, Việt Nam"
Bảo Thy,Nguyễn Minh Tú,0.3,0,,,False,,True,"Thành phố Hồ Chí Minh, Việt Nam"
Bảo Thy,Uyển Ân,0.3,0,,,False,,True,"Thành phố Hồ Chí Minh, Việt Nam"
Bảo Thy,Băng Di,0.3,0,,,False,,True,"Thành phố Hồ Chí Minh, Việt Nam"
Bảo Thy,Hứa Vĩ Văn,0.3,0,,,False,,True,"Thành phố Hồ Chí Minh, Việt Nam"
Bảo Thy,Huỳnh Đông,0.3,0,,,False,,True,"Thành phố Hồ Chí Minh, Việt Nam"
Bảo Thy,Ngọc Diệp,0.3,0,,,False,,True,"Thành phố Hồ Chí Minh, Việt Nam"
Bảo Thy,Thu Trang,0.3,0,,,False,,True,"Thành phố Hồ Chí Minh, Việt Nam"
Bảo Thy,Võ Ngọc Trai,0.3,0,,,False,,True,"Thành phố Hồ Chí Minh, Việt Nam"
Bảo Thy,Jun Phạm,0.3,0,,,False,,True,"Thành phố Hồ Chí Minh, Việt Nam"
Bảo Thy,Diễm My 9x,0.3,0,,,False,,True,"Thành phố Hồ Chí Minh, Việt Nam"
Bảo Thy,Nguyễn Thắng,0.3,0,,,False,,True,"Thành phố Hồ Chí Minh, Việt Nam"
Bảo Thy,Khả Ngân,0.3,0,,,False,,True,"Thành phố Hồ Chí Minh, Việt Nam"
Bảo Thy,Tóc Tiên (ca sĩ),0.3,0,,,False,,True,"Thành phố Hồ Chí Minh, Việt Nam"
Bảo Thy,Nguyễn Thúc Thùy Tiên,0.3,0,,,False,,True,"Thành phố Hồ Chí Minh, Việt Nam"
Bảo Thy,Don Nguyễn,0.3,0,,,False,,True,"Thành phố Hồ Chí Minh, Việt Nam"
Bảo Thy,Huy Khánh,0.3,0,,,False,,True,"Thành phố Hồ Chí Minh, Việt Nam"
Bảo Thy,Đinh Ngọc Diệp,0.3,0,,,False,,True,"Thành phố Hồ Chí Minh, Việt Nam"
Bảo Thy,Đại Nghĩa (diễn viên),0.3,0,,,False,,True,"Thành phố Hồ Chí Minh, Việt Nam"
Bảo Thy,Midu,0.3,0,,,False,,True,"Thành phố Hồ Chí Minh, Việt Nam"
Bảo Thy,Tú Vi,0.3,0,,,False,,True,"Thành phố Hồ Chí Minh, Việt Nam"
Bảo Thy,Ái Phương,0.3,0,,,False,,True,"Thành phố Hồ Chí Minh, Việt Nam"
Bảo Thy,Anh Thư,0.3,0,,,False,,True,"Thành phố Hồ Chí Minh, Việt Nam"
Bảo Thy,Đan Trường,0.3,0,,,False,,True,"Thành phố Hồ Chí Minh, Việt Nam"
Bảo Thy,Wanbi Tuấn Anh,0.3,0,,,False,,True,"Thành phố Hồ Chí Minh, Việt Nam"
Bảo Thy,Elly Trần,0.3,0,,,False,,True,"Thành phố Hồ Chí Minh, Việt Nam"
Bảo Thy,Tim (ca sĩ),0.3,0,,,False,,True,"Thành phố Hồ Chí Minh, Việt Nam"
Bảo Thy,Việt Hương,0.3,0,,,False,,True,"Thành phố Hồ Chí Minh, Việt Nam"
Bảo Thy,Bảo Anh (ca sĩ),0.3,0,,,False,,True,"Thành phố Hồ Chí Minh, Việt Nam"
Bảo Thy,Thanh Trúc,0.3,0,,,False,,True,"Thành phố Hồ Chí Minh, Việt Nam"
Bảo Thy,Khánh Phương,0.3,0,,,False,,True,"Thành phố Hồ Chí Minh, Việt Nam"
Bảo Thy,Minh Hằng,0.3,0,,,False,,True,"Thành phố Hồ Chí Minh, Việt Nam"
Bảo Thy,Chí Thiện (sinh năm 1988),0.3,0,,,False,,True,"Thành phố Hồ Chí Minh, Việt Nam"
Bảo Thy,Tường Vi (diễn viên),0.3,0,,,False,,True,"Thành phố Hồ Chí Minh, Việt Nam"
Bảo Thy,Duy Khánh (diễn viên),0.3,0,,,False,,True,"Thành phố Hồ Chí Minh, Việt Nam"
Bảo Thy,Đàm Phương Linh,0.3,0,,,False,,True,"Thành phố Hồ Chí Minh, Việt Nam"
Bảo Thy,Thảo Trang,0.3,0,,,False,,True,"Thành phố Hồ Chí Minh, Việt Nam"
Bảo Thy,Uyên Linh,0.3,0,,,False,,True,"Thành phố Hồ Chí Minh, Việt Nam"
Bảo Thy,Võ Thành Tâm,0.3,0,,,False,,True,"Thành phố Hồ Chí Minh, Việt Nam"
Bảo Thy,Diễm My (diễn viên),0.3,0,,,False,,True,"Thành phố Hồ Chí Minh, Việt Nam"
Bảo Thy,Quang Tuấn,0.3,0,,,False,,True,"Thành phố Hồ Chí Minh, Việt Nam"
Bảo Thy,Lương Bích Hữu,0.3,0,,,False,,True,"Thành phố Hồ Chí Minh, Việt Nam"
Bảo Thy,Lê Công Hoàng (diễn viên),0.3,0,,,False,,True,"Thành phố Hồ Chí Minh, Việt Nam"
Bảo Thy,Suboi,0.3,0,,,False,,True,"Thành phố Hồ Chí Minh, Việt Nam"
Bảo Thy,Hồ Vĩnh Khoa,0.3,0,,,False,,True,"Thành phố Hồ Chí Minh, Việt Nam"
Bảo Thy,Thanh Thúy (diễn viên sinh 1982),0.3,0,,,False,,True,"Thành phố Hồ Chí Minh, Việt Nam"
Bảo Thy,Angela Phương Trinh,0.3,0,,,False,,True,"Thành phố Hồ Chí Minh, Việt Nam"
Bảo Thy,Thanh Thúy (sinh 1982),0.3,0,,,False,,True,"Thành phố Hồ Chí Minh, Việt Nam"
Bảo Thy,Rocker Nguyen,0.3,0,,,False,,True,"Thành phố Hồ Chí Minh, Việt Nam"
Yến Trang,Hoài Linh,1.0,1,Công chúa teen và ngũ hổ tướng,actor-actor,False,,False,
Yến Trang,Tấn Beo,1.3,1,Công chúa teen và ngũ hổ tướng,actor-actor,False,,True,"Thành phố Hồ Chí Minh, Việt Nam"
Yến Trang,Chí Tài,1.0,1,Công chúa teen và ngũ hổ tướng,actor-actor,False,,False,
Yến Trang,Mạnh Tràng,1.0,1,Công chúa teen và ngũ hổ tướng,actor-actor,False,,False,
Yến Trang,Hiếu Hiền,1.3,1,Công chúa teen và ngũ hổ tướng,actor-actor,False,,True,"Thành phố Hồ Chí Minh, Việt Nam"
Yến Trang,Khổng Tú Quỳnh,1.3,1,Công chúa teen và ngũ hổ tướng,actor-actor,False,,True,"Thành phố Hồ Chí Minh, Việt Nam"
Yến Trang,Hoàng Sơn (diễn viên),1.0,1,Công chúa teen và ngũ hổ tướng,actor-actor,False,,False,
Yến Trang,Chí Thiện (ca sĩ),1.3,1,Công chúa teen và ngũ hổ tướng,actor-actor,False,,True,"Thành phố Hồ Chí Minh, Việt Nam"
Yến Trang,Ưng Hoàng Phúc,1.0,1,Công chúa teen và ngũ hổ tướng,actor-actor,False,,False,
Yến Trang,Đông Nhi,1.0,1,Công chúa teen và ngũ hổ tướng,actor-actor,False,,False,
Yến Trang,Noo Phước Thịnh,1.3,1,Công chúa teen và ngũ hổ tướng,actor-actor,False,,True,"Thành phố Hồ Chí Minh, Việt Nam"
Yến Trang,Ngô Kiến Huy,1.3,1,Công chúa teen và ngũ hổ tướng,actor-actor,False,,True,"Thành phố Hồ Chí Minh, Việt Nam"
Yến Trang,Phước Sang,1.0,1,Công chúa teen và ngũ hổ tướng,actor-actor,False,,False,
Yến Trang,Việt Anh (nghệ sĩ),1.0,1,Công chúa teen và ngũ hổ tướng,actor-actor,False,,False,
Yến Trang,Tuyết Thu,1.0,1,Công chúa teen và ngũ hổ tướng,actor-actor,False,,False,
Yến Trang,Bảo Quốc,1.0,1,Công chúa teen và ngũ hổ tướng,actor-actor,False,,False,
Yến Trang,hủ tiếu,1.0,1,Công chúa teen và ngũ hổ tướng,actor-actor,False,,False,
Yến Trang,Phi Phụng,1.0,1,Công chúa teen và ngũ hổ tướng,actor-actor,False,,False,
Yến Trang,Phương Trinh Jolie,1.0,1,Công chúa teen và ngũ hổ tướng,actor-actor,False,,False,
Yến Trang,Tấn Bo,1.0,1,Công chúa teen và ngũ hổ tướng,actor-actor,False,,False,
Yến Trang,Kim Ngọc (nghệ sĩ),1.0,1,Công chúa teen và ngũ hổ tướng,actor-actor,False,,False,
Yến Trang,Tuấn Trần,0.3,0,,,False,,True,"Thành phố Hồ Chí Minh, Việt Nam"
Yến Trang,Ngân Chi,0.3,0,,,False,,True,"Thành phố Hồ Chí Minh, Việt Nam"
Yến Trang,Nguyễn Minh Tú,0.3,0,,,False,,True,"Thành phố Hồ Chí Minh, Việt Nam"
Yến Trang,Uyển Ân,0.3,0,,,False,,True,"Thành phố Hồ Chí Minh, Việt Nam"
Yến Trang,Băng Di,0.3,0,,,False,,True,"Thành phố Hồ Chí Minh, Việt Nam"
Yến Trang,Hứa Vĩ Văn,0.3,0,,,False,,True,"Thành phố Hồ Chí Minh, Việt Nam"
Yến Trang,Huỳnh Đông,0.3,0,,,False,,True,"Thành phố Hồ Chí Minh, Việt Nam"
Yến Trang,Ngọc Diệp,0.3,0,,,False,,True,"Thành phố Hồ Chí Minh, Việt Nam"
Yến Trang,Thu Trang,0.3,0,,,False,,True,"Thành phố Hồ Chí Minh, Việt Nam"
Yến Trang,Võ Ngọc Trai,0.3,0,,,False,,True,"Thành phố Hồ Chí Minh, Việt Nam"
Yến Trang,Jun Phạm,0.3,0,,,False,,True,"Thành phố Hồ Chí Minh, Việt Nam"
Yến Trang,Diễm My 9x,0.3,0,,,False,,True,"Thành phố Hồ Chí Minh, Việt Nam"
Yến Trang,Nguyễn Thắng,0.3,0,,,False,,True,"Thành phố Hồ Chí Minh, Việt Nam"
Yến Trang,Khả Ngân,0.3,0,,,False,,True,"Thành phố Hồ Chí Minh, Việt Nam"
Yến Trang,Tóc Tiên (ca sĩ),0.3,0,,,False,,True,"Thành phố Hồ Chí Minh, Việt Nam"
Yến Trang,Nguyễn Thúc Thùy Tiên,0.3,0,,,False,,True,"Thành phố Hồ Chí Minh, Việt Nam"
Yến Trang,Don Nguyễn,0.3,0,,,False,,True,"Thành phố Hồ Chí Minh, Việt Nam"
Yến Trang,Huy Khánh,0.3,0,,,False,,True,"Thành phố Hồ Chí Minh, Việt Nam"
Yến Trang,Đinh Ngọc Diệp,0.3,0,,,False,,True,"Thành phố Hồ Chí Minh, Việt Nam"
Yến Trang,Đại Nghĩa (diễn viên),0.3,0,,,False,,True,"Thành phố Hồ Chí Minh, Việt Nam"
Yến Trang,Midu,0.3,0,,,False,,True,"Thành phố Hồ Chí Minh, Việt Nam"
Yến Trang,Tú Vi,0.3,0,,,False,,True,"Thành phố Hồ Chí Minh, Việt Nam"
Yến Trang,Ái Phương,0.3,0,,,False,,True,"Thành phố Hồ Chí Minh, Việt Nam"
Yến Trang,Anh Thư,0.3,0,,,False,,True,"Thành phố Hồ Chí Minh, Việt Nam"
Yến Trang,Đan Trường,0.3,0,,,False,,True,"Thành phố Hồ Chí Minh, Việt Nam"
Yến Trang,Wanbi Tuấn Anh,0.3,0,,,False,,True,"Thành phố Hồ Chí Minh, Việt Nam"
Yến Trang,Elly Trần,0.3,0,,,False,,True,"Thành phố Hồ Chí Minh, Việt Nam"
Yến Trang,Tim (ca sĩ),0.3,0,,,False,,True,"Thành phố Hồ Chí Minh, Việt Nam"
Yến Trang,Việt Hương,0.3,0,,,False,,True,"Thành phố Hồ Chí Minh, Việt Nam"
Yến Trang,Bảo Anh (ca sĩ),0.3,0,,,False,,True,"Thành phố Hồ Chí Minh, Việt Nam"
Yến Trang,Thanh Trúc,0.3,0,,,False,,True,"Thành phố Hồ Chí Minh, Việt Nam"
Yến Trang,Khánh Phương,0.3,0,,,False,,True,"Thành phố Hồ Chí Minh, Việt Nam"
Yến Trang,Minh Hằng,0.3,0,,,False,,True,"Thành phố Hồ Chí Minh, Việt Nam"
Yến Trang,Chí Thiện (sinh năm 1988),0.3,0,,,False,,True,"Thành phố Hồ Chí Minh, Việt Nam"
Yến Trang,Tường Vi (diễn viên),0.3,0,,,False,,True,"Thành phố Hồ Chí Minh, Việt Nam"
Yến Trang,Duy Khánh (diễn viên),0.3,0,,,False,,True,"Thành phố Hồ Chí Minh, Việt Nam"
Yến Trang,Đàm Phương Linh,0.3,0,,,False,,True,"Thành phố Hồ Chí Minh, Việt Nam"
Yến Trang,Thảo Trang,0.3,0,,,False,,True,"Thành phố Hồ Chí Minh, Việt Nam"
Yến Trang,Uyên Linh,0.3,0,,,False,,True,"Thành phố Hồ Chí Minh, Việt Nam"
Yến Trang,Võ Thành Tâm,0.3,0,,,False,,True,"Thành phố Hồ Chí Minh, Việt Nam"
Yến Trang,Diễm My (diễn viên),0.3,0,,,False,,True,"Thành phố Hồ Chí Minh, Việt Nam"
Yến Trang,Quang Tuấn,0.3,0,,,False,,True,"Thành phố Hồ Chí Minh, Việt Nam"
Yến Trang,Lương Bích Hữu,0.3,0,,,False,,True,"Thành phố Hồ Chí Minh, Việt Nam"
Yến Trang,Lê Công Hoàng (diễn viên),0.3,0,,,False,,True,"Thành phố Hồ Chí Minh, Việt Nam"
Yến Trang,Suboi,0.3,0,,,False,,True,"Thành phố Hồ Chí Minh, Việt Nam"
Yến Trang,Hồ Vĩnh Khoa,0.3,0,,,False,,True,"Thành phố Hồ Chí Minh, Việt Nam"
Yến Trang,Thanh Thúy (diễn viên sinh 1982),0.3,0,,,False,,True,"Thành phố Hồ Chí Minh, Việt Nam"
Yến Trang,Angela Phương Trinh,0.3,0,,,False,,True,"Thành phố Hồ Chí Minh, Việt Nam"
Yến Trang,Thanh Thúy (sinh 1982),0.3,0,,,False,,True,"Thành phố Hồ Chí Minh, Việt Nam"
Yến Trang,Rocker Nguyen,0.3,0,,,False,,True,"Thành phố Hồ Chí Minh, Việt Nam"
Hoài Linh,Tấn Beo,5.0,5,Công chúa teen và ngũ hổ tướng|Võ lâm truyền kỳ (phim)|Hello cô Ba|Nhà có 5 nàng tiên|Tía tui là cao thủ,actor-actor,False,,False,
Hoài Linh,Chí Tài,5.0,5,Công chúa teen và ngũ hổ tướng|Gia sư nữ quái|Hoán đổi thân xác|Nhà có 5 nàng tiên|Năm sau con lại về,actor-actor,False,,False,
Hoài Linh,Mạnh Tràng,2.0,2,Công chúa teen và ngũ hổ tướng|Hello cô Ba,actor-actor,False,,False,
Hoài Linh,Hiếu Hiền,4.0,4,Công chúa teen và ngũ hổ tướng|Nụ hôn thần chết (phim)|Hello cô Ba|Nụ hôn thần chết,actor-actor,False,,False,
Hoài Linh,Khổng Tú Quỳnh,1.0,1,Công chúa teen và ngũ hổ tướng,actor-actor,False,,False,
Hoài Linh,Hoàng Sơn (diễn viên),2.0,2,Công chúa teen và ngũ hổ tướng|Nhà có 5 nàng tiên,actor-actor,False,,False,
Hoài Linh,Chí Thiện (ca sĩ),1.0,1,Công chúa teen và ngũ hổ tướng,actor-actor,False,,False,
Hoài Linh,Ưng Hoàng Phúc,1.0,1,Công chúa teen và ngũ hổ tướng,actor-actor,False,,False,
Hoài Linh,Đông Nhi,1.0,1,Công chúa teen và ngũ hổ tướng,actor-actor,False,,False,
Hoài Linh,Noo Phước Thịnh,1.0,1,Công chúa teen và ngũ hổ tướng,actor-actor,False,,False,
Hoài Linh,Ngô Kiến Huy,2.0,2,Công chúa teen và ngũ hổ tướng|Tía tui là cao thủ,actor-actor,False,,False,
Hoài Linh,Phước Sang,2.0,2,Công chúa teen và ngũ hổ tướng|Hello cô Ba,actor-actor,False,,False,
Hoài Linh,Việt Anh (nghệ sĩ),4.0,4,Công chúa teen và ngũ hổ tướng|Võ lâm truyền kỳ (phim)|Hello cô Ba|Năm sau con lại về,actor-actor,False,,False,
Hoài Linh,Tuyết Thu,1.0,1,Công chúa teen và ngũ hổ tướng,actor-actor,False,,False,
Hoài Linh,Bảo Quốc,2.0,2,Công chúa teen và ngũ hổ tướng|Võ lâm truyền kỳ (phim),actor-actor,False,,False,
Hoài Linh,hủ tiếu,1.0,1,Công chúa teen và ngũ hổ tướng,actor-actor,False,,False,
Hoài Linh,Phi Phụng,4.0,4,Công chúa teen và ngũ hổ tướng|Hoán đổi thân xác|Hello cô Ba|Nhà có 5 nàng tiên,actor-actor,False,,False,
Hoài Linh,Phương Trinh Jolie,2.0,2,Công chúa teen và ngũ hổ tướng|Hello cô Ba,actor-actor,False,,False,
Hoài Linh,Tấn Bo,1.0,1,Công chúa teen và ngũ hổ tướng,actor-actor,False,,False,
Hoài Linh,Kim Ngọc (nghệ sĩ),1.0,1,Công chúa teen và ngũ hổ tướng,actor-actor,False,,False,
Hoài Linh,Isaac (ca sĩ),1.0,1,Gia sư nữ quái,actor-actor,False,,False,
Hoài Linh,Dương Cẩm Lynh,1.0,1,Gia sư nữ quái,actor-actor,False,,False,
Hoài Linh,Đan Trường,1.0,1,Võ lâm truyền kỳ (phim),actor-actor,False,,False,
Hoài Linh,Chi Bảo,1.0,1,Võ lâm truyền kỳ (phim),actor-actor,False,,False,
Hoài Linh,Thanh Thảo (ca sĩ),1.0,1,Võ lâm truyền kỳ (phim),actor-actor,False,,False,
Hoài Linh,Vũ Thu Phương,1.0,1,Võ lâm truyền kỳ (phim),actor-actor,False,,False,
Hoài Linh,Ngọc Giàu,2.0,2,Võ lâm truyền kỳ (phim)|Năm sau con lại về,actor-actor,False,,False,
Hoài Linh,Cát Phượng,1.0,1,Võ lâm truyền kỳ (phim),actor-actor,False,,False,
Hoài Linh,Marilyn Monroe,1.0,1,Võ lâm truyền kỳ (phim),actor-actor,False,,False,
Hoài Linh,Michael Jackson,1.0,1,Võ lâm truyền kỳ (phim),actor-actor,False,,False,
Hoài Linh,Khánh Nam (diễn viên),1.0,1,Võ lâm truyền kỳ (phim),actor-actor,False,,False,
Hoài Linh,Charlie Chaplin,1.0,1,Võ lâm truyền kỳ (phim),actor-actor,False,,False,
Hoài Linh,Minh Béo,1.0,1,Võ lâm truyền kỳ (phim),actor-actor,False,,False,
Hoài Linh,Hữu Lộc,1.0,1,Võ lâm truyền kỳ (phim),actor-actor,False,,False,
Hoài Linh,đỏ,1.0,1,Võ lâm truyền kỳ (phim),actor-actor,False,,False,
Hoài Linh,Thái Hòa (diễn viên),1.0,1,Võ lâm truyền kỳ (phim),actor-actor,False,,False,
Hoài Linh,Da cam,1.0,1,Võ lâm truyền kỳ (phim),actor-actor,False,,False,
Hoài Linh,Johnny Trí Nguyễn,2.0,2,Nụ hôn thần chết (phim)|Nụ hôn thần chết,actor-actor,False,,False,
Hoài Linh,Thanh Hằng,2.0,2,Nụ hôn thần chết (phim)|Nụ hôn thần chết,actor-actor,False,,False,
Hoài Linh,Thành Lộc,2.0,2,Nụ hôn thần chết (phim)|Nụ hôn thần chết,actor-actor,False,,False,
Hoài Linh,Phương Thanh,3.0,3,Nụ hôn thần chết (phim)|Nhà có 5 nàng tiên|Nụ hôn thần chết,actor-actor,False,,False,
Hoài Linh,Hương Giang (diễn viên),2.0,2,Nụ hôn thần chết (phim)|Nụ hôn thần chết,actor-actor,False,,False,
Hoài Linh,Vĩnh Thụy (diễn viên),2.0,2,Nụ hôn thần chết (phim)|Nụ hôn thần chết,actor-actor,False,,False,
Hoài Linh,Thủy Tiên (ca sĩ),2.0,2,Nụ hôn thần chết (phim)|Nụ hôn thần chết,actor-actor,False,,False,
Hoài Linh,Trinh Hoan,2.0,2,Nụ hôn thần chết (phim)|Nụ hôn thần chết,actor-actor,False,,False,
Hoài Linh,Minh Đức (diễn viên),2.0,2,Nụ hôn thần chết (phim)|Nụ hôn thần chết,actor-actor,False,,False,
Hoài Linh,Lê Bình (diễn viên),2.0,2,Nụ hôn thần chết (phim)|Nụ hôn thần chết,actor-actor,False,,False,
Hoài Linh,Lê Hóa,2.0,2,Nụ hôn thần chết (phim)|Nụ hôn thần chết,actor-actor,False,,False,
Hoài Linh,Lê Quốc Nam,2.0,2,Nụ hôn thần chết (phim)|Nụ hôn thần chết,actor-actor,False,,False,
Hoài Linh,Nguyễn Quang Dũng (đạo diễn),2.0,2,Nụ hôn thần chết (phim)|Nụ hôn thần chết,actor-actor,False,,False,
Hoài Linh,DJ,2.0,2,Nụ hôn thần chết (phim)|Nụ hôn thần chết,actor-actor,False,,False,
Hoài Linh,Wanbi Tuấn Anh,1.0,1,Bóng ma học đường,actor-actor,False,,False,
Hoài Linh,Trương Quỳnh Anh,1.0,1,Bóng ma học đường,actor-actor,False,,False,
Hoài Linh,Ngọc Diệp,1.0,1,Bóng ma học đường,actor-actor,False,,False,
Hoài Linh,Elly Trần,1.0,1,Bóng ma học đường,actor-actor,False,,False,
Hoài Linh,Tim (ca sĩ),1.0,1,Bóng ma học đường,actor-actor,False,,False,
Hoài Linh,Hiền Mai,1.0,1,Bóng ma học đường,actor-actor,False,,False,
Hoài Linh,Nhật Cường,2.0,2,Hoán đổi thân xác|Năm sau con lại về,actor-actor,False,,False,
Hoài Linh,Trương Thế Vinh,2.0,2,Hoán đổi thân xác|Nhà có 5 nàng tiên,actor-actor,False,,False,
Hoài Linh,Ngọc Oanh,1.0,1,Hoán đổi thân xác,actor-actor,False,,False,
Hoài Linh,Long Đẹp Trai,1.0,1,Hoán đổi thân xác,actor-actor,False,,False,
Hoài Linh,Linh Trung (diễn viên),1.0,1,Hoán đổi thân xác,actor-actor,False,,False,
Hoài Linh,Bạch Long (nghệ sĩ cải lương,1.0,1,Hoán đổi thân xác,actor-actor,False,,False,
Hoài Linh,Mai Trần,1.0,1,Hoán đổi thân xác,actor-actor,False,,False,
Hoài Linh,Ba Luân,1.0,1,Hoán đổi thân xác,actor-actor,False,,False,
Hoài Linh,Dung Nhon,1.0,1,Hoán đổi thân xác,actor-actor,False,,False,
Hoài Linh,Hải Triều (diễn viên),1.0,1,Hoán đổi thân xác,actor-actor,False,,False,
Hoài Linh,Chiến,1.0,1,Hoán đổi thân xác,actor-actor,False,,False,
Hoài Linh,Bá Nhân,1.0,1,Hoán đổi thân xác,actor-actor,False,,False,
Hoài Linh,Thanh Khang,1.0,1,Hoán đổi thân xác,actor-actor,False,,False,
Hoài Linh,Thiên Thủy (diễn viên),1.0,1,Hoán đổi thân xác,actor-actor,False,,False,
Hoài Linh,Thành Nam (diễn viên),1.0,1,Hoán đổi thân xác,actor-actor,False,,False,
Hoài Linh,Tân Trực,1.0,1,Hoán đổi thân xác,actor-actor,False,,False,
Hoài Linh,Quang Khang,1.0,1,Hoán đổi thân xác,actor-actor,False,,False,
Hoài Linh,Thanh Tâm (diễn viên),1.0,1,Hoán đổi thân xác,actor-actor,False,,False,
Hoài Linh,Thành Tài,1.0,1,Hoán đổi thân xác,actor-actor,False,,False,
Hoài Linh,Bé Vỹ,1.0,1,Hoán đổi thân xác,actor-actor,False,,False,
Hoài Linh,Tùng Linh,1.0,1,Hoán đổi thân xác,actor-actor,False,,False,
Hoài Linh,Phi Điểu,1.0,1,Hoán đổi thân xác,actor-actor,False,,False,
Hoài Linh,Công Huy,1.0,1,Hoán đổi thân xác,actor-actor,False,,False,
Hoài Linh,Long Ho,1.0,1,Hoán đổi thân xác,actor-actor,False,,False,
Hoài Linh,Cát Trắng,1.0,1,Hoán đổi thân xác,actor-actor,False,,False,
Hoài Linh,Thanh Thủy (diễn viên),2.0,2,Hello cô Ba|Năm sau con lại về,actor-actor,False,,False,
Hoài Linh,Huỳnh Anh Tuấn,1.0,1,Hello cô Ba,actor-actor,False,,False,
Hoài Linh,Trịnh Kim Chi,1.0,1,Hello cô Ba,actor-actor,False,,False,
Hoài Linh,Lương Thế Thành,1.0,1,Hello cô Ba,actor-actor,False,,False,
Hoài Linh,Phi Nhung,2.0,2,Hello cô Ba|Nhà có 5 nàng tiên,actor-actor,False,,False,
Hoài Linh,Phạm Văn Mách,1.0,1,Hello cô Ba,actor-actor,False,,False,
Hoài Linh,Kiều Mai Lý,3.0,3,Hello cô Ba|Nhà có 5 nàng tiên|Năm sau con lại về,actor-actor,False,,False,
Hoài Linh,Việt Hương,2.0,2,Nhà có 5 nàng tiên|Tía tui là cao thủ,actor-actor,False,,False,
Hoài Linh,Yaya Trương Nhi,1.0,1,Nhà có 5 nàng tiên,actor-actor,False,,False,
Hoài Linh,Ngân Khánh,1.0,1,Nhà có 5 nàng tiên,actor-actor,False,,False,
Hoài Linh,Minh Thảo,1.0,1,Nhà có 5 nàng tiên,actor-actor,False,,False,
Hoài Linh,Bảo Anh (ca sĩ),1.0,1,Nhà có 5 nàng tiên,actor-actor,False,,False,
Hoài Linh,Miu Lê,1.0,1,Nhà có 5 nàng tiên,actor-actor,False,,False,
Hoài Linh,Hà Trí Quang,1.0,1,Nhà có 5 nàng tiên,actor-actor,False,,False,
Hoài Linh,Minh Luân,1.0,1,Nhà có 5 nàng tiên,actor-actor,False,,False,
Hoài Linh,Quốc Trường (diễn viên),1.0,1,Nhà có 5 nàng tiên,actor-actor,False,,False,
Hoài Linh,Cát Tường (diễn viên),2.0,2,Nhà có 5 nàng tiên|Tía tui là cao thủ,actor-actor,False,,False,
Hoài Linh,Thanh Bạch,1.0,1,Nhà có 5 nàng tiên,actor-actor,False,,False,
Hoài Linh,Quốc Thuận,2.0,2,Nhà có 5 nàng tiên|Năm sau con lại về,actor-actor,False,,False,
Hoài Linh,Hứa Minh Đạt,2.0,2,Nhà có 5 nàng tiên|Năm sau con lại về,actor-actor,False,,False,
Hoài Linh,Lâm Vỹ Dạ,1.0,1,Nhà có 5 nàng tiên,actor-actor,False,,False,
Hoài Linh,Quách Ngọc Tuyên,1.0,1,Nhà có 5 nàng tiên,actor-actor,False,,False,
Hoài Linh,Nam Thư,1.0,1,Nhà có 5 nàng tiên,actor-actor,False,,False,
Hoài Linh,Quý Bình,1.0,1,Năm sau con lại về,actor-actor,False,,False,
Hoài Linh,Lê Khánh,1.0,1,Năm sau con lại về,actor-actor,False,,False,
Hoài Linh,Thanh Trúc,1.0,1,Năm sau con lại về,actor-actor,False,,False,
Hoài Linh,Trường Giang (nghệ sĩ),1.0,1,Năm sau con lại về,actor-actor,False,,False,
Hoài Linh,Tiến Luật,1.0,1,Năm sau con lại về,actor-actor,False,,False,
Hoài Linh,Thu Trang,1.0,1,Năm sau con lại về,actor-actor,False,,False,
Hoài Linh,Khả Như,1.0,1,Tía tui là cao thủ,actor-actor,False,,False,
Hoài Linh,Ái Phương,1.0,1,Tía tui là cao thủ,actor-actor,False,,False,
Hoài Linh,Hoài Lâm,1.0,1,Tía tui là cao thủ,actor-actor,False,,False,
Tấn Beo,Chí Tài,2.0,2,Công chúa teen và ngũ hổ tướng|Nhà có 5 nàng tiên,actor-actor,False,,False,
Tấn Beo,Mạnh Tràng,2.0,2,Công chúa teen và ngũ hổ tướng|Hello cô Ba,actor-actor,False,,False,
Tấn Beo,Hiếu Hiền,3.3,3,Công chúa teen và ngũ hổ tướng|Hello cô Ba|Bay vào cõi mộng,actor-actor,False,,True,"Thành phố Hồ Chí Minh, Việt Nam"
Tấn Beo,Khổng Tú Quỳnh,1.3,1,Công chúa teen và ngũ hổ tướng,actor-actor,False,,True,"Thành phố Hồ Chí Minh, Việt Nam"
Tấn Beo,Hoàng Sơn (diễn viên),3.0,3,Công chúa teen và ngũ hổ tướng|Nhà có 5 nàng tiên|Khi đàn ông có bầu,actor-actor,False,,False,
Tấn Beo,Chí Thiện (ca sĩ),1.3,1,Công chúa teen và ngũ hổ tướng,actor-actor,False,,True,"Thành phố Hồ Chí Minh, Việt Nam"
Tấn Beo,Ưng Hoàng Phúc,1.0,1,Công chúa teen và ngũ hổ tướng,actor-actor,False,,False,
Tấn Beo,Đông Nhi,1.0,1,Công chúa teen và ngũ hổ tướng,actor-actor,False,,False,
Tấn Beo,Noo Phước Thịnh,1.3,1,Công chúa teen và ngũ hổ tướng,actor-actor,False,,True,"Thành phố Hồ Chí Minh, Việt Nam"
Tấn Beo,Ngô Kiến Huy,2.3,2,Công chúa teen và ngũ hổ tướng|Tía tui là cao thủ,actor-actor,False,,True,"Thành phố Hồ Chí Minh, Việt Nam"
Tấn Beo,Phước Sang,3.0,3,Công chúa teen và ngũ hổ tướng|Hello cô Ba|Khi đàn ông có bầu,actor-actor,False,,False,
Tấn Beo,Việt Anh (nghệ sĩ),4.0,4,Công chúa teen và ngũ hổ tướng|Võ lâm truyền kỳ (phim)|Hello cô Ba|Khi đàn ông có bầu,actor-actor,False,,False,
Tấn Beo,Tuyết Thu,1.0,1,Công chúa teen và ngũ hổ tướng,actor-actor,False,,False,
Tấn Beo,Bảo Quốc,3.0,3,Công chúa teen và ngũ hổ tướng|Võ lâm truyền kỳ (phim)|Khi đàn ông có bầu,actor-actor,False,,False,
Tấn Beo,hủ tiếu,1.0,1,Công chúa teen và ngũ hổ tướng,actor-actor,False,,False,
Tấn Beo,Phi Phụng,3.0,3,Công chúa teen và ngũ hổ tướng|Hello cô Ba|Nhà có 5 nàng tiên,actor-actor,False,,False,
Tấn Beo,Phương Trinh Jolie,2.0,2,Công chúa teen và ngũ hổ tướng|Hello cô Ba,actor-actor,False,,False,
Tấn Beo,Tấn Bo,3.0,3,Công chúa teen và ngũ hổ tướng|Khi đàn ông có bầu|Bay vào cõi mộng,actor-actor,False,,False,
Tấn Beo,Kim Ngọc (nghệ sĩ),2.0,2,Công chúa teen và ngũ hổ tướng|Khi đàn ông có bầu,actor-actor,False,,False,
Tấn Beo,Johnny Trí Nguyễn,1.0,1,Cưới ngay kẻo lỡ,actor-actor,False,,False,
Tấn Beo,Ngọc Diệp,1.3,1,Cưới ngay kẻo lỡ,actor-actor,False,,True,"Thành phố Hồ Chí Minh, Việt Nam"
Tấn Beo,Thái Hòa (diễn viên),2.0,2,Cưới ngay kẻo lỡ|Võ lâm truyền kỳ (phim),actor-actor,False,,False,
Tấn Beo,Thanh Thủy (diễn viên),2.0,2,Cưới ngay kẻo lỡ|Hello cô Ba,actor-actor,False,,False,
Tấn Beo,Nguyễn Chánh Tín,2.0,2,Cưới ngay kẻo lỡ|Khi đàn ông có bầu,actor-actor,False,,False,
Tấn Beo,Diễm My,1.0,1,Cưới ngay kẻo lỡ,actor-actor,False,,False,
Tấn Beo,Minh Đức (diễn viên),1.0,1,Cưới ngay kẻo lỡ,actor-actor,False,,False,
Tấn Beo,Hữu Luân,1.0,1,Cưới ngay kẻo lỡ,actor-actor,False,,False,
Tấn Beo,Hồ Kiểng,1.0,1,Cưới ngay kẻo lỡ,actor-actor,False,,False,
Tấn Beo,Đan Trường,1.3,1,Võ lâm truyền kỳ (phim),actor-actor,False,,True,"Thành phố Hồ Chí Minh, Việt Nam"
Tấn Beo,Chi Bảo,2.0,2,Võ lâm truyền kỳ (phim)|Khi đàn ông có bầu,actor-actor,False,,False,
Tấn Beo,Thanh Thảo (ca sĩ),1.0,1,Võ lâm truyền kỳ (phim),actor-actor,False,,False,
Tấn Beo,Vũ Thu Phương,1.0,1,Võ lâm truyền kỳ (phim),actor-actor,False,,False,
Tấn Beo,Ngọc Giàu,2.0,2,Võ lâm truyền kỳ (phim)|Khi đàn ông có bầu,actor-actor,False,,False,
Tấn Beo,Cát Phượng,1.0,1,Võ lâm truyền kỳ (phim),actor-actor,False,,False,
Tấn Beo,Marilyn Monroe,1.0,1,Võ lâm truyền kỳ (phim),actor-actor,False,,False,
Tấn Beo,Michael Jackson,1.0,1,Võ lâm truyền kỳ (phim),actor-actor,False,,False,
Tấn Beo,Khánh Nam (diễn viên),1.0,1,Võ lâm truyền kỳ (phim),actor-actor,False,,False,
Tấn Beo,Charlie Chaplin,1.0,1,Võ lâm truyền kỳ (phim),actor-actor,False,,False,
Tấn Beo,Minh Béo,1.0,1,Võ lâm truyền kỳ (phim),actor-actor,False,,False,
Tấn Beo,Hữu Lộc,2.0,2,Võ lâm truyền kỳ (phim)|Khi đàn ông có bầu,actor-actor,False,,False,
Tấn Beo,đỏ,1.0,1,Võ lâm truyền kỳ (phim),actor-actor,False,,False,
Tấn Beo,Da cam,1.0,1,Võ lâm truyền kỳ (phim),actor-actor,False,,False,
Tấn Beo,Huỳnh Anh Tuấn,2.0,2,Hello cô Ba|Khi đàn ông có bầu,actor-actor,False,,False,
Tấn Beo,Trịnh Kim Chi,1.0,1,Hello cô Ba,actor-actor,False,,False,
Tấn Beo,Lương Thế Thành,2.0,2,Hello cô Ba|Bay vào cõi mộng,actor-actor,False,,False,
Tấn Beo,Phi Nhung,2.0,2,Hello cô Ba|Nhà có 5 nàng tiên,actor-actor,False,,False,
Tấn Beo,Phạm Văn Mách,1.0,1,Hello cô Ba,actor-actor,False,,False,
Tấn Beo,Kiều Mai Lý,2.0,2,Hello cô Ba|Nhà có 5 nàng tiên,actor-actor,False,,False,
Tấn Beo,Việt Hương,3.3,3,Nhà có 5 nàng tiên|Tía tui là cao thủ|Khi đàn ông có bầu,actor-actor,False,,True,"Thành phố Hồ Chí Minh, Việt Nam"
Tấn Beo,Yaya Trương Nhi,1.0,1,Nhà có 5 nàng tiên,actor-actor,False,,False,
Tấn Beo,Ngân Khánh,1.0,1,Nhà có 5 nàng tiên,actor-actor,False,,False,
Tấn Beo,Minh Thảo,1.0,1,Nhà có 5 nàng tiên,actor-actor,False,,False,
Tấn Beo,Bảo Anh (ca sĩ),1.3,1,Nhà có 5 nàng tiên,actor-actor,False,,True,"Thành phố Hồ Chí Minh, Việt Nam"
Tấn Beo,Miu Lê,1.0,1,Nhà có 5 nàng tiên,actor-actor,False,,False,
Tấn Beo,Trương Thế Vinh,1.0,1,Nhà có 5 nàng tiên,actor-actor,False,,False,
Tấn Beo,Hà Trí Quang,1.0,1,Nhà có 5 nàng tiên,actor-actor,False,,False,
Tấn Beo,Minh Luân,1.0,1,Nhà có 5 nàng tiên,actor-actor,False,,False,
Tấn Beo,Quốc Trường (diễn viên),1.0,1,Nhà có 5 nàng tiên,actor-actor,False,,False,
Tấn Beo,Cát Tường (diễn viên),2.0,2,Nhà có 5 nàng tiên|Tía tui là cao thủ,actor-actor,False,,False,
Tấn Beo,Phương Thanh,2.0,2,Nhà có 5 nàng tiên|Khi đàn ông có bầu,actor-actor,False,,False,
Tấn Beo,Thanh Bạch,1.0,1,Nhà có 5 nàng tiên,actor-actor,False,,False,
Tấn Beo,Quốc Thuận,1.0,1,Nhà có 5 nàng tiên,actor-actor,False,,False,
Tấn Beo,Hứa Minh Đạt,1.0,1,Nhà có 5 nàng tiên,actor-actor,False,,False,
Tấn Beo,Lâm Vỹ Dạ,1.0,1,Nhà có 5 nàng tiên,actor-actor,False,,False,
Tấn Beo,Quách Ngọc Tuyên,1.0,1,Nhà có 5 nàng tiên,actor-actor,False,,False,
Tấn Beo,Nam Thư,1.0,1,Nhà có 5 nàng tiên,actor-actor,False,,False,
Tấn Beo,Khả Như,1.0,1,Tía tui là cao thủ,actor-actor,False,,False,
Tấn Beo,Ái Phương,1.3,1,Tía tui là cao thủ,actor-actor,False,,True,"Thành phố Hồ Chí Minh, Việt Nam"
Tấn Beo,Hoài Lâm,1.0,1,Tía tui là cao thủ,actor-actor,False,,False,
Tấn Beo,Nguyễn Phi Hùng (ca sĩ),1.0,1,Khi đàn ông có bầu,actor-actor,False,,False,
Tấn Beo,Hồng Nga,1.0,1,Khi đàn ông có bầu,actor-actor,False,,False,
Tấn Beo,Trương Ngọc Ánh,1.0,1,Khi đàn ông có bầu,actor-actor,False,,False,
Tấn Beo,Bảo Chung,1.0,1,Khi đàn ông có bầu,actor-actor,False,,False,
Tấn Beo,Hồng Vân (diễn viên),1.0,1,Khi đàn ông có bầu,actor-actor,False,,False,
Tấn Beo,Quyền Linh,1.0,1,Khi đàn ông có bầu,actor-actor,False,,False,
Tấn Beo,Thúy Nga (nghệ sĩ),1.0,1,Khi đàn ông có bầu,actor-actor,False,,False,
Tấn Beo,Hữu Nghĩa,1.0,1,Khi đàn ông có bầu,actor-actor,False,,False,
Tấn Beo,Kim Khánh (diễn viên),1.0,1,Khi đàn ông có bầu,actor-actor,False,,False,
Tấn Beo,Mỹ Uyên,1.0,1,Khi đàn ông có bầu,actor-actor,False,,False,
Tấn Beo,quần vợt,1.0,1,Khi đàn ông có bầu,actor-actor,False,,False,
Tấn Beo,Anh Vũ (nghệ sĩ),1.0,1,Khi đàn ông có bầu,actor-actor,False,,False,
Tấn Beo,gà,1.0,1,Khi đàn ông có bầu,actor-actor,False,,False,
Tấn Beo,Hồng Tơ,1.0,1,Khi đàn ông có bầu,actor-actor,False,,False,
Tấn Beo,Minh Thuận (ca sĩ),1.0,1,Khi đàn ông có bầu,actor-actor,False,,False,
Tấn Beo,Mạc Can,1.0,1,Khi đàn ông có bầu,actor-actor,False,,False,
Tấn Beo,Vĩnh Thuyên Kim,1.0,1,Bay vào cõi mộng,actor-actor,False,,False,
Tấn Beo,Nikki Dương Nhật Vi,1.0,1,Bay vào cõi mộng,actor-actor,False,,False,
Tấn Beo,Kiều Oanh,1.0,1,Bay vào cõi mộng,actor-actor,False,,False,
Tấn Beo,Lê Huỳnh,1.0,1,Bay vào cõi mộng,actor-actor,False,,False,
Tấn Beo,Tommy Ngô,1.0,1,Bay vào cõi mộng,actor-actor,False,,False,
Tấn Beo,Lynda Trang Đài,1.0,1,Bay vào cõi mộng,actor-actor,False,,False,
Tấn Beo,Khánh Phương,1.3,1,Bay vào cõi mộng,actor-actor,False,,True,"Thành phố Hồ Chí Minh, Việt Nam"
Tấn Beo,Hải Băng,1.0,1,Bay vào cõi mộng,actor-actor,False,,False,
Tấn Beo,Xuân Lan,1.0,1,Bay vào cõi mộng,actor-actor,False,,False,
Tấn Beo,Mai Trần,1.0,1,Bay vào cõi mộng,actor-actor,False,,False,
Tấn Beo,Ngân Quỳnh,1.0,1,Bay vào cõi mộng,actor-actor,False,,False,
Tấn Beo,Thu Tuyết,1.0,1,Bay vào cõi mộng,actor-actor,False,,False,
Tấn Beo,Bùi Tấn Trường,1.0,1,Bay vào cõi mộng,actor-actor,False,,False,
Tấn Beo,Tuấn Trần,0.3,0,,,False,,True,"Thành phố Hồ Chí Minh, Việt Nam"
Tấn Beo,Ngân Chi,0.3,0,,,False,,True,"Thành phố Hồ Chí Minh, Việt Nam"
Tấn Beo,Nguyễn Minh Tú,0.3,0,,,False,,True,"Thành phố Hồ Chí Minh, Việt Nam"
Tấn Beo,Uyển Ân,0.3,0,,,False,,True,"Thành phố Hồ Chí Minh, Việt Nam"
Tấn Beo,Băng Di,0.3,0,,,False,,True,"Thành phố Hồ Chí Minh, Việt Nam"
Tấn Beo,Hứa Vĩ Văn,0.3,0,,,False,,True,"Thành phố Hồ Chí Minh, Việt Nam"
Tấn Beo,Huỳnh Đông,0.3,0,,,False,,True,"Thành phố Hồ Chí Minh, Việt Nam"
Tấn Beo,Thu Trang,0.3,0,,,False,,True,"Thành phố Hồ Chí Minh, Việt Nam"
Tấn Beo,Võ Ngọc Trai,0.3,0,,,False,,True,"Thành phố Hồ Chí Minh, Việt Nam"
Tấn Beo,Jun Phạm,0.3,0,,,False,,True,"Thành phố Hồ Chí Minh, Việt Nam"
Tấn Beo,Diễm My 9x,0.3,0,,,False,,True,"Thành phố Hồ Chí Minh, Việt Nam"
Tấn Beo,Nguyễn Thắng,0.3,0,,,False,,True,"Thành phố Hồ Chí Minh, Việt Nam"
Tấn Beo,Khả Ngân,0.3,0,,,False,,True,"Thành phố Hồ Chí Minh, Việt Nam"
Tấn Beo,Tóc Tiên (ca sĩ),0.3,0,,,False,,True,"Thành phố Hồ Chí Minh, Việt Nam"
Tấn Beo,Nguyễn Thúc Thùy Tiên,0.3,0,,,False,,True,"Thành phố Hồ Chí Minh, Việt Nam"
Tấn Beo,Don Nguyễn,0.3,0,,,False,,True,"Thành phố Hồ Chí Minh, Việt Nam"
Tấn Beo,Huy Khánh,0.3,0,,,False,,True,"Thành phố Hồ Chí Minh, Việt Nam"
Tấn Beo,Đinh Ngọc Diệp,0.3,0,,,False,,True,"Thành phố Hồ Chí Minh, Việt Nam"
Tấn Beo,Đại Nghĩa (diễn viên),0.3,0,,,False,,True,"Thành phố Hồ Chí Minh, Việt Nam"
Tấn Beo,Midu,0.3,0,,,False,,True,"Thành phố Hồ Chí Minh, Việt Nam"
Tấn Beo,Tú Vi,0.3,0,,,False,,True,"Thành phố Hồ Chí Minh, Việt Nam"
Tấn Beo,Anh Thư,0.3,0,,,False,,True,"Thành phố Hồ Chí Minh, Việt Nam"
Tấn Beo,Wanbi Tuấn Anh,0.3,0,,,False,,True,"Thành phố Hồ Chí Minh, Việt Nam"
Tấn Beo,Elly Trần,0.3,0,,,False,,True,"Thành phố Hồ Chí Minh, Việt Nam"
Tấn Beo,Tim (ca sĩ),0.3,0,,,False,,True,"Thành phố Hồ Chí Minh, Việt Nam"
Tấn Beo,Thanh Trúc,0.3,0,,,False,,True,"Thành phố Hồ Chí Minh, Việt Nam"
Tấn Beo,Minh Hằng,0.3,0,,,False,,True,"Thành phố Hồ Chí Minh, Việt Nam"
Tấn Beo,Chí Thiện (sinh năm 1988),0.3,0,,,False,,True,"Thành phố Hồ Chí Minh, Việt Nam"
Tấn Beo,Tường Vi (diễn viên),0.3,0,,,False,,True,"Thành phố Hồ Chí Minh, Việt Nam"
Tấn Beo,Duy Khánh (diễn viên),0.3,0,,,False,,True,"Thành phố Hồ Chí Minh, Việt Nam"
Tấn Beo,Đàm Phương Linh,0.3,0,,,False,,True,"Thành phố Hồ Chí Minh, Việt Nam"
Tấn Beo,Thảo Trang,0.3,0,,,False,,True,"Thành phố Hồ Chí Minh, Việt Nam"
Tấn Beo,Uyên Linh,0.3,0,,,False,,True,"Thành phố Hồ Chí Minh, Việt Nam"
Tấn Beo,Võ Thành Tâm,0.3,0,,,False,,True,"Thành phố Hồ Chí Minh, Việt Nam"
Tấn Beo,Diễm My (diễn viên),0.3,0,,,False,,True,"Thành phố Hồ Chí Minh, Việt Nam"
Tấn Beo,Quang Tuấn,0.3,0,,,False,,True,"Thành phố Hồ Chí Minh, Việt Nam"
Tấn Beo,Lương Bích Hữu,0.3,0,,,False,,True,"Thành phố Hồ Chí Minh, Việt Nam"
Tấn Beo,Lê Công Hoàng (diễn viên),0.3,0,,,False,,True,"Thành phố Hồ Chí Minh, Việt Nam"
Tấn Beo,Suboi,0.3,0,,,False,,True,"Thành phố Hồ Chí Minh, Việt Nam"
Tấn Beo,Hồ Vĩnh Khoa,0.3,0,,,False,,True,"Thành phố Hồ Chí Minh, Việt Nam"
Tấn Beo,Thanh Thúy (diễn viên sinh 1982),0.3,0,,,False,,True,"Thành phố Hồ Chí Minh, Việt Nam"
Tấn Beo,Angela Phương Trinh,0.3,0,,,False,,True,"Thành phố Hồ Chí Minh, Việt Nam"
Tấn Beo,Thanh Thúy (sinh 1982),0.3,0,,,False,,True,"Thành phố Hồ Chí Minh, Việt Nam"
Tấn Beo,Rocker Nguyen,0.3,0,,,False,,True,"Thành phố Hồ Chí Minh, Việt Nam"
Chí Tài,Mạnh Tràng,1.0,1,Công chúa teen và ngũ hổ tướng,actor-actor,False,,False,
Chí Tài,Hiếu Hiền,1.0,1,Công chúa teen và ngũ hổ tướng,actor-actor,False,,False,
Chí Tài,Khổng Tú Quỳnh,1.0,1,Công chúa teen và ngũ hổ tướng,actor-actor,False,,False,
Chí Tài,Hoàng Sơn (diễn viên),2.0,2,Công chúa teen và ngũ hổ tướng|Nhà có 5 nàng tiên,actor-actor,False,,False,
Chí Tài,Chí Thiện (ca sĩ),1.0,1,Công chúa teen và ngũ hổ tướng,actor-actor,False,,False,
Chí Tài,Ưng Hoàng Phúc,1.0,1,Công chúa teen và ngũ hổ tướng,actor-actor,False,,False,
Chí Tài,Đông Nhi,1.0,1,Công chúa teen và ngũ hổ tướng,actor-actor,False,,False,
Chí Tài,Noo Phước Thịnh,1.0,1,Công chúa teen và ngũ hổ tướng,actor-actor,False,,False,
Chí Tài,Ngô Kiến Huy,2.0,2,Công chúa teen và ngũ hổ tướng|Thần tượng (phim),actor-actor,False,,False,
Chí Tài,Phước Sang,1.0,1,Công chúa teen và ngũ hổ tướng,actor-actor,False,,False,
Chí Tài,Việt Anh (nghệ sĩ),2.0,2,Công chúa teen và ngũ hổ tướng|Năm sau con lại về,actor-actor,False,,False,
Chí Tài,Tuyết Thu,1.0,1,Công chúa teen và ngũ hổ tướng,actor-actor,False,,False,
Chí Tài,Bảo Quốc,1.0,1,Công chúa teen và ngũ hổ tướng,actor-actor,False,,False,
Chí Tài,hủ tiếu,1.0,1,Công chúa teen và ngũ hổ tướng,actor-actor,False,,False,
Chí Tài,Phi Phụng,3.0,3,Công chúa teen và ngũ hổ tướng|Hoán đổi thân xác|Nhà có 5 nàng tiên,actor-actor,False,,False,
Chí Tài,Phương Trinh Jolie,1.0,1,Công chúa teen và ngũ hổ tướng,actor-actor,False,,False,
Chí Tài,Tấn Bo,1.0,1,Công chúa teen và ngũ hổ tướng,actor-actor,False,,False,
Chí Tài,Kim Ngọc (nghệ sĩ),1.0,1,Công chúa teen và ngũ hổ tướng,actor-actor,False,,False,
Chí Tài,Isaac (ca sĩ),1.0,1,Gia sư nữ quái,actor-actor,False,,False,
Chí Tài,Dương Cẩm Lynh,1.0,1,Gia sư nữ quái,actor-actor,False,,False,
Chí Tài,Dustin Nguyễn,1.0,1,Trúng số (phim 2015),actor-actor,False,,False,
Chí Tài,Thu Trang,2.0,2,Trúng số (phim 2015)|Năm sau con lại về,actor-actor,False,,False,
Chí Tài,Kim Xuân,1.0,1,Trúng số (phim 2015),actor-actor,False,,False,
Chí Tài,Phi Thanh Vân,1.0,1,Trúng số (phim 2015),actor-actor,False,,False,
Chí Tài,Mai Thế Hiệp,1.0,1,Trúng số (phim 2015),actor-actor,False,,False,
Chí Tài,Thụy Mười,1.0,1,Trúng số (phim 2015),actor-actor,False,,False,
Chí Tài,Thái Hòa (diễn viên),1.0,1,Hồn papa da con gái,actor-actor,False,,False,
Chí Tài,Hồng Vân (diễn viên),1.0,1,Hồn papa da con gái,actor-actor,False,,False,
Chí Tài,Thành Lộc,1.0,1,Hồn papa da con gái,actor-actor,False,,False,
Chí Tài,Kathy Uyên,1.0,1,Hồn papa da con gái,actor-actor,False,,False,
Chí Tài,Vân Trang,1.0,1,Hồn papa da con gái,actor-actor,False,,False,
Chí Tài,Mỹ Duyên,1.0,1,Hồn papa da con gái,actor-actor,False,,False,
Chí Tài,Huy Khánh,1.0,1,Hồn papa da con gái,actor-actor,False,,False,
Chí Tài,Lê Bình (diễn viên),1.0,1,Hồn papa da con gái,actor-actor,False,,False,
Chí Tài,Phương Anh Đào,1.0,1,Hồn papa da con gái,actor-actor,False,,False,
Chí Tài,Jun Phạm,1.0,1,Hồn papa da con gái,actor-actor,False,,False,
Chí Tài,Nhật Cường,2.0,2,Hoán đổi thân xác|Năm sau con lại về,actor-actor,False,,False,
Chí Tài,Trương Thế Vinh,2.0,2,Hoán đổi thân xác|Nhà có 5 nàng tiên,actor-actor,False,,False,
Chí Tài,Ngọc Oanh,1.0,1,Hoán đổi thân xác,actor-actor,False,,False,
Chí Tài,Long Đẹp Trai,1.0,1,Hoán đổi thân xác,actor-actor,False,,False,
Chí Tài,Linh Trung (diễn viên),1.0,1,Hoán đổi thân xác,actor-actor,False,,False,
Chí Tài,Bạch Long (nghệ sĩ cải lương,1.0,1,Hoán đổi thân xác,actor-actor,False,,False,
Chí Tài,Mai Trần,1.0,1,Hoán đổi thân xác,actor-actor,False,,False,
Chí Tài,Ba Luân,1.0,1,Hoán đổi thân xác,actor-actor,False,,False,
Chí Tài,Dung Nhon,1.0,1,Hoán đổi thân xác,actor-actor,False,,False,
Chí Tài,Hải Triều (diễn viên),1.0,1,Hoán đổi thân xác,actor-actor,False,,False,
Chí Tài,Chiến,1.0,1,Hoán đổi thân xác,actor-actor,False,,False,
Chí Tài,Bá Nhân,1.0,1,Hoán đổi thân xác,actor-actor,False,,False,
Chí Tài,Thanh Khang,1.0,1,Hoán đổi thân xác,actor-actor,False,,False,
Chí Tài,Thiên Thủy (diễn viên),1.0,1,Hoán đổi thân xác,actor-actor,False,,False,
Chí Tài,Thành Nam (diễn viên),1.0,1,Hoán đổi thân xác,actor-actor,False,,False,
Chí Tài,Tân Trực,1.0,1,Hoán đổi thân xác,actor-actor,False,,False,
Chí Tài,Quang Khang,1.0,1,Hoán đổi thân xác,actor-actor,False,,False,
Chí Tài,Thanh Tâm (diễn viên),1.0,1,Hoán đổi thân xác,actor-actor,False,,False,
Chí Tài,Thành Tài,1.0,1,Hoán đổi thân xác,actor-actor,False,,False,
Chí Tài,Bé Vỹ,1.0,1,Hoán đổi thân xác,actor-actor,False,,False,
Chí Tài,Tùng Linh,1.0,1,Hoán đổi thân xác,actor-actor,False,,False,
Chí Tài,Phi Điểu,1.0,1,Hoán đổi thân xác,actor-actor,False,,False,
Chí Tài,Công Huy,1.0,1,Hoán đổi thân xác,actor-actor,False,,False,
Chí Tài,Long Ho,1.0,1,Hoán đổi thân xác,actor-actor,False,,False,
Chí Tài,Cát Trắng,1.0,1,Hoán đổi thân xác,actor-actor,False,,False,
Chí Tài,Việt Hương,1.0,1,Nhà có 5 nàng tiên,actor-actor,False,,False,
Chí Tài,Yaya Trương Nhi,1.0,1,Nhà có 5 nàng tiên,actor-actor,False,,False,
Chí Tài,Ngân Khánh,1.0,1,Nhà có 5 nàng tiên,actor-actor,False,,False,
Chí Tài,Minh Thảo,1.0,1,Nhà có 5 nàng tiên,actor-actor,False,,False,
Chí Tài,Bảo Anh (ca sĩ),1.0,1,Nhà có 5 nàng tiên,actor-actor,False,,False,
Chí Tài,Miu Lê,1.0,1,Nhà có 5 nàng tiên,actor-actor,False,,False,
Chí Tài,Hà Trí Quang,1.0,1,Nhà có 5 nàng tiên,actor-actor,False,,False,
Chí Tài,Minh Luân,1.0,1,Nhà có 5 nàng tiên,actor-actor,False,,False,
Chí Tài,Quốc Trường (diễn viên),1.0,1,Nhà có 5 nàng tiên,actor-actor,False,,False,
Chí Tài,Cát Tường (diễn viên),1.0,1,Nhà có 5 nàng tiên,actor-actor,False,,False,
Chí Tài,Phương Thanh,1.0,1,Nhà có 5 nàng tiên,actor-actor,False,,False,
Chí Tài,Thanh Bạch,1.0,1,Nhà có 5 nàng tiên,actor-actor,False,,False,
Chí Tài,Phi Nhung,1.0,1,Nhà có 5 nàng tiên,actor-actor,False,,False,
Chí Tài,Quốc Thuận,2.0,2,Nhà có 5 nàng tiên|Năm sau con lại về,actor-actor,False,,False,
Chí Tài,Kiều Mai Lý,2.0,2,Nhà có 5 nàng tiên|Năm sau con lại về,actor-actor,False,,False,
Chí Tài,Hứa Minh Đạt,2.0,2,Nhà có 5 nàng tiên|Năm sau con lại về,actor-actor,False,,False,
Chí Tài,Lâm Vỹ Dạ,1.0,1,Nhà có 5 nàng tiên,actor-actor,False,,False,
Chí Tài,Quách Ngọc Tuyên,1.0,1,Nhà có 5 nàng tiên,actor-actor,False,,False,
Chí Tài,Nam Thư,1.0,1,Nhà có 5 nàng tiên,actor-actor,False,,False,
Chí Tài,Thanh Thủy (diễn viên),1.0,1,Năm sau con lại về,actor-actor,False,,False,
Chí Tài,Quý Bình,1.0,1,Năm sau con lại về,actor-actor,False,,False,
Chí Tài,Lê Khánh,1.0,1,Năm sau con lại về,actor-actor,False,,False,
Chí Tài,Ngọc Giàu,1.0,1,Năm sau con lại về,actor-actor,False,,False,
Chí Tài,Thanh Trúc,1.0,1,Năm sau con lại về,actor-actor,False,,False,
Chí Tài,Trường Giang (nghệ sĩ),1.0,1,Năm sau con lại về,actor-actor,False,,False,
Chí Tài,Tiến Luật,1.0,1,Năm sau con lại về,actor-actor,False,,False,
Chí Tài,Harry Lu,1.0,1,Thần tượng (phim),actor-actor,False,,False,
Chí Tài,Hoàng Thùy Linh,1.0,1,Thần tượng (phim),actor-actor,False,,False,
Chí Tài,Hứa Vĩ Văn,1.0,1,Thần tượng (phim),actor-actor,False,,False,
Chí Tài,Văn Tùng,1.0,1,Thần tượng (phim),actor-actor,False,,False,
Chí Tài,Phạm Quỳnh Anh,1.0,1,Thần tượng (phim),actor-actor,False,,False,
Chí Tài,Quang Thắng,1.0,1,Thần tượng (phim),actor-actor,False,,False,
Chí Tài,Chi Pu,1.0,1,Thần tượng (phim),actor-actor,False,,False,
Chí Tài,Nguyễn Hậu,1.0,1,Thần tượng (phim),actor-actor,False,,False,
Mạnh Tràng,Hiếu Hiền,2.0,2,Công chúa teen và ngũ hổ tướng|Hello cô Ba,actor-actor,False,,False,
Mạnh Tràng,Khổng Tú Quỳnh,1.0,1,Công chúa teen và ngũ hổ tướng,actor-actor,False,,False,
Mạnh Tràng,Hoàng Sơn (diễn viên),1.0,1,Công chúa teen và ngũ hổ tướng,actor-actor,False,,False,
Mạnh Tràng,Chí Thiện (ca sĩ),1.0,1,Công chúa teen và ngũ hổ tướng,actor-actor,False,,False,
Mạnh Tràng,Ưng Hoàng Phúc,1.0,1,Công chúa teen và ngũ hổ tướng,actor-actor,False,,False,
Mạnh Tràng,Đông Nhi,1.0,1,Công chúa teen và ngũ hổ tướng,actor-actor,False,,False,
Mạnh Tràng,Noo Phước Thịnh,1.0,1,Công chúa teen và ngũ hổ tướng,actor-actor,False,,False,
Mạnh Tràng,Ngô Kiến Huy,1.0,1,Công chúa teen và ngũ hổ tướng,actor-actor,False,,False,
Mạnh Tràng,Phước Sang,2.0,2,Công chúa teen và ngũ hổ tướng|Hello cô Ba,actor-actor,False,,False,
Mạnh Tràng,Việt Anh (nghệ sĩ),2.0,2,Công chúa teen và ngũ hổ tướng|Hello cô Ba,actor-actor,False,,False,
Mạnh Tràng,Tuyết Thu,1.0,1,Công chúa teen và ngũ hổ tướng,actor-actor,False,,False,
Mạnh Tràng,Bảo Quốc,1.0,1,Công chúa teen và ngũ hổ tướng,actor-actor,False,,False,
Mạnh Tràng,hủ tiếu,1.0,1,Công chúa teen và ngũ hổ tướng,actor-actor,False,,False,
Mạnh Tràng,Phi Phụng,2.0,2,Công chúa teen và ngũ hổ tướng|Hello cô Ba,actor-actor,False,,False,
Mạnh Tràng,Phương Trinh Jolie,2.0,2,Công chúa teen và ngũ hổ tướng|Hello cô Ba,actor-actor,False,,False,
Mạnh Tràng,Tấn Bo,1.0,1,Công chúa teen và ngũ hổ tướng,actor-actor,False,,False,
Mạnh Tràng,Kim Ngọc (nghệ sĩ),1.0,1,Công chúa teen và ngũ hổ tướng,actor-actor,False,,False,
Mạnh Tràng,Thanh Thủy (diễn viên),1.0,1,Hello cô Ba,actor-actor,False,,False,
Mạnh Tràng,Huỳnh Anh Tuấn,1.0,1,Hello cô Ba,actor-actor,False,,False,
Mạnh Tràng,Trịnh Kim Chi,1.0,1,Hello cô Ba,actor-actor,False,,False,
Mạnh Tràng,Lương Thế Thành,1.0,1,Hello cô Ba,actor-actor,False,,False,
Mạnh Tràng,Phi Nhung,1.0,1,Hello cô Ba,actor-actor,False,,False,
Mạnh Tràng,Phạm Văn Mách,1.0,1,Hello cô Ba,actor-actor,False,,False,
Mạnh Tràng,Kiều Mai Lý,1.0,1,Hello cô Ba,actor-actor,False,,False,
Mạnh Tràng,Tiết Cương,0.3,0,,,False,,True,"Long An, Việt Nam Cộng hòa"
Hiếu Hiền,Khổng Tú Quỳnh,1.3,1,Công chúa teen và ngũ hổ tướng,actor-actor,False,,True,"Thành phố Hồ Chí Minh, Việt Nam"
Hiếu Hiền,Hoàng Sơn (diễn viên),1.0,1,Công chúa teen và ngũ hổ tướng,actor-actor,False,,False,
Hiếu Hiền,Chí Thiện (ca sĩ),1.3,1,Công chúa teen và ngũ hổ tướng,actor-actor,False,,True,"Thành phố Hồ Chí Minh, Việt Nam"
Hiếu Hiền,Ưng Hoàng Phúc,1.0,1,Công chúa teen và ngũ hổ tướng,actor-actor,False,,False,
Hiếu Hiền,Đông Nhi,1.0,1,Công chúa teen và ngũ hổ tướng,actor-actor,False,,False,
Hiếu Hiền,Noo Phước Thịnh,1.3,1,Công chúa teen và ngũ hổ tướng,actor-actor,False,,True,"Thành phố Hồ Chí Minh, Việt Nam"
Hiếu Hiền,Ngô Kiến Huy,1.3,1,Công chúa teen và ngũ hổ tướng,actor-actor,False,,True,"Thành phố Hồ Chí Minh, Việt Nam"
Hiếu Hiền,Phước Sang,2.0,2,Công chúa teen và ngũ hổ tướng|Hello cô Ba,actor-actor,False,,False,
Hiếu Hiền,Việt Anh (nghệ sĩ),2.0,2,Công chúa teen và ngũ hổ tướng|Hello cô Ba,actor-actor,False,,False,
Hiếu Hiền,Tuyết Thu,1.0,1,Công chúa teen và ngũ hổ tướng,actor-actor,False,,False,
Hiếu Hiền,Bảo Quốc,1.0,1,Công chúa teen và ngũ hổ tướng,actor-actor,False,,False,
Hiếu Hiền,hủ tiếu,1.0,1,Công chúa teen và ngũ hổ tướng,actor-actor,False,,False,
Hiếu Hiền,Phi Phụng,2.0,2,Công chúa teen và ngũ hổ tướng|Hello cô Ba,actor-actor,False,,False,
Hiếu Hiền,Phương Trinh Jolie,2.0,2,Công chúa teen và ngũ hổ tướng|Hello cô Ba,actor-actor,False,,False,
Hiếu Hiền,Tấn Bo,2.0,2,Công chúa teen và ngũ hổ tướng|Bay vào cõi mộng,actor-actor,False,,False,
Hiếu Hiền,Kim Ngọc (nghệ sĩ),1.0,1,Công chúa teen và ngũ hổ tướng,actor-actor,False,,False,
Hiếu Hiền,Thái Hòa (diễn viên),2.0,2,Long Ruồi|Lửa Phật,actor-actor,False,,False,
Hiếu Hiền,Tinna Tình,1.0,1,Long Ruồi,actor-actor,False,,False,
Hiếu Hiền,Phi Thanh Vân,2.0,2,Long Ruồi|Lửa Phật,actor-actor,False,,False,
Hiếu Hiền,Khương Ngọc,2.0,2,Long Ruồi|Tiền chùa,actor-actor,False,,False,
Hiếu Hiền,Mai Thành,1.0,1,Long Ruồi,actor-actor,False,,False,
Hiếu Hiền,Nguyễn Hậu,4.0,4,Long Ruồi|Bẫy rồng|Lửa Phật|Tiền chùa,actor-actor,False,,False,
Hiếu Hiền,Quốc Huy (diễn viên),1.0,1,Long Ruồi,actor-actor,False,,False,
Hiếu Hiền,Jayvee Mai Thế Hiệp,1.0,1,Long Ruồi,actor-actor,False,,False,
Hiếu Hiền,Thanh Bùi,1.0,1,Long Ruồi,actor-actor,False,,False,
Hiếu Hiền,Isaac (ca sĩ),1.0,1,Tấm Cám: Chuyện chưa kể,actor-actor,False,,False,
Hiếu Hiền,Hữu Châu,1.0,1,Tấm Cám: Chuyện chưa kể,actor-actor,False,,False,
Hiếu Hiền,365daband,1.0,1,Tấm Cám: Chuyện chưa kể,actor-actor,False,,False,
Hiếu Hiền,Võ Ngọc Trai,1.3,1,Tấm Cám: Chuyện chưa kể,actor-actor,False,,True,"Thành phố Hồ Chí Minh, Việt Nam"
Hiếu Hiền,S.T Sơn Thạch,1.0,1,Tấm Cám: Chuyện chưa kể,actor-actor,False,,False,
Hiếu Hiền,Jun Phạm,1.3,1,Tấm Cám: Chuyện chưa kể,actor-actor,False,,True,"Thành phố Hồ Chí Minh, Việt Nam"
Hiếu Hiền,Thành Lộc,3.0,3,Tấm Cám: Chuyện chưa kể|Nụ hôn thần chết (phim)|Nụ hôn thần chết,actor-actor,False,,False,
Hiếu Hiền,Ngọc Giàu,1.0,1,Tấm Cám: Chuyện chưa kể,actor-actor,False,,False,
Hiếu Hiền,Johnny Trí Nguyễn,3.0,3,Bẫy rồng|Nụ hôn thần chết (phim)|Nụ hôn thần chết,actor-actor,False,,False,
Hiếu Hiền,Hoàng Phúc (diễn viên),1.0,1,Bẫy rồng,actor-actor,False,,False,
Hiếu Hiền,Lâm Minh Thắng,1.0,1,Bẫy rồng,actor-actor,False,,False,
Hiếu Hiền,Dustin Nguyễn,1.0,1,Lửa Phật,actor-actor,False,,False,
Hiếu Hiền,Ngọc Diệp,1.3,1,Lửa Phật,actor-actor,False,,True,"Thành phố Hồ Chí Minh, Việt Nam"
Hiếu Hiền,Xuân Phát,1.0,1,Lửa Phật,actor-actor,False,,False,
Hiếu Hiền,Bùi Văn Hải,1.0,1,Lửa Phật,actor-actor,False,,False,
Hiếu Hiền,Kiều Mai Lý,2.0,2,Lửa Phật|Hello cô Ba,actor-actor,False,,False,
Hiếu Hiền,Thanh Hằng,3.0,3,Nụ hôn thần chết (phim)|Nụ hôn thần chết|Những cô gái chân dài,actor-actor,False,,False,
Hiếu Hiền,Phương Thanh,4.0,4,"Nụ hôn thần chết (phim)|Nụ hôn thần chết|Hot boy nổi loạn và câu chuyện về thằng Cười, cô gái điếm và con vịt|Hot boy nổi loạn",actor-actor,False,,False,
Hiếu Hiền,Hương Giang (diễn viên),2.0,2,Nụ hôn thần chết (phim)|Nụ hôn thần chết,actor-actor,False,,False,
Hiếu Hiền,Vĩnh Thụy (diễn viên),2.0,2,Nụ hôn thần chết (phim)|Nụ hôn thần chết,actor-actor,False,,False,
Hiếu Hiền,Thủy Tiên (ca sĩ),2.0,2,Nụ hôn thần chết (phim)|Nụ hôn thần chết,actor-actor,False,,False,
Hiếu Hiền,Trinh Hoan,2.0,2,Nụ hôn thần chết (phim)|Nụ hôn thần chết,actor-actor,False,,False,
Hiếu Hiền,Minh Đức (diễn viên),2.0,2,Nụ hôn thần chết (phim)|Nụ hôn thần chết,actor-actor,False,,False,
Hiếu Hiền,Lê Bình (diễn viên),3.0,3,Nụ hôn thần chết (phim)|Nụ hôn thần chết|Tiền chùa,actor-actor,False,,False,
Hiếu Hiền,Lê Hóa,2.0,2,Nụ hôn thần chết (phim)|Nụ hôn thần chết,actor-actor,False,,False,
Hiếu Hiền,Lê Quốc Nam,2.0,2,Nụ hôn thần chết (phim)|Nụ hôn thần chết,actor-actor,False,,False,
Hiếu Hiền,Nguyễn Quang Dũng (đạo diễn),2.0,2,Nụ hôn thần chết (phim)|Nụ hôn thần chết,actor-actor,False,,False,
Hiếu Hiền,DJ,2.0,2,Nụ hôn thần chết (phim)|Nụ hôn thần chết,actor-actor,False,,False,
Hiếu Hiền,Thanh Thủy (diễn viên),1.0,1,Hello cô Ba,actor-actor,False,,False,
Hiếu Hiền,Huỳnh Anh Tuấn,1.0,1,Hello cô Ba,actor-actor,False,,False,
Hiếu Hiền,Trịnh Kim Chi,1.0,1,Hello cô Ba,actor-actor,False,,False,
Hiếu Hiền,Lương Thế Thành,2.0,2,Hello cô Ba|Bay vào cõi mộng,actor-actor,False,,False,
Hiếu Hiền,Phi Nhung,1.0,1,Hello cô Ba,actor-actor,False,,False,
Hiếu Hiền,Phạm Văn Mách,1.0,1,Hello cô Ba,actor-actor,False,,False,
Hiếu Hiền,Vĩnh Thuyên Kim,1.0,1,Bay vào cõi mộng,actor-actor,False,,False,
Hiếu Hiền,Nikki Dương Nhật Vi,1.0,1,Bay vào cõi mộng,actor-actor,False,,False,
Hiếu Hiền,Kiều Oanh,1.0,1,Bay vào cõi mộng,actor-actor,False,,False,
Hiếu Hiền,Lê Huỳnh,1.0,1,Bay vào cõi mộng,actor-actor,False,,False,
Hiếu Hiền,Tommy Ngô,1.0,1,Bay vào cõi mộng,actor-actor,False,,False,
Hiếu Hiền,Lynda Trang Đài,1.0,1,Bay vào cõi mộng,actor-actor,False,,False,
Hiếu Hiền,Khánh Phương,1.3,1,Bay vào cõi mộng,actor-actor,False,,True,"Thành phố Hồ Chí Minh, Việt Nam"
Hiếu Hiền,Hải Băng,1.0,1,Bay vào cõi mộng,actor-actor,False,,False,
Hiếu Hiền,Xuân Lan,2.0,2,Bay vào cõi mộng|Những cô gái chân dài,actor-actor,False,,False,
Hiếu Hiền,Mai Trần,1.0,1,Bay vào cõi mộng,actor-actor,False,,False,
Hiếu Hiền,Ngân Quỳnh,1.0,1,Bay vào cõi mộng,actor-actor,False,,False,
Hiếu Hiền,Thu Tuyết,1.0,1,Bay vào cõi mộng,actor-actor,False,,False,
Hiếu Hiền,Bùi Tấn Trường,1.0,1,Bay vào cõi mộng,actor-actor,False,,False,
Hiếu Hiền,Vân Trang,1.0,1,Tiền chùa,actor-actor,False,,False,
Hiếu Hiền,Mai Thế Hiệp,1.0,1,Tiền chùa,actor-actor,False,,False,
Hiếu Hiền,Lương Mạnh Hải,2.0,2,"Hot boy nổi loạn và câu chuyện về thằng Cười, cô gái điếm và con vịt|Hot boy nổi loạn",actor-actor,False,,False,
Hiếu Hiền,Hồ Vĩnh Khoa,2.3,2,"Hot boy nổi loạn và câu chuyện về thằng Cười, cô gái điếm và con vịt|Hot boy nổi loạn",actor-actor,False,,True,"Thành phố Hồ Chí Minh, Việt Nam"
Hiếu Hiền,Thiên Kim (diễn viên),2.0,2,"Hot boy nổi loạn và câu chuyện về thằng Cười, cô gái điếm và con vịt|Hot boy nổi loạn",actor-actor,False,,False,
Hiếu Hiền,Don Nguyễn,2.3,2,"Hot boy nổi loạn và câu chuyện về thằng Cười, cô gái điếm và con vịt|Hot boy nổi loạn",actor-actor,False,,True,"Thành phố Hồ Chí Minh, Việt Nam"
Hiếu Hiền,Huy Cường,2.0,2,"Hot boy nổi loạn và câu chuyện về thằng Cười, cô gái điếm và con vịt|Hot boy nổi loạn",actor-actor,False,,False,
Hiếu Hiền,Lê Dương Bảo Lâm,2.0,2,"Hot boy nổi loạn và câu chuyện về thằng Cười, cô gái điếm và con vịt|Hot boy nổi loạn",actor-actor,False,,False,
Hiếu Hiền,Minh Anh (diễn viên),1.0,1,Những cô gái chân dài,actor-actor,False,,False,
Hiếu Hiền,Anh Thư,1.3,1,Những cô gái chân dài,actor-actor,False,,True,"Thành phố Hồ Chí Minh, Việt Nam"
Hiếu Hiền,Dương Yến Ngọc,1.0,1,Những cô gái chân dài,actor-actor,False,,False,
Hiếu Hiền,Tống Bạch Thủy,1.0,1,Những cô gái chân dài,actor-actor,False,,False,
Hiếu Hiền,Ngọc Nga,1.0,1,Những cô gái chân dài,actor-actor,False,,False,
Hiếu Hiền,Mai Hoa (diễn viên),1.0,1,Những cô gái chân dài,actor-actor,False,,False,
Hiếu Hiền,Trương Thanh Long,1.0,1,Những cô gái chân dài,actor-actor,False,,False,
Hiếu Hiền,Hải Đông,1.0,1,Những cô gái chân dài,actor-actor,False,,False,
Hiếu Hiền,Như Quỳnh (diễn viên),1.0,1,Những cô gái chân dài,actor-actor,False,,False,
Hiếu Hiền,Văn Tùng,1.0,1,Những cô gái chân dài,actor-actor,False,,False,
Hiếu Hiền,Thanh Thúy (diễn viên sinh 1982),1.3,1,Những cô gái chân dài,actor-actor,False,,True,"Thành phố Hồ Chí Minh, Việt Nam"
Hiếu Hiền,Như Cầm,1.0,1,Những cô gái chân dài,actor-actor,False,,False,
Hiếu Hiền,Tuấn Trần,0.3,0,,,False,,True,"Thành phố Hồ Chí Minh, Việt Nam"
Hiếu Hiền,Ngân Chi,0.3,0,,,False,,True,"Thành phố Hồ Chí Minh, Việt Nam"
Hiếu Hiền,Nguyễn Minh Tú,0.3,0,,,False,,True,"Thành phố Hồ Chí Minh, Việt Nam"
Hiếu Hiền,Uyển Ân,0.3,0,,,False,,True,"Thành phố Hồ Chí Minh, Việt Nam"
Hiếu Hiền,Băng Di,0.3,0,,,False,,True,"Thành phố Hồ Chí Minh, Việt Nam"
Hiếu Hiền,Hứa Vĩ Văn,0.3,0,,,False,,True,"Thành phố Hồ Chí Minh, Việt Nam"
Hiếu Hiền,Huỳnh Đông,0.3,0,,,False,,True,"Thành phố Hồ Chí Minh, Việt Nam"
Hiếu Hiền,Thu Trang,0.3,0,,,False,,True,"Thành phố Hồ Chí Minh, Việt Nam"
Hiếu Hiền,Diễm My 9x,0.3,0,,,False,,True,"Thành phố Hồ Chí Minh, Việt Nam"
Hiếu Hiền,Nguyễn Thắng,0.3,0,,,False,,True,"Thành phố Hồ Chí Minh, Việt Nam"
Hiếu Hiền,Khả Ngân,0.3,0,,,False,,True,"Thành phố Hồ Chí Minh, Việt Nam"
Hiếu Hiền,Tóc Tiên (ca sĩ),0.3,0,,,False,,True,"Thành phố Hồ Chí Minh, Việt Nam"
Hiếu Hiền,Nguyễn Thúc Thùy Tiên,0.3,0,,,False,,True,"Thành phố Hồ Chí Minh, Việt Nam"
Hiếu Hiền,Huy Khánh,0.3,0,,,False,,True,"Thành phố Hồ Chí Minh, Việt Nam"
Hiếu Hiền,Đinh Ngọc Diệp,0.3,0,,,False,,True,"Thành phố Hồ Chí Minh, Việt Nam"
Hiếu Hiền,Đại Nghĩa (diễn viên),0.3,0,,,False,,True,"Thành phố Hồ Chí Minh, Việt Nam"
Hiếu Hiền,Midu,0.3,0,,,False,,True,"Thành phố Hồ Chí Minh, Việt Nam"
Hiếu Hiền,Tú Vi,0.3,0,,,False,,True,"Thành phố Hồ Chí Minh, Việt Nam"
Hiếu Hiền,Ái Phương,0.3,0,,,False,,True,"Thành phố Hồ Chí Minh, Việt Nam"
Hiếu Hiền,Đan Trường,0.3,0,,,False,,True,"Thành phố Hồ Chí Minh, Việt Nam"
Hiếu Hiền,Wanbi Tuấn Anh,0.3,0,,,False,,True,"Thành phố Hồ Chí Minh, Việt Nam"
Hiếu Hiền,Elly Trần,0.3,0,,,False,,True,"Thành phố Hồ Chí Minh, Việt Nam"
Hiếu Hiền,Tim (ca sĩ),0.3,0,,,False,,True,"Thành phố Hồ Chí Minh, Việt Nam"
Hiếu Hiền,Việt Hương,0.3,0,,,False,,True,"Thành phố Hồ Chí Minh, Việt Nam"
Hiếu Hiền,Bảo Anh (ca sĩ),0.3,0,,,False,,True,"Thành phố Hồ Chí Minh, Việt Nam"
Hiếu Hiền,Thanh Trúc,0.3,0,,,False,,True,"Thành phố Hồ Chí Minh, Việt Nam"
Hiếu Hiền,Minh Hằng,0.3,0,,,False,,True,"Thành phố Hồ Chí Minh, Việt Nam"
Hiếu Hiền,Chí Thiện (sinh năm 1988),0.3,0,,,False,,True,"Thành phố Hồ Chí Minh, Việt Nam"
Hiếu Hiền,Tường Vi (diễn viên),0.3,0,,,False,,True,"Thành phố Hồ Chí Minh, Việt Nam"
Hiếu Hiền,Duy Khánh (diễn viên),0.3,0,,,False,,True,"Thành phố Hồ Chí Minh, Việt Nam"
Hiếu Hiền,Đàm Phương Linh,0.3,0,,,False,,True,"Thành phố Hồ Chí Minh, Việt Nam"
Hiếu Hiền,Thảo Trang,0.3,0,,,False,,True,"Thành phố Hồ Chí Minh, Việt Nam"
Hiếu Hiền,Uyên Linh,0.3,0,,,False,,True,"Thành phố Hồ Chí Minh, Việt Nam"
Hiếu Hiền,Võ Thành Tâm,0.3,0,,,False,,True,"Thành phố Hồ Chí Minh, Việt Nam"
Hiếu Hiền,Diễm My (diễn viên),0.3,0,,,False,,True,"Thành phố Hồ Chí Minh, Việt Nam"
Hiếu Hiền,Quang Tuấn,0.3,0,,,False,,True,"Thành phố Hồ Chí Minh, Việt Nam"
Hiếu Hiền,Lương Bích Hữu,0.3,0,,,False,,True,"Thành phố Hồ Chí Minh, Việt Nam"
Hiếu Hiền,Lê Công Hoàng (diễn viên),0.3,0,,,False,,True,"Thành phố Hồ Chí Minh, Việt Nam"
Hiếu Hiền,Suboi,0.3,0,,,False,,True,"Thành phố Hồ Chí Minh, Việt Nam"
Hiếu Hiền,Angela Phương Trinh,0.3,0,,,False,,True,"Thành phố Hồ Chí Minh, Việt Nam"
Hiếu Hiền,Thanh Thúy (sinh 1982),0.3,0,,,False,,True,"Thành phố Hồ Chí Minh, Việt Nam"
Hiếu Hiền,Rocker Nguyen,0.3,0,,,False,,True,"Thành phố Hồ Chí Minh, Việt Nam"
Khổng Tú Quỳnh,Hoàng Sơn (diễn viên),1.0,1,Công chúa teen và ngũ hổ tướng,actor-actor,False,,False,
Khổng Tú Quỳnh,Chí Thiện (ca sĩ),1.3,1,Công chúa teen và ngũ hổ tướng,actor-actor,False,,True,"Thành phố Hồ Chí Minh, Việt Nam"
Khổng Tú Quỳnh,Ưng Hoàng Phúc,1.0,1,Công chúa teen và ngũ hổ tướng,actor-actor,False,,False,
Khổng Tú Quỳnh,Đông Nhi,1.0,1,Công chúa teen và ngũ hổ tướng,actor-actor,False,,False,
Khổng Tú Quỳnh,Noo Phước Thịnh,1.3,1,Công chúa teen và ngũ hổ tướng,actor-actor,False,,True,"Thành phố Hồ Chí Minh, Việt Nam"
Khổng Tú Quỳnh,Ngô Kiến Huy,1.3,1,Công chúa teen và ngũ hổ tướng,actor-actor,False,,True,"Thành phố Hồ Chí Minh, Việt Nam"
Khổng Tú Quỳnh,Phước Sang,1.0,1,Công chúa teen và ngũ hổ tướng,actor-actor,False,,False,
Khổng Tú Quỳnh,Việt Anh (nghệ sĩ),1.0,1,Công chúa teen và ngũ hổ tướng,actor-actor,False,,False,
Khổng Tú Quỳnh,Tuyết Thu,1.0,1,Công chúa teen và ngũ hổ tướng,actor-actor,False,,False,
Khổng Tú Quỳnh,Bảo Quốc,1.0,1,Công chúa teen và ngũ hổ tướng,actor-actor,False,,False,
Khổng Tú Quỳnh,hủ tiếu,1.0,1,Công chúa teen và ngũ hổ tướng,actor-actor,False,,False,
Khổng Tú Quỳnh,Phi Phụng,1.0,1,Công chúa teen và ngũ hổ tướng,actor-actor,False,,False,
Khổng Tú Quỳnh,Phương Trinh Jolie,1.0,1,Công chúa teen và ngũ hổ tướng,actor-actor,False,,False,
Khổng Tú Quỳnh,Tấn Bo,1.0,1,Công chúa teen và ngũ hổ tướng,actor-actor,False,,False,
Khổng Tú Quỳnh,Kim Ngọc (nghệ sĩ),1.0,1,Công chúa teen và ngũ hổ tướng,actor-actor,False,,False,
Khổng Tú Quỳnh,Hoàng Yến Chibi,1.0,1,Tháng năm rực rỡ,actor-actor,False,,False,
Khổng Tú Quỳnh,Hồng Ánh,1.0,1,Tháng năm rực rỡ,actor-actor,False,,False,
Khổng Tú Quỳnh,Anh Thư,1.3,1,Tháng năm rực rỡ,actor-actor,False,,True,"Thành phố Hồ Chí Minh, Việt Nam"
Khổng Tú Quỳnh,Vai diễn khách mời,1.0,1,Tháng năm rực rỡ,actor-actor,False,,False,
Khổng Tú Quỳnh,Thanh Hằng,1.0,1,Tháng năm rực rỡ,actor-actor,False,,False,
Khổng Tú Quỳnh,Mỹ Uyên,1.0,1,Tháng năm rực rỡ,actor-actor,False,,False,
Khổng Tú Quỳnh,Mỹ Duyên,1.0,1,Tháng năm rực rỡ,actor-actor,False,,False,
Khổng Tú Quỳnh,Văn Tùng,1.0,1,Tháng năm rực rỡ,actor-actor,False,,False,
Khổng Tú Quỳnh,Lan Hương (diễn viên sinh 1961),1.0,1,Tháng năm rực rỡ,actor-actor,False,,False,
Khổng Tú Quỳnh,Đức Khuê,1.0,1,Tháng năm rực rỡ,actor-actor,False,,False,
Khổng Tú Quỳnh,Lê Thiện (nghệ sĩ),1.0,1,Tháng năm rực rỡ,actor-actor,False,,False,
Khổng Tú Quỳnh,Lan Phương,1.0,1,Tháng năm rực rỡ,actor-actor,False,,False,
Khổng Tú Quỳnh,Hoàng Phúc (diễn viên),1.0,1,Tháng năm rực rỡ,actor-actor,False,,False,
Khổng Tú Quỳnh,Khánh Huyền,1.0,1,Tháng năm rực rỡ,actor-actor,False,,False,
Khổng Tú Quỳnh,Trúc Anh,1.0,1,Tháng năm rực rỡ,actor-actor,False,,False,
Khổng Tú Quỳnh,Tuấn Trần,0.3,0,,,False,,True,"Thành phố Hồ Chí Minh, Việt Nam"
Khổng Tú Quỳnh,Ngân Chi,0.3,0,,,False,,True,"Thành phố Hồ Chí Minh, Việt Nam"
Khổng Tú Quỳnh,Nguyễn Minh Tú,0.3,0,,,False,,True,"Thành phố Hồ Chí Minh, Việt Nam"
Khổng Tú Quỳnh,Uyển Ân,0.3,0,,,False,,True,"Thành phố Hồ Chí Minh, Việt Nam"
Khổng Tú Quỳnh,Băng Di,0.3,0,,,False,,True,"Thành phố Hồ Chí Minh, Việt Nam"
Khổng Tú Quỳnh,Hứa Vĩ Văn,0.3,0,,,False,,True,"Thành phố Hồ Chí Minh, Việt Nam"
Khổng Tú Quỳnh,Huỳnh Đông,0.3,0,,,False,,True,"Thành phố Hồ Chí Minh, Việt Nam"
Khổng Tú Quỳnh,Ngọc Diệp,0.3,0,,,False,,True,"Thành phố Hồ Chí Minh, Việt Nam"
Khổng Tú Quỳnh,Thu Trang,0.3,0,,,False,,True,"Thành phố Hồ Chí Minh, Việt Nam"
Khổng Tú Quỳnh,Võ Ngọc Trai,0.3,0,,,False,,True,"Thành phố Hồ Chí Minh, Việt Nam"
Khổng Tú Quỳnh,Jun Phạm,0.3,0,,,False,,True,"Thành phố Hồ Chí Minh, Việt Nam"
Khổng Tú Quỳnh,Diễm My 9x,0.3,0,,,False,,True,"Thành phố Hồ Chí Minh, Việt Nam"
Khổng Tú Quỳnh,Nguyễn Thắng,0.3,0,,,False,,True,"Thành phố Hồ Chí Minh, Việt Nam"
Khổng Tú Quỳnh,Khả Ngân,0.3,0,,,False,,True,"Thành phố Hồ Chí Minh, Việt Nam"
Khổng Tú Quỳnh,Tóc Tiên (ca sĩ),0.3,0,,,False,,True,"Thành phố Hồ Chí Minh, Việt Nam"
Khổng Tú Quỳnh,Nguyễn Thúc Thùy Tiên,0.3,0,,,False,,True,"Thành phố Hồ Chí Minh, Việt Nam"
Khổng Tú Quỳnh,Don Nguyễn,0.3,0,,,False,,True,"Thành phố Hồ Chí Minh, Việt Nam"
Khổng Tú Quỳnh,Huy Khánh,0.3,0,,,False,,True,"Thành phố Hồ Chí Minh, Việt Nam"
Khổng Tú Quỳnh,Đinh Ngọc Diệp,0.3,0,,,False,,True,"Thành phố Hồ Chí Minh, Việt Nam"
Khổng Tú Quỳnh,Đại Nghĩa (diễn viên),0.3,0,,,False,,True,"Thành phố Hồ Chí Minh, Việt Nam"
Khổng Tú Quỳnh,Midu,0.3,0,,,False,,True,"Thành phố Hồ Chí Minh, Việt Nam"
Khổng Tú Quỳnh,Tú Vi,0.3,0,,,False,,True,"Thành phố Hồ Chí Minh, Việt Nam"
Khổng Tú Quỳnh,Ái Phương,0.3,0,,,False,,True,"Thành phố Hồ Chí Minh, Việt Nam"
Khổng Tú Quỳnh,Đan Trường,0.3,0,,,False,,True,"Thành phố Hồ Chí Minh, Việt Nam"
Khổng Tú Quỳnh,Wanbi Tuấn Anh,0.3,0,,,False,,True,"Thành phố Hồ Chí Minh, Việt Nam"
Khổng Tú Quỳnh,Elly Trần,0.3,0,,,False,,True,"Thành phố Hồ Chí Minh, Việt Nam"
Khổng Tú Quỳnh,Tim (ca sĩ),0.3,0,,,False,,True,"Thành phố Hồ Chí Minh, Việt Nam"
Khổng Tú Quỳnh,Việt Hương,0.3,0,,,False,,True,"Thành phố Hồ Chí Minh, Việt Nam"
Khổng Tú Quỳnh,Bảo Anh (ca sĩ),0.3,0,,,False,,True,"Thành phố Hồ Chí Minh, Việt Nam"
Khổng Tú Quỳnh,Thanh Trúc,0.3,0,,,False,,True,"Thành phố Hồ Chí Minh, Việt Nam"
Khổng Tú Quỳnh,Khánh Phương,0.3,0,,,False,,True,"Thành phố Hồ Chí Minh, Việt Nam"
Khổng Tú Quỳnh,Minh Hằng,0.3,0,,,False,,True,"Thành phố Hồ Chí Minh, Việt Nam"
Khổng Tú Quỳnh,Chí Thiện (sinh năm 1988),0.3,0,,,False,,True,"Thành phố Hồ Chí Minh, Việt Nam"
Khổng Tú Quỳnh,Tường Vi (diễn viên),0.3,0,,,False,,True,"Thành phố Hồ Chí Minh, Việt Nam"
Khổng Tú Quỳnh,Duy Khánh (diễn viên),0.3,0,,,False,,True,"Thành phố Hồ Chí Minh, Việt Nam"
Khổng Tú Quỳnh,Đàm Phương Linh,0.3,0,,,False,,True,"Thành phố Hồ Chí Minh, Việt Nam"
Khổng Tú Quỳnh,Thảo Trang,0.3,0,,,False,,True,"Thành phố Hồ Chí Minh, Việt Nam"
Khổng Tú Quỳnh,Uyên Linh,0.3,0,,,False,,True,"Thành phố Hồ Chí Minh, Việt Nam"
Khổng Tú Quỳnh,Võ Thành Tâm,0.3,0,,,False,,True,"Thành phố Hồ Chí Minh, Việt Nam"
Khổng Tú Quỳnh,Diễm My (diễn viên),0.3,0,,,False,,True,"Thành phố Hồ Chí Minh, Việt Nam"
Khổng Tú Quỳnh,Quang Tuấn,0.3,0,,,False,,True,"Thành phố Hồ Chí Minh, Việt Nam"
Khổng Tú Quỳnh,Lương Bích Hữu,0.3,0,,,False,,True,"Thành phố Hồ Chí Minh, Việt Nam"
Khổng Tú Quỳnh,Lê Công Hoàng (diễn viên),0.3,0,,,False,,True,"Thành phố Hồ Chí Minh, Việt Nam"
Khổng Tú Quỳnh,Suboi,0.3,0,,,False,,True,"Thành phố Hồ Chí Minh, Việt Nam"
Khổng Tú Quỳnh,Hồ Vĩnh Khoa,0.3,0,,,False,,True,"Thành phố Hồ Chí Minh, Việt Nam"
Khổng Tú Quỳnh,Thanh Thúy (diễn viên sinh 1982),0.3,0,,,False,,True,"Thành phố Hồ Chí Minh, Việt Nam"
Khổng Tú Quỳnh,Angela Phương Trinh,0.3,0,,,False,,True,"Thành phố Hồ Chí Minh, Việt Nam"
Khổng Tú Quỳnh,Thanh Thúy (sinh 1982),0.3,0,,,False,,True,"Thành phố Hồ Chí Minh, Việt Nam"
Khổng Tú Quỳnh,Rocker Nguyen,0.3,0,,,False,,True,"Thành phố Hồ Chí Minh, Việt Nam"
Hoàng Sơn (diễn viên),Chí Thiện (ca sĩ),1.0,1,Công chúa teen và ngũ hổ tướng,actor-actor,False,,False,
Hoàng Sơn (diễn viên),Ưng Hoàng Phúc,1.0,1,Công chúa teen và ngũ hổ tướng,actor-actor,False,,False,
Hoàng Sơn (diễn viên),Đông Nhi,1.0,1,Công chúa teen và ngũ hổ tướng,actor-actor,False,,False,
Hoàng Sơn (diễn viên),Noo Phước Thịnh,1.0,1,Công chúa teen và ngũ hổ tướng,actor-actor,False,,False,
Hoàng Sơn (diễn viên),Ngô Kiến Huy,1.0,1,Công chúa teen và ngũ hổ tướng,actor-actor,False,,False,
Hoàng Sơn (diễn viên),Phước Sang,2.0,2,Công chúa teen và ngũ hổ tướng|Khi đàn ông có bầu,actor-actor,False,,False,
Hoàng Sơn (diễn viên),Việt Anh (nghệ sĩ),2.0,2,Công chúa teen và ngũ hổ tướng|Khi đàn ông có bầu,actor-actor,False,,False,
Hoàng Sơn (diễn viên),Tuyết Thu,1.0,1,Công chúa teen và ngũ hổ tướng,actor-actor,False,,False,
Hoàng Sơn (diễn viên),Bảo Quốc,2.0,2,Công chúa teen và ngũ hổ tướng|Khi đàn ông có bầu,actor-actor,False,,False,
Hoàng Sơn (diễn viên),hủ tiếu,1.0,1,Công chúa teen và ngũ hổ tướng,actor-actor,False,,False,
Hoàng Sơn (diễn viên),Phi Phụng,2.0,2,Công chúa teen và ngũ hổ tướng|Nhà có 5 nàng tiên,actor-actor,False,,False,
Hoàng Sơn (diễn viên),Phương Trinh Jolie,1.0,1,Công chúa teen và ngũ hổ tướng,actor-actor,False,,False,
Hoàng Sơn (diễn viên),Tấn Bo,2.0,2,Công chúa teen và ngũ hổ tướng|Khi đàn ông có bầu,actor-actor,False,,False,
Hoàng Sơn (diễn viên),Kim Ngọc (nghệ sĩ),2.0,2,Công chúa teen và ngũ hổ tướng|Khi đàn ông có bầu,actor-actor,False,,False,
Hoàng Sơn (diễn viên),Việt Hương,2.0,2,Nhà có 5 nàng tiên|Khi đàn ông có bầu,actor-actor,False,,False,
Hoàng Sơn (diễn viên),Yaya Trương Nhi,1.0,1,Nhà có 5 nàng tiên,actor-actor,False,,False,
Hoàng Sơn (diễn viên),Ngân Khánh,1.0,1,Nhà có 5 nàng tiên,actor-actor,False,,False,
Hoàng Sơn (diễn viên),Minh Thảo,1.0,1,Nhà có 5 nàng tiên,actor-actor,False,,False,
Hoàng Sơn (diễn viên),Bảo Anh (ca sĩ),1.0,1,Nhà có 5 nàng tiên,actor-actor,False,,False,
Hoàng Sơn (diễn viên),Miu Lê,1.0,1,Nhà có 5 nàng tiên,actor-actor,False,,False,
Hoàng Sơn (diễn viên),Trương Thế Vinh,1.0,1,Nhà có 5 nàng tiên,actor-actor,False,,False,
Hoàng Sơn (diễn viên),Hà Trí Quang,1.0,1,Nhà có 5 nàng tiên,actor-actor,False,,False,
Hoàng Sơn (diễn viên),Minh Luân,1.0,1,Nhà có 5 nàng tiên,actor-actor,False,,False,
Hoàng Sơn (diễn viên),Quốc Trường (diễn viên),1.0,1,Nhà có 5 nàng tiên,actor-actor,False,,False,
Hoàng Sơn (diễn viên),Cát Tường (diễn viên),1.0,1,Nhà có 5 nàng tiên,actor-actor,False,,False,
Hoàng Sơn (diễn viên),Phương Thanh,2.0,2,Nhà có 5 nàng tiên|Khi đàn ông có bầu,actor-actor,False,,False,
Hoàng Sơn (diễn viên),Thanh Bạch,1.0,1,Nhà có 5 nàng tiên,actor-actor,False,,False,
Hoàng Sơn (diễn viên),Phi Nhung,1.0,1,Nhà có 5 nàng tiên,actor-actor,False,,False,
Hoàng Sơn (diễn viên),Quốc Thuận,1.0,1,Nhà có 5 nàng tiên,actor-actor,False,,False,
Hoàng Sơn (diễn viên),Kiều Mai Lý,1.0,1,Nhà có 5 nàng tiên,actor-actor,False,,False,
Hoàng Sơn (diễn viên),Hứa Minh Đạt,1.0,1,Nhà có 5 nàng tiên,actor-actor,False,,False,
Hoàng Sơn (diễn viên),Lâm Vỹ Dạ,1.0,1,Nhà có 5 nàng tiên,actor-actor,False,,False,
Hoàng Sơn (diễn viên),Quách Ngọc Tuyên,1.0,1,Nhà có 5 nàng tiên,actor-actor,False,,False,
Hoàng Sơn (diễn viên),Nam Thư,1.0,1,Nhà có 5 nàng tiên,actor-actor,False,,False,
Hoàng Sơn (diễn viên),Nguyễn Phi Hùng (ca sĩ),1.0,1,Khi đàn ông có bầu,actor-actor,False,,False,
Hoàng Sơn (diễn viên),Hồng Nga,1.0,1,Khi đàn ông có bầu,actor-actor,False,,False,
Hoàng Sơn (diễn viên),Trương Ngọc Ánh,1.0,1,Khi đàn ông có bầu,actor-actor,False,,False,
Hoàng Sơn (diễn viên),Ngọc Giàu,1.0,1,Khi đàn ông có bầu,actor-actor,False,,False,
Hoàng Sơn (diễn viên),Bảo Chung,1.0,1,Khi đàn ông có bầu,actor-actor,False,,False,
Hoàng Sơn (diễn viên),Hồng Vân (diễn viên),1.0,1,Khi đàn ông có bầu,actor-actor,False,,False,
Hoàng Sơn (diễn viên),Quyền Linh,1.0,1,Khi đàn ông có bầu,actor-actor,False,,False,
Hoàng Sơn (diễn viên),Thúy Nga (nghệ sĩ),1.0,1,Khi đàn ông có bầu,actor-actor,False,,False,
Hoàng Sơn (diễn viên),Hữu Nghĩa,1.0,1,Khi đàn ông có bầu,actor-actor,False,,False,
Hoàng Sơn (diễn viên),Kim Khánh (diễn viên),1.0,1,Khi đàn ông có bầu,actor-actor,False,,False,
Hoàng Sơn (diễn viên),Nguyễn Chánh Tín,1.0,1,Khi đàn ông có bầu,actor-actor,False,,False,
Hoàng Sơn (diễn viên),Mỹ Uyên,1.0,1,Khi đàn ông có bầu,actor-actor,False,,False,
Hoàng Sơn (diễn viên),Chi Bảo,1.0,1,Khi đàn ông có bầu,actor-actor,False,,False,
Hoàng Sơn (diễn viên),Huỳnh Anh Tuấn,1.0,1,Khi đàn ông có bầu,actor-actor,False,,False,
Hoàng Sơn (diễn viên),quần vợt,1.0,1,Khi đàn ông có bầu,actor-actor,False,,False,
Hoàng Sơn (diễn viên),Anh Vũ (nghệ sĩ),1.0,1,Khi đàn ông có bầu,actor-actor,False,,False,
Hoàng Sơn (diễn viên),gà,1.0,1,Khi đàn ông có bầu,actor-actor,False,,False,
Hoàng Sơn (diễn viên),Hồng Tơ,1.0,1,Khi đàn ông có bầu,actor-actor,False,,False,
Hoàng Sơn (diễn viên),Minh Thuận (ca sĩ),1.0,1,Khi đàn ông có bầu,actor-actor,False,,False,
Hoàng Sơn (diễn viên),Mạc Can,1.0,1,Khi đàn ông có bầu,actor-actor,False,,False,
Hoàng Sơn (diễn viên),Hữu Lộc,1.0,1,Khi đàn ông có bầu,actor-actor,False,,False,
Chí Thiện (ca sĩ),Ưng Hoàng Phúc,1.0,1,Công chúa teen và ngũ hổ tướng,actor-actor,False,,False,
Chí Thiện (ca sĩ),Đông Nhi,1.0,1,Công chúa teen và ngũ hổ tướng,actor-actor,False,,False,
Chí Thiện (ca sĩ),Noo Phước Thịnh,1.3,1,Công chúa teen và ngũ hổ tướng,actor-actor,False,,True,"Thành phố Hồ Chí Minh, Việt Nam"
Chí Thiện (ca sĩ),Ngô Kiến Huy,1.3,1,Công chúa teen và ngũ hổ tướng,actor-actor,False,,True,"Thành phố Hồ Chí Minh, Việt Nam"
Chí Thiện (ca sĩ),Phước Sang,1.0,1,Công chúa teen và ngũ hổ tướng,actor-actor,False,,False,
Chí Thiện (ca sĩ),Việt Anh (nghệ sĩ),1.0,1,Công chúa teen và ngũ hổ tướng,actor-actor,False,,False,
Chí Thiện (ca sĩ),Tuyết Thu,1.0,1,Công chúa teen và ngũ hổ tướng,actor-actor,False,,False,
Chí Thiện (ca sĩ),Bảo Quốc,1.0,1,Công chúa teen và ngũ hổ tướng,actor-actor,False,,False,
Chí Thiện (ca sĩ),hủ tiếu,1.0,1,Công chúa teen và ngũ hổ tướng,actor-actor,False,,False,
Chí Thiện (ca sĩ),Phi Phụng,1.0,1,Công chúa teen và ngũ hổ tướng,actor-actor,False,,False,
Chí Thiện (ca sĩ),Phương Trinh Jolie,1.0,1,Công chúa teen và ngũ hổ tướng,actor-actor,False,,False,
Chí Thiện (ca sĩ),Tấn Bo,1.0,1,Công chúa teen và ngũ hổ tướng,actor-actor,False,,False,
Chí Thiện (ca sĩ),Kim Ngọc (nghệ sĩ),1.0,1,Công chúa teen và ngũ hổ tướng,actor-actor,False,,False,
Chí Thiện (ca sĩ),Lương Mạnh Hải,1.0,1,Đẹp từng centimet,actor-actor,False,,False,
Chí Thiện (ca sĩ),Tăng Thanh Hà,1.0,1,Đẹp từng centimet,actor-actor,False,,False,
Chí Thiện (ca sĩ),Thủy Tiên (ca sĩ),1.0,1,Đẹp từng centimet,actor-actor,False,,False,
Chí Thiện (ca sĩ),Nguyễn Quang Dũng (đạo diễn),1.0,1,Đẹp từng centimet,actor-actor,False,,False,
Chí Thiện (ca sĩ),Phương Thanh,1.0,1,Đẹp từng centimet,actor-actor,False,,False,
Chí Thiện (ca sĩ),Hạnh Thúy,1.0,1,Đẹp từng centimet,actor-actor,False,,False,
Chí Thiện (ca sĩ),Tuấn Trần,0.3,0,,,False,,True,"Thành phố Hồ Chí Minh, Việt Nam"
Chí Thiện (ca sĩ),Ngân Chi,0.3,0,,,False,,True,"Thành phố Hồ Chí Minh, Việt Nam"
Chí Thiện (ca sĩ),Nguyễn Minh Tú,0.3,0,,,False,,True,"Thành phố Hồ Chí Minh, Việt Nam"
Chí Thiện (ca sĩ),Uyển Ân,0.3,0,,,False,,True,"Thành phố Hồ Chí Minh, Việt Nam"
Chí Thiện (ca sĩ),Băng Di,0.3,0,,,False,,True,"Thành phố Hồ Chí Minh, Việt Nam"
Chí Thiện (ca sĩ),Hứa Vĩ Văn,0.3,0,,,False,,True,"Thành phố Hồ Chí Minh, Việt Nam"
Chí Thiện (ca sĩ),Huỳnh Đông,0.3,0,,,False,,True,"Thành phố Hồ Chí Minh, Việt Nam"
Chí Thiện (ca sĩ),Ngọc Diệp,0.3,0,,,False,,True,"Thành phố Hồ Chí Minh, Việt Nam"
Chí Thiện (ca sĩ),Thu Trang,0.3,0,,,False,,True,"Thành phố Hồ Chí Minh, Việt Nam"
Chí Thiện (ca sĩ),Võ Ngọc Trai,0.3,0,,,False,,True,"Thành phố Hồ Chí Minh, Việt Nam"
Chí Thiện (ca sĩ),Jun Phạm,0.3,0,,,False,,True,"Thành phố Hồ Chí Minh, Việt Nam"
Chí Thiện (ca sĩ),Diễm My 9x,0.3,0,,,False,,True,"Thành phố Hồ Chí Minh, Việt Nam"
Chí Thiện (ca sĩ),Nguyễn Thắng,0.3,0,,,False,,True,"Thành phố Hồ Chí Minh, Việt Nam"
Chí Thiện (ca sĩ),Khả Ngân,0.3,0,,,False,,True,"Thành phố Hồ Chí Minh, Việt Nam"
Chí Thiện (ca sĩ),Tóc Tiên (ca sĩ),0.3,0,,,False,,True,"Thành phố Hồ Chí Minh, Việt Nam"
Chí Thiện (ca sĩ),Nguyễn Thúc Thùy Tiên,0.3,0,,,False,,True,"Thành phố Hồ Chí Minh, Việt Nam"
Chí Thiện (ca sĩ),Don Nguyễn,0.3,0,,,False,,True,"Thành phố Hồ Chí Minh, Việt Nam"
Chí Thiện (ca sĩ),Huy Khánh,0.3,0,,,False,,True,"Thành phố Hồ Chí Minh, Việt Nam"
Chí Thiện (ca sĩ),Đinh Ngọc Diệp,0.3,0,,,False,,True,"Thành phố Hồ Chí Minh, Việt Nam"
Chí Thiện (ca sĩ),Đại Nghĩa (diễn viên),0.3,0,,,False,,True,"Thành phố Hồ Chí Minh, Việt Nam"
Chí Thiện (ca sĩ),Midu,0.3,0,,,False,,True,"Thành phố Hồ Chí Minh, Việt Nam"
Chí Thiện (ca sĩ),Tú Vi,0.3,0,,,False,,True,"Thành phố Hồ Chí Minh, Việt Nam"
Chí Thiện (ca sĩ),Ái Phương,0.3,0,,,False,,True,"Thành phố Hồ Chí Minh, Việt Nam"
Chí Thiện (ca sĩ),Anh Thư,0.3,0,,,False,,True,"Thành phố Hồ Chí Minh, Việt Nam"
Chí Thiện (ca sĩ),Đan Trường,0.3,0,,,False,,True,"Thành phố Hồ Chí Minh, Việt Nam"
Chí Thiện (ca sĩ),Wanbi Tuấn Anh,0.3,0,,,False,,True,"Thành phố Hồ Chí Minh, Việt Nam"
Chí Thiện (ca sĩ),Elly Trần,0.3,0,,,False,,True,"Thành phố Hồ Chí Minh, Việt Nam"
Chí Thiện (ca sĩ),Tim (ca sĩ),0.3,0,,,False,,True,"Thành phố Hồ Chí Minh, Việt Nam"
Chí Thiện (ca sĩ),Việt Hương,0.3,0,,,False,,True,"Thành phố Hồ Chí Minh, Việt Nam"
Chí Thiện (ca sĩ),Bảo Anh (ca sĩ),0.3,0,,,False,,True,"Thành phố Hồ Chí Minh, Việt Nam"
Chí Thiện (ca sĩ),Thanh Trúc,0.3,0,,,False,,True,"Thành phố Hồ Chí Minh, Việt Nam"
Chí Thiện (ca sĩ),Khánh Phương,0.3,0,,,False,,True,"Thành phố Hồ Chí Minh, Việt Nam"
Chí Thiện (ca sĩ),Minh Hằng,0.3,0,,,False,,True,"Thành phố Hồ Chí Minh, Việt Nam"
Chí Thiện (ca sĩ),Chí Thiện (sinh năm 1988),0.3,0,,,False,,True,"Thành phố Hồ Chí Minh, Việt Nam"
Chí Thiện (ca sĩ),Tường Vi (diễn viên),0.3,0,,,False,,True,"Thành phố Hồ Chí Minh, Việt Nam"
Chí Thiện (ca sĩ),Duy Khánh (diễn viên),0.3,0,,,False,,True,"Thành phố Hồ Chí Minh, Việt Nam"
Chí Thiện (ca sĩ),Đàm Phương Linh,0.3,0,,,False,,True,"Thành phố Hồ Chí Minh, Việt Nam"
Chí Thiện (ca sĩ),Thảo Trang,0.3,0,,,False,,True,"Thành phố Hồ Chí Minh, Việt Nam"
Chí Thiện (ca sĩ),Uyên Linh,0.3,0,,,False,,True,"Thành phố Hồ Chí Minh, Việt Nam"
Chí Thiện (ca sĩ),Võ Thành Tâm,0.3,0,,,False,,True,"Thành phố Hồ Chí Minh, Việt Nam"
Chí Thiện (ca sĩ),Diễm My (diễn viên),0.3,0,,,False,,True,"Thành phố Hồ Chí Minh, Việt Nam"
Chí Thiện (ca sĩ),Quang Tuấn,0.3,0,,,False,,True,"Thành phố Hồ Chí Minh, Việt Nam"
Chí Thiện (ca sĩ),Lương Bích Hữu,0.3,0,,,False,,True,"Thành phố Hồ Chí Minh, Việt Nam"
Chí Thiện (ca sĩ),Lê Công Hoàng (diễn viên),0.3,0,,,False,,True,"Thành phố Hồ Chí Minh, Việt Nam"
Chí Thiện (ca sĩ),Suboi,0.3,0,,,False,,True,"Thành phố Hồ Chí Minh, Việt Nam"
Chí Thiện (ca sĩ),Hồ Vĩnh Khoa,0.3,0,,,False,,True,"Thành phố Hồ Chí Minh, Việt Nam"
Chí Thiện (ca sĩ),Thanh Thúy (diễn viên sinh 1982),0.3,0,,,False,,True,"Thành phố Hồ Chí Minh, Việt Nam"
Chí Thiện (ca sĩ),Angela Phương Trinh,0.3,0,,,False,,True,"Thành phố Hồ Chí Minh, Việt Nam"
Chí Thiện (ca sĩ),Thanh Thúy (sinh 1982),0.3,0,,,False,,True,"Thành phố Hồ Chí Minh, Việt Nam"
Chí Thiện (ca sĩ),Rocker Nguyen,0.3,0,,,False,,True,"Thành phố Hồ Chí Minh, Việt Nam"
Ưng Hoàng Phúc,Đông Nhi,1.0,1,Công chúa teen và ngũ hổ tướng,actor-actor,False,,False,
Ưng Hoàng Phúc,Noo Phước Thịnh,1.0,1,Công chúa teen và ngũ hổ tướng,actor-actor,False,,False,
Ưng Hoàng Phúc,Ngô Kiến Huy,1.0,1,Công chúa teen và ngũ hổ tướng,actor-actor,False,,False,
Ưng Hoàng Phúc,Phước Sang,1.0,1,Công chúa teen và ngũ hổ tướng,actor-actor,False,,False,
Ưng Hoàng Phúc,Việt Anh (nghệ sĩ),1.0,1,Công chúa teen và ngũ hổ tướng,actor-actor,False,,False,
Ưng Hoàng Phúc,Tuyết Thu,1.0,1,Công chúa teen và ngũ hổ tướng,actor-actor,False,,False,
Ưng Hoàng Phúc,Bảo Quốc,1.0,1,Công chúa teen và ngũ hổ tướng,actor-actor,False,,False,
Ưng Hoàng Phúc,hủ tiếu,1.0,1,Công chúa teen và ngũ hổ tướng,actor-actor,False,,False,
Ưng Hoàng Phúc,Phi Phụng,1.0,1,Công chúa teen và ngũ hổ tướng,actor-actor,False,,False,
Ưng Hoàng Phúc,Phương Trinh Jolie,1.0,1,Công chúa teen và ngũ hổ tướng,actor-actor,False,,False,
Ưng Hoàng Phúc,Tấn Bo,1.0,1,Công chúa teen và ngũ hổ tướng,actor-actor,False,,False,
Ưng Hoàng Phúc,Kim Ngọc (nghệ sĩ),1.0,1,Công chúa teen và ngũ hổ tướng,actor-actor,False,,False,
Đông Nhi,Noo Phước Thịnh,1.0,1,Công chúa teen và ngũ hổ tướng,actor-actor,False,,False,
Đông Nhi,Ngô Kiến Huy,1.0,1,Công chúa teen và ngũ hổ tướng,actor-actor,False,,False,
Đông Nhi,Phước Sang,1.0,1,Công chúa teen và ngũ hổ tướng,actor-actor,False,,False,
Đông Nhi,Việt Anh (nghệ sĩ),1.0,1,Công chúa teen và ngũ hổ tướng,actor-actor,False,,False,
Đông Nhi,Tuyết Thu,1.0,1,Công chúa teen và ngũ hổ tướng,actor-actor,False,,False,
Đông Nhi,Bảo Quốc,1.0,1,Công chúa teen và ngũ hổ tướng,actor-actor,False,,False,
Đông Nhi,hủ tiếu,1.0,1,Công chúa teen và ngũ hổ tướng,actor-actor,False,,False,
Đông Nhi,Phi Phụng,1.0,1,Công chúa teen và ngũ hổ tướng,actor-actor,False,,False,
Đông Nhi,Phương Trinh Jolie,1.0,1,Công chúa teen và ngũ hổ tướng,actor-actor,False,,False,
Đông Nhi,Tấn Bo,1.0,1,Công chúa teen và ngũ hổ tướng,actor-actor,False,,False,
Đông Nhi,Kim Ngọc (nghệ sĩ),1.0,1,Công chúa teen và ngũ hổ tướng,actor-actor,False,,False,
Đông Nhi,Hồng Vân (diễn viên),1.0,1,Cô Ba Sài Gòn,actor-actor,False,,False,
Đông Nhi,Diễm My 9x,1.0,1,Cô Ba Sài Gòn,actor-actor,False,,False,
Đông Nhi,Diễm My,1.0,1,Cô Ba Sài Gòn,actor-actor,False,,False,
Đông Nhi,Oanh Kiều,1.0,1,Cô Ba Sài Gòn,actor-actor,False,,False,
Đông Nhi,S.T Sơn Thạch,1.0,1,Cô Ba Sài Gòn,actor-actor,False,,False,
Đông Nhi,Vũ Hà Anh,1.0,1,Cô Ba Sài Gòn,actor-actor,False,,False,
Đông Nhi,Minh Hằng,1.0,1,Giải cứu thần chết,actor-actor,False,,False,
Đông Nhi,Chí Thiện (sinh năm 1988),1.0,1,Giải cứu thần chết,actor-actor,False,,False,
Đông Nhi,Võ Ngọc Trai,1.0,1,Giải cứu thần chết,actor-actor,False,,False,
Đông Nhi,Tường Vi (diễn viên),1.0,1,Giải cứu thần chết,actor-actor,False,,False,
Đông Nhi,Thành Lộc,1.0,1,Giải cứu thần chết,actor-actor,False,,False,
Đông Nhi,Hồng Nhung,1.0,1,Giải cứu thần chết,actor-actor,False,,False,
Đông Nhi,Phương Thanh,1.0,1,Giải cứu thần chết,actor-actor,False,,False,
Đông Nhi,Siu Black,1.0,1,Giải cứu thần chết,actor-actor,False,,False,
Đông Nhi,Hữu Châu,1.0,1,Giải cứu thần chết,actor-actor,False,,False,
Đông Nhi,Hương Giang (diễn viên),1.0,1,Giải cứu thần chết,actor-actor,False,,False,
Đông Nhi,Công Ninh,1.0,1,Giải cứu thần chết,actor-actor,False,,False,
Đông Nhi,Nhan Phúc Vinh,1.0,1,Giải cứu thần chết,actor-actor,False,,False,
Đông Nhi,Trinh Hoan,1.0,1,Giải cứu thần chết,actor-actor,False,,False,
Đông Nhi,Anh Tú (sinh 1993),0.3,0,,,False,,True,"Hà Nội, Việt Nam"
Đông Nhi,Lan Phương,0.3,0,,,False,,True,"Hà Nội, Việt Nam"
Đông Nhi,Quân A.P,0.3,0,,,False,,True,"Hà Nội, Việt Nam"
Đông Nhi,Dương Hoàng Anh,0.3,0,,,False,,True,"Hà Nội, Việt Nam"
Đông Nhi,Châu Bùi,0.3,0,,,False,,True,"Hà Nội, Việt Nam"
Đông Nhi,Hoàng Yến Chibi,0.3,0,,,False,,True,"Hà Nội, Việt Nam"
Đông Nhi,Hoàng Thùy Linh,0.3,0,,,False,,True,"Hà Nội, Việt Nam"
Đông Nhi,Phạm Quỳnh Anh,0.3,0,,,False,,True,"Hà Nội, Việt Nam"
Đông Nhi,Chi Pu,0.3,0,,,False,,True,"Hà Nội, Việt Nam"
Đông Nhi,Tăng Nhật Tuệ,0.3,0,,,False,,True,"Hà Nội, Việt Nam"
Đông Nhi,Đức Phúc,0.3,0,,,False,,True,"Hà Nội, Việt Nam"
Đông Nhi,Công Dương,0.3,0,,,False,,True,"Hà Nội, Việt Nam"
Đông Nhi,Hoàng Hà (diễn viên),0.3,0,,,False,,True,"Hà Nội, Việt Nam"
Đông Nhi,Bùi Lan Hương,0.3,0,,,False,,True,"Hà Nội, Việt Nam"
Đông Nhi,Mai Thu Huyền,0.3,0,,,False,,True,"Hà Nội, Việt Nam"
Đông Nhi,Thùy Anh,0.3,0,,,False,,True,"Hà Nội, Việt Nam"
Đông Nhi,Lương Mạnh Hải,0.3,0,,,False,,True,"Hà Nội, Việt Nam"
Đông Nhi,Kiều Thanh,0.3,0,,,False,,True,"Hà Nội, Việt Nam"
Đông Nhi,Lã Thanh Huyền,0.3,0,,,False,,True,"Hà Nội, Việt Nam"
Noo Phước Thịnh,Ngô Kiến Huy,1.3,1,Công chúa teen và ngũ hổ tướng,actor-actor,False,,True,"Thành phố Hồ Chí Minh, Việt Nam"
Noo Phước Thịnh,Phước Sang,1.0,1,Công chúa teen và ngũ hổ tướng,actor-actor,False,,False,
Noo Phước Thịnh,Việt Anh (nghệ sĩ),1.0,1,Công chúa teen và ngũ hổ tướng,actor-actor,False,,False,
Noo Phước Thịnh,Tuyết Thu,1.0,1,Công chúa teen và ngũ hổ tướng,actor-actor,False,,False,
Noo Phước Thịnh,Bảo Quốc,1.0,1,Công chúa teen và ngũ hổ tướng,actor-actor,False,,False,
Noo Phước Thịnh,hủ tiếu,1.0,1,Công chúa teen và ngũ hổ tướng,actor-actor,False,,False,
Noo Phước Thịnh,Phi Phụng,1.0,1,Công chúa teen và ngũ hổ tướng,actor-actor,False,,False,
Noo Phước Thịnh,Phương Trinh Jolie,1.0,1,Công chúa teen và ngũ hổ tướng,actor-actor,False,,False,
Noo Phước Thịnh,Tấn Bo,1.0,1,Công chúa teen và ngũ hổ tướng,actor-actor,False,,False,
Noo Phước Thịnh,Kim Ngọc (nghệ sĩ),1.0,1,Công chúa teen và ngũ hổ tướng,actor-actor,False,,False,
Noo Phước Thịnh,Tuấn Trần,0.3,0,,,False,,True,"Thành phố Hồ Chí Minh, Việt Nam"
Noo Phước Thịnh,Ngân Chi,0.3,0,,,False,,True,"Thành phố Hồ Chí Minh, Việt Nam"
Noo Phước Thịnh,Nguyễn Minh Tú,0.3,0,,,False,,True,"Thành phố Hồ Chí Minh, Việt Nam"
Noo Phước Thịnh,Uyển Ân,0.3,0,,,False,,True,"Thành phố Hồ Chí Minh, Việt Nam"
Noo Phước Thịnh,Băng Di,0.3,0,,,False,,True,"Thành phố Hồ Chí Minh, Việt Nam"
Noo Phước Thịnh,Hứa Vĩ Văn,0.3,0,,,False,,True,"Thành phố Hồ Chí Minh, Việt Nam"
Noo Phước Thịnh,Huỳnh Đông,0.3,0,,,False,,True,"Thành phố Hồ Chí Minh, Việt Nam"
Noo Phước Thịnh,Ngọc Diệp,0.3,0,,,False,,True,"Thành phố Hồ Chí Minh, Việt Nam"
Noo Phước Thịnh,Thu Trang,0.3,0,,,False,,True,"Thành phố Hồ Chí Minh, Việt Nam"
Noo Phước Thịnh,Võ Ngọc Trai,0.3,0,,,False,,True,"Thành phố Hồ Chí Minh, Việt Nam"
Noo Phước Thịnh,Jun Phạm,0.3,0,,,False,,True,"Thành phố Hồ Chí Minh, Việt Nam"
Noo Phước Thịnh,Diễm My 9x,0.3,0,,,False,,True,"Thành phố Hồ Chí Minh, Việt Nam"
Noo Phước Thịnh,Nguyễn Thắng,0.3,0,,,False,,True,"Thành phố Hồ Chí Minh, Việt Nam"
Noo Phước Thịnh,Khả Ngân,0.3,0,,,False,,True,"Thành phố Hồ Chí Minh, Việt Nam"
Noo Phước Thịnh,Tóc Tiên (ca sĩ),0.3,0,,,False,,True,"Thành phố Hồ Chí Minh, Việt Nam"
Noo Phước Thịnh,Nguyễn Thúc Thùy Tiên,0.3,0,,,False,,True,"Thành phố Hồ Chí Minh, Việt Nam"
Noo Phước Thịnh,Don Nguyễn,0.3,0,,,False,,True,"Thành phố Hồ Chí Minh, Việt Nam"
Noo Phước Thịnh,Huy Khánh,0.3,0,,,False,,True,"Thành phố Hồ Chí Minh, Việt Nam"
Noo Phước Thịnh,Đinh Ngọc Diệp,0.3,0,,,False,,True,"Thành phố Hồ Chí Minh, Việt Nam"
Noo Phước Thịnh,Đại Nghĩa (diễn viên),0.3,0,,,False,,True,"Thành phố Hồ Chí Minh, Việt Nam"
Noo Phước Thịnh,Midu,0.3,0,,,False,,True,"Thành phố Hồ Chí Minh, Việt Nam"
Noo Phước Thịnh,Tú Vi,0.3,0,,,False,,True,"Thành phố Hồ Chí Minh, Việt Nam"
Noo Phước Thịnh,Ái Phương,0.3,0,,,False,,True,"Thành phố Hồ Chí Minh, Việt Nam"
Noo Phước Thịnh,Anh Thư,0.3,0,,,False,,True,"Thành phố Hồ Chí Minh, Việt Nam"
Noo Phước Thịnh,Đan Trường,0.3,0,,,False,,True,"Thành phố Hồ Chí Minh, Việt Nam"
Noo Phước Thịnh,Wanbi Tuấn Anh,0.3,0,,,False,,True,"Thành phố Hồ Chí Minh, Việt Nam"
Noo Phước Thịnh,Elly Trần,0.3,0,,,False,,True,"Thành phố Hồ Chí Minh, Việt Nam"
Noo Phước Thịnh,Tim (ca sĩ),0.3,0,,,False,,True,"Thành phố Hồ Chí Minh, Việt Nam"
Noo Phước Thịnh,Việt Hương,0.3,0,,,False,,True,"Thành phố Hồ Chí Minh, Việt Nam"
Noo Phước Thịnh,Bảo Anh (ca sĩ),0.3,0,,,False,,True,"Thành phố Hồ Chí Minh, Việt Nam"
Noo Phước Thịnh,Thanh Trúc,0.3,0,,,False,,True,"Thành phố Hồ Chí Minh, Việt Nam"
Noo Phước Thịnh,Khánh Phương,0.3,0,,,False,,True,"Thành phố Hồ Chí Minh, Việt Nam"
Noo Phước Thịnh,Minh Hằng,0.3,0,,,False,,True,"Thành phố Hồ Chí Minh, Việt Nam"
Noo Phước Thịnh,Chí Thiện (sinh năm 1988),0.3,0,,,False,,True,"Thành phố Hồ Chí Minh, Việt Nam"
Noo Phước Thịnh,Tường Vi (diễn viên),0.3,0,,,False,,True,"Thành phố Hồ Chí Minh, Việt Nam"
Noo Phước Thịnh,Duy Khánh (diễn viên),0.3,0,,,False,,True,"Thành phố Hồ Chí Minh, Việt Nam"
Noo Phước Thịnh,Đàm Phương Linh,0.3,0,,,False,,True,"Thành phố Hồ Chí Minh, Việt Nam"
Noo Phước Thịnh,Thảo Trang,0.3,0,,,False,,True,"Thành phố Hồ Chí Minh, Việt Nam"
Noo Phước Thịnh,Uyên Linh,0.3,0,,,False,,True,"Thành phố Hồ Chí Minh, Việt Nam"
Noo Phước Thịnh,Võ Thành Tâm,0.3,0,,,False,,True,"Thành phố Hồ Chí Minh, Việt Nam"
Noo Phước Thịnh,Diễm My (diễn viên),0.3,0,,,False,,True,"Thành phố Hồ Chí Minh, Việt Nam"
Noo Phước Thịnh,Quang Tuấn,0.3,0,,,False,,True,"Thành phố Hồ Chí Minh, Việt Nam"
Noo Phước Thịnh,Lương Bích Hữu,0.3,0,,,False,,True,"Thành phố Hồ Chí Minh, Việt Nam"
Noo Phước Thịnh,Lê Công Hoàng (diễn viên),0.3,0,,,False,,True,"Thành phố Hồ Chí Minh, Việt Nam"
Noo Phước Thịnh,Suboi,0.3,0,,,False,,True,"Thành phố Hồ Chí Minh, Việt Nam"
Noo Phước Thịnh,Hồ Vĩnh Khoa,0.3,0,,,False,,True,"Thành phố Hồ Chí Minh, Việt Nam"
Noo Phước Thịnh,Thanh Thúy (diễn viên sinh 1982),0.3,0,,,False,,True,"Thành phố Hồ Chí Minh, Việt Nam"
Noo Phước Thịnh,Angela Phương Trinh,0.3,0,,,False,,True,"Thành phố Hồ Chí Minh, Việt Nam"
Noo Phước Thịnh,Thanh Thúy (sinh 1982),0.3,0,,,False,,True,"Thành phố Hồ Chí Minh, Việt Nam"
Noo Phước Thịnh,Rocker Nguyen,0.3,0,,,False,,True,"Thành phố Hồ Chí Minh, Việt Nam"
Ngô Kiến Huy,Phước Sang,1.0,1,Công chúa teen và ngũ hổ tướng,actor-actor,False,,False,
Ngô Kiến Huy,Việt Anh (nghệ sĩ),1.0,1,Công chúa teen và ngũ hổ tướng,actor-actor,False,,False,
Ngô Kiến Huy,Tuyết Thu,1.0,1,Công chúa teen và ngũ hổ tướng,actor-actor,False,,False,
Ngô Kiến Huy,Bảo Quốc,1.0,1,Công chúa teen và ngũ hổ tướng,actor-actor,False,,False,
Ngô Kiến Huy,hủ tiếu,1.0,1,Công chúa teen và ngũ hổ tướng,actor-actor,False,,False,
Ngô Kiến Huy,Phi Phụng,2.0,2,Công chúa teen và ngũ hổ tướng|Em là bà nội của anh,actor-actor,False,,False,
Ngô Kiến Huy,Phương Trinh Jolie,1.0,1,Công chúa teen và ngũ hổ tướng,actor-actor,False,,False,
Ngô Kiến Huy,Tấn Bo,1.0,1,Công chúa teen và ngũ hổ tướng,actor-actor,False,,False,
Ngô Kiến Huy,Kim Ngọc (nghệ sĩ),1.0,1,Công chúa teen và ngũ hổ tướng,actor-actor,False,,False,
Ngô Kiến Huy,Việt Hương,1.3,1,Tía tui là cao thủ,actor-actor,False,,True,"Thành phố Hồ Chí Minh, Việt Nam"
Ngô Kiến Huy,Khả Như,2.0,2,Tía tui là cao thủ|Em là của em,actor-actor,False,,False,
Ngô Kiến Huy,Ái Phương,1.3,1,Tía tui là cao thủ,actor-actor,False,,True,"Thành phố Hồ Chí Minh, Việt Nam"
Ngô Kiến Huy,Hoài Lâm,1.0,1,Tía tui là cao thủ,actor-actor,False,,False,
Ngô Kiến Huy,Cát Tường (diễn viên),1.0,1,Tía tui là cao thủ,actor-actor,False,,False,
Ngô Kiến Huy,Harry Lu,3.0,3,Thần tượng (phim)|Chàng trai năm ấy|Em là bà nội của anh,actor-actor,False,,False,
Ngô Kiến Huy,Hoàng Thùy Linh,1.0,1,Thần tượng (phim),actor-actor,False,,False,
Ngô Kiến Huy,Hứa Vĩ Văn,4.3,4,Thần tượng (phim)|Chàng trai năm ấy|Em là bà nội của anh|Em là của em,actor-actor,False,,True,"Thành phố Hồ Chí Minh, Việt Nam"
Ngô Kiến Huy,Văn Tùng,1.0,1,Thần tượng (phim),actor-actor,False,,False,
Ngô Kiến Huy,Phạm Quỳnh Anh,2.0,2,Thần tượng (phim)|Chàng trai năm ấy,actor-actor,False,,False,
Ngô Kiến Huy,Quang Thắng,2.0,2,Thần tượng (phim)|Chàng trai năm ấy,actor-actor,False,,False,
Ngô Kiến Huy,Chi Pu,1.0,1,Thần tượng (phim),actor-actor,False,,False,
Ngô Kiến Huy,Nguyễn Hậu,1.0,1,Thần tượng (phim),actor-actor,False,,False,
Ngô Kiến Huy,Sơn Tùng M-TP,1.0,1,Chàng trai năm ấy,actor-actor,False,,False,
Ngô Kiến Huy,Hari Won,2.0,2,Chàng trai năm ấy|Em là bà nội của anh,actor-actor,False,,False,
Ngô Kiến Huy,Khánh Huyền,1.0,1,Chàng trai năm ấy,actor-actor,False,,False,
Ngô Kiến Huy,365daband,1.0,1,Chàng trai năm ấy,actor-actor,False,,False,
Ngô Kiến Huy,Thành Lộc,1.0,1,Chàng trai năm ấy,actor-actor,False,,False,
Ngô Kiến Huy,Mai Thế Hiệp,2.0,2,Chàng trai năm ấy|Em là bà nội của anh,actor-actor,False,,False,
Ngô Kiến Huy,Petey Majik Nguyễn,1.0,1,Chàng trai năm ấy,actor-actor,False,,False,
Ngô Kiến Huy,Don Nguyễn,1.3,1,Chàng trai năm ấy,actor-actor,False,,True,"Thành phố Hồ Chí Minh, Việt Nam"
Ngô Kiến Huy,Tấn Thi,1.0,1,Chàng trai năm ấy,actor-actor,False,,False,
Ngô Kiến Huy,Miu Lê,1.0,1,Em là bà nội của anh,actor-actor,False,,False,
Ngô Kiến Huy,Minh Đức (diễn viên),1.0,1,Em là bà nội của anh,actor-actor,False,,False,
Ngô Kiến Huy,Thanh Nam,1.0,1,Em là bà nội của anh,actor-actor,False,,False,
Ngô Kiến Huy,Đức Khuê,1.0,1,Em là bà nội của anh,actor-actor,False,,False,
Ngô Kiến Huy,Hồng Ánh,1.0,1,Em là bà nội của anh,actor-actor,False,,False,
Ngô Kiến Huy,Thu Trang,1.3,1,Em là bà nội của anh,actor-actor,False,,True,"Thành phố Hồ Chí Minh, Việt Nam"
Ngô Kiến Huy,Lều Phương Anh,1.0,1,Em là bà nội của anh,actor-actor,False,,False,
Ngô Kiến Huy,Kim Xuân,1.0,1,Em là bà nội của anh,actor-actor,False,,False,
Ngô Kiến Huy,Trung Dân,1.0,1,Em là bà nội của anh,actor-actor,False,,False,
Ngô Kiến Huy,Ngân Quỳnh,1.0,1,Em là bà nội của anh,actor-actor,False,,False,
Ngô Kiến Huy,Võ Ngọc Trai,1.3,1,Em là bà nội của anh,actor-actor,False,,True,"Thành phố Hồ Chí Minh, Việt Nam"
Ngô Kiến Huy,Duy Khánh (diễn viên),1.3,1,Em là bà nội của anh,actor-actor,False,,True,"Thành phố Hồ Chí Minh, Việt Nam"
Ngô Kiến Huy,Đàm Phương Linh,1.3,1,Em là bà nội của anh,actor-actor,False,,True,"Thành phố Hồ Chí Minh, Việt Nam"
Ngô Kiến Huy,Trọng Hiếu,1.0,1,Em là bà nội của anh,actor-actor,False,,False,
Ngô Kiến Huy,Huỳnh Lập,1.0,1,Em là bà nội của anh,actor-actor,False,,False,
Ngô Kiến Huy,Thảo Trang,1.3,1,Em là bà nội của anh,actor-actor,False,,True,"Thành phố Hồ Chí Minh, Việt Nam"
Ngô Kiến Huy,Tăng Nhật Tuệ,1.0,1,Em là bà nội của anh,actor-actor,False,,False,
Ngô Kiến Huy,Nguyễn Quang Dũng,1.0,1,Em là bà nội của anh,actor-actor,False,,False,
Ngô Kiến Huy,Nguyễn Hải Phong,1.0,1,Em là bà nội của anh,actor-actor,False,,False,
Ngô Kiến Huy,Uyên Linh,1.3,1,Em là bà nội của anh,actor-actor,False,,True,"Thành phố Hồ Chí Minh, Việt Nam"
Ngô Kiến Huy,Mỹ Tâm,1.0,1,Chị trợ lý của anh,director-actor,False,,False,
Ngô Kiến Huy,Mai Tài Phến,1.0,1,Chị trợ lý của anh,actor-actor,False,,False,
Ngô Kiến Huy,Hữu Châu,1.0,1,Chị trợ lý của anh,actor-actor,False,,False,
Ngô Kiến Huy,Phương Thanh,1.0,1,Chị trợ lý của anh,actor-actor,False,,False,
Ngô Kiến Huy,Đức Phúc,1.0,1,Chị trợ lý của anh,actor-actor,False,,False,
Ngô Kiến Huy,Phan Mạnh Quỳnh,1.0,1,Chị trợ lý của anh,actor-actor,False,,False,
Ngô Kiến Huy,Công Ninh,1.0,1,Chị trợ lý của anh,actor-actor,False,,False,
Ngô Kiến Huy,Maya (ca sĩ),1.0,1,Em là của em,actor-actor,False,,False,
Ngô Kiến Huy,Đại Nghĩa (diễn viên),1.3,1,Em là của em,actor-actor,False,,True,"Thành phố Hồ Chí Minh, Việt Nam"
Ngô Kiến Huy,Lê Giang (nghệ sĩ),1.0,1,Em là của em,actor-actor,False,,False,
Ngô Kiến Huy,Tuấn Trần,0.3,0,,,False,,True,"Thành phố Hồ Chí Minh, Việt Nam"
Ngô Kiến Huy,Ngân Chi,0.3,0,,,False,,True,"Thành phố Hồ Chí Minh, Việt Nam"
Ngô Kiến Huy,Nguyễn Minh Tú,0.3,0,,,False,,True,"Thành phố Hồ Chí Minh, Việt Nam"
Ngô Kiến Huy,Uyển Ân,0.3,0,,,False,,True,"Thành phố Hồ Chí Minh, Việt Nam"
Ngô Kiến Huy,Băng Di,0.3,0,,,False,,True,"Thành phố Hồ Chí Minh, Việt Nam"
Ngô Kiến Huy,Huỳnh Đông,0.3,0,,,False,,True,"Thành phố Hồ Chí Minh, Việt Nam"
Ngô Kiến Huy,Ngọc Diệp,0.3,0,,,False,,True,"Thành phố Hồ Chí Minh, Việt Nam"
Ngô Kiến Huy,Jun Phạm,0.3,0,,,False,,True,"Thành phố Hồ Chí Minh, Việt Nam"
Ngô Kiến Huy,Diễm My 9x,0.3,0,,,False,,True,"Thành phố Hồ Chí Minh, Việt Nam"
Ngô Kiến Huy,Nguyễn Thắng,0.3,0,,,False,,True,"Thành phố Hồ Chí Minh, Việt Nam"
Ngô Kiến Huy,Khả Ngân,0.3,0,,,False,,True,"Thành phố Hồ Chí Minh, Việt Nam"
Ngô Kiến Huy,Tóc Tiên (ca sĩ),0.3,0,,,False,,True,"Thành phố Hồ Chí Minh, Việt Nam"
Ngô Kiến Huy,Nguyễn Thúc Thùy Tiên,0.3,0,,,False,,True,"Thành phố Hồ Chí Minh, Việt Nam"
Ngô Kiến Huy,Huy Khánh,0.3,0,,,False,,True,"Thành phố Hồ Chí Minh, Việt Nam"
Ngô Kiến Huy,Đinh Ngọc Diệp,0.3,0,,,False,,True,"Thành phố Hồ Chí Minh, Việt Nam"
Ngô Kiến Huy,Midu,0.3,0,,,False,,True,"Thành phố Hồ Chí Minh, Việt Nam"
Ngô Kiến Huy,Tú Vi,0.3,0,,,False,,True,"Thành phố Hồ Chí Minh, Việt Nam"
Ngô Kiến Huy,Anh Thư,0.3,0,,,False,,True,"Thành phố Hồ Chí Minh, Việt Nam"
Ngô Kiến Huy,Đan Trường,0.3,0,,,False,,True,"Thành phố Hồ Chí Minh, Việt Nam"
Ngô Kiến Huy,Wanbi Tuấn Anh,0.3,0,,,False,,True,"Thành phố Hồ Chí Minh, Việt Nam"
Ngô Kiến Huy,Elly Trần,0.3,0,,,False,,True,"Thành phố Hồ Chí Minh, Việt Nam"
Ngô Kiến Huy,Tim (ca sĩ),0.3,0,,,False,,True,"Thành phố Hồ Chí Minh, Việt Nam"
Ngô Kiến Huy,Bảo Anh (ca sĩ),0.3,0,,,False,,True,"Thành phố Hồ Chí Minh, Việt Nam"
Ngô Kiến Huy,Thanh Trúc,0.3,0,,,False,,True,"Thành phố Hồ Chí Minh, Việt Nam"
Ngô Kiến Huy,Khánh Phương,0.3,0,,,False,,True,"Thành phố Hồ Chí Minh, Việt Nam"
Ngô Kiến Huy,Minh Hằng,0.3,0,,,False,,True,"Thành phố Hồ Chí Minh, Việt Nam"
Ngô Kiến Huy,Chí Thiện (sinh năm 1988),0.3,0,,,False,,True,"Thành phố Hồ Chí Minh, Việt Nam"
Ngô Kiến Huy,Tường Vi (diễn viên),0.3,0,,,False,,True,"Thành phố Hồ Chí Minh, Việt Nam"
Ngô Kiến Huy,Võ Thành Tâm,0.3,0,,,False,,True,"Thành phố Hồ Chí Minh, Việt Nam"
Ngô Kiến Huy,Diễm My (diễn viên),0.3,0,,,False,,True,"Thành phố Hồ Chí Minh, Việt Nam"
Ngô Kiến Huy,Quang Tuấn,0.3,0,,,False,,True,"Thành phố Hồ Chí Minh, Việt Nam"
Ngô Kiến Huy,Lương Bích Hữu,0.3,0,,,False,,True,"Thành phố Hồ Chí Minh, Việt Nam"
Ngô Kiến Huy,Lê Công Hoàng (diễn viên),0.3,0,,,False,,True,"Thành phố Hồ Chí Minh, Việt Nam"
Ngô Kiến Huy,Suboi,0.3,0,,,False,,True,"Thành phố Hồ Chí Minh, Việt Nam"
Ngô Kiến Huy,Hồ Vĩnh Khoa,0.3,0,,,False,,True,"Thành phố Hồ Chí Minh, Việt Nam"
Ngô Kiến Huy,Thanh Thúy (diễn viên sinh 1982),0.3,0,,,False,,True,"Thành phố Hồ Chí Minh, Việt Nam"
Ngô Kiến Huy,Angela Phương Trinh,0.3,0,,,False,,True,"Thành phố Hồ Chí Minh, Việt Nam"
Ngô Kiến Huy,Thanh Thúy (sinh 1982),0.3,0,,,False,,True,"Thành phố Hồ Chí Minh, Việt Nam"
Ngô Kiến Huy,Rocker Nguyen,0.3,0,,,False,,True,"Thành phố Hồ Chí Minh, Việt Nam"
Phước Sang,Việt Anh (nghệ sĩ),3.3,3,Công chúa teen và ngũ hổ tướng|Hello cô Ba|Khi đàn ông có bầu,actor-actor,False,,True,"Sài Gòn, Việt Nam Cộng hòa"
Phước Sang,Tuyết Thu,1.3,1,Công chúa teen và ngũ hổ tướng,actor-actor,False,,True,"Sài Gòn, Việt Nam Cộng hòa"
Phước Sang,Bảo Quốc,2.0,2,Công chúa teen và ngũ hổ tướng|Khi đàn ông có bầu,actor-actor,False,,False,
Phước Sang,hủ tiếu,1.0,1,Công chúa teen và ngũ hổ tướng,actor-actor,False,,False,
Phước Sang,Phi Phụng,2.0,2,Công chúa teen và ngũ hổ tướng|Hello cô Ba,actor-actor,False,,False,
Phước Sang,Phương Trinh Jolie,2.0,2,Công chúa teen và ngũ hổ tướng|Hello cô Ba,actor-actor,False,,False,
Phước Sang,Tấn Bo,2.0,2,Công chúa teen và ngũ hổ tướng|Khi đàn ông có bầu,actor-actor,False,,False,
Phước Sang,Kim Ngọc (nghệ sĩ),2.0,2,Công chúa teen và ngũ hổ tướng|Khi đàn ông có bầu,actor-actor,False,,False,
Phước Sang,Thanh Thủy (diễn viên),1.0,1,Hello cô Ba,actor-actor,False,,False,
Phước Sang,Huỳnh Anh Tuấn,2.0,2,Hello cô Ba|Khi đàn ông có bầu,actor-actor,False,,False,
Phước Sang,Trịnh Kim Chi,1.0,1,Hello cô Ba,actor-actor,False,,False,
Phước Sang,Lương Thế Thành,1.0,1,Hello cô Ba,actor-actor,False,,False,
Phước Sang,Phi Nhung,1.0,1,Hello cô Ba,actor-actor,False,,False,
Phước Sang,Phạm Văn Mách,1.0,1,Hello cô Ba,actor-actor,False,,False,
Phước Sang,Kiều Mai Lý,1.0,1,Hello cô Ba,actor-actor,False,,False,
Phước Sang,Nguyễn Phi Hùng (ca sĩ),1.0,1,Khi đàn ông có bầu,actor-actor,False,,False,
Phước Sang,Hồng Nga,1.0,1,Khi đàn ông có bầu,actor-actor,False,,False,
Phước Sang,Trương Ngọc Ánh,1.0,1,Khi đàn ông có bầu,actor-actor,False,,False,
Phước Sang,Ngọc Giàu,1.0,1,Khi đàn ông có bầu,actor-actor,False,,False,
Phước Sang,Bảo Chung,1.0,1,Khi đàn ông có bầu,actor-actor,False,,False,
Phước Sang,Hồng Vân (diễn viên),1.0,1,Khi đàn ông có bầu,actor-actor,False,,False,
Phước Sang,Phương Thanh,1.0,1,Khi đàn ông có bầu,actor-actor,False,,False,
Phước Sang,Quyền Linh,1.0,1,Khi đàn ông có bầu,actor-actor,False,,False,
Phước Sang,Thúy Nga (nghệ sĩ),1.0,1,Khi đàn ông có bầu,actor-actor,False,,False,
Phước Sang,Hữu Nghĩa,1.0,1,Khi đàn ông có bầu,actor-actor,False,,False,
Phước Sang,Kim Khánh (diễn viên),1.0,1,Khi đàn ông có bầu,actor-actor,False,,False,
Phước Sang,Nguyễn Chánh Tín,1.0,1,Khi đàn ông có bầu,actor-actor,False,,False,
Phước Sang,Việt Hương,1.0,1,Khi đàn ông có bầu,actor-actor,False,,False,
Phước Sang,Mỹ Uyên,1.0,1,Khi đàn ông có bầu,actor-actor,False,,False,
Phước Sang,Chi Bảo,1.0,1,Khi đàn ông có bầu,actor-actor,False,,False,
Phước Sang,quần vợt,1.0,1,Khi đàn ông có bầu,actor-actor,False,,False,
Phước Sang,Anh Vũ (nghệ sĩ),1.0,1,Khi đàn ông có bầu,actor-actor,False,,False,
Phước Sang,gà,1.0,1,Khi đàn ông có bầu,actor-actor,False,,False,
Phước Sang,Hồng Tơ,1.0,1,Khi đàn ông có bầu,actor-actor,False,,False,
Phước Sang,Minh Thuận (ca sĩ),1.0,1,Khi đàn ông có bầu,actor-actor,False,,False,
Phước Sang,Mạc Can,1.0,1,Khi đàn ông có bầu,actor-actor,False,,False,
Phước Sang,Hữu Lộc,1.0,1,Khi đàn ông có bầu,actor-actor,False,,False,
Phước Sang,Hữu Châu,0.3,0,,,False,,True,"Sài Gòn, Việt Nam Cộng hòa"
Phước Sang,Công Ninh,0.3,0,,,False,,True,"Sài Gòn, Việt Nam Cộng hòa"
Phước Sang,Ngân Quỳnh,0.3,0,,,False,,True,"Sài Gòn, Việt Nam Cộng hòa"
Phước Sang,Thanh Hằng (nghệ sĩ cải lương),0.3,0,,,False,,True,"Sài Gòn, Việt Nam Cộng hòa"
Phước Sang,Thái Hòa (diễn viên),0.3,0,,,False,,True,"Sài Gòn, Việt Nam Cộng hòa"
Phước Sang,Dustin Nguyễn,0.3,0,,,False,,True,"Sài Gòn, Việt Nam Cộng hòa"
Phước Sang,Thành Lộc,0.3,0,,,False,,True,"Sài Gòn, Việt Nam Cộng hòa"
Phước Sang,Huỳnh Kiến An,0.3,0,,,False,,True,"Sài Gòn, Việt Nam Cộng hòa"
Phước Sang,Stephane Gauger,0.3,0,,,False,,True,"Sài Gòn, Việt Nam Cộng hòa"
Phước Sang,Trần Bảo Sơn,0.3,0,,,False,,True,"Sài Gòn, Việt Nam Cộng hòa"
Phước Sang,Lê Công Tuấn Anh,0.3,0,,,False,,True,"Sài Gòn, Việt Nam Cộng hòa"
Phước Sang,Vân Sơn (nghệ sĩ hài),0.3,0,,,False,,True,"Sài Gòn, Việt Nam Cộng hòa"
Phước Sang,Bảo Liêm,0.3,0,,,False,,True,"Sài Gòn, Việt Nam Cộng hòa"
Phước Sang,Mỹ Duyên,0.3,0,,,False,,True,"Sài Gòn, Việt Nam Cộng hòa"
Phước Sang,Hương Giang (diễn viên),0.3,0,,,False,,True,"Sài Gòn, Việt Nam Cộng hòa"
Phước Sang,Trương Minh Quốc Thái,0.3,0,,,False,,True,"Sài Gòn, Việt Nam Cộng hòa"
Phước Sang,Cẩm Ly,0.3,0,,,False,,True,"Sài Gòn, Việt Nam Cộng hòa"
Phước Sang,Kiến An (diễn viên),0.3,0,,,False,,True,"Sài Gòn, Việt Nam Cộng hòa"
Phước Sang,Vũ Hà (ca sĩ),0.3,0,,,False,,True,"Sài Gòn, Việt Nam Cộng hòa"
Phước Sang,Phạm Thị Ngọc Trinh,0.3,0,,,False,,True,"Sài Gòn, Việt Nam Cộng hòa"
Việt Anh (nghệ sĩ),Tuyết Thu,1.3,1,Công chúa teen và ngũ hổ tướng,actor-actor,False,,True,"Sài Gòn, Việt Nam Cộng hòa"
Việt Anh (nghệ sĩ),Bảo Quốc,3.0,3,Công chúa teen và ngũ hổ tướng|Võ lâm truyền kỳ (phim)|Khi đàn ông có bầu,actor-actor,False,,False,
Việt Anh (nghệ sĩ),hủ tiếu,1.0,1,Công chúa teen và ngũ hổ tướng,actor-actor,False,,False,
Việt Anh (nghệ sĩ),Phi Phụng,5.0,5,Công chúa teen và ngũ hổ tướng|Về quê ăn Tết|Hello cô Ba|Lật mặt (phim)|Lật mặt,actor-actor,False,,False,
Việt Anh (nghệ sĩ),Phương Trinh Jolie,3.0,3,Công chúa teen và ngũ hổ tướng|Hello cô Ba|Sắc đẹp ngàn cân (phim 2017),actor-actor,False,,False,
Việt Anh (nghệ sĩ),Tấn Bo,2.0,2,Công chúa teen và ngũ hổ tướng|Khi đàn ông có bầu,actor-actor,False,,False,
Việt Anh (nghệ sĩ),Kim Ngọc (nghệ sĩ),2.0,2,Công chúa teen và ngũ hổ tướng|Khi đàn ông có bầu,actor-actor,False,,False,
Việt Anh (nghệ sĩ),Tuấn Trần,2.0,2,Bố già (phim 2021)|Mai (phim),actor-actor,False,,False,
Việt Anh (nghệ sĩ),Ngân Chi,1.0,1,Bố già (phim 2021),actor-actor,False,,False,
Việt Anh (nghệ sĩ),Ngọc Giàu,7.0,7,Bố già (phim 2021)|Nhà bà Nữ|Mai (phim)|Bộ tứ báo thủ|Võ lâm truyền kỳ (phim)|Năm sau con lại về|Khi đàn ông có bầu,actor-actor,False,,False,
Việt Anh (nghệ sĩ),Lê Giang (nghệ sĩ),1.0,1,Bố già (phim 2021),actor-actor,False,,False,
Việt Anh (nghệ sĩ),Lan Phương,1.0,1,Bố già (phim 2021),actor-actor,False,,False,
Việt Anh (nghệ sĩ),Nguyễn Minh Tú,1.0,1,Bố già (phim 2021),actor-actor,False,,False,
Việt Anh (nghệ sĩ),Xuân Nghị,1.0,1,Bố già (phim 2021),actor-actor,False,,False,
Việt Anh (nghệ sĩ),Mai Trần,1.0,1,Bố già (phim 2021),actor-actor,False,,False,
Việt Anh (nghệ sĩ),Trúc Nhân,1.0,1,Bố già (phim 2021),actor-actor,False,,False,
Việt Anh (nghệ sĩ),Lê Dương Bảo Lâm,3.0,3,Bố già (phim 2021)|Nhà bà Nữ|Bộ tứ báo thủ,actor-actor,False,,False,
Việt Anh (nghệ sĩ),Diệu Nhi,1.0,1,Bố già (phim 2021),actor-actor,False,,False,
Việt Anh (nghệ sĩ),Hari Won,1.0,1,Bố già (phim 2021),actor-actor,False,,False,
Việt Anh (nghệ sĩ),Bà Tân Vlog,1.0,1,Bố già (phim 2021),actor-actor,False,,False,
Việt Anh (nghệ sĩ),Lê Giang,2.0,2,Nhà bà Nữ|Bộ tứ báo thủ,actor-actor,False,,False,
Việt Anh (nghệ sĩ),Uyển Ân,3.0,3,Nhà bà Nữ|Mai (phim)|Bộ tứ báo thủ,actor-actor,False,,False,
Việt Anh (nghệ sĩ),Song Luân,1.0,1,Nhà bà Nữ,actor-actor,False,,False,
Việt Anh (nghệ sĩ),Khả Như,2.0,2,Nhà bà Nữ|Mai (phim),actor-actor,False,,False,
Việt Anh (nghệ sĩ),Công Ninh,2.3,2,Nhà bà Nữ|Cô dâu đại chiến,actor-actor,False,,True,"Sài Gòn, Việt Nam Cộng hòa"
Việt Anh (nghệ sĩ),Ngân Quỳnh,2.3,2,Nhà bà Nữ|Về quê ăn Tết,actor-actor,False,,True,"Sài Gòn, Việt Nam Cộng hòa"
Việt Anh (nghệ sĩ),Phương Anh Đào,1.0,1,Mai (phim),actor-actor,False,,False,
Việt Anh (nghệ sĩ),Hồng Đào (diễn viên),2.0,2,Mai (phim)|Cô thủ môn tội nghiệp,actor-actor,False,,False,
Việt Anh (nghệ sĩ),Trần Tiểu Vy,2.0,2,Mai (phim)|Bộ tứ báo thủ,actor-actor,False,,False,
Việt Anh (nghệ sĩ),Thanh Hằng (nghệ sĩ cải lương),1.3,1,Mai (phim),actor-actor,False,,True,"Sài Gòn, Việt Nam Cộng hòa"
Việt Anh (nghệ sĩ),Nguyễn Cao Kỳ Duyên (người mẫu),1.0,1,Bộ tứ báo thủ,actor-actor,False,,False,
Việt Anh (nghệ sĩ),Quân A.P,1.0,1,Bộ tứ báo thủ,actor-actor,False,,False,
Việt Anh (nghệ sĩ),Jun Phạm,1.0,1,Về quê ăn Tết,actor-actor,False,,False,
Việt Anh (nghệ sĩ),Trung Dân,2.0,2,Về quê ăn Tết|Cô dâu đại chiến,actor-actor,False,,False,
Việt Anh (nghệ sĩ),Hữu Châu,2.3,2,Về quê ăn Tết|Sắc đẹp ngàn cân (phim 2017),actor-actor,False,,True,"Sài Gòn, Việt Nam Cộng hòa"
Việt Anh (nghệ sĩ),Will,1.0,1,Về quê ăn Tết,actor-actor,False,,False,
Việt Anh (nghệ sĩ),Oanh Kiều,1.0,1,Về quê ăn Tết,actor-actor,False,,False,
Việt Anh (nghệ sĩ),Chí Tâm,1.0,1,Về quê ăn Tết,actor-actor,False,,False,
Việt Anh (nghệ sĩ),Xuân Lan,1.0,1,Về quê ăn Tết,actor-actor,False,,False,
Việt Anh (nghệ sĩ),Tiểu Bảo Quốc,1.0,1,Về quê ăn Tết,actor-actor,False,,False,
Việt Anh (nghệ sĩ),Thanh Mai (MC),1.0,1,Cô thủ môn tội nghiệp,actor-actor,False,,False,
Việt Anh (nghệ sĩ),Lê Công Tuấn Anh,1.3,1,Cô thủ môn tội nghiệp,actor-actor,False,,True,"Sài Gòn, Việt Nam Cộng hòa"
Việt Anh (nghệ sĩ),Lê Tuấn Anh (diễn viên sinh 1968),1.0,1,Cô thủ môn tội nghiệp,actor-actor,False,,False,
Việt Anh (nghệ sĩ),Hồng Vân (diễn viên),4.0,4,Cô thủ môn tội nghiệp|Khi đàn ông có bầu|Như một huyền thoại|Áo lụa Hà Đông (phim),actor-actor,False,,False,
Việt Anh (nghệ sĩ),Thành Lộc,1.3,1,Cô thủ môn tội nghiệp,actor-actor,False,,True,"Sài Gòn, Việt Nam Cộng hòa"
Việt Anh (nghệ sĩ),Thanh Vy,2.0,2,Cô thủ môn tội nghiệp|Áo lụa Hà Đông (phim),actor-actor,False,,False,
Việt Anh (nghệ sĩ),Huy Khánh,1.0,1,Cô dâu đại chiến,actor-actor,False,,False,
Việt Anh (nghệ sĩ),Ngọc Diệp,1.0,1,Cô dâu đại chiến,actor-actor,False,,False,
Việt Anh (nghệ sĩ),Ngân Khánh,1.0,1,Cô dâu đại chiến,actor-actor,False,,False,
Việt Anh (nghệ sĩ),Vân Trang,1.0,1,Cô dâu đại chiến,actor-actor,False,,False,
Việt Anh (nghệ sĩ),Lê Khánh,2.0,2,Cô dâu đại chiến|Năm sau con lại về,actor-actor,False,,False,
Việt Anh (nghệ sĩ),Phi Thanh Vân,1.0,1,Cô dâu đại chiến,actor-actor,False,,False,
Việt Anh (nghệ sĩ),Đại Nghĩa (diễn viên),2.0,2,Cô dâu đại chiến|Sắc đẹp ngàn cân (phim 2017),actor-actor,False,,False,
Việt Anh (nghệ sĩ),Võ Thanh Hòa,1.0,1,Cô dâu đại chiến,actor-actor,False,,False,
Việt Anh (nghệ sĩ),Đinh Tiến Đạt,1.0,1,Cô dâu đại chiến,actor-actor,False,,False,
Việt Anh (nghệ sĩ),Minh Thuận (ca sĩ),2.0,2,Cô dâu đại chiến|Khi đàn ông có bầu,actor-actor,False,,False,
Việt Anh (nghệ sĩ),Mai Thành,1.0,1,Cô dâu đại chiến,actor-actor,False,,False,
Việt Anh (nghệ sĩ),Đan Trường,1.0,1,Võ lâm truyền kỳ (phim),actor-actor,False,,False,
Việt Anh (nghệ sĩ),Chi Bảo,2.0,2,Võ lâm truyền kỳ (phim)|Khi đàn ông có bầu,actor-actor,False,,False,
Việt Anh (nghệ sĩ),Thanh Thảo (ca sĩ),1.0,1,Võ lâm truyền kỳ (phim),actor-actor,False,,False,
Việt Anh (nghệ sĩ),Vũ Thu Phương,1.0,1,Võ lâm truyền kỳ (phim),actor-actor,False,,False,
Việt Anh (nghệ sĩ),Cát Phượng,1.0,1,Võ lâm truyền kỳ (phim),actor-actor,False,,False,
Việt Anh (nghệ sĩ),Marilyn Monroe,1.0,1,Võ lâm truyền kỳ (phim),actor-actor,False,,False,
Việt Anh (nghệ sĩ),Michael Jackson,1.0,1,Võ lâm truyền kỳ (phim),actor-actor,False,,False,
Việt Anh (nghệ sĩ),Khánh Nam (diễn viên),1.0,1,Võ lâm truyền kỳ (phim),actor-actor,False,,False,
Việt Anh (nghệ sĩ),Charlie Chaplin,1.0,1,Võ lâm truyền kỳ (phim),actor-actor,False,,False,
Việt Anh (nghệ sĩ),Minh Béo,1.0,1,Võ lâm truyền kỳ (phim),actor-actor,False,,False,
Việt Anh (nghệ sĩ),Hữu Lộc,2.0,2,Võ lâm truyền kỳ (phim)|Khi đàn ông có bầu,actor-actor,False,,False,
Việt Anh (nghệ sĩ),đỏ,1.0,1,Võ lâm truyền kỳ (phim),actor-actor,False,,False,
Việt Anh (nghệ sĩ),Thái Hòa (diễn viên),1.3,1,Võ lâm truyền kỳ (phim),actor-actor,False,,True,"Sài Gòn, Việt Nam Cộng hòa"
Việt Anh (nghệ sĩ),Da cam,1.0,1,Võ lâm truyền kỳ (phim),actor-actor,False,,False,
Việt Anh (nghệ sĩ),Thanh Thủy (diễn viên),2.0,2,Hello cô Ba|Năm sau con lại về,actor-actor,False,,False,
Việt Anh (nghệ sĩ),Huỳnh Anh Tuấn,2.0,2,Hello cô Ba|Khi đàn ông có bầu,actor-actor,False,,False,
Việt Anh (nghệ sĩ),Trịnh Kim Chi,1.0,1,Hello cô Ba,actor-actor,False,,False,
Việt Anh (nghệ sĩ),Lương Thế Thành,1.0,1,Hello cô Ba,actor-actor,False,,False,
Việt Anh (nghệ sĩ),Phi Nhung,1.0,1,Hello cô Ba,actor-actor,False,,False,
Việt Anh (nghệ sĩ),Phạm Văn Mách,1.0,1,Hello cô Ba,actor-actor,False,,False,
Việt Anh (nghệ sĩ),Kiều Mai Lý,2.0,2,Hello cô Ba|Năm sau con lại về,actor-actor,False,,False,
Việt Anh (nghệ sĩ),Quý Bình,1.0,1,Năm sau con lại về,actor-actor,False,,False,
Việt Anh (nghệ sĩ),Hứa Minh Đạt,1.0,1,Năm sau con lại về,actor-actor,False,,False,
Việt Anh (nghệ sĩ),Nhật Cường,1.0,1,Năm sau con lại về,actor-actor,False,,False,
Việt Anh (nghệ sĩ),Thanh Trúc,1.0,1,Năm sau con lại về,actor-actor,False,,False,
Việt Anh (nghệ sĩ),Trường Giang (nghệ sĩ),3.0,3,Năm sau con lại về|Lật mặt (phim)|Lật mặt,actor-actor,False,,False,
Việt Anh (nghệ sĩ),Quốc Thuận,1.0,1,Năm sau con lại về,actor-actor,False,,False,
Việt Anh (nghệ sĩ),Tiến Luật,1.0,1,Năm sau con lại về,actor-actor,False,,False,
Việt Anh (nghệ sĩ),Thu Trang,1.0,1,Năm sau con lại về,actor-actor,False,,False,
Việt Anh (nghệ sĩ),Nguyễn Phi Hùng (ca sĩ),1.0,1,Khi đàn ông có bầu,actor-actor,False,,False,
Việt Anh (nghệ sĩ),Hồng Nga,1.0,1,Khi đàn ông có bầu,actor-actor,False,,False,
Việt Anh (nghệ sĩ),Trương Ngọc Ánh,2.0,2,Khi đàn ông có bầu|Áo lụa Hà Đông (phim),actor-actor,False,,False,
Việt Anh (nghệ sĩ),Bảo Chung,1.0,1,Khi đàn ông có bầu,actor-actor,False,,False,
Việt Anh (nghệ sĩ),Phương Thanh,1.0,1,Khi đàn ông có bầu,actor-actor,False,,False,
Việt Anh (nghệ sĩ),Quyền Linh,1.0,1,Khi đàn ông có bầu,actor-actor,False,,False,
Việt Anh (nghệ sĩ),Thúy Nga (nghệ sĩ),1.0,1,Khi đàn ông có bầu,actor-actor,False,,False,
Việt Anh (nghệ sĩ),Hữu Nghĩa,1.0,1,Khi đàn ông có bầu,actor-actor,False,,False,
Việt Anh (nghệ sĩ),Kim Khánh (diễn viên),1.0,1,Khi đàn ông có bầu,actor-actor,False,,False,
Việt Anh (nghệ sĩ),Nguyễn Chánh Tín,1.0,1,Khi đàn ông có bầu,actor-actor,False,,False,
Việt Anh (nghệ sĩ),Việt Hương,1.0,1,Khi đàn ông có bầu,actor-actor,False,,False,
Việt Anh (nghệ sĩ),Mỹ Uyên,1.0,1,Khi đàn ông có bầu,actor-actor,False,,False,
Việt Anh (nghệ sĩ),quần vợt,1.0,1,Khi đàn ông có bầu,actor-actor,False,,False,
Việt Anh (nghệ sĩ),Anh Vũ (nghệ sĩ),1.0,1,Khi đàn ông có bầu,actor-actor,False,,False,
Việt Anh (nghệ sĩ),gà,1.0,1,Khi đàn ông có bầu,actor-actor,False,,False,
Việt Anh (nghệ sĩ),Hồng Tơ,1.0,1,Khi đàn ông có bầu,actor-actor,False,,False,
Việt Anh (nghệ sĩ),Mạc Can,2.0,2,Khi đàn ông có bầu|Áo lụa Hà Đông (phim),actor-actor,False,,False,
Việt Anh (nghệ sĩ),Lý Hải,2.0,2,Lật mặt (phim)|Lật mặt,director-actor,False,,False,
Việt Anh (nghệ sĩ),Võ Thành Tâm,2.0,2,Lật mặt (phim)|Lật mặt,actor-actor,False,,False,
Việt Anh (nghệ sĩ),Kim Xuân,2.0,2,Lật mặt (phim)|Lật mặt,actor-actor,False,,False,
Việt Anh (nghệ sĩ),Trọng Hải,2.0,2,Lật mặt (phim)|Lật mặt,actor-actor,False,,False,
Việt Anh (nghệ sĩ),Tiết Cương,2.0,2,Lật mặt (phim)|Lật mặt,actor-actor,False,,False,
Việt Anh (nghệ sĩ),Nam Thư,2.0,2,Lật mặt (phim)|Lật mặt,actor-actor,False,,False,
Việt Anh (nghệ sĩ),Lê Minh Thu,1.0,1,Như một huyền thoại,actor-actor,False,,False,
Việt Anh (nghệ sĩ),Võ Thị Sáu,1.0,1,Như một huyền thoại,actor-actor,False,,False,
Việt Anh (nghệ sĩ),Thanh Hoàng (nghệ sĩ),1.0,1,Như một huyền thoại,actor-actor,False,,False,
Việt Anh (nghệ sĩ),Robert Hải,1.0,1,Như một huyền thoại,actor-actor,False,,False,
Việt Anh (nghệ sĩ),Quốc Khánh (nghệ sĩ),1.0,1,Áo lụa Hà Đông (phim),actor-actor,False,,False,
Việt Anh (nghệ sĩ),Tú Trinh,1.0,1,Áo lụa Hà Đông (phim),actor-actor,False,,False,
Việt Anh (nghệ sĩ),Tất Bình,1.0,1,Áo lụa Hà Đông (phim),actor-actor,False,,False,
Việt Anh (nghệ sĩ),Như Quỳnh (diễn viên),1.0,1,Áo lụa Hà Đông (phim),actor-actor,False,,False,
Việt Anh (nghệ sĩ),Hà Kiều Anh,1.0,1,Áo lụa Hà Đông (phim),actor-actor,False,,False,
Việt Anh (nghệ sĩ),Quang Thắng,1.0,1,Áo lụa Hà Đông (phim),actor-actor,False,,False,
Việt Anh (nghệ sĩ),Bình Minh (người mẫu),1.0,1,Áo lụa Hà Đông (phim),actor-actor,False,,False,
Việt Anh (nghệ sĩ),Minh Hằng,1.0,1,Sắc đẹp ngàn cân (phim 2017),actor-actor,False,,False,
Việt Anh (nghệ sĩ),Rocker Nguyen,1.0,1,Sắc đẹp ngàn cân (phim 2017),actor-actor,False,,False,
Việt Anh (nghệ sĩ),Dustin Nguyễn,0.3,0,,,False,,True,"Sài Gòn, Việt Nam Cộng hòa"
Việt Anh (nghệ sĩ),Huỳnh Kiến An,0.3,0,,,False,,True,"Sài Gòn, Việt Nam Cộng hòa"
Việt Anh (nghệ sĩ),Stephane Gauger,0.3,0,,,False,,True,"Sài Gòn, Việt Nam Cộng hòa"
Việt Anh (nghệ sĩ),Trần Bảo Sơn,0.3,0,,,False,,True,"Sài Gòn, Việt Nam Cộng hòa"
Việt Anh (nghệ sĩ),Vân Sơn (nghệ sĩ hài),0.3,0,,,False,,True,"Sài Gòn, Việt Nam Cộng hòa"
Việt Anh (nghệ sĩ),Bảo Liêm,0.3,0,,,False,,True,"Sài Gòn, Việt Nam Cộng hòa"
Việt Anh (nghệ sĩ),Mỹ Duyên,0.3,0,,,False,,True,"Sài Gòn, Việt Nam Cộng hòa"
Việt Anh (nghệ sĩ),Hương Giang (diễn viên),0.3,0,,,False,,True,"Sài Gòn, Việt Nam Cộng hòa"
Việt Anh (nghệ sĩ),Trương Minh Quốc Thái,0.3,0,,,False,,True,"Sài Gòn, Việt Nam Cộng hòa"
Việt Anh (nghệ sĩ),Cẩm Ly,0.3,0,,,False,,True,"Sài Gòn, Việt Nam Cộng hòa"
Việt Anh (nghệ sĩ),Kiến An (diễn viên),0.3,0,,,False,,True,"Sài Gòn, Việt Nam Cộng hòa"
Việt Anh (nghệ sĩ),Vũ Hà (ca sĩ),0.3,0,,,False,,True,"Sài Gòn, Việt Nam Cộng hòa"
Việt Anh (nghệ sĩ),Phạm Thị Ngọc Trinh,0.3,0,,,False,,True,"Sài Gòn, Việt Nam Cộng hòa"
Tuyết Thu,Bảo Quốc,1.0,1,Công chúa teen và ngũ hổ tướng,actor-actor,False,,False,
Tuyết Thu,hủ tiếu,1.0,1,Công chúa teen và ngũ hổ tướng,actor-actor,False,,False,
Tuyết Thu,Phi Phụng,1.0,1,Công chúa teen và ngũ hổ tướng,actor-actor,False,,False,
Tuyết Thu,Phương Trinh Jolie,1.0,1,Công chúa teen và ngũ hổ tướng,actor-actor,False,,False,
Tuyết Thu,Tấn Bo,1.0,1,Công chúa teen và ngũ hổ tướng,actor-actor,False,,False,
Tuyết Thu,Kim Ngọc (nghệ sĩ),1.0,1,Công chúa teen và ngũ hổ tướng,actor-actor,False,,False,
Tuyết Thu,Hữu Châu,0.3,0,,,False,,True,"Sài Gòn, Việt Nam Cộng hòa"
Tuyết Thu,Công Ninh,0.3,0,,,False,,True,"Sài Gòn, Việt Nam Cộng hòa"
Tuyết Thu,Ngân Quỳnh,0.3,0,,,False,,True,"Sài Gòn, Việt Nam Cộng hòa"
Tuyết Thu,Thanh Hằng (nghệ sĩ cải lương),0.3,0,,,False,,True,"Sài Gòn, Việt Nam Cộng hòa"
Tuyết Thu,Thái Hòa (diễn viên),0.3,0,,,False,,True,"Sài Gòn, Việt Nam Cộng hòa"
Tuyết Thu,Dustin Nguyễn,0.3,0,,,False,,True,"Sài Gòn, Việt Nam Cộng hòa"
Tuyết Thu,Thành Lộc,0.3,0,,,False,,True,"Sài Gòn, Việt Nam Cộng hòa"
Tuyết Thu,Huỳnh Kiến An,0.3,0,,,False,,True,"Sài Gòn, Việt Nam Cộng hòa"
Tuyết Thu,Stephane Gauger,0.3,0,,,False,,True,"Sài Gòn, Việt Nam Cộng hòa"
Tuyết Thu,Trần Bảo Sơn,0.3,0,,,False,,True,"Sài Gòn, Việt Nam Cộng hòa"
Tuyết Thu,Lê Công Tuấn Anh,0.3,0,,,False,,True,"Sài Gòn, Việt Nam Cộng hòa"
Tuyết Thu,Vân Sơn (nghệ sĩ hài),0.3,0,,,False,,True,"Sài Gòn, Việt Nam Cộng hòa"
Tuyết Thu,Bảo Liêm,0.3,0,,,False,,True,"Sài Gòn, Việt Nam Cộng hòa"
Tuyết Thu,Mỹ Duyên,0.3,0,,,False,,True,"Sài Gòn, Việt Nam Cộng hòa"
Tuyết Thu,Hương Giang (diễn viên),0.3,0,,,False,,True,"Sài Gòn, Việt Nam Cộng hòa"
Tuyết Thu,Trương Minh Quốc Thái,0.3,0,,,False,,True,"Sài Gòn, Việt Nam Cộng hòa"
Tuyết Thu,Cẩm Ly,0.3,0,,,False,,True,"Sài Gòn, Việt Nam Cộng hòa"
Tuyết Thu,Kiến An (diễn viên),0.3,0,,,False,,True,"Sài Gòn, Việt Nam Cộng hòa"
Tuyết Thu,Vũ Hà (ca sĩ),0.3,0,,,False,,True,"Sài Gòn, Việt Nam Cộng hòa"
Tuyết Thu,Phạm Thị Ngọc Trinh,0.3,0,,,False,,True,"Sài Gòn, Việt Nam Cộng hòa"
Bảo Quốc,hủ tiếu,1.0,1,Công chúa teen và ngũ hổ tướng,actor-actor,False,,False,
Bảo Quốc,Phi Phụng,1.0,1,Công chúa teen và ngũ hổ tướng,actor-actor,False,,False,
Bảo Quốc,Phương Trinh Jolie,1.0,1,Công chúa teen và ngũ hổ tướng,actor-actor,False,,False,
Bảo Quốc,Tấn Bo,2.0,2,Công chúa teen và ngũ hổ tướng|Khi đàn ông có bầu,actor-actor,False,,False,
Bảo Quốc,Kim Ngọc (nghệ sĩ),2.0,2,Công chúa teen và ngũ hổ tướng|Khi đàn ông có bầu,actor-actor,False,,False,
Bảo Quốc,Đan Trường,1.0,1,Võ lâm truyền kỳ (phim),actor-actor,False,,False,
Bảo Quốc,Chi Bảo,2.0,2,Võ lâm truyền kỳ (phim)|Khi đàn ông có bầu,actor-actor,False,,False,
Bảo Quốc,Thanh Thảo (ca sĩ),1.0,1,Võ lâm truyền kỳ (phim),actor-actor,False,,False,
Bảo Quốc,Vũ Thu Phương,1.0,1,Võ lâm truyền kỳ (phim),actor-actor,False,,False,
Bảo Quốc,Ngọc Giàu,2.0,2,Võ lâm truyền kỳ (phim)|Khi đàn ông có bầu,actor-actor,False,,False,
Bảo Quốc,Cát Phượng,1.0,1,Võ lâm truyền kỳ (phim),actor-actor,False,,False,
Bảo Quốc,Marilyn Monroe,1.0,1,Võ lâm truyền kỳ (phim),actor-actor,False,,False,
Bảo Quốc,Michael Jackson,1.0,1,Võ lâm truyền kỳ (phim),actor-actor,False,,False,
Bảo Quốc,Khánh Nam (diễn viên),1.0,1,Võ lâm truyền kỳ (phim),actor-actor,False,,False,
Bảo Quốc,Charlie Chaplin,1.0,1,Võ lâm truyền kỳ (phim),actor-actor,False,,False,
Bảo Quốc,Minh Béo,1.0,1,Võ lâm truyền kỳ (phim),actor-actor,False,,False,
Bảo Quốc,Hữu Lộc,2.0,2,Võ lâm truyền kỳ (phim)|Khi đàn ông có bầu,actor-actor,False,,False,
Bảo Quốc,đỏ,1.0,1,Võ lâm truyền kỳ (phim),actor-actor,False,,False,
Bảo Quốc,Thái Hòa (diễn viên),1.0,1,Võ lâm truyền kỳ (phim),actor-actor,False,,False,
Bảo Quốc,Da cam,1.0,1,Võ lâm truyền kỳ (phim),actor-actor,False,,False,
Bảo Quốc,Nguyễn Phi Hùng (ca sĩ),1.0,1,Khi đàn ông có bầu,actor-actor,False,,False,
Bảo Quốc,Hồng Nga,1.0,1,Khi đàn ông có bầu,actor-actor,False,,False,
Bảo Quốc,Trương Ngọc Ánh,1.0,1,Khi đàn ông có bầu,actor-actor,False,,False,
Bảo Quốc,Bảo Chung,1.0,1,Khi đàn ông có bầu,actor-actor,False,,False,
Bảo Quốc,Hồng Vân (diễn viên),1.0,1,Khi đàn ông có bầu,actor-actor,False,,False,
Bảo Quốc,Phương Thanh,1.0,1,Khi đàn ông có bầu,actor-actor,False,,False,
Bảo Quốc,Quyền Linh,1.0,1,Khi đàn ông có bầu,actor-actor,False,,False,
Bảo Quốc,Thúy Nga (nghệ sĩ),1.0,1,Khi đàn ông có bầu,actor-actor,False,,False,
Bảo Quốc,Hữu Nghĩa,1.0,1,Khi đàn ông có bầu,actor-actor,False,,False,
Bảo Quốc,Kim Khánh (diễn viên),1.0,1,Khi đàn ông có bầu,actor-actor,False,,False,
Bảo Quốc,Nguyễn Chánh Tín,1.0,1,Khi đàn ông có bầu,actor-actor,False,,False,
Bảo Quốc,Việt Hương,1.0,1,Khi đàn ông có bầu,actor-actor,False,,False,
Bảo Quốc,Mỹ Uyên,1.0,1,Khi đàn ông có bầu,actor-actor,False,,False,
Bảo Quốc,Huỳnh Anh Tuấn,1.0,1,Khi đàn ông có bầu,actor-actor,False,,False,
Bảo Quốc,quần vợt,1.0,1,Khi đàn ông có bầu,actor-actor,False,,False,
Bảo Quốc,Anh Vũ (nghệ sĩ),1.0,1,Khi đàn ông có bầu,actor-actor,False,,False,
Bảo Quốc,gà,1.0,1,Khi đàn ông có bầu,actor-actor,False,,False,
Bảo Quốc,Hồng Tơ,1.0,1,Khi đàn ông có bầu,actor-actor,False,,False,
Bảo Quốc,Minh Thuận (ca sĩ),1.0,1,Khi đàn ông có bầu,actor-actor,False,,False,
Bảo Quốc,Mạc Can,2.0,2,Khi đàn ông có bầu|Hai Cũ,actor-actor,False,,False,
Bảo Quốc,Lý Huỳnh,1.0,1,Hai Cũ,actor-actor,False,,False,
Bảo Quốc,Đơn Dương (diễn viên),1.0,1,Hai Cũ,actor-actor,False,,False,
Bảo Quốc,Lý Hùng,1.0,1,Hai Cũ,actor-actor,False,,False,
Bảo Quốc,Thương Tín (diễn viên),1.0,1,Hai Cũ,actor-actor,False,,False,
Bảo Quốc,Phương Thanh (diễn viên),1.0,1,Hai Cũ,actor-actor,False,,False,
Bảo Quốc,Thùy Liên,1.0,1,Hai Cũ,actor-actor,False,,False,
Bảo Quốc,Nguyễn Hậu,1.0,1,Hai Cũ,actor-actor,False,,False,
Bảo Quốc,Khương Mễ,1.0,1,Hai Cũ,actor-actor,False,,False,
Bảo Quốc,Hồ Kiểng,1.0,1,Hai Cũ,actor-actor,False,,False,
hủ tiếu,Phi Phụng,1.0,1,Công chúa teen và ngũ hổ tướng,actor-actor,False,,False,
hủ tiếu,Phương Trinh Jolie,1.0,1,Công chúa teen và ngũ hổ tướng,actor-actor,False,,False,
hủ tiếu,Tấn Bo,1.0,1,Công chúa teen và ngũ hổ tướng,actor-actor,False,,False,
hủ tiếu,Kim Ngọc (nghệ sĩ),1.0,1,Công chúa teen và ngũ hổ tướng,actor-actor,False,,False,
Phi Phụng,Phương Trinh Jolie,3.0,3,Công chúa teen và ngũ hổ tướng|Để Mai tính 2|Hello cô Ba,actor-actor,False,,False,
Phi Phụng,Tấn Bo,1.0,1,Công chúa teen và ngũ hổ tướng,actor-actor,False,,False,
Phi Phụng,Kim Ngọc (nghệ sĩ),1.0,1,Công chúa teen và ngũ hổ tướng,actor-actor,False,,False,
Phi Phụng,Jun Phạm,1.0,1,Về quê ăn Tết,actor-actor,False,,False,
Phi Phụng,Trung Dân,5.0,5,"Về quê ăn Tết|Trạng Tí phiêu lưu ký|Em là bà nội của anh|Sài Gòn, anh yêu em|Taxi, em tên gì?",actor-actor,False,,False,
Phi Phụng,Hữu Châu,1.0,1,Về quê ăn Tết,actor-actor,False,,False,
Phi Phụng,Will,1.0,1,Về quê ăn Tết,actor-actor,False,,False,
Phi Phụng,Oanh Kiều,2.0,2,Về quê ăn Tết|Trạng Tí phiêu lưu ký,actor-actor,False,,False,
Phi Phụng,Chí Tâm,1.0,1,Về quê ăn Tết,actor-actor,False,,False,
Phi Phụng,Xuân Lan,3.0,3,Về quê ăn Tết|Tiệm bánh Hoàng tử bé|Tiệm bánh Hoàng tử bé 2,actor-actor,False,,False,
Phi Phụng,Ngân Quỳnh,2.0,2,Về quê ăn Tết|Em là bà nội của anh,actor-actor,False,,False,
Phi Phụng,Tiểu Bảo Quốc,1.0,1,Về quê ăn Tết,actor-actor,False,,False,
Phi Phụng,diễn viên đóng thế,1.0,1,Trạng Tí phiêu lưu ký,actor-actor,False,,False,
Phi Phụng,Miền Bắc (Việt Nam),1.0,1,Trạng Tí phiêu lưu ký,actor-actor,False,,False,
Phi Phụng,Đài Truyền hình Việt Nam,1.0,1,Trạng Tí phiêu lưu ký,actor-actor,False,,False,
Phi Phụng,Taekwondo,1.0,1,Trạng Tí phiêu lưu ký,actor-actor,False,,False,
Phi Phụng,Quang Thắng,1.0,1,Trạng Tí phiêu lưu ký,actor-actor,False,,False,
Phi Phụng,Trung Anh,1.0,1,Trạng Tí phiêu lưu ký,actor-actor,False,,False,
Phi Phụng,Thái Hòa (diễn viên),1.0,1,Để Mai tính 2,actor-actor,False,,False,
Phi Phụng,Quang Sự,1.0,1,Để Mai tính 2,actor-actor,False,,False,
Phi Phụng,Diễm My 9x,1.0,1,Để Mai tính 2,actor-actor,False,,False,
Phi Phụng,Huy Khánh,4.0,4,"Để Mai tính 2|Sài Gòn, anh yêu em|Lật Mặt 6: Tấm vé định mệnh|Lật mặt 6: Tấm vé định mệnh",actor-actor,False,,False,
Phi Phụng,Thu Trang,2.0,2,Để Mai tính 2|Em là bà nội của anh,actor-actor,False,,False,
Phi Phụng,Yaya Trương Nhi,2.0,2,Để Mai tính 2|Nhà có 5 nàng tiên,actor-actor,False,,False,
Phi Phụng,Huỳnh Anh Tuấn,2.0,2,Để Mai tính 2|Hello cô Ba,actor-actor,False,,False,
Phi Phụng,Kathy Uyên,1.0,1,Để Mai tính 2,actor-actor,False,,False,
Phi Phụng,Johnny Trí Nguyễn,1.0,1,Để Mai tính 2,actor-actor,False,,False,
Phi Phụng,Dustin Nguyễn,1.0,1,Để Mai tính 2,actor-actor,False,,False,
Phi Phụng,Petey Majik Nguyễn,1.0,1,Để Mai tính 2,actor-actor,False,,False,
Phi Phụng,David Phạm,1.0,1,Để Mai tính 2,actor-actor,False,,False,
Phi Phụng,Nhật Cường,1.0,1,Hoán đổi thân xác,actor-actor,False,,False,
Phi Phụng,Trương Thế Vinh,2.0,2,Hoán đổi thân xác|Nhà có 5 nàng tiên,actor-actor,False,,False,
Phi Phụng,Ngọc Oanh,1.0,1,Hoán đổi thân xác,actor-actor,False,,False,
Phi Phụng,Long Đẹp Trai,1.0,1,Hoán đổi thân xác,actor-actor,False,,False,
Phi Phụng,Linh Trung (diễn viên),1.0,1,Hoán đổi thân xác,actor-actor,False,,False,
Phi Phụng,Bạch Long (nghệ sĩ cải lương,1.0,1,Hoán đổi thân xác,actor-actor,False,,False,
Phi Phụng,Mai Trần,1.0,1,Hoán đổi thân xác,actor-actor,False,,False,
Phi Phụng,Ba Luân,1.0,1,Hoán đổi thân xác,actor-actor,False,,False,
Phi Phụng,Dung Nhon,1.0,1,Hoán đổi thân xác,actor-actor,False,,False,
Phi Phụng,Hải Triều (diễn viên),1.0,1,Hoán đổi thân xác,actor-actor,False,,False,
Phi Phụng,Chiến,1.0,1,Hoán đổi thân xác,actor-actor,False,,False,
Phi Phụng,Bá Nhân,1.0,1,Hoán đổi thân xác,actor-actor,False,,False,
Phi Phụng,Thanh Khang,1.0,1,Hoán đổi thân xác,actor-actor,False,,False,
Phi Phụng,Thiên Thủy (diễn viên),1.0,1,Hoán đổi thân xác,actor-actor,False,,False,
Phi Phụng,Thành Nam (diễn viên),1.0,1,Hoán đổi thân xác,actor-actor,False,,False,
Phi Phụng,Tân Trực,1.0,1,Hoán đổi thân xác,actor-actor,False,,False,
Phi Phụng,Quang Khang,1.0,1,Hoán đổi thân xác,actor-actor,False,,False,
Phi Phụng,Thanh Tâm (diễn viên),1.0,1,Hoán đổi thân xác,actor-actor,False,,False,
Phi Phụng,Thành Tài,1.0,1,Hoán đổi thân xác,actor-actor,False,,False,
Phi Phụng,Bé Vỹ,1.0,1,Hoán đổi thân xác,actor-actor,False,,False,
Phi Phụng,Tùng Linh,1.0,1,Hoán đổi thân xác,actor-actor,False,,False,
Phi Phụng,Phi Điểu,1.0,1,Hoán đổi thân xác,actor-actor,False,,False,
Phi Phụng,Công Huy,1.0,1,Hoán đổi thân xác,actor-actor,False,,False,
Phi Phụng,Long Ho,1.0,1,Hoán đổi thân xác,actor-actor,False,,False,
Phi Phụng,Cát Trắng,1.0,1,Hoán đổi thân xác,actor-actor,False,,False,
Phi Phụng,Thanh Thủy (diễn viên),1.0,1,Hello cô Ba,actor-actor,False,,False,
Phi Phụng,Trịnh Kim Chi,1.0,1,Hello cô Ba,actor-actor,False,,False,
Phi Phụng,Lương Thế Thành,1.0,1,Hello cô Ba,actor-actor,False,,False,
Phi Phụng,Phi Nhung,2.0,2,Hello cô Ba|Nhà có 5 nàng tiên,actor-actor,False,,False,
Phi Phụng,Phạm Văn Mách,1.0,1,Hello cô Ba,actor-actor,False,,False,
Phi Phụng,Kiều Mai Lý,2.0,2,Hello cô Ba|Nhà có 5 nàng tiên,actor-actor,False,,False,
Phi Phụng,Việt Hương,1.0,1,Nhà có 5 nàng tiên,actor-actor,False,,False,
Phi Phụng,Ngân Khánh,1.0,1,Nhà có 5 nàng tiên,actor-actor,False,,False,
Phi Phụng,Minh Thảo,1.0,1,Nhà có 5 nàng tiên,actor-actor,False,,False,
Phi Phụng,Bảo Anh (ca sĩ),1.0,1,Nhà có 5 nàng tiên,actor-actor,False,,False,
Phi Phụng,Miu Lê,2.0,2,Nhà có 5 nàng tiên|Em là bà nội của anh,actor-actor,False,,False,
Phi Phụng,Hà Trí Quang,1.0,1,Nhà có 5 nàng tiên,actor-actor,False,,False,
Phi Phụng,Minh Luân,1.0,1,Nhà có 5 nàng tiên,actor-actor,False,,False,
Phi Phụng,Quốc Trường (diễn viên),1.0,1,Nhà có 5 nàng tiên,actor-actor,False,,False,
Phi Phụng,Cát Tường (diễn viên),1.0,1,Nhà có 5 nàng tiên,actor-actor,False,,False,
Phi Phụng,Phương Thanh,1.0,1,Nhà có 5 nàng tiên,actor-actor,False,,False,
Phi Phụng,Thanh Bạch,1.0,1,Nhà có 5 nàng tiên,actor-actor,False,,False,
Phi Phụng,Quốc Thuận,1.0,1,Nhà có 5 nàng tiên,actor-actor,False,,False,
Phi Phụng,Hứa Minh Đạt,1.0,1,Nhà có 5 nàng tiên,actor-actor,False,,False,
Phi Phụng,Lâm Vỹ Dạ,1.0,1,Nhà có 5 nàng tiên,actor-actor,False,,False,
Phi Phụng,Quách Ngọc Tuyên,3.0,3,Nhà có 5 nàng tiên|Lật Mặt 6: Tấm vé định mệnh|Lật mặt 6: Tấm vé định mệnh,actor-actor,False,,False,
Phi Phụng,Nam Thư,4.0,4,"Nhà có 5 nàng tiên|Lật mặt (phim)|Taxi, em tên gì?|Lật mặt",actor-actor,False,,False,
Phi Phụng,Minh Đức (diễn viên),1.0,1,Em là bà nội của anh,actor-actor,False,,False,
Phi Phụng,Hứa Vĩ Văn,1.0,1,Em là bà nội của anh,actor-actor,False,,False,
Phi Phụng,Thanh Nam,2.0,2,"Em là bà nội của anh|Sài Gòn, anh yêu em",actor-actor,False,,False,
Phi Phụng,Đức Khuê,1.0,1,Em là bà nội của anh,actor-actor,False,,False,
Phi Phụng,Hồng Ánh,1.0,1,Em là bà nội của anh,actor-actor,False,,False,
Phi Phụng,Hari Won,1.0,1,Em là bà nội của anh,actor-actor,False,,False,
Phi Phụng,Lều Phương Anh,1.0,1,Em là bà nội của anh,actor-actor,False,,False,
Phi Phụng,Kim Xuân,4.0,4,Em là bà nội của anh|Lật mặt (phim)|Cô hầu gái|Lật mặt,actor-actor,False,,False,
Phi Phụng,Mai Thế Hiệp,1.0,1,Em là bà nội của anh,actor-actor,False,,False,
Phi Phụng,Võ Ngọc Trai,1.0,1,Em là bà nội của anh,actor-actor,False,,False,
Phi Phụng,Duy Khánh (diễn viên),2.0,2,"Em là bà nội của anh|Sài Gòn, anh yêu em",actor-actor,False,,False,
Phi Phụng,Đàm Phương Linh,1.0,1,Em là bà nội của anh,actor-actor,False,,False,
Phi Phụng,Harry Lu,1.0,1,Em là bà nội của anh,actor-actor,False,,False,
Phi Phụng,Trọng Hiếu,1.0,1,Em là bà nội của anh,actor-actor,False,,False,
Phi Phụng,Huỳnh Lập,2.0,2,"Em là bà nội của anh|Sài Gòn, anh yêu em",director-actor|actor-actor,False,,False,
Phi Phụng,Thảo Trang,1.0,1,Em là bà nội của anh,actor-actor,False,,False,
Phi Phụng,Tăng Nhật Tuệ,2.0,2,Em là bà nội của anh|Tiệm bánh Hoàng tử bé 2,actor-actor,False,,False,
Phi Phụng,Nguyễn Quang Dũng,1.0,1,Em là bà nội của anh,actor-actor,False,,False,
Phi Phụng,Nguyễn Hải Phong,1.0,1,Em là bà nội của anh,actor-actor,False,,False,
Phi Phụng,Uyên Linh,1.0,1,Em là bà nội của anh,actor-actor,False,,False,
Phi Phụng,Lý Hải,4.0,4,Lật mặt (phim)|Lật Mặt 6: Tấm vé định mệnh|Lật mặt|Lật mặt 6: Tấm vé định mệnh,director-actor,False,,False,
Phi Phụng,Trường Giang (nghệ sĩ),3.0,3,"Lật mặt (phim)|Taxi, em tên gì?|Lật mặt",actor-actor,False,,False,
Phi Phụng,Võ Thành Tâm,2.0,2,Lật mặt (phim)|Lật mặt,actor-actor,False,,False,
Phi Phụng,Trọng Hải,2.0,2,Lật mặt (phim)|Lật mặt,actor-actor,False,,False,
Phi Phụng,Tiết Cương,4.0,4,Lật mặt (phim)|Lật Mặt 6: Tấm vé định mệnh|Lật mặt|Lật mặt 6: Tấm vé định mệnh,actor-actor,False,,False,
Phi Phụng,Ngọc Giàu,1.0,1,"Sài Gòn, anh yêu em",actor-actor,False,,False,
Phi Phụng,Đoan Trang,1.0,1,"Sài Gòn, anh yêu em",actor-actor,False,,False,
Phi Phụng,Maya (ca sĩ),1.0,1,"Sài Gòn, anh yêu em",actor-actor,False,,False,
Phi Phụng,Nhung Kate,1.0,1,Cô hầu gái,actor-actor,False,,False,
Phi Phụng,Huỳnh Kiến An,1.0,1,Cô hầu gái,actor-actor,False,,False,
Phi Phụng,Đại Nghĩa (diễn viên),2.0,2,Tiệm bánh Hoàng tử bé|Tiệm bánh Hoàng tử bé 2,actor-actor,False,,False,
Phi Phụng,Hạnh Thúy,2.0,2,Tiệm bánh Hoàng tử bé|Tiệm bánh Hoàng tử bé 2,actor-actor,False,,False,
Phi Phụng,Lê Hạ Anh,1.0,1,Tiệm bánh Hoàng tử bé 2,actor-actor,False,,False,
Phi Phụng,Nguyễn Thùy Dương,1.0,1,Tiệm bánh Hoàng tử bé 2,actor-actor,False,,False,
Phi Phụng,Công Dương,1.0,1,Tiệm bánh Hoàng tử bé 2,actor-actor,False,,False,
Phi Phụng,Quốc Cường,2.0,2,Lật Mặt 6: Tấm vé định mệnh|Lật mặt 6: Tấm vé định mệnh,actor-actor,False,,False,
Phi Phụng,Trung Dũng (diễn viên),2.0,2,Lật Mặt 6: Tấm vé định mệnh|Lật mặt 6: Tấm vé định mệnh,actor-actor,False,,False,
Phi Phụng,Thanh Thức,2.0,2,Lật Mặt 6: Tấm vé định mệnh|Lật mặt 6: Tấm vé định mệnh,actor-actor,False,,False,
Phi Phụng,Diệp Bảo Ngọc,2.0,2,Lật Mặt 6: Tấm vé định mệnh|Lật mặt 6: Tấm vé định mệnh,actor-actor,False,,False,
Phi Phụng,Mạnh Dung,2.0,2,Lật Mặt 6: Tấm vé định mệnh|Lật mặt 6: Tấm vé định mệnh,actor-actor,False,,False,
Phi Phụng,Thụy Mười,2.0,2,Lật Mặt 6: Tấm vé định mệnh|Lật mặt 6: Tấm vé định mệnh,actor-actor,False,,False,
Phi Phụng,Phạm Trưởng,2.0,2,Lật Mặt 6: Tấm vé định mệnh|Lật mặt 6: Tấm vé định mệnh,actor-actor,False,,False,
Phi Phụng,Ốc Thanh Vân,2.0,2,Lật Mặt 6: Tấm vé định mệnh|Lật mặt 6: Tấm vé định mệnh,actor-actor,False,,False,
Phi Phụng,Angela Phương Trinh,1.0,1,"Taxi, em tên gì?",actor-actor,False,,False,
Phi Phụng,Khánh Hiền,1.0,1,"Taxi, em tên gì?",actor-actor,False,,False,
Phi Phụng,Mạc Văn Khoa,1.0,1,"Taxi, em tên gì?",actor-actor,False,,False,
Phi Phụng,Đỗ Đức Thịnh,1.0,1,"Taxi, em tên gì?",actor-director,False,,False,
Phi Phụng,Thanh Thúy (sinh 1982),1.0,1,"Taxi, em tên gì?",actor-actor,False,,False,
Phương Trinh Jolie,Tấn Bo,1.0,1,Công chúa teen và ngũ hổ tướng,actor-actor,False,,False,
Phương Trinh Jolie,Kim Ngọc (nghệ sĩ),1.0,1,Công chúa teen và ngũ hổ tướng,actor-actor,False,,False,
Phương Trinh Jolie,Johnny Trí Nguyễn,2.0,2,Tèo em|Để Mai tính 2,actor-actor,False,,False,
Phương Trinh Jolie,Thái Hòa (diễn viên),2.0,2,Tèo em|Để Mai tính 2,actor-actor,False,,False,
Phương Trinh Jolie,Yaya Trương Nhi,2.0,2,Tèo em|Để Mai tính 2,actor-actor,False,,False,
Phương Trinh Jolie,Hữu Châu,2.0,2,Tèo em|Sắc đẹp ngàn cân (phim 2017),actor-actor,False,,False,
Phương Trinh Jolie,Thân Thúy Hà,1.0,1,Tèo em,actor-actor,False,,False,
Phương Trinh Jolie,Ngọc Diệp,1.0,1,Tèo em,actor-actor,False,,False,
Phương Trinh Jolie,Mai Thế Hiệp,1.0,1,Tèo em,actor-actor,False,,False,
Phương Trinh Jolie,Nguyễn Hậu,1.0,1,Tèo em,actor-actor,False,,False,
Phương Trinh Jolie,Quang Sự,1.0,1,Để Mai tính 2,actor-actor,False,,False,
Phương Trinh Jolie,Diễm My 9x,1.0,1,Để Mai tính 2,actor-actor,False,,False,
Phương Trinh Jolie,Huy Khánh,1.0,1,Để Mai tính 2,actor-actor,False,,False,
Phương Trinh Jolie,Thu Trang,1.0,1,Để Mai tính 2,actor-actor,False,,False,
Phương Trinh Jolie,Huỳnh Anh Tuấn,2.0,2,Để Mai tính 2|Hello cô Ba,actor-actor,False,,False,
Phương Trinh Jolie,Kathy Uyên,1.0,1,Để Mai tính 2,actor-actor,False,,False,
Phương Trinh Jolie,Dustin Nguyễn,1.0,1,Để Mai tính 2,actor-actor,False,,False,
Phương Trinh Jolie,Petey Majik Nguyễn,1.0,1,Để Mai tính 2,actor-actor,False,,False,
Phương Trinh Jolie,David Phạm,1.0,1,Để Mai tính 2,actor-actor,False,,False,
Phương Trinh Jolie,Thanh Thủy (diễn viên),1.0,1,Hello cô Ba,actor-actor,False,,False,
Phương Trinh Jolie,Trịnh Kim Chi,1.0,1,Hello cô Ba,actor-actor,False,,False,
Phương Trinh Jolie,Lương Thế Thành,1.0,1,Hello cô Ba,actor-actor,False,,False,
Phương Trinh Jolie,Phi Nhung,1.0,1,Hello cô Ba,actor-actor,False,,False,
Phương Trinh Jolie,Phạm Văn Mách,1.0,1,Hello cô Ba,actor-actor,False,,False,
Phương Trinh Jolie,Kiều Mai Lý,1.0,1,Hello cô Ba,actor-actor,False,,False,
Phương Trinh Jolie,Minh Hằng,1.0,1,Sắc đẹp ngàn cân (phim 2017),actor-actor,False,,False,
Phương Trinh Jolie,Rocker Nguyen,1.0,1,Sắc đẹp ngàn cân (phim 2017),actor-actor,False,,False,
Phương Trinh Jolie,Đại Nghĩa (diễn viên),1.0,1,Sắc đẹp ngàn cân (phim 2017),actor-actor,False,,False,
Tấn Bo,Kim Ngọc (nghệ sĩ),2.0,2,Công chúa teen và ngũ hổ tướng|Khi đàn ông có bầu,actor-actor,False,,False,
Tấn Bo,Nguyễn Phi Hùng (ca sĩ),1.0,1,Khi đàn ông có bầu,actor-actor,False,,False,
Tấn Bo,Hồng Nga,1.0,1,Khi đàn ông có bầu,actor-actor,False,,False,
Tấn Bo,Trương Ngọc Ánh,1.0,1,Khi đàn ông có bầu,actor-actor,False,,False,
Tấn Bo,Ngọc Giàu,1.0,1,Khi đàn ông có bầu,actor-actor,False,,False,
Tấn Bo,Bảo Chung,1.0,1,Khi đàn ông có bầu,actor-actor,False,,False,
Tấn Bo,Hồng Vân (diễn viên),1.0,1,Khi đàn ông có bầu,actor-actor,False,,False,
Tấn Bo,Phương Thanh,1.0,1,Khi đàn ông có bầu,actor-actor,False,,False,
Tấn Bo,Quyền Linh,1.0,1,Khi đàn ông có bầu,actor-actor,False,,False,
Tấn Bo,Thúy Nga (nghệ sĩ),1.0,1,Khi đàn ông có bầu,actor-actor,False,,False,
Tấn Bo,Hữu Nghĩa,1.0,1,Khi đàn ông có bầu,actor-actor,False,,False,
Tấn Bo,Kim Khánh (diễn viên),1.0,1,Khi đàn ông có bầu,actor-actor,False,,False,
Tấn Bo,Nguyễn Chánh Tín,1.0,1,Khi đàn ông có bầu,actor-actor,False,,False,
Tấn Bo,Việt Hương,1.0,1,Khi đàn ông có bầu,actor-actor,False,,False,
Tấn Bo,Mỹ Uyên,1.0,1,Khi đàn ông có bầu,actor-actor,False,,False,
Tấn Bo,Chi Bảo,1.0,1,Khi đàn ông có bầu,actor-actor,False,,False,
Tấn Bo,Huỳnh Anh Tuấn,1.0,1,Khi đàn ông có bầu,actor-actor,False,,False,
Tấn Bo,quần vợt,1.0,1,Khi đàn ông có bầu,actor-actor,False,,False,
Tấn Bo,Anh Vũ (nghệ sĩ),1.0,1,Khi đàn ông có bầu,actor-actor,False,,False,
Tấn Bo,gà,1.0,1,Khi đàn ông có bầu,actor-actor,False,,False,
Tấn Bo,Hồng Tơ,1.0,1,Khi đàn ông có bầu,actor-actor,False,,False,
Tấn Bo,Minh Thuận (ca sĩ),1.0,1,Khi đàn ông có bầu,actor-actor,False,,False,
Tấn Bo,Mạc Can,1.0,1,Khi đàn ông có bầu,actor-actor,False,,False,
Tấn Bo,Hữu Lộc,1.0,1,Khi đàn ông có bầu,actor-actor,False,,False,
Tấn Bo,Vĩnh Thuyên Kim,1.0,1,Bay vào cõi mộng,actor-actor,False,,False,
Tấn Bo,Lương Thế Thành,1.0,1,Bay vào cõi mộng,actor-actor,False,,False,
Tấn Bo,Nikki Dương Nhật Vi,1.0,1,Bay vào cõi mộng,actor-actor,False,,False,
Tấn Bo,Kiều Oanh,1.0,1,Bay vào cõi mộng,actor-actor,False,,False,
Tấn Bo,Lê Huỳnh,1.0,1,Bay vào cõi mộng,actor-actor,False,,False,
Tấn Bo,Tommy Ngô,1.0,1,Bay vào cõi mộng,actor-actor,False,,False,
Tấn Bo,Lynda Trang Đài,1.0,1,Bay vào cõi mộng,actor-actor,False,,False,
Tấn Bo,Khánh Phương,1.0,1,Bay vào cõi mộng,actor-actor,False,,False,
Tấn Bo,Hải Băng,1.0,1,Bay vào cõi mộng,actor-actor,False,,False,
Tấn Bo,Xuân Lan,1.0,1,Bay vào cõi mộng,actor-actor,False,,False,
Tấn Bo,Mai Trần,1.0,1,Bay vào cõi mộng,actor-actor,False,,False,
Tấn Bo,Ngân Quỳnh,1.0,1,Bay vào cõi mộng,actor-actor,False,,False,
Tấn Bo,Thu Tuyết,1.0,1,Bay vào cõi mộng,actor-actor,False,,False,
Tấn Bo,Bùi Tấn Trường,1.0,1,Bay vào cõi mộng,actor-actor,False,,False,
Kim Ngọc (nghệ sĩ),Nguyễn Phi Hùng (ca sĩ),1.0,1,Khi đàn ông có bầu,actor-actor,False,,False,
Kim Ngọc (nghệ sĩ),Hồng Nga,1.0,1,Khi đàn ông có bầu,actor-actor,False,,False,
Kim Ngọc (nghệ sĩ),Trương Ngọc Ánh,1.0,1,Khi đàn ông có bầu,actor-actor,False,,False,
Kim Ngọc (nghệ sĩ),Ngọc Giàu,1.0,1,Khi đàn ông có bầu,actor-actor,False,,False,
Kim Ngọc (nghệ sĩ),Bảo Chung,1.0,1,Khi đàn ông có bầu,actor-actor,False,,False,
Kim Ngọc (nghệ sĩ),Hồng Vân (diễn viên),1.0,1,Khi đàn ông có bầu,actor-actor,False,,False,
Kim Ngọc (nghệ sĩ),Phương Thanh,1.0,1,Khi đàn ông có bầu,actor-actor,False,,False,
Kim Ngọc (nghệ sĩ),Quyền Linh,1.0,1,Khi đàn ông có bầu,actor-actor,False,,False,
Kim Ngọc (nghệ sĩ),Thúy Nga (nghệ sĩ),1.0,1,Khi đàn ông có bầu,actor-actor,False,,False,
Kim Ngọc (nghệ sĩ),Hữu Nghĩa,1.0,1,Khi đàn ông có bầu,actor-actor,False,,False,
Kim Ngọc (nghệ sĩ),Kim Khánh (diễn viên),1.0,1,Khi đàn ông có bầu,actor-actor,False,,False,
Kim Ngọc (nghệ sĩ),Nguyễn Chánh Tín,1.0,1,Khi đàn ông có bầu,actor-actor,False,,False,
Kim Ngọc (nghệ sĩ),Việt Hương,1.0,1,Khi đàn ông có bầu,actor-actor,False,,False,
Kim Ngọc (nghệ sĩ),Mỹ Uyên,1.0,1,Khi đàn ông có bầu,actor-actor,False,,False,
Kim Ngọc (nghệ sĩ),Chi Bảo,1.0,1,Khi đàn ông có bầu,actor-actor,False,,False,
Kim Ngọc (nghệ sĩ),Huỳnh Anh Tuấn,1.0,1,Khi đàn ông có bầu,actor-actor,False,,False,
Kim Ngọc (nghệ sĩ),quần vợt,1.0,1,Khi đàn ông có bầu,actor-actor,False,,False,
Kim Ngọc (nghệ sĩ),Anh Vũ (nghệ sĩ),1.0,1,Khi đàn ông có bầu,actor-actor,False,,False,
Kim Ngọc (nghệ sĩ),gà,1.0,1,Khi đàn ông có bầu,actor-actor,False,,False,
Kim Ngọc (nghệ sĩ),Hồng Tơ,1.0,1,Khi đàn ông có bầu,actor-actor,False,,False,
Kim Ngọc (nghệ sĩ),Minh Thuận (ca sĩ),1.0,1,Khi đàn ông có bầu,actor-actor,False,,False,
Kim Ngọc (nghệ sĩ),Mạc Can,1.0,1,Khi đàn ông có bầu,actor-actor,False,,False,
Kim Ngọc (nghệ sĩ),Hữu Lộc,1.0,1,Khi đàn ông có bầu,actor-actor,False,,False,
Isaac (ca sĩ),Dương Cẩm Lynh,1.0,1,Gia sư nữ quái,actor-actor,False,,False,
Isaac (ca sĩ),Hữu Châu,1.0,1,Tấm Cám: Chuyện chưa kể,actor-actor,False,,False,
Isaac (ca sĩ),365daband,1.0,1,Tấm Cám: Chuyện chưa kể,actor-actor,False,,False,
Isaac (ca sĩ),Võ Ngọc Trai,1.0,1,Tấm Cám: Chuyện chưa kể,actor-actor,False,,False,
Isaac (ca sĩ),S.T Sơn Thạch,1.0,1,Tấm Cám: Chuyện chưa kể,actor-actor,False,,False,
Isaac (ca sĩ),Jun Phạm,1.0,1,Tấm Cám: Chuyện chưa kể,actor-actor,False,,False,
Isaac (ca sĩ),Thành Lộc,1.0,1,Tấm Cám: Chuyện chưa kể,actor-actor,False,,False,
Isaac (ca sĩ),Ngọc Giàu,1.0,1,Tấm Cám: Chuyện chưa kể,actor-actor,False,,False,
Isaac (ca sĩ),phượng hoàng,1.0,1,Song lang (phim),actor-actor,False,,False,
Isaac (ca sĩ),Leon Lê,1.0,1,Song lang (phim),actor-director,False,,False,
Isaac (ca sĩ),Quốc Huy (diễn viên),0.3,0,,,False,,True,"Cần Thơ, Việt Nam"
Isaac (ca sĩ),Cao Thái Hà,0.3,0,,,False,,True,"Cần Thơ, Việt Nam"
Isaac (ca sĩ),Quốc Trường (diễn viên),0.3,0,,,False,,True,"Cần Thơ, Việt Nam"
Isaac (ca sĩ),Nhan Phúc Vinh,0.3,0,,,False,,True,"Cần Thơ, Việt Nam"
Anh Tú (sinh 1993),Mạc Văn Khoa,2.0,2,Cua lại vợ bầu|Siêu lừa gặp siêu lầy,actor-actor,False,,False,
Anh Tú (sinh 1993),Khả Như,1.0,1,Cua lại vợ bầu,actor-actor,False,,False,
Anh Tú (sinh 1993),Hữu Châu,1.0,1,Cua lại vợ bầu,actor-actor,False,,False,
Anh Tú (sinh 1993),Lê Giang (nghệ sĩ),1.0,1,Cua lại vợ bầu,actor-actor,False,,False,
Anh Tú (sinh 1993),Quang Minh - Hồng Đào,1.0,1,Cua lại vợ bầu,actor-actor,False,,False,
Anh Tú (sinh 1993),Trung Dân,1.0,1,Cua lại vợ bầu,actor-actor,False,,False,
Anh Tú (sinh 1993),Hari Won,1.0,1,Cua lại vợ bầu,actor-actor,False,,False,
Anh Tú (sinh 1993),Thuận Hoàng,1.0,1,Cua lại vợ bầu,actor-actor,False,,False,
Anh Tú (sinh 1993),Hoàng Thanh Mai,1.0,1,Cua lại vợ bầu,actor-actor,False,,False,
Anh Tú (sinh 1993),Ngọc Phước,1.0,1,Siêu lừa gặp siêu lầy,actor-actor,False,,False,
Anh Tú (sinh 1993),Trung Lùn,1.0,1,Siêu lừa gặp siêu lầy,actor-actor,False,,False,
Anh Tú (sinh 1993),Cát Tường (diễn viên),1.0,1,Siêu lừa gặp siêu lầy,actor-actor,False,,False,
Anh Tú (sinh 1993),Đại Nghĩa (diễn viên),1.0,1,Siêu lừa gặp siêu lầy,actor-actor,False,,False,
Anh Tú (sinh 1993),Lâm Vỹ Dạ,1.5,1,Siêu lừa gặp siêu lầy,actor-actor,True,Trường Đại học Sân khấu – Điện ảnh Thành phố Hồ Chí Minh,False,
Anh Tú (sinh 1993),Võ Thanh Hòa,1.0,1,Siêu lừa gặp siêu lầy,actor-director,False,,False,
Anh Tú (sinh 1993),Diệu Nhi,1.0,1,Gặp lại chị bầu,actor-actor,False,,False,
Anh Tú (sinh 1993),Lê Giang,1.0,1,Gặp lại chị bầu,actor-actor,False,,False,
Anh Tú (sinh 1993),Lan Phương,0.3,0,,,False,,True,"Hà Nội, Việt Nam"
Anh Tú (sinh 1993),Lê Dương Bảo Lâm,0.5,0,,,True,Trường Đại học Sân khấu – Điện ảnh Thành phố Hồ Chí Minh,False,
Anh Tú (sinh 1993),Phương Anh Đào,0.5,0,,,True,Trường Đại học Sân khấu – Điện ảnh Thành phố Hồ Chí Minh,False,
Anh Tú (sinh 1993),Quân A.P,0.3,0,,,False,,True,"Hà Nội, Việt Nam"
Anh Tú (sinh 1993),Quốc Huy (diễn viên),0.5,0,,,True,Trường Đại học Sân khấu – Điện ảnh Thành phố Hồ Chí Minh,False,
Anh Tú (sinh 1993),Oanh Kiều,0.5,0,,,True,Trường Đại học Sân khấu – Điện ảnh Thành phố Hồ Chí Minh,False,
Anh Tú (sinh 1993),Nhã Phương (diễn viên),0.5,0,,,True,Trường Đại học Sân khấu – Điện ảnh Thành phố Hồ Chí Minh,False,
Anh Tú (sinh 1993),Huy Khánh,0.5,0,,,True,Trường Đại học Sân khấu – Điện ảnh Thành phố Hồ Chí Minh,False,
Anh Tú (sinh 1993),Dương Hoàng Anh,0.3,0,,,False,,True,"Hà Nội, Việt Nam"
Anh Tú (sinh 1993),Châu Bùi,0.3,0,,,False,,True,"Hà Nội, Việt Nam"
Anh Tú (sinh 1993),Hoàng Yến Chibi,0.3,0,,,False,,True,"Hà Nội, Việt Nam"
Anh Tú (sinh 1993),Hoàng Thùy Linh,0.3,0,,,False,,True,"Hà Nội, Việt Nam"
Anh Tú (sinh 1993),Phạm Quỳnh Anh,0.3,0,,,False,,True,"Hà Nội, Việt Nam"
Anh Tú (sinh 1993),Chi Pu,0.3,0,,,False,,True,"Hà Nội, Việt Nam"
Anh Tú (sinh 1993),Tăng Nhật Tuệ,0.3,0,,,False,,True,"Hà Nội, Việt Nam"
Anh Tú (sinh 1993),Đức Phúc,0.3,0,,,False,,True,"Hà Nội, Việt Nam"
Anh Tú (sinh 1993),Công Dương,0.3,0,,,False,,True,"Hà Nội, Việt Nam"
Anh Tú (sinh 1993),Hoàng Hà (diễn viên),0.3,0,,,False,,True,"Hà Nội, Việt Nam"
Anh Tú (sinh 1993),Bùi Lan Hương,0.3,0,,,False,,True,"Hà Nội, Việt Nam"
Anh Tú (sinh 1993),Quỳnh Lam,0.5,0,,,True,Trường Đại học Sân khấu – Điện ảnh Thành phố Hồ Chí Minh,False,
Anh Tú (sinh 1993),Lê Phương,0.5,0,,,True,Trường Đại học Sân khấu – Điện ảnh Thành phố Hồ Chí Minh,False,
Anh Tú (sinh 1993),Mai Thu Huyền,0.3,0,,,False,,True,"Hà Nội, Việt Nam"
Anh Tú (sinh 1993),Thùy Anh,0.3,0,,,False,,True,"Hà Nội, Việt Nam"
Anh Tú (sinh 1993),Lương Mạnh Hải,0.3,0,,,False,,True,"Hà Nội, Việt Nam"
Anh Tú (sinh 1993),Kiều Thanh,0.3,0,,,False,,True,"Hà Nội, Việt Nam"
Anh Tú (sinh 1993),Lã Thanh Huyền,0.3,0,,,False,,True,"Hà Nội, Việt Nam"
Mạc Văn Khoa,Khả Như,1.0,1,Cua lại vợ bầu,actor-actor,False,,False,
Mạc Văn Khoa,Hữu Châu,1.0,1,Cua lại vợ bầu,actor-actor,False,,False,
Mạc Văn Khoa,Lê Giang (nghệ sĩ),1.0,1,Cua lại vợ bầu,actor-actor,False,,False,
Mạc Văn Khoa,Quang Minh - Hồng Đào,1.0,1,Cua lại vợ bầu,actor-actor,False,,False,
Mạc Văn Khoa,Trung Dân,2.0,2,"Cua lại vợ bầu|Taxi, em tên gì?",actor-actor,False,,False,
Mạc Văn Khoa,Hari Won,1.0,1,Cua lại vợ bầu,actor-actor,False,,False,
Mạc Văn Khoa,Thuận Hoàng,1.0,1,Cua lại vợ bầu,actor-actor,False,,False,
Mạc Văn Khoa,Hoàng Thanh Mai,1.0,1,Cua lại vợ bầu,actor-actor,False,,False,
Mạc Văn Khoa,Ngọc Phước,1.0,1,Siêu lừa gặp siêu lầy,actor-actor,False,,False,
Mạc Văn Khoa,Trung Lùn,1.0,1,Siêu lừa gặp siêu lầy,actor-actor,False,,False,
Mạc Văn Khoa,Cát Tường (diễn viên),1.0,1,Siêu lừa gặp siêu lầy,actor-actor,False,,False,
Mạc Văn Khoa,Đại Nghĩa (diễn viên),1.0,1,Siêu lừa gặp siêu lầy,actor-actor,False,,False,
Mạc Văn Khoa,Lâm Vỹ Dạ,1.0,1,Siêu lừa gặp siêu lầy,actor-actor,False,,False,
Mạc Văn Khoa,Võ Thanh Hòa,1.0,1,Siêu lừa gặp siêu lầy,actor-director,False,,False,
Mạc Văn Khoa,Trường Giang (nghệ sĩ),1.0,1,"Taxi, em tên gì?",actor-actor,False,,False,
Mạc Văn Khoa,Angela Phương Trinh,1.0,1,"Taxi, em tên gì?",actor-actor,False,,False,
Mạc Văn Khoa,Khánh Hiền,1.0,1,"Taxi, em tên gì?",actor-actor,False,,False,
Mạc Văn Khoa,Nam Thư,1.0,1,"Taxi, em tên gì?",actor-actor,False,,False,
Mạc Văn Khoa,Đỗ Đức Thịnh,1.0,1,"Taxi, em tên gì?",actor-director,False,,False,
Mạc Văn Khoa,Thanh Thúy (sinh 1982),1.0,1,"Taxi, em tên gì?",actor-actor,False,,False,
Mạc Văn Khoa,Võ Thành Tâm,1.0,1,Lật mặt: 48h,actor-actor,False,,False,
Mạc Văn Khoa,Ốc Thanh Vân,1.0,1,Lật mặt: 48h,actor-actor,False,,False,
Mạc Văn Khoa,Huỳnh Đông,1.0,1,Lật mặt: 48h,actor-actor,False,,False,
Mạc Văn Khoa,Lê Hạ Anh,1.0,1,Lật mặt: 48h,actor-actor,False,,False,
Mạc Văn Khoa,Lý Hải,1.0,1,Lật mặt: 48h,director-actor,False,,False,
Mạc Văn Khoa,Kiến An (diễn viên),1.0,1,Lật mặt: 48h,actor-actor,False,,False,
Mạc Văn Khoa,Quách Ngọc Tuyên,1.0,1,Lật mặt: 48h,actor-actor,False,,False,
Mạc Văn Khoa,Tiết Cương,1.0,1,Lật mặt: 48h,actor-actor,False,,False,
Khả Như,Hữu Châu,1.0,1,Cua lại vợ bầu,actor-actor,False,,False,
Khả Như,Lê Giang (nghệ sĩ),2.0,2,Cua lại vợ bầu|Em là của em,actor-actor,False,,False,
Khả Như,Quang Minh - Hồng Đào,1.0,1,Cua lại vợ bầu,actor-actor,False,,False,
Khả Như,Trung Dân,1.0,1,Cua lại vợ bầu,actor-actor,False,,False,
Khả Như,Hari Won,1.0,1,Cua lại vợ bầu,actor-actor,False,,False,
Khả Như,Thuận Hoàng,1.0,1,Cua lại vợ bầu,actor-actor,False,,False,
Khả Như,Hoàng Thanh Mai,1.0,1,Cua lại vợ bầu,actor-actor,False,,False,
Khả Như,Lê Giang,1.0,1,Nhà bà Nữ,actor-actor,False,,False,
Khả Như,Uyển Ân,2.0,2,Nhà bà Nữ|Mai (phim),actor-actor,False,,False,
Khả Như,Song Luân,1.0,1,Nhà bà Nữ,actor-actor,False,,False,
Khả Như,Ngọc Giàu,2.0,2,Nhà bà Nữ|Mai (phim),actor-actor,False,,False,
Khả Như,Lê Dương Bảo Lâm,1.0,1,Nhà bà Nữ,actor-actor,False,,False,
Khả Như,Công Ninh,1.0,1,Nhà bà Nữ,actor-actor,False,,False,
Khả Như,Ngân Quỳnh,1.0,1,Nhà bà Nữ,actor-actor,False,,False,
Khả Như,Phương Anh Đào,1.0,1,Mai (phim),actor-actor,False,,False,
Khả Như,Tuấn Trần,1.0,1,Mai (phim),actor-actor,False,,False,
Khả Như,Hồng Đào (diễn viên),1.0,1,Mai (phim),actor-actor,False,,False,
Khả Như,Trần Tiểu Vy,1.0,1,Mai (phim),actor-actor,False,,False,
Khả Như,Thanh Hằng (nghệ sĩ cải lương),1.0,1,Mai (phim),actor-actor,False,,False,
Khả Như,Việt Hương,1.0,1,Tía tui là cao thủ,actor-actor,False,,False,
Khả Như,Ái Phương,1.0,1,Tía tui là cao thủ,actor-actor,False,,False,
Khả Như,Hoài Lâm,1.0,1,Tía tui là cao thủ,actor-actor,False,,False,
Khả Như,Cát Tường (diễn viên),1.0,1,Tía tui là cao thủ,actor-actor,False,,False,
Khả Như,Maya (ca sĩ),1.0,1,Em là của em,actor-actor,False,,False,
Khả Như,Hứa Vĩ Văn,1.0,1,Em là của em,actor-actor,False,,False,
Khả Như,Đại Nghĩa (diễn viên),1.0,1,Em là của em,actor-actor,False,,False,
Khả Như,Mạc Can,1.0,1,Chuyện ma gần nhà,actor-actor,False,,False,
Khả Như,ảo thuật gia,1.0,1,Chuyện ma gần nhà,actor-actor,False,,False,
Khả Như,Vân Trang,1.0,1,Chuyện ma gần nhà,actor-actor,False,,False,
Khả Như,nhà ngoại cảm,1.0,1,Chuyện ma gần nhà,actor-actor,False,,False,
Khả Như,Ngọc Hiệp (diễn viên),1.0,1,Chuyện ma gần nhà,actor-actor,False,,False,
Khả Như,ảo thuật,1.0,1,Chuyện ma gần nhà,actor-actor,False,,False,
Hữu Châu,Lê Giang (nghệ sĩ),1.0,1,Cua lại vợ bầu,actor-actor,False,,False,
Hữu Châu,Quang Minh - Hồng Đào,1.0,1,Cua lại vợ bầu,actor-actor,False,,False,
Hữu Châu,Trung Dân,2.0,2,Cua lại vợ bầu|Về quê ăn Tết,actor-actor,False,,False,
Hữu Châu,Hari Won,1.0,1,Cua lại vợ bầu,actor-actor,False,,False,
Hữu Châu,Thuận Hoàng,1.0,1,Cua lại vợ bầu,actor-actor,False,,False,
Hữu Châu,Hoàng Thanh Mai,1.0,1,Cua lại vợ bầu,actor-actor,False,,False,
Hữu Châu,Johnny Trí Nguyễn,1.0,1,Tèo em,actor-actor,False,,False,
Hữu Châu,Thái Hòa (diễn viên),2.3,2,Tèo em|Cái giá của hạnh phúc,actor-actor,False,,True,"Sài Gòn, Việt Nam Cộng hòa"
Hữu Châu,Yaya Trương Nhi,1.0,1,Tèo em,actor-actor,False,,False,
Hữu Châu,Thân Thúy Hà,1.0,1,Tèo em,actor-actor,False,,False,
Hữu Châu,Ngọc Diệp,1.0,1,Tèo em,actor-actor,False,,False,
Hữu Châu,Mai Thế Hiệp,1.0,1,Tèo em,actor-actor,False,,False,
Hữu Châu,Nguyễn Hậu,1.0,1,Tèo em,actor-actor,False,,False,
Hữu Châu,365daband,1.0,1,Tấm Cám: Chuyện chưa kể,actor-actor,False,,False,
Hữu Châu,Võ Ngọc Trai,2.0,2,Tấm Cám: Chuyện chưa kể|Giải cứu thần chết,actor-actor,False,,False,
Hữu Châu,S.T Sơn Thạch,1.0,1,Tấm Cám: Chuyện chưa kể,actor-actor,False,,False,
Hữu Châu,Jun Phạm,2.0,2,Tấm Cám: Chuyện chưa kể|Về quê ăn Tết,actor-actor,False,,False,
Hữu Châu,Thành Lộc,2.3,2,Tấm Cám: Chuyện chưa kể|Giải cứu thần chết,actor-actor,False,,True,"Sài Gòn, Việt Nam Cộng hòa"
Hữu Châu,Ngọc Giàu,1.0,1,Tấm Cám: Chuyện chưa kể,actor-actor,False,,False,
Hữu Châu,Will,1.0,1,Về quê ăn Tết,actor-actor,False,,False,
Hữu Châu,Oanh Kiều,1.0,1,Về quê ăn Tết,actor-actor,False,,False,
Hữu Châu,Chí Tâm,1.0,1,Về quê ăn Tết,actor-actor,False,,False,
Hữu Châu,Xuân Lan,2.0,2,Về quê ăn Tết|Cái giá của hạnh phúc,actor-actor,False,,False,
Hữu Châu,Ngân Quỳnh,1.3,1,Về quê ăn Tết,actor-actor,False,,True,"Sài Gòn, Việt Nam Cộng hòa"
Hữu Châu,Tiểu Bảo Quốc,1.0,1,Về quê ăn Tết,actor-actor,False,,False,
Hữu Châu,Minh Hằng,2.0,2,Giải cứu thần chết|Sắc đẹp ngàn cân (phim 2017),actor-actor,False,,False,
Hữu Châu,Chí Thiện (sinh năm 1988),1.0,1,Giải cứu thần chết,actor-actor,False,,False,
Hữu Châu,Tường Vi (diễn viên),1.0,1,Giải cứu thần chết,actor-actor,False,,False,
Hữu Châu,Hồng Nhung,1.0,1,Giải cứu thần chết,actor-actor,False,,False,
Hữu Châu,Phương Thanh,2.0,2,Giải cứu thần chết|Chị trợ lý của anh,actor-actor,False,,False,
Hữu Châu,Siu Black,1.0,1,Giải cứu thần chết,actor-actor,False,,False,
Hữu Châu,Hương Giang (diễn viên),2.3,2,Giải cứu thần chết|Giấc mơ của mẹ,actor-actor,False,,True,"Sài Gòn, Việt Nam Cộng hòa"
Hữu Châu,Công Ninh,2.3,2,Giải cứu thần chết|Chị trợ lý của anh,actor-actor,False,,True,"Sài Gòn, Việt Nam Cộng hòa"
Hữu Châu,Nhan Phúc Vinh,2.0,2,Giải cứu thần chết|Giấc mơ của mẹ,actor-actor,False,,False,
Hữu Châu,Trinh Hoan,1.0,1,Giải cứu thần chết,actor-actor,False,,False,
Hữu Châu,Mỹ Tâm,1.0,1,Chị trợ lý của anh,actor-director,False,,False,
Hữu Châu,Mai Tài Phến,1.0,1,Chị trợ lý của anh,actor-actor,False,,False,
Hữu Châu,Đức Phúc,1.0,1,Chị trợ lý của anh,actor-actor,False,,False,
Hữu Châu,Phan Mạnh Quỳnh,1.0,1,Chị trợ lý của anh,actor-actor,False,,False,
Hữu Châu,Hồng Vân (diễn viên),1.0,1,Giấc mơ của mẹ,actor-actor,False,,False,
Hữu Châu,Diễm My (diễn viên),1.0,1,Giấc mơ của mẹ,actor-actor,False,,False,
Hữu Châu,Phi Thanh Vân,1.0,1,Giấc mơ của mẹ,actor-actor,False,,False,
Hữu Châu,Huỳnh Anh Tuấn,1.0,1,Giấc mơ của mẹ,actor-actor,False,,False,
Hữu Châu,Kim Xuân,1.0,1,Giấc mơ của mẹ,actor-actor,False,,False,
Hữu Châu,Khánh Huyền,1.0,1,Giấc mơ của mẹ,actor-actor,False,,False,
Hữu Châu,Uyển Ân,1.0,1,Cái giá của hạnh phúc,actor-actor,False,,False,
Hữu Châu,Quang Minh (diễn viên),1.0,1,Cái giá của hạnh phúc,actor-actor,False,,False,
Hữu Châu,Rocker Nguyen,1.0,1,Sắc đẹp ngàn cân (phim 2017),actor-actor,False,,False,
Hữu Châu,Đại Nghĩa (diễn viên),1.0,1,Sắc đẹp ngàn cân (phim 2017),actor-actor,False,,False,
Hữu Châu,Hứa Vĩ Văn,1.0,1,Nghề siêu dễ (phim 2022),actor-actor,False,,False,
Hữu Châu,Thu Trang,1.0,1,Nghề siêu dễ (phim 2022),actor-actor,False,,False,
Hữu Châu,Quang Tuấn,1.0,1,Nghề siêu dễ (phim 2022),actor-actor,False,,False,
Hữu Châu,Võ Thanh Hòa,1.0,1,Nghề siêu dễ (phim 2022),actor-director,False,,False,
Hữu Châu,Thanh Hằng (nghệ sĩ cải lương),0.3,0,,,False,,True,"Sài Gòn, Việt Nam Cộng hòa"
Hữu Châu,Dustin Nguyễn,0.3,0,,,False,,True,"Sài Gòn, Việt Nam Cộng hòa"
Hữu Châu,Huỳnh Kiến An,0.3,0,,,False,,True,"Sài Gòn, Việt Nam Cộng hòa"
Hữu Châu,Stephane Gauger,0.3,0,,,False,,True,"Sài Gòn, Việt Nam Cộng hòa"
Hữu Châu,Trần Bảo Sơn,0.3,0,,,False,,True,"Sài Gòn, Việt Nam Cộng hòa"
Hữu Châu,Lê Công Tuấn Anh,0.3,0,,,False,,True,"Sài Gòn, Việt Nam Cộng hòa"
Hữu Châu,Vân Sơn (nghệ sĩ hài),0.3,0,,,False,,True,"Sài Gòn, Việt Nam Cộng hòa"
Hữu Châu,Bảo Liêm,0.3,0,,,False,,True,"Sài Gòn, Việt Nam Cộng hòa"
Hữu Châu,Mỹ Duyên,0.3,0,,,False,,True,"Sài Gòn, Việt Nam Cộng hòa"
Hữu Châu,Trương Minh Quốc Thái,0.3,0,,,False,,True,"Sài Gòn, Việt Nam Cộng hòa"
Hữu Châu,Cẩm Ly,0.3,0,,,False,,True,"Sài Gòn, Việt Nam Cộng hòa"
Hữu Châu,Kiến An (diễn viên),0.3,0,,,False,,True,"Sài Gòn, Việt Nam Cộng hòa"
Hữu Châu,Vũ Hà (ca sĩ),0.3,0,,,False,,True,"Sài Gòn, Việt Nam Cộng hòa"
Hữu Châu,Phạm Thị Ngọc Trinh,0.3,0,,,False,,True,"Sài Gòn, Việt Nam Cộng hòa"
Lê Giang (nghệ sĩ),Quang Minh - Hồng Đào,1.0,1,Cua lại vợ bầu,actor-actor,False,,False,
Lê Giang (nghệ sĩ),Trung Dân,1.0,1,Cua lại vợ bầu,actor-actor,False,,False,
Lê Giang (nghệ sĩ),Hari Won,2.0,2,Cua lại vợ bầu|Bố già (phim 2021),actor-actor,False,,False,
Lê Giang (nghệ sĩ),Thuận Hoàng,1.0,1,Cua lại vợ bầu,actor-actor,False,,False,
Lê Giang (nghệ sĩ),Hoàng Thanh Mai,1.0,1,Cua lại vợ bầu,actor-actor,False,,False,
Lê Giang (nghệ sĩ),Tuấn Trần,1.0,1,Bố già (phim 2021),actor-actor,False,,False,
Lê Giang (nghệ sĩ),Ngân Chi,1.0,1,Bố già (phim 2021),actor-actor,False,,False,
Lê Giang (nghệ sĩ),Ngọc Giàu,1.0,1,Bố già (phim 2021),actor-actor,False,,False,
Lê Giang (nghệ sĩ),Lan Phương,1.0,1,Bố già (phim 2021),actor-actor,False,,False,
Lê Giang (nghệ sĩ),Nguyễn Minh Tú,1.0,1,Bố già (phim 2021),actor-actor,False,,False,
Lê Giang (nghệ sĩ),Xuân Nghị,1.0,1,Bố già (phim 2021),actor-actor,False,,False,
Lê Giang (nghệ sĩ),Mai Trần,1.0,1,Bố già (phim 2021),actor-actor,False,,False,
Lê Giang (nghệ sĩ),Trúc Nhân,1.0,1,Bố già (phim 2021),actor-actor,False,,False,
Lê Giang (nghệ sĩ),Lê Dương Bảo Lâm,1.0,1,Bố già (phim 2021),actor-actor,False,,False,
Lê Giang (nghệ sĩ),Diệu Nhi,1.0,1,Bố già (phim 2021),actor-actor,False,,False,
Lê Giang (nghệ sĩ),Bà Tân Vlog,1.0,1,Bố già (phim 2021),actor-actor,False,,False,
Lê Giang (nghệ sĩ),Maya (ca sĩ),1.0,1,Em là của em,actor-actor,False,,False,
Lê Giang (nghệ sĩ),Hứa Vĩ Văn,1.0,1,Em là của em,actor-actor,False,,False,
Lê Giang (nghệ sĩ),Đại Nghĩa (diễn viên),1.0,1,Em là của em,actor-actor,False,,False,
Lê Giang (nghệ sĩ),Lê Giang,0.3,0,,,False,,True,"Vĩnh Long, Việt Nam Cộng hòa"
Lê Giang (nghệ sĩ),Trung Dũng (diễn viên),0.3,0,,,False,,True,"Vĩnh Long, Việt Nam Cộng hòa"
Quang Minh - Hồng Đào,Trung Dân,1.0,1,Cua lại vợ bầu,actor-actor,False,,False,
Quang Minh - Hồng Đào,Hari Won,1.0,1,Cua lại vợ bầu,actor-actor,False,,False,
Quang Minh - Hồng Đào,Thuận Hoàng,1.0,1,Cua lại vợ bầu,actor-actor,False,,False,
Quang Minh - Hồng Đào,Hoàng Thanh Mai,1.0,1,Cua lại vợ bầu,actor-actor,False,,False,
Quang Minh - Hồng Đào,David Phạm,1.0,1,Gia đình số đỏ,actor-actor,False,,False,
Quang Minh - Hồng Đào,Don Nguyễn,2.0,2,Gia đình số đỏ|Em chưa 18,actor-actor,False,,False,
Quang Minh - Hồng Đào,Văn Hiệp,1.0,1,Gia đình số đỏ,actor-actor,False,,False,
Quang Minh - Hồng Đào,Nhã Phương (diễn viên),1.0,1,Gia đình số đỏ,actor-actor,False,,False,
Quang Minh - Hồng Đào,Ngọc Quyên,1.0,1,Gia đình số đỏ,actor-actor,False,,False,
Quang Minh - Hồng Đào,Huỳnh Anh Tuấn,1.0,1,Gia đình số đỏ,actor-actor,False,,False,
Quang Minh - Hồng Đào,Châu Bùi,1.0,1,Em chưa 18,actor-actor,False,,False,
Quang Minh - Hồng Đào,Nguyễn Chánh Tín,1.0,1,Em chưa 18,actor-actor,False,,False,
Quang Minh - Hồng Đào,Aaron Toronto,1.0,1,Em chưa 18,actor-actor,False,,False,
Quang Minh - Hồng Đào,Huy Khánh,1.0,1,Em chưa 18,actor-actor,False,,False,
Quang Minh - Hồng Đào,Kathy Uyên,1.0,1,Em chưa 18,actor-actor,False,,False,
Quang Minh - Hồng Đào,Võ Ngọc Trai,1.0,1,Em chưa 18,actor-actor,False,,False,
Quang Minh - Hồng Đào,Diễn viên Chí Tâm,1.0,1,Em chưa 18,actor-actor,False,,False,
Trung Dân,Hari Won,2.0,2,Cua lại vợ bầu|Em là bà nội của anh,actor-actor,False,,False,
Trung Dân,Thuận Hoàng,1.0,1,Cua lại vợ bầu,actor-actor,False,,False,
Trung Dân,Hoàng Thanh Mai,1.0,1,Cua lại vợ bầu,actor-actor,False,,False,
Trung Dân,Jun Phạm,1.0,1,Về quê ăn Tết,actor-actor,False,,False,
Trung Dân,Will,1.0,1,Về quê ăn Tết,actor-actor,False,,False,
Trung Dân,Oanh Kiều,2.0,2,Về quê ăn Tết|Trạng Tí phiêu lưu ký,actor-actor,False,,False,
Trung Dân,Chí Tâm,1.0,1,Về quê ăn Tết,actor-actor,False,,False,
Trung Dân,Xuân Lan,1.0,1,Về quê ăn Tết,actor-actor,False,,False,
Trung Dân,Ngân Quỳnh,2.0,2,Về quê ăn Tết|Em là bà nội của anh,actor-actor,False,,False,
Trung Dân,Tiểu Bảo Quốc,1.0,1,Về quê ăn Tết,actor-actor,False,,False,
Trung Dân,diễn viên đóng thế,1.0,1,Trạng Tí phiêu lưu ký,actor-actor,False,,False,
Trung Dân,Miền Bắc (Việt Nam),1.0,1,Trạng Tí phiêu lưu ký,actor-actor,False,,False,
Trung Dân,Đài Truyền hình Việt Nam,1.0,1,Trạng Tí phiêu lưu ký,actor-actor,False,,False,
Trung Dân,Taekwondo,1.0,1,Trạng Tí phiêu lưu ký,actor-actor,False,,False,
Trung Dân,Quang Thắng,1.0,1,Trạng Tí phiêu lưu ký,actor-actor,False,,False,
Trung Dân,Trung Anh,1.0,1,Trạng Tí phiêu lưu ký,actor-actor,False,,False,
Trung Dân,Huy Khánh,3.0,3,"Cô dâu đại chiến|Sài Gòn, anh yêu em|Cột mốc 23",actor-actor,False,,False,
Trung Dân,Ngọc Diệp,1.0,1,Cô dâu đại chiến,actor-actor,False,,False,
Trung Dân,Ngân Khánh,1.0,1,Cô dâu đại chiến,actor-actor,False,,False,
Trung Dân,Vân Trang,1.0,1,Cô dâu đại chiến,actor-actor,False,,False,
Trung Dân,Lê Khánh,1.0,1,Cô dâu đại chiến,actor-actor,False,,False,
Trung Dân,Phi Thanh Vân,2.0,2,Cô dâu đại chiến|Cột mốc 23,actor-actor,False,,False,
Trung Dân,Đại Nghĩa (diễn viên),1.0,1,Cô dâu đại chiến,actor-actor,False,,False,
Trung Dân,Công Ninh,1.0,1,Cô dâu đại chiến,actor-actor,False,,False,
Trung Dân,Võ Thanh Hòa,1.0,1,Cô dâu đại chiến,actor-actor,False,,False,
Trung Dân,Đinh Tiến Đạt,1.0,1,Cô dâu đại chiến,actor-actor,False,,False,
Trung Dân,Minh Thuận (ca sĩ),1.0,1,Cô dâu đại chiến,actor-actor,False,,False,
Trung Dân,Mai Thành,1.0,1,Cô dâu đại chiến,actor-actor,False,,False,
Trung Dân,Miu Lê,1.0,1,Em là bà nội của anh,actor-actor,False,,False,
Trung Dân,Minh Đức (diễn viên),1.0,1,Em là bà nội của anh,actor-actor,False,,False,
Trung Dân,Hứa Vĩ Văn,1.0,1,Em là bà nội của anh,actor-actor,False,,False,
Trung Dân,Thanh Nam,2.0,2,"Em là bà nội của anh|Sài Gòn, anh yêu em",actor-actor,False,,False,
Trung Dân,Đức Khuê,1.0,1,Em là bà nội của anh,actor-actor,False,,False,
Trung Dân,Hồng Ánh,1.0,1,Em là bà nội của anh,actor-actor,False,,False,
Trung Dân,Thu Trang,1.0,1,Em là bà nội của anh,actor-actor,False,,False,
Trung Dân,Lều Phương Anh,1.0,1,Em là bà nội của anh,actor-actor,False,,False,
Trung Dân,Kim Xuân,1.0,1,Em là bà nội của anh,actor-actor,False,,False,
Trung Dân,Mai Thế Hiệp,1.0,1,Em là bà nội của anh,actor-actor,False,,False,
Trung Dân,Võ Ngọc Trai,1.0,1,Em là bà nội của anh,actor-actor,False,,False,
Trung Dân,Duy Khánh (diễn viên),2.0,2,"Em là bà nội của anh|Sài Gòn, anh yêu em",actor-actor,False,,False,
Trung Dân,Đàm Phương Linh,1.0,1,Em là bà nội của anh,actor-actor,False,,False,
Trung Dân,Harry Lu,1.0,1,Em là bà nội của anh,actor-actor,False,,False,
Trung Dân,Trọng Hiếu,1.0,1,Em là bà nội của anh,actor-actor,False,,False,
Trung Dân,Huỳnh Lập,2.0,2,"Em là bà nội của anh|Sài Gòn, anh yêu em",director-actor|actor-actor,False,,False,
Trung Dân,Thảo Trang,1.0,1,Em là bà nội của anh,actor-actor,False,,False,
Trung Dân,Tăng Nhật Tuệ,1.0,1,Em là bà nội của anh,actor-actor,False,,False,
Trung Dân,Nguyễn Quang Dũng,1.0,1,Em là bà nội của anh,actor-actor,False,,False,
Trung Dân,Nguyễn Hải Phong,1.0,1,Em là bà nội của anh,actor-actor,False,,False,
Trung Dân,Uyên Linh,1.0,1,Em là bà nội của anh,actor-actor,False,,False,
Trung Dân,Ngọc Giàu,1.0,1,"Sài Gòn, anh yêu em",actor-actor,False,,False,
Trung Dân,Đoan Trang,1.0,1,"Sài Gòn, anh yêu em",actor-actor,False,,False,
Trung Dân,Maya (ca sĩ),1.0,1,"Sài Gòn, anh yêu em",actor-actor,False,,False,
Trung Dân,Minh Hằng,1.0,1,Chị chị em em 2,actor-actor,False,,False,
Trung Dân,Trần Ngọc Trà,1.0,1,Chị chị em em 2,actor-actor,False,,False,
Trung Dân,Ngọc Trinh (người mẫu),1.0,1,Chị chị em em 2,actor-actor,False,,False,
Trung Dân,Lê Thị Nhị,1.0,1,Chị chị em em 2,actor-actor,False,,False,
Trung Dân,Lê Giang,1.0,1,Chị chị em em 2,actor-actor,False,,False,
Trung Dân,Trung Dũng (diễn viên),1.0,1,Lạc giới,actor-actor,False,,False,
Trung Dân,Mai Thu Huyền,1.0,1,Lạc giới,actor-actor,False,,False,
Trung Dân,Bình An (diễn viên),1.0,1,Lạc giới,actor-actor,False,,False,
Trung Dân,Thành Lộc,2.0,2,Lạc giới|Ma da (phim),actor-actor,False,,False,
Trung Dân,Nguyễn Hậu,1.0,1,Lạc giới,actor-actor,False,,False,
Trung Dân,Việt Hương,1.0,1,Ma da (phim),actor-actor,False,,False,
Trung Dân,Cẩm Ly,1.0,1,Ma da (phim),actor-actor,False,,False,
Trung Dân,Bảo Trúc,1.0,1,Cột mốc 23,actor-actor,False,,False,
Trung Dân,Quốc Cường,1.0,1,Cột mốc 23,actor-actor,False,,False,
Trung Dân,Diễm Châu,1.0,1,Cột mốc 23,actor-actor,False,,False,
Trung Dân,Võ Thành Tâm,1.0,1,Cột mốc 23,actor-actor,False,,False,
Trung Dân,Tiết Cương,1.0,1,Cột mốc 23,actor-actor,False,,False,
Trung Dân,Thân Thúy Hà,1.0,1,Cột mốc 23,actor-actor,False,,False,
Trung Dân,Mạnh Hùng,1.0,1,Cột mốc 23,actor-actor,False,,False,
Trung Dân,Quốc Thuận,1.0,1,Cột mốc 23,actor-actor,False,,False,
Trung Dân,Thanh Vy,1.0,1,Cột mốc 23,actor-actor,False,,False,
Trung Dân,Trường Giang (nghệ sĩ),1.0,1,"Taxi, em tên gì?",actor-actor,False,,False,
Trung Dân,Angela Phương Trinh,1.0,1,"Taxi, em tên gì?",actor-actor,False,,False,
Trung Dân,Khánh Hiền,1.0,1,"Taxi, em tên gì?",actor-actor,False,,False,
Trung Dân,Nam Thư,1.0,1,"Taxi, em tên gì?",actor-actor,False,,False,
Trung Dân,Đỗ Đức Thịnh,1.0,1,"Taxi, em tên gì?",actor-director,False,,False,
Trung Dân,Thanh Thúy (sinh 1982),1.0,1,"Taxi, em tên gì?",actor-actor,False,,False,
Hari Won,Thuận Hoàng,1.0,1,Cua lại vợ bầu,actor-actor,False,,False,
Hari Won,Hoàng Thanh Mai,1.0,1,Cua lại vợ bầu,actor-actor,False,,False,
Hari Won,Tuấn Trần,1.0,1,Bố già (phim 2021),actor-actor,False,,False,
Hari Won,Ngân Chi,1.0,1,Bố già (phim 2021),actor-actor,False,,False,
Hari Won,Ngọc Giàu,1.0,1,Bố già (phim 2021),actor-actor,False,,False,
Hari Won,Lan Phương,1.0,1,Bố già (phim 2021),actor-actor,False,,False,
Hari Won,Nguyễn Minh Tú,1.0,1,Bố già (phim 2021),actor-actor,False,,False,
Hari Won,Xuân Nghị,1.0,1,Bố già (phim 2021),actor-actor,False,,False,
Hari Won,Mai Trần,1.0,1,Bố già (phim 2021),actor-actor,False,,False,
Hari Won,Trúc Nhân,1.0,1,Bố già (phim 2021),actor-actor,False,,False,
Hari Won,Lê Dương Bảo Lâm,1.0,1,Bố già (phim 2021),actor-actor,False,,False,
Hari Won,Diệu Nhi,1.0,1,Bố già (phim 2021),actor-actor,False,,False,
Hari Won,Bà Tân Vlog,1.0,1,Bố già (phim 2021),actor-actor,False,,False,
Hari Won,Sơn Tùng M-TP,1.0,1,Chàng trai năm ấy,actor-actor,False,,False,
Hari Won,Phạm Quỳnh Anh,1.0,1,Chàng trai năm ấy,actor-actor,False,,False,
Hari Won,Hứa Vĩ Văn,2.0,2,Chàng trai năm ấy|Em là bà nội của anh,actor-actor,False,,False,
Hari Won,Quang Thắng,1.0,1,Chàng trai năm ấy,actor-actor,False,,False,
Hari Won,Khánh Huyền,1.0,1,Chàng trai năm ấy,actor-actor,False,,False,
Hari Won,365daband,1.0,1,Chàng trai năm ấy,actor-actor,False,,False,
Hari Won,Thành Lộc,1.0,1,Chàng trai năm ấy,actor-actor,False,,False,
Hari Won,Mai Thế Hiệp,2.0,2,Chàng trai năm ấy|Em là bà nội của anh,actor-actor,False,,False,
Hari Won,Petey Majik Nguyễn,1.0,1,Chàng trai năm ấy,actor-actor,False,,False,
Hari Won,Don Nguyễn,1.0,1,Chàng trai năm ấy,actor-actor,False,,False,
Hari Won,Harry Lu,2.0,2,Chàng trai năm ấy|Em là bà nội của anh,actor-actor,False,,False,
Hari Won,Tấn Thi,1.0,1,Chàng trai năm ấy,actor-actor,False,,False,
Hari Won,Miu Lê,1.0,1,Em là bà nội của anh,actor-actor,False,,False,
Hari Won,Minh Đức (diễn viên),1.0,1,Em là bà nội của anh,actor-actor,False,,False,
Hari Won,Thanh Nam,1.0,1,Em là bà nội của anh,actor-actor,False,,False,
Hari Won,Đức Khuê,1.0,1,Em là bà nội của anh,actor-actor,False,,False,
Hari Won,Hồng Ánh,1.0,1,Em là bà nội của anh,actor-actor,False,,False,
Hari Won,Thu Trang,1.0,1,Em là bà nội của anh,actor-actor,False,,False,
Hari Won,Lều Phương Anh,1.0,1,Em là bà nội của anh,actor-actor,False,,False,
Hari Won,Kim Xuân,1.0,1,Em là bà nội của anh,actor-actor,False,,False,
Hari Won,Ngân Quỳnh,1.0,1,Em là bà nội của anh,actor-actor,False,,False,
Hari Won,Võ Ngọc Trai,1.0,1,Em là bà nội của anh,actor-actor,False,,False,
Hari Won,Duy Khánh (diễn viên),1.0,1,Em là bà nội của anh,actor-actor,False,,False,
Hari Won,Đàm Phương Linh,1.0,1,Em là bà nội của anh,actor-actor,False,,False,
Hari Won,Trọng Hiếu,1.0,1,Em là bà nội của anh,actor-actor,False,,False,
Hari Won,Huỳnh Lập,1.0,1,Em là bà nội của anh,actor-actor,False,,False,
Hari Won,Thảo Trang,1.0,1,Em là bà nội của anh,actor-actor,False,,False,
Hari Won,Tăng Nhật Tuệ,1.0,1,Em là bà nội của anh,actor-actor,False,,False,
Hari Won,Nguyễn Quang Dũng,1.0,1,Em là bà nội của anh,actor-actor,False,,False,
Hari Won,Nguyễn Hải Phong,1.0,1,Em là bà nội của anh,actor-actor,False,,False,
Hari Won,Uyên Linh,1.0,1,Em là bà nội của anh,actor-actor,False,,False,
Hari Won,Ngọc Diệp,0.5,0,,,True,"Trường Đại học Khoa học Xã hội và Nhân văn, Đại học Quốc gia Thành phố Hồ Chí Minh",False,
Hari Won,Đinh Ngọc Diệp,0.5,0,,,True,"Trường Đại học Khoa học Xã hội và Nhân văn, Đại học Quốc gia Thành phố Hồ Chí Minh",False,
Thuận Hoàng,Hoàng Thanh Mai,1.0,1,Cua lại vợ bầu,actor-actor,False,,False,
Tuấn Trần,Ngân Chi,1.3,1,Bố già (phim 2021),actor-actor,False,,True,"Thành phố Hồ Chí Minh, Việt Nam"
Tuấn Trần,Ngọc Giàu,2.0,2,Bố già (phim 2021)|Mai (phim),actor-actor,False,,False,
Tuấn Trần,Lan Phương,1.0,1,Bố già (phim 2021),actor-actor,False,,False,
Tuấn Trần,Nguyễn Minh Tú,1.3,1,Bố già (phim 2021),actor-actor,False,,True,"Thành phố Hồ Chí Minh, Việt Nam"
Tuấn Trần,Xuân Nghị,1.0,1,Bố già (phim 2021),actor-actor,False,,False,
Tuấn Trần,Mai Trần,1.0,1,Bố già (phim 2021),actor-actor,False,,False,
Tuấn Trần,Trúc Nhân,1.0,1,Bố già (phim 2021),actor-actor,False,,False,
Tuấn Trần,Lê Dương Bảo Lâm,1.0,1,Bố già (phim 2021),actor-actor,False,,False,
Tuấn Trần,Diệu Nhi,1.0,1,Bố già (phim 2021),actor-actor,False,,False,
Tuấn Trần,Bà Tân Vlog,1.0,1,Bố già (phim 2021),actor-actor,False,,False,
Tuấn Trần,Băng Di,1.3,1,Đất rừng phương Nam (phim),actor-actor,False,,True,"Thành phố Hồ Chí Minh, Việt Nam"
Tuấn Trần,bác Ba Phi,1.0,1,Đất rừng phương Nam (phim),actor-actor,False,,False,
Tuấn Trần,nói dối,1.0,1,Đất rừng phương Nam (phim),actor-actor,False,,False,
Tuấn Trần,Hứa Vĩ Văn,1.3,1,Đất rừng phương Nam (phim),actor-actor,False,,True,"Thành phố Hồ Chí Minh, Việt Nam"
Tuấn Trần,Mai Tài Phến,1.0,1,Đất rừng phương Nam (phim),actor-actor,False,,False,
Tuấn Trần,Huỳnh Đông,1.3,1,Đất rừng phương Nam (phim),actor-actor,False,,True,"Thành phố Hồ Chí Minh, Việt Nam"
Tuấn Trần,Công Ninh,1.0,1,Đất rừng phương Nam (phim),actor-actor,False,,False,
Tuấn Trần,Hồng Ánh,1.0,1,Đất rừng phương Nam (phim),actor-actor,False,,False,
Tuấn Trần,Nguyễn Quang Dũng (đạo diễn),1.0,1,Đất rừng phương Nam (phim),director-actor,False,,False,
Tuấn Trần,Phương Anh Đào,1.0,1,Mai (phim),actor-actor,False,,False,
Tuấn Trần,Hồng Đào (diễn viên),2.0,2,Mai (phim)|Mang mẹ đi bỏ,actor-actor,False,,False,
Tuấn Trần,Uyển Ân,1.3,1,Mai (phim),actor-actor,False,,True,"Thành phố Hồ Chí Minh, Việt Nam"
Tuấn Trần,Trần Tiểu Vy,1.0,1,Mai (phim),actor-actor,False,,False,
Tuấn Trần,Thanh Hằng (nghệ sĩ cải lương),1.0,1,Mai (phim),actor-actor,False,,False,
Tuấn Trần,Go Kyung-pyo,1.0,1,Mang mẹ đi bỏ,actor-actor,False,,False,
Tuấn Trần,Lâm Vỹ Dạ,1.0,1,Mang mẹ đi bỏ,actor-actor,False,,False,
Tuấn Trần,Ngọc Diệp,0.3,0,,,False,,True,"Thành phố Hồ Chí Minh, Việt Nam"
Tuấn Trần,Thu Trang,0.3,0,,,False,,True,"Thành phố Hồ Chí Minh, Việt Nam"
Tuấn Trần,Võ Ngọc Trai,0.3,0,,,False,,True,"Thành phố Hồ Chí Minh, Việt Nam"
Tuấn Trần,Jun Phạm,0.3,0,,,False,,True,"Thành phố Hồ Chí Minh, Việt Nam"
Tuấn Trần,Diễm My 9x,0.3,0,,,False,,True,"Thành phố Hồ Chí Minh, Việt Nam"
Tuấn Trần,Nguyễn Thắng,0.3,0,,,False,,True,"Thành phố Hồ Chí Minh, Việt Nam"
Tuấn Trần,Khả Ngân,0.3,0,,,False,,True,"Thành phố Hồ Chí Minh, Việt Nam"
Tuấn Trần,Tóc Tiên (ca sĩ),0.3,0,,,False,,True,"Thành phố Hồ Chí Minh, Việt Nam"
Tuấn Trần,Nguyễn Thúc Thùy Tiên,0.3,0,,,False,,True,"Thành phố Hồ Chí Minh, Việt Nam"
Tuấn Trần,Don Nguyễn,0.3,0,,,False,,True,"Thành phố Hồ Chí Minh, Việt Nam"
Tuấn Trần,Huy Khánh,0.3,0,,,False,,True,"Thành phố Hồ Chí Minh, Việt Nam"
Tuấn Trần,Đinh Ngọc Diệp,0.3,0,,,False,,True,"Thành phố Hồ Chí Minh, Việt Nam"
Tuấn Trần,Đại Nghĩa (diễn viên),0.3,0,,,False,,True,"Thành phố Hồ Chí Minh, Việt Nam"
Tuấn Trần,Midu,0.3,0,,,False,,True,"Thành phố Hồ Chí Minh, Việt Nam"
Tuấn Trần,Tú Vi,0.3,0,,,False,,True,"Thành phố Hồ Chí Minh, Việt Nam"
Tuấn Trần,Ái Phương,0.3,0,,,False,,True,"Thành phố Hồ Chí Minh, Việt Nam"
Tuấn Trần,Anh Thư,0.3,0,,,False,,True,"Thành phố Hồ Chí Minh, Việt Nam"
Tuấn Trần,Đan Trường,0.3,0,,,False,,True,"Thành phố Hồ Chí Minh, Việt Nam"
Tuấn Trần,Wanbi Tuấn Anh,0.3,0,,,False,,True,"Thành phố Hồ Chí Minh, Việt Nam"
Tuấn Trần,Elly Trần,0.3,0,,,False,,True,"Thành phố Hồ Chí Minh, Việt Nam"
Tuấn Trần,Tim (ca sĩ),0.3,0,,,False,,True,"Thành phố Hồ Chí Minh, Việt Nam"
Tuấn Trần,Việt Hương,0.3,0,,,False,,True,"Thành phố Hồ Chí Minh, Việt Nam"
Tuấn Trần,Bảo Anh (ca sĩ),0.3,0,,,False,,True,"Thành phố Hồ Chí Minh, Việt Nam"
Tuấn Trần,Thanh Trúc,0.3,0,,,False,,True,"Thành phố Hồ Chí Minh, Việt Nam"
Tuấn Trần,Khánh Phương,0.3,0,,,False,,True,"Thành phố Hồ Chí Minh, Việt Nam"
Tuấn Trần,Minh Hằng,0.3,0,,,False,,True,"Thành phố Hồ Chí Minh, Việt Nam"
Tuấn Trần,Chí Thiện (sinh năm 1988),0.3,0,,,False,,True,"Thành phố Hồ Chí Minh, Việt Nam"
Tuấn Trần,Tường Vi (diễn viên),0.3,0,,,False,,True,"Thành phố Hồ Chí Minh, Việt Nam"
Tuấn Trần,Duy Khánh (diễn viên),0.3,0,,,False,,True,"Thành phố Hồ Chí Minh, Việt Nam"
Tuấn Trần,Đàm Phương Linh,0.3,0,,,False,,True,"Thành phố Hồ Chí Minh, Việt Nam"
Tuấn Trần,Thảo Trang,0.3,0,,,False,,True,"Thành phố Hồ Chí Minh, Việt Nam"
Tuấn Trần,Uyên Linh,0.3,0,,,False,,True,"Thành phố Hồ Chí Minh, Việt Nam"
Tuấn Trần,Võ Thành Tâm,0.3,0,,,False,,True,"Thành phố Hồ Chí Minh, Việt Nam"
Tuấn Trần,Diễm My (diễn viên),0.3,0,,,False,,True,"Thành phố Hồ Chí Minh, Việt Nam"
Tuấn Trần,Quang Tuấn,0.3,0,,,False,,True,"Thành phố Hồ Chí Minh, Việt Nam"
Tuấn Trần,Lương Bích Hữu,0.3,0,,,False,,True,"Thành phố Hồ Chí Minh, Việt Nam"
Tuấn Trần,Lê Công Hoàng (diễn viên),0.3,0,,,False,,True,"Thành phố Hồ Chí Minh, Việt Nam"
Tuấn Trần,Suboi,0.3,0,,,False,,True,"Thành phố Hồ Chí Minh, Việt Nam"
Tuấn Trần,Hồ Vĩnh Khoa,0.3,0,,,False,,True,"Thành phố Hồ Chí Minh, Việt Nam"
Tuấn Trần,Thanh Thúy (diễn viên sinh 1982),0.3,0,,,False,,True,"Thành phố Hồ Chí Minh, Việt Nam"
Tuấn Trần,Angela Phương Trinh,0.3,0,,,False,,True,"Thành phố Hồ Chí Minh, Việt Nam"
Tuấn Trần,Thanh Thúy (sinh 1982),0.3,0,,,False,,True,"Thành phố Hồ Chí Minh, Việt Nam"
Tuấn Trần,Rocker Nguyen,0.3,0,,,False,,True,"Thành phố Hồ Chí Minh, Việt Nam"
Ngân Chi,Ngọc Giàu,1.0,1,Bố già (phim 2021),actor-actor,False,,False,
Ngân Chi,Lan Phương,1.0,1,Bố già (phim 2021),actor-actor,False,,False,
Ngân Chi,Nguyễn Minh Tú,1.3,1,Bố già (phim 2021),actor-actor,False,,True,"Thành phố Hồ Chí Minh, Việt Nam"
Ngân Chi,Xuân Nghị,1.0,1,Bố già (phim 2021),actor-actor,False,,False,
Ngân Chi,Mai Trần,1.0,1,Bố già (phim 2021),actor-actor,False,,False,
Ngân Chi,Trúc Nhân,1.0,1,Bố già (phim 2021),actor-actor,False,,False,
Ngân Chi,Lê Dương Bảo Lâm,1.0,1,Bố già (phim 2021),actor-actor,False,,False,
Ngân Chi,Diệu Nhi,1.0,1,Bố già (phim 2021),actor-actor,False,,False,
Ngân Chi,Bà Tân Vlog,1.0,1,Bố già (phim 2021),actor-actor,False,,False,
Ngân Chi,Thanh Hiền,1.0,1,Lật mặt 7: Một điều ước,actor-actor,False,,False,
Ngân Chi,Đinh Y Nhung,1.0,1,Lật mặt 7: Một điều ước,actor-actor,False,,False,
Ngân Chi,Lý Hải,1.0,1,Lật mặt 7: Một điều ước,director-actor,False,,False,
Ngân Chi,Thanh Thức,1.0,1,Lật mặt 7: Một điều ước,actor-actor,False,,False,
Ngân Chi,Mạnh Dung,1.0,1,Lật mặt 7: Một điều ước,actor-actor,False,,False,
Ngân Chi,Văn Tùng,1.0,1,Lật mặt 7: Một điều ước,actor-actor,False,,False,
Ngân Chi,Tiết Cương,1.0,1,Lật mặt 7: Một điều ước,actor-actor,False,,False,
Ngân Chi,Phi Điểu,1.0,1,Lật mặt 7: Một điều ước,actor-actor,False,,False,
Ngân Chi,Oanh Kiều,1.0,1,Lật mặt 7: Một điều ước,actor-actor,False,,False,
Ngân Chi,Trọng Hải,1.0,1,Lật mặt 7: Một điều ước,actor-actor,False,,False,
Ngân Chi,Uyển Ân,0.3,0,,,False,,True,"Thành phố Hồ Chí Minh, Việt Nam"
Ngân Chi,Băng Di,0.3,0,,,False,,True,"Thành phố Hồ Chí Minh, Việt Nam"
Ngân Chi,Hứa Vĩ Văn,0.3,0,,,False,,True,"Thành phố Hồ Chí Minh, Việt Nam"
Ngân Chi,Huỳnh Đông,0.3,0,,,False,,True,"Thành phố Hồ Chí Minh, Việt Nam"
Ngân Chi,Ngọc Diệp,0.3,0,,,False,,True,"Thành phố Hồ Chí Minh, Việt Nam"
Ngân Chi,Thu Trang,0.3,0,,,False,,True,"Thành phố Hồ Chí Minh, Việt Nam"
Ngân Chi,Võ Ngọc Trai,0.3,0,,,False,,True,"Thành phố Hồ Chí Minh, Việt Nam"
Ngân Chi,Jun Phạm,0.3,0,,,False,,True,"Thành phố Hồ Chí Minh, Việt Nam"
Ngân Chi,Diễm My 9x,0.3,0,,,False,,True,"Thành phố Hồ Chí Minh, Việt Nam"
Ngân Chi,Nguyễn Thắng,0.3,0,,,False,,True,"Thành phố Hồ Chí Minh, Việt Nam"
Ngân Chi,Khả Ngân,0.3,0,,,False,,True,"Thành phố Hồ Chí Minh, Việt Nam"
Ngân Chi,Tóc Tiên (ca sĩ),0.3,0,,,False,,True,"Thành phố Hồ Chí Minh, Việt Nam"
Ngân Chi,Nguyễn Thúc Thùy Tiên,0.3,0,,,False,,True,"Thành phố Hồ Chí Minh, Việt Nam"
Ngân Chi,Don Nguyễn,0.3,0,,,False,,True,"Thành phố Hồ Chí Minh, Việt Nam"
Ngân Chi,Huy Khánh,0.3,0,,,False,,True,"Thành phố Hồ Chí Minh, Việt Nam"
Ngân Chi,Đinh Ngọc Diệp,0.3,0,,,False,,True,"Thành phố Hồ Chí Minh, Việt Nam"
Ngân Chi,Đại Nghĩa (diễn viên),0.3,0,,,False,,True,"Thành phố Hồ Chí Minh, Việt Nam"
Ngân Chi,Midu,0.3,0,,,False,,True,"Thành phố Hồ Chí Minh, Việt Nam"
Ngân Chi,Tú Vi,0.3,0,,,False,,True,"Thành phố Hồ Chí Minh, Việt Nam"
Ngân Chi,Ái Phương,0.3,0,,,False,,True,"Thành phố Hồ Chí Minh, Việt Nam"
Ngân Chi,Anh Thư,0.3,0,,,False,,True,"Thành phố Hồ Chí Minh, Việt Nam"
Ngân Chi,Đan Trường,0.3,0,,,False,,True,"Thành phố Hồ Chí Minh, Việt Nam"
Ngân Chi,Wanbi Tuấn Anh,0.3,0,,,False,,True,"Thành phố Hồ Chí Minh, Việt Nam"
Ngân Chi,Elly Trần,0.3,0,,,False,,True,"Thành phố Hồ Chí Minh, Việt Nam"
Ngân Chi,Tim (ca sĩ),0.3,0,,,False,,True,"Thành phố Hồ Chí Minh, Việt Nam"
Ngân Chi,Việt Hương,0.3,0,,,False,,True,"Thành phố Hồ Chí Minh, Việt Nam"
Ngân Chi,Bảo Anh (ca sĩ),0.3,0,,,False,,True,"Thành phố Hồ Chí Minh, Việt Nam"
Ngân Chi,Thanh Trúc,0.3,0,,,False,,True,"Thành phố Hồ Chí Minh, Việt Nam"
Ngân Chi,Khánh Phương,0.3,0,,,False,,True,"Thành phố Hồ Chí Minh, Việt Nam"
Ngân Chi,Minh Hằng,0.3,0,,,False,,True,"Thành phố Hồ Chí Minh, Việt Nam"
Ngân Chi,Chí Thiện (sinh năm 1988),0.3,0,,,False,,True,"Thành phố Hồ Chí Minh, Việt Nam"
Ngân Chi,Tường Vi (diễn viên),0.3,0,,,False,,True,"Thành phố Hồ Chí Minh, Việt Nam"
Ngân Chi,Duy Khánh (diễn viên),0.3,0,,,False,,True,"Thành phố Hồ Chí Minh, Việt Nam"
Ngân Chi,Đàm Phương Linh,0.3,0,,,False,,True,"Thành phố Hồ Chí Minh, Việt Nam"
Ngân Chi,Thảo Trang,0.3,0,,,False,,True,"Thành phố Hồ Chí Minh, Việt Nam"
Ngân Chi,Uyên Linh,0.3,0,,,False,,True,"Thành phố Hồ Chí Minh, Việt Nam"
Ngân Chi,Võ Thành Tâm,0.3,0,,,False,,True,"Thành phố Hồ Chí Minh, Việt Nam"
Ngân Chi,Diễm My (diễn viên),0.3,0,,,False,,True,"Thành phố Hồ Chí Minh, Việt Nam"
Ngân Chi,Quang Tuấn,0.3,0,,,False,,True,"Thành phố Hồ Chí Minh, Việt Nam"
Ngân Chi,Lương Bích Hữu,0.3,0,,,False,,True,"Thành phố Hồ Chí Minh, Việt Nam"
Ngân Chi,Lê Công Hoàng (diễn viên),0.3,0,,,False,,True,"Thành phố Hồ Chí Minh, Việt Nam"
Ngân Chi,Suboi,0.3,0,,,False,,True,"Thành phố Hồ Chí Minh, Việt Nam"
Ngân Chi,Hồ Vĩnh Khoa,0.3,0,,,False,,True,"Thành phố Hồ Chí Minh, Việt Nam"
Ngân Chi,Thanh Thúy (diễn viên sinh 1982),0.3,0,,,False,,True,"Thành phố Hồ Chí Minh, Việt Nam"
Ngân Chi,Angela Phương Trinh,0.3,0,,,False,,True,"Thành phố Hồ Chí Minh, Việt Nam"
Ngân Chi,Thanh Thúy (sinh 1982),0.3,0,,,False,,True,"Thành phố Hồ Chí Minh, Việt Nam"
Ngân Chi,Rocker Nguyen,0.3,0,,,False,,True,"Thành phố Hồ Chí Minh, Việt Nam"
Ngọc Giàu,Lan Phương,1.0,1,Bố già (phim 2021),actor-actor,False,,False,
Ngọc Giàu,Nguyễn Minh Tú,1.0,1,Bố già (phim 2021),actor-actor,False,,False,
Ngọc Giàu,Xuân Nghị,1.0,1,Bố già (phim 2021),actor-actor,False,,False,
Ngọc Giàu,Mai Trần,1.0,1,Bố già (phim 2021),actor-actor,False,,False,
Ngọc Giàu,Trúc Nhân,1.0,1,Bố già (phim 2021),actor-actor,False,,False,
Ngọc Giàu,Lê Dương Bảo Lâm,3.0,3,Bố già (phim 2021)|Nhà bà Nữ|Bộ tứ báo thủ,actor-actor,False,,False,
Ngọc Giàu,Diệu Nhi,1.0,1,Bố già (phim 2021),actor-actor,False,,False,
Ngọc Giàu,Bà Tân Vlog,1.0,1,Bố già (phim 2021),actor-actor,False,,False,
Ngọc Giàu,Lê Giang,2.0,2,Nhà bà Nữ|Bộ tứ báo thủ,actor-actor,False,,False,
Ngọc Giàu,Uyển Ân,3.0,3,Nhà bà Nữ|Mai (phim)|Bộ tứ báo thủ,actor-actor,False,,False,
Ngọc Giàu,Song Luân,1.0,1,Nhà bà Nữ,actor-actor,False,,False,
Ngọc Giàu,Công Ninh,1.0,1,Nhà bà Nữ,actor-actor,False,,False,
Ngọc Giàu,Ngân Quỳnh,1.0,1,Nhà bà Nữ,actor-actor,False,,False,
Ngọc Giàu,Phương Anh Đào,1.0,1,Mai (phim),actor-actor,False,,False,
Ngọc Giàu,Hồng Đào (diễn viên),1.0,1,Mai (phim),actor-actor,False,,False,
Ngọc Giàu,Trần Tiểu Vy,2.0,2,Mai (phim)|Bộ tứ báo thủ,actor-actor,False,,False,
Ngọc Giàu,Thanh Hằng (nghệ sĩ cải lương),1.0,1,Mai (phim),actor-actor,False,,False,
Ngọc Giàu,Nguyễn Cao Kỳ Duyên (người mẫu),1.0,1,Bộ tứ báo thủ,actor-actor,False,,False,
Ngọc Giàu,Quân A.P,1.0,1,Bộ tứ báo thủ,actor-actor,False,,False,
Ngọc Giàu,365daband,1.0,1,Tấm Cám: Chuyện chưa kể,actor-actor,False,,False,
Ngọc Giàu,Võ Ngọc Trai,1.0,1,Tấm Cám: Chuyện chưa kể,actor-actor,False,,False,
Ngọc Giàu,S.T Sơn Thạch,1.0,1,Tấm Cám: Chuyện chưa kể,actor-actor,False,,False,
Ngọc Giàu,Jun Phạm,1.0,1,Tấm Cám: Chuyện chưa kể,actor-actor,False,,False,
Ngọc Giàu,Thành Lộc,1.0,1,Tấm Cám: Chuyện chưa kể,actor-actor,False,,False,
Ngọc Giàu,Đan Trường,1.0,1,Võ lâm truyền kỳ (phim),actor-actor,False,,False,
Ngọc Giàu,Chi Bảo,2.0,2,Võ lâm truyền kỳ (phim)|Khi đàn ông có bầu,actor-actor,False,,False,
Ngọc Giàu,Thanh Thảo (ca sĩ),1.0,1,Võ lâm truyền kỳ (phim),actor-actor,False,,False,
Ngọc Giàu,Vũ Thu Phương,1.0,1,Võ lâm truyền kỳ (phim),actor-actor,False,,False,
Ngọc Giàu,Cát Phượng,1.0,1,Võ lâm truyền kỳ (phim),actor-actor,False,,False,
Ngọc Giàu,Marilyn Monroe,1.0,1,Võ lâm truyền kỳ (phim),actor-actor,False,,False,
Ngọc Giàu,Michael Jackson,1.0,1,Võ lâm truyền kỳ (phim),actor-actor,False,,False,
Ngọc Giàu,Khánh Nam (diễn viên),1.0,1,Võ lâm truyền kỳ (phim),actor-actor,False,,False,
Ngọc Giàu,Charlie Chaplin,1.0,1,Võ lâm truyền kỳ (phim),actor-actor,False,,False,
Ngọc Giàu,Minh Béo,1.0,1,Võ lâm truyền kỳ (phim),actor-actor,False,,False,
Ngọc Giàu,Hữu Lộc,2.0,2,Võ lâm truyền kỳ (phim)|Khi đàn ông có bầu,actor-actor,False,,False,
Ngọc Giàu,đỏ,1.0,1,Võ lâm truyền kỳ (phim),actor-actor,False,,False,
Ngọc Giàu,Thái Hòa (diễn viên),1.0,1,Võ lâm truyền kỳ (phim),actor-actor,False,,False,
Ngọc Giàu,Da cam,1.0,1,Võ lâm truyền kỳ (phim),actor-actor,False,,False,
Ngọc Giàu,Thanh Thủy (diễn viên),1.0,1,Năm sau con lại về,actor-actor,False,,False,
Ngọc Giàu,Quý Bình,1.0,1,Năm sau con lại về,actor-actor,False,,False,
Ngọc Giàu,Lê Khánh,1.0,1,Năm sau con lại về,actor-actor,False,,False,
Ngọc Giàu,Hứa Minh Đạt,1.0,1,Năm sau con lại về,actor-actor,False,,False,
Ngọc Giàu,Nhật Cường,1.0,1,Năm sau con lại về,actor-actor,False,,False,
Ngọc Giàu,Thanh Trúc,1.0,1,Năm sau con lại về,actor-actor,False,,False,
Ngọc Giàu,Trường Giang (nghệ sĩ),1.0,1,Năm sau con lại về,actor-actor,False,,False,
Ngọc Giàu,Quốc Thuận,1.0,1,Năm sau con lại về,actor-actor,False,,False,
Ngọc Giàu,Tiến Luật,1.0,1,Năm sau con lại về,actor-actor,False,,False,
Ngọc Giàu,Thu Trang,1.0,1,Năm sau con lại về,actor-actor,False,,False,
Ngọc Giàu,Kiều Mai Lý,1.0,1,Năm sau con lại về,actor-actor,False,,False,
Ngọc Giàu,Nguyễn Phi Hùng (ca sĩ),1.0,1,Khi đàn ông có bầu,actor-actor,False,,False,
Ngọc Giàu,Hồng Nga,1.0,1,Khi đàn ông có bầu,actor-actor,False,,False,
Ngọc Giàu,Trương Ngọc Ánh,1.0,1,Khi đàn ông có bầu,actor-actor,False,,False,
Ngọc Giàu,Bảo Chung,1.0,1,Khi đàn ông có bầu,actor-actor,False,,False,
Ngọc Giàu,Hồng Vân (diễn viên),1.0,1,Khi đàn ông có bầu,actor-actor,False,,False,
Ngọc Giàu,Phương Thanh,1.0,1,Khi đàn ông có bầu,actor-actor,False,,False,
Ngọc Giàu,Quyền Linh,1.0,1,Khi đàn ông có bầu,actor-actor,False,,False,
Ngọc Giàu,Thúy Nga (nghệ sĩ),1.0,1,Khi đàn ông có bầu,actor-actor,False,,False,
Ngọc Giàu,Hữu Nghĩa,1.0,1,Khi đàn ông có bầu,actor-actor,False,,False,
Ngọc Giàu,Kim Khánh (diễn viên),1.0,1,Khi đàn ông có bầu,actor-actor,False,,False,
Ngọc Giàu,Nguyễn Chánh Tín,1.0,1,Khi đàn ông có bầu,actor-actor,False,,False,
Ngọc Giàu,Việt Hương,1.0,1,Khi đàn ông có bầu,actor-actor,False,,False,
Ngọc Giàu,Mỹ Uyên,1.0,1,Khi đàn ông có bầu,actor-actor,False,,False,
Ngọc Giàu,Huỳnh Anh Tuấn,1.0,1,Khi đàn ông có bầu,actor-actor,False,,False,
Ngọc Giàu,quần vợt,1.0,1,Khi đàn ông có bầu,actor-actor,False,,False,
Ngọc Giàu,Anh Vũ (nghệ sĩ),1.0,1,Khi đàn ông có bầu,actor-actor,False,,False,
Ngọc Giàu,gà,1.0,1,Khi đàn ông có bầu,actor-actor,False,,False,
Ngọc Giàu,Hồng Tơ,1.0,1,Khi đàn ông có bầu,actor-actor,False,,False,
Ngọc Giàu,Minh Thuận (ca sĩ),1.0,1,Khi đàn ông có bầu,actor-actor,False,,False,
Ngọc Giàu,Mạc Can,1.0,1,Khi đàn ông có bầu,actor-actor,False,,False,
Ngọc Giàu,Thanh Nam,1.0,1,"Sài Gòn, anh yêu em",actor-actor,False,,False,
Ngọc Giàu,Đoan Trang,1.0,1,"Sài Gòn, anh yêu em",actor-actor,False,,False,
Ngọc Giàu,Huy Khánh,1.0,1,"Sài Gòn, anh yêu em",actor-actor,False,,False,
Ngọc Giàu,Maya (ca sĩ),1.0,1,"Sài Gòn, anh yêu em",actor-actor,False,,False,
Ngọc Giàu,Huỳnh Lập,1.0,1,"Sài Gòn, anh yêu em",director-actor,False,,False,
Ngọc Giàu,Duy Khánh (diễn viên),1.0,1,"Sài Gòn, anh yêu em",actor-actor,False,,False,
Lan Phương,Nguyễn Minh Tú,1.0,1,Bố già (phim 2021),actor-actor,False,,False,
Lan Phương,Xuân Nghị,1.0,1,Bố già (phim 2021),actor-actor,False,,False,
Lan Phương,Mai Trần,1.0,1,Bố già (phim 2021),actor-actor,False,,False,
Lan Phương,Trúc Nhân,1.0,1,Bố già (phim 2021),actor-actor,False,,False,
Lan Phương,Lê Dương Bảo Lâm,1.0,1,Bố già (phim 2021),actor-actor,False,,False,
Lan Phương,Diệu Nhi,1.0,1,Bố già (phim 2021),actor-actor,False,,False,
Lan Phương,Bà Tân Vlog,1.0,1,Bố già (phim 2021),actor-actor,False,,False,
Lan Phương,Vân Trang,2.0,2,Scandal: Bí mật thảm đỏ|Cô dâu đại chiến 2,actor-actor,False,,False,
Lan Phương,Maya (ca sĩ),2.0,2,Scandal: Bí mật thảm đỏ|Cô dâu đại chiến 2,actor-actor,False,,False,
Lan Phương,Minh Thuận (ca sĩ),2.0,2,Scandal: Bí mật thảm đỏ|Cô dâu đại chiến 2,actor-actor,False,,False,
Lan Phương,Khương Ngọc,2.0,2,Scandal: Bí mật thảm đỏ|Cô dâu đại chiến 2,actor-actor,False,,False,
Lan Phương,Dương Hoàng Anh,2.3,2,Scandal: Bí mật thảm đỏ|Những thiên thần áo trắng,actor-actor,False,,True,"Hà Nội, Việt Nam"
Lan Phương,Mai Thế Hiệp,2.0,2,Scandal: Bí mật thảm đỏ|Cô dâu đại chiến 2,actor-actor,False,,False,
Lan Phương,Dương Khắc Linh,1.0,1,Scandal: Bí mật thảm đỏ,actor-actor,False,,False,
Lan Phương,Bình Minh (người mẫu),1.0,1,Cô dâu đại chiến 2,actor-actor,False,,False,
Lan Phương,Lê Khánh,1.0,1,Cô dâu đại chiến 2,actor-actor,False,,False,
Lan Phương,Hoàng Bách,1.0,1,Cô dâu đại chiến 2,actor-actor,False,,False,
Lan Phương,Đại Nghĩa (diễn viên),1.0,1,Cô dâu đại chiến 2,actor-actor,False,,False,
Lan Phương,Huỳnh Đông,1.0,1,Cô dâu đại chiến 2,actor-actor,False,,False,
Lan Phương,Thu Trang,1.0,1,Cô dâu đại chiến 2,actor-actor,False,,False,
Lan Phương,Ngân Quỳnh,1.0,1,Cô dâu đại chiến 2,actor-actor,False,,False,
Lan Phương,Hạnh Thúy,2.0,2,Cô dâu đại chiến 2|Tết ở làng địa ngục,actor-actor,False,,False,
Lan Phương,Hoàng Yến Chibi,1.3,1,Tháng năm rực rỡ,actor-actor,False,,True,"Hà Nội, Việt Nam"
Lan Phương,Hồng Ánh,1.0,1,Tháng năm rực rỡ,actor-actor,False,,False,
Lan Phương,Anh Thư,1.0,1,Tháng năm rực rỡ,actor-actor,False,,False,
Lan Phương,Vai diễn khách mời,1.0,1,Tháng năm rực rỡ,actor-actor,False,,False,
Lan Phương,Thanh Hằng,1.0,1,Tháng năm rực rỡ,actor-actor,False,,False,
Lan Phương,Mỹ Uyên,1.0,1,Tháng năm rực rỡ,actor-actor,False,,False,
Lan Phương,Mỹ Duyên,2.0,2,Tháng năm rực rỡ|Những thiên thần áo trắng,actor-actor,False,,False,
Lan Phương,Văn Tùng,1.0,1,Tháng năm rực rỡ,actor-actor,False,,False,
Lan Phương,Lan Hương (diễn viên sinh 1961),1.0,1,Tháng năm rực rỡ,actor-actor,False,,False,
Lan Phương,Đức Khuê,1.0,1,Tháng năm rực rỡ,actor-actor,False,,False,
Lan Phương,Lê Thiện (nghệ sĩ),1.0,1,Tháng năm rực rỡ,actor-actor,False,,False,
Lan Phương,Hoàng Phúc (diễn viên),1.0,1,Tháng năm rực rỡ,actor-actor,False,,False,
Lan Phương,Khánh Huyền,1.0,1,Tháng năm rực rỡ,actor-actor,False,,False,
Lan Phương,Trúc Anh,1.0,1,Tháng năm rực rỡ,actor-actor,False,,False,
Lan Phương,Miu Lê,1.0,1,Những thiên thần áo trắng,actor-actor,False,,False,
Lan Phương,Nam Cường (ca sĩ),1.0,1,Những thiên thần áo trắng,actor-actor,False,,False,
Lan Phương,Nhã Phương (diễn viên),1.0,1,Những thiên thần áo trắng,actor-actor,False,,False,
Lan Phương,Mai Phương (diễn viên),1.0,1,Những thiên thần áo trắng,actor-actor,False,,False,
Lan Phương,Midu,1.0,1,Những thiên thần áo trắng,actor-actor,False,,False,
Lan Phương,Phi Thanh Vân,1.0,1,Những thiên thần áo trắng,actor-actor,False,,False,
Lan Phương,Thanh Hoàng (nghệ sĩ),1.0,1,Những thiên thần áo trắng,actor-actor,False,,False,
Lan Phương,Quang Tuấn,1.0,1,Tết ở làng địa ngục,actor-actor,False,,False,
Lan Phương,Phú Đôn,1.0,1,Tết ở làng địa ngục,actor-actor,False,,False,
Lan Phương,Chiều Xuân,2.0,2,Tết ở làng địa ngục|Kẻ ăn hồn,actor-actor,False,,False,
Lan Phương,Võ Tấn Phát,2.0,2,Tết ở làng địa ngục|Kẻ ăn hồn,actor-actor,False,,False,
Lan Phương,Ngọc Thư,2.0,2,Tết ở làng địa ngục|Kẻ ăn hồn,actor-actor,False,,False,
Lan Phương,Hoàng Hà (diễn viên),1.3,1,Kẻ ăn hồn,actor-actor,False,,True,"Hà Nội, Việt Nam"
Lan Phương,Quân A.P,0.3,0,,,False,,True,"Hà Nội, Việt Nam"
Lan Phương,Châu Bùi,0.3,0,,,False,,True,"Hà Nội, Việt Nam"
Lan Phương,Hoàng Thùy Linh,0.3,0,,,False,,True,"Hà Nội, Việt Nam"
Lan Phương,Phạm Quỳnh Anh,0.3,0,,,False,,True,"Hà Nội, Việt Nam"
Lan Phương,Chi Pu,0.3,0,,,False,,True,"Hà Nội, Việt Nam"
Lan Phương,Tăng Nhật Tuệ,0.3,0,,,False,,True,"Hà Nội, Việt Nam"
Lan Phương,Đức Phúc,0.3,0,,,False,,True,"Hà Nội, Việt Nam"
Lan Phương,Công Dương,0.3,0,,,False,,True,"Hà Nội, Việt Nam"
Lan Phương,Bùi Lan Hương,0.3,0,,,False,,True,"Hà Nội, Việt Nam"
Lan Phương,Mai Thu Huyền,0.3,0,,,False,,True,"Hà Nội, Việt Nam"
Lan Phương,Thùy Anh,0.3,0,,,False,,True,"Hà Nội, Việt Nam"
Lan Phương,Lương Mạnh Hải,0.3,0,,,False,,True,"Hà Nội, Việt Nam"
Lan Phương,Kiều Thanh,0.3,0,,,False,,True,"Hà Nội, Việt Nam"
Lan Phương,Lã Thanh Huyền,0.3,0,,,False,,True,"Hà Nội, Việt Nam"
Nguyễn Minh Tú,Xuân Nghị,1.0,1,Bố già (phim 2021),actor-actor,False,,False,
Nguyễn Minh Tú,Mai Trần,1.0,1,Bố già (phim 2021),actor-actor,False,,False,
Nguyễn Minh Tú,Trúc Nhân,1.0,1,Bố già (phim 2021),actor-actor,False,,False,
Nguyễn Minh Tú,Lê Dương Bảo Lâm,1.0,1,Bố già (phim 2021),actor-actor,False,,False,
Nguyễn Minh Tú,Diệu Nhi,1.0,1,Bố già (phim 2021),actor-actor,False,,False,
Nguyễn Minh Tú,Bà Tân Vlog,1.0,1,Bố già (phim 2021),actor-actor,False,,False,
Nguyễn Minh Tú,Uyển Ân,0.3,0,,,False,,True,"Thành phố Hồ Chí Minh, Việt Nam"
Nguyễn Minh Tú,Băng Di,0.3,0,,,False,,True,"Thành phố Hồ Chí Minh, Việt Nam"
Nguyễn Minh Tú,Hứa Vĩ Văn,0.3,0,,,False,,True,"Thành phố Hồ Chí Minh, Việt Nam"
Nguyễn Minh Tú,Huỳnh Đông,0.3,0,,,False,,True,"Thành phố Hồ Chí Minh, Việt Nam"
Nguyễn Minh Tú,Ngọc Diệp,0.3,0,,,False,,True,"Thành phố Hồ Chí Minh, Việt Nam"
Nguyễn Minh Tú,Thu Trang,0.3,0,,,False,,True,"Thành phố Hồ Chí Minh, Việt Nam"
Nguyễn Minh Tú,Võ Ngọc Trai,0.3,0,,,False,,True,"Thành phố Hồ Chí Minh, Việt Nam"
Nguyễn Minh Tú,Jun Phạm,0.3,0,,,False,,True,"Thành phố Hồ Chí Minh, Việt Nam"
Nguyễn Minh Tú,Diễm My 9x,0.3,0,,,False,,True,"Thành phố Hồ Chí Minh, Việt Nam"
Nguyễn Minh Tú,Nguyễn Thắng,0.3,0,,,False,,True,"Thành phố Hồ Chí Minh, Việt Nam"
Nguyễn Minh Tú,Khả Ngân,0.3,0,,,False,,True,"Thành phố Hồ Chí Minh, Việt Nam"
Nguyễn Minh Tú,Tóc Tiên (ca sĩ),0.3,0,,,False,,True,"Thành phố Hồ Chí Minh, Việt Nam"
Nguyễn Minh Tú,Nguyễn Thúc Thùy Tiên,0.3,0,,,False,,True,"Thành phố Hồ Chí Minh, Việt Nam"
Nguyễn Minh Tú,Don Nguyễn,0.3,0,,,False,,True,"Thành phố Hồ Chí Minh, Việt Nam"
Nguyễn Minh Tú,Huy Khánh,0.3,0,,,False,,True,"Thành phố Hồ Chí Minh, Việt Nam"
Nguyễn Minh Tú,Đinh Ngọc Diệp,0.3,0,,,False,,True,"Thành phố Hồ Chí Minh, Việt Nam"
Nguyễn Minh Tú,Đại Nghĩa (diễn viên),0.3,0,,,False,,True,"Thành phố Hồ Chí Minh, Việt Nam"
Nguyễn Minh Tú,Midu,0.3,0,,,False,,True,"Thành phố Hồ Chí Minh, Việt Nam"
Nguyễn Minh Tú,Tú Vi,0.3,0,,,False,,True,"Thành phố Hồ Chí Minh, Việt Nam"
Nguyễn Minh Tú,Ái Phương,0.3,0,,,False,,True,"Thành phố Hồ Chí Minh, Việt Nam"
Nguyễn Minh Tú,Anh Thư,0.3,0,,,False,,True,"Thành phố Hồ Chí Minh, Việt Nam"
Nguyễn Minh Tú,Đan Trường,0.3,0,,,False,,True,"Thành phố Hồ Chí Minh, Việt Nam"
Nguyễn Minh Tú,Wanbi Tuấn Anh,0.3,0,,,False,,True,"Thành phố Hồ Chí Minh, Việt Nam"
Nguyễn Minh Tú,Elly Trần,0.3,0,,,False,,True,"Thành phố Hồ Chí Minh, Việt Nam"
Nguyễn Minh Tú,Tim (ca sĩ),0.3,0,,,False,,True,"Thành phố Hồ Chí Minh, Việt Nam"
Nguyễn Minh Tú,Việt Hương,0.3,0,,,False,,True,"Thành phố Hồ Chí Minh, Việt Nam"
Nguyễn Minh Tú,Bảo Anh (ca sĩ),0.3,0,,,False,,True,"Thành phố Hồ Chí Minh, Việt Nam"
Nguyễn Minh Tú,Thanh Trúc,0.3,0,,,False,,True,"Thành phố Hồ Chí Minh, Việt Nam"
Nguyễn Minh Tú,Khánh Phương,0.3,0,,,False,,True,"Thành phố Hồ Chí Minh, Việt Nam"
Nguyễn Minh Tú,Minh Hằng,0.3,0,,,False,,True,"Thành phố Hồ Chí Minh, Việt Nam"
Nguyễn Minh Tú,Chí Thiện (sinh năm 1988),0.3,0,,,False,,True,"Thành phố Hồ Chí Minh, Việt Nam"
Nguyễn Minh Tú,Tường Vi (diễn viên),0.3,0,,,False,,True,"Thành phố Hồ Chí Minh, Việt Nam"
Nguyễn Minh Tú,Duy Khánh (diễn viên),0.3,0,,,False,,True,"Thành phố Hồ Chí Minh, Việt Nam"
Nguyễn Minh Tú,Đàm Phương Linh,0.3,0,,,False,,True,"Thành phố Hồ Chí Minh, Việt Nam"
Nguyễn Minh Tú,Thảo Trang,0.3,0,,,False,,True,"Thành phố Hồ Chí Minh, Việt Nam"
Nguyễn Minh Tú,Uyên Linh,0.3,0,,,False,,True,"Thành phố Hồ Chí Minh, Việt Nam"
Nguyễn Minh Tú,Võ Thành Tâm,0.3,0,,,False,,True,"Thành phố Hồ Chí Minh, Việt Nam"
Nguyễn Minh Tú,Diễm My (diễn viên),0.3,0,,,False,,True,"Thành phố Hồ Chí Minh, Việt Nam"
Nguyễn Minh Tú,Quang Tuấn,0.3,0,,,False,,True,"Thành phố Hồ Chí Minh, Việt Nam"
Nguyễn Minh Tú,Lương Bích Hữu,0.3,0,,,False,,True,"Thành phố Hồ Chí Minh, Việt Nam"
Nguyễn Minh Tú,Lê Công Hoàng (diễn viên),0.3,0,,,False,,True,"Thành phố Hồ Chí Minh, Việt Nam"
Nguyễn Minh Tú,Suboi,0.3,0,,,False,,True,"Thành phố Hồ Chí Minh, Việt Nam"
Nguyễn Minh Tú,Hồ Vĩnh Khoa,0.3,0,,,False,,True,"Thành phố Hồ Chí Minh, Việt Nam"
Nguyễn Minh Tú,Thanh Thúy (diễn viên sinh 1982),0.3,0,,,False,,True,"Thành phố Hồ Chí Minh, Việt Nam"
Nguyễn Minh Tú,Angela Phương Trinh,0.3,0,,,False,,True,"Thành phố Hồ Chí Minh, Việt Nam"
Nguyễn Minh Tú,Thanh Thúy (sinh 1982),0.3,0,,,False,,True,"Thành phố Hồ Chí Minh, Việt Nam"
Nguyễn Minh Tú,Rocker Nguyen,0.3,0,,,False,,True,"Thành phố Hồ Chí Minh, Việt Nam"
Xuân Nghị,Mai Trần,1.0,1,Bố già (phim 2021),actor-actor,False,,False,
Xuân Nghị,Trúc Nhân,1.0,1,Bố già (phim 2021),actor-actor,False,,False,
Xuân Nghị,Lê Dương Bảo Lâm,1.0,1,Bố già (phim 2021),actor-actor,False,,False,
Xuân Nghị,Diệu Nhi,1.0,1,Bố già (phim 2021),actor-actor,False,,False,
Xuân Nghị,Bà Tân Vlog,1.0,1,Bố già (phim 2021),actor-actor,False,,False,
Mai Trần,Trúc Nhân,1.0,1,Bố già (phim 2021),actor-actor,False,,False,
Mai Trần,Lê Dương Bảo Lâm,1.0,1,Bố già (phim 2021),actor-actor,False,,False,
Mai Trần,Diệu Nhi,1.0,1,Bố già (phim 2021),actor-actor,False,,False,
Mai Trần,Bà Tân Vlog,1.0,1,Bố già (phim 2021),actor-actor,False,,False,
Mai Trần,Nhật Cường,1.0,1,Hoán đổi thân xác,actor-actor,False,,False,
Mai Trần,Trương Thế Vinh,1.0,1,Hoán đổi thân xác,actor-actor,False,,False,
Mai Trần,Ngọc Oanh,1.0,1,Hoán đổi thân xác,actor-actor,False,,False,
Mai Trần,Long Đẹp Trai,1.0,1,Hoán đổi thân xác,actor-actor,False,,False,
Mai Trần,Linh Trung (diễn viên),1.0,1,Hoán đổi thân xác,actor-actor,False,,False,
Mai Trần,Bạch Long (nghệ sĩ cải lương,1.0,1,Hoán đổi thân xác,actor-actor,False,,False,
Mai Trần,Ba Luân,1.0,1,Hoán đổi thân xác,actor-actor,False,,False,
Mai Trần,Dung Nhon,1.0,1,Hoán đổi thân xác,actor-actor,False,,False,
Mai Trần,Hải Triều (diễn viên),1.0,1,Hoán đổi thân xác,actor-actor,False,,False,
Mai Trần,Chiến,1.0,1,Hoán đổi thân xác,actor-actor,False,,False,
Mai Trần,Bá Nhân,1.0,1,Hoán đổi thân xác,actor-actor,False,,False,
Mai Trần,Thanh Khang,1.0,1,Hoán đổi thân xác,actor-actor,False,,False,
Mai Trần,Thiên Thủy (diễn viên),1.0,1,Hoán đổi thân xác,actor-actor,False,,False,
Mai Trần,Thành Nam (diễn viên),1.0,1,Hoán đổi thân xác,actor-actor,False,,False,
Mai Trần,Tân Trực,1.0,1,Hoán đổi thân xác,actor-actor,False,,False,
Mai Trần,Quang Khang,1.0,1,Hoán đổi thân xác,actor-actor,False,,False,
Mai Trần,Thanh Tâm (diễn viên),1.0,1,Hoán đổi thân xác,actor-actor,False,,False,
Mai Trần,Thành Tài,1.0,1,Hoán đổi thân xác,actor-actor,False,,False,
Mai Trần,Bé Vỹ,1.0,1,Hoán đổi thân xác,actor-actor,False,,False,
Mai Trần,Tùng Linh,1.0,1,Hoán đổi thân xác,actor-actor,False,,False,
Mai Trần,Phi Điểu,1.0,1,Hoán đổi thân xác,actor-actor,False,,False,
Mai Trần,Công Huy,1.0,1,Hoán đổi thân xác,actor-actor,False,,False,
Mai Trần,Long Ho,1.0,1,Hoán đổi thân xác,actor-actor,False,,False,
Mai Trần,Cát Trắng,1.0,1,Hoán đổi thân xác,actor-actor,False,,False,
Mai Trần,Vĩnh Thuyên Kim,1.0,1,Bay vào cõi mộng,actor-actor,False,,False,
Mai Trần,Lương Thế Thành,1.0,1,Bay vào cõi mộng,actor-actor,False,,False,
Mai Trần,Nikki Dương Nhật Vi,1.0,1,Bay vào cõi mộng,actor-actor,False,,False,
Mai Trần,Kiều Oanh,1.0,1,Bay vào cõi mộng,actor-actor,False,,False,
Mai Trần,Lê Huỳnh,1.0,1,Bay vào cõi mộng,actor-actor,False,,False,
Mai Trần,Tommy Ngô,1.0,1,Bay vào cõi mộng,actor-actor,False,,False,
Mai Trần,Lynda Trang Đài,1.0,1,Bay vào cõi mộng,actor-actor,False,,False,
Mai Trần,Khánh Phương,1.0,1,Bay vào cõi mộng,actor-actor,False,,False,
Mai Trần,Hải Băng,1.0,1,Bay vào cõi mộng,actor-actor,False,,False,
Mai Trần,Xuân Lan,1.0,1,Bay vào cõi mộng,actor-actor,False,,False,
Mai Trần,Ngân Quỳnh,1.0,1,Bay vào cõi mộng,actor-actor,False,,False,
Mai Trần,Thu Tuyết,1.0,1,Bay vào cõi mộng,actor-actor,False,,False,
Mai Trần,Bùi Tấn Trường,1.0,1,Bay vào cõi mộng,actor-actor,False,,False,
Trúc Nhân,Lê Dương Bảo Lâm,1.0,1,Bố già (phim 2021),actor-actor,False,,False,
Trúc Nhân,Diệu Nhi,1.0,1,Bố già (phim 2021),actor-actor,False,,False,
Trúc Nhân,Bà Tân Vlog,1.0,1,Bố già (phim 2021),actor-actor,False,,False,
Trúc Nhân,Lê Công Hoàng (diễn viên),0.5,0,,,True,Đại học Văn Lang,False,
Lê Dương Bảo Lâm,Diệu Nhi,1.0,1,Bố già (phim 2021),actor-actor,False,,False,
Lê Dương Bảo Lâm,Bà Tân Vlog,1.0,1,Bố già (phim 2021),actor-actor,False,,False,
Lê Dương Bảo Lâm,Lê Giang,2.0,2,Nhà bà Nữ|Bộ tứ báo thủ,actor-actor,False,,False,
Lê Dương Bảo Lâm,Uyển Ân,2.0,2,Nhà bà Nữ|Bộ tứ báo thủ,actor-actor,False,,False,
Lê Dương Bảo Lâm,Song Luân,1.3,1,Nhà bà Nữ,actor-actor,False,,True,"Đồng Nai, Việt Nam"
Lê Dương Bảo Lâm,Công Ninh,1.0,1,Nhà bà Nữ,actor-actor,False,,False,
Lê Dương Bảo Lâm,Ngân Quỳnh,1.0,1,Nhà bà Nữ,actor-actor,False,,False,
Lê Dương Bảo Lâm,Trần Tiểu Vy,1.0,1,Bộ tứ báo thủ,actor-actor,False,,False,
Lê Dương Bảo Lâm,Nguyễn Cao Kỳ Duyên (người mẫu),1.0,1,Bộ tứ báo thủ,actor-actor,False,,False,
Lê Dương Bảo Lâm,Quân A.P,1.0,1,Bộ tứ báo thủ,actor-actor,False,,False,
Lê Dương Bảo Lâm,Lương Mạnh Hải,2.0,2,"Hot boy nổi loạn và câu chuyện về thằng Cười, cô gái điếm và con vịt|Hot boy nổi loạn",actor-actor,False,,False,
Lê Dương Bảo Lâm,Hồ Vĩnh Khoa,2.0,2,"Hot boy nổi loạn và câu chuyện về thằng Cười, cô gái điếm và con vịt|Hot boy nổi loạn",actor-actor,False,,False,
Lê Dương Bảo Lâm,Phương Thanh,2.0,2,"Hot boy nổi loạn và câu chuyện về thằng Cười, cô gái điếm và con vịt|Hot boy nổi loạn",actor-actor,False,,False,
Lê Dương Bảo Lâm,Thiên Kim (diễn viên),2.0,2,"Hot boy nổi loạn và câu chuyện về thằng Cười, cô gái điếm và con vịt|Hot boy nổi loạn",actor-actor,False,,False,
Lê Dương Bảo Lâm,Don Nguyễn,2.0,2,"Hot boy nổi loạn và câu chuyện về thằng Cười, cô gái điếm và con vịt|Hot boy nổi loạn",actor-actor,False,,False,
Lê Dương Bảo Lâm,Huy Cường,2.0,2,"Hot boy nổi loạn và câu chuyện về thằng Cười, cô gái điếm và con vịt|Hot boy nổi loạn",actor-actor,False,,False,
Lê Dương Bảo Lâm,Phương Anh Đào,0.5,0,,,True,Trường Đại học Sân khấu – Điện ảnh Thành phố Hồ Chí Minh,False,
Lê Dương Bảo Lâm,Quốc Huy (diễn viên),0.5,0,,,True,Trường Đại học Sân khấu – Điện ảnh Thành phố Hồ Chí Minh,False,
Lê Dương Bảo Lâm,Oanh Kiều,0.5,0,,,True,Trường Đại học Sân khấu – Điện ảnh Thành phố Hồ Chí Minh,False,
Lê Dương Bảo Lâm,Lâm Vỹ Dạ,0.5,0,,,True,Trường Đại học Sân khấu – Điện ảnh Thành phố Hồ Chí Minh,False,
Lê Dương Bảo Lâm,Nhã Phương (diễn viên),0.5,0,,,True,Trường Đại học Sân khấu – Điện ảnh Thành phố Hồ Chí Minh,False,
Lê Dương Bảo Lâm,Huy Khánh,0.5,0,,,True,Trường Đại học Sân khấu – Điện ảnh Thành phố Hồ Chí Minh,False,
Lê Dương Bảo Lâm,Quỳnh Lam,0.8,0,,,True,Trường Đại học Sân khấu – Điện ảnh Thành phố Hồ Chí Minh,True,"Đồng Nai, Việt Nam"
Lê Dương Bảo Lâm,Lê Phương,0.5,0,,,True,Trường Đại học Sân khấu – Điện ảnh Thành phố Hồ Chí Minh,False,
Diệu Nhi,Bà Tân Vlog,1.0,1,Bố già (phim 2021),actor-actor,False,,False,
Diệu Nhi,Lê Giang,1.0,1,Gặp lại chị bầu,actor-actor,False,,False,
Diệu Nhi,Khương Ngọc,0.5,0,,,True,Trường Đại học Sân khấu - Điện ảnh Thành phố Hồ Chí Minh,False,
Diệu Nhi,Hạnh Thúy,0.5,0,,,True,Trường Đại học Sân khấu - Điện ảnh Thành phố Hồ Chí Minh,False,
Diệu Nhi,Vân Trang,0.5,0,,,True,Trường Đại học Sân khấu - Điện ảnh Thành phố Hồ Chí Minh,False,
Diệu Nhi,Ốc Thanh Vân,0.5,0,,,True,Trường Đại học Sân khấu - Điện ảnh Thành phố Hồ Chí Minh,False,
Lê Giang,Uyển Ân,2.0,2,Nhà bà Nữ|Bộ tứ báo thủ,actor-actor,False,,False,
Lê Giang,Song Luân,1.0,1,Nhà bà Nữ,actor-actor,False,,False,
Lê Giang,Công Ninh,1.0,1,Nhà bà Nữ,actor-actor,False,,False,
Lê Giang,Ngân Quỳnh,1.0,1,Nhà bà Nữ,actor-actor,False,,False,
Lê Giang,Trần Tiểu Vy,1.0,1,Bộ tứ báo thủ,actor-actor,False,,False,
Lê Giang,Nguyễn Cao Kỳ Duyên (người mẫu),1.0,1,Bộ tứ báo thủ,actor-actor,False,,False,
Lê Giang,Quân A.P,1.0,1,Bộ tứ báo thủ,actor-actor,False,,False,
Lê Giang,Minh Hằng,1.0,1,Chị chị em em 2,actor-actor,False,,False,
Lê Giang,Trần Ngọc Trà,1.0,1,Chị chị em em 2,actor-actor,False,,False,
Lê Giang,Ngọc Trinh (người mẫu),1.0,1,Chị chị em em 2,actor-actor,False,,False,
Lê Giang,Lê Thị Nhị,1.0,1,Chị chị em em 2,actor-actor,False,,False,
Lê Giang,Trung Dũng (diễn viên),0.3,0,,,False,,True,"Vĩnh Long, Việt Nam Cộng hòa"
Uyển Ân,Song Luân,1.0,1,Nhà bà Nữ,actor-actor,False,,False,
Uyển Ân,Công Ninh,1.0,1,Nhà bà Nữ,actor-actor,False,,False,
Uyển Ân,Ngân Quỳnh,1.0,1,Nhà bà Nữ,actor-actor,False,,False,
Uyển Ân,Phương Anh Đào,1.0,1,Mai (phim),actor-actor,False,,False,
Uyển Ân,Hồng Đào (diễn viên),1.0,1,Mai (phim),actor-actor,False,,False,
Uyển Ân,Trần Tiểu Vy,2.0,2,Mai (phim)|Bộ tứ báo thủ,actor-actor,False,,False,
Uyển Ân,Thanh Hằng (nghệ sĩ cải lương),1.0,1,Mai (phim),actor-actor,False,,False,
Uyển Ân,Nguyễn Cao Kỳ Duyên (người mẫu),1.0,1,Bộ tứ báo thủ,actor-actor,False,,False,
Uyển Ân,Quân A.P,1.0,1,Bộ tứ báo thủ,actor-actor,False,,False,
Uyển Ân,Thái Hòa (diễn viên),1.0,1,Cái giá của hạnh phúc,actor-actor,False,,False,
Uyển Ân,Xuân Lan,1.0,1,Cái giá của hạnh phúc,actor-actor,False,,False,
Uyển Ân,Quang Minh (diễn viên),1.0,1,Cái giá của hạnh phúc,actor-actor,False,,False,
Uyển Ân,Băng Di,0.3,0,,,False,,True,"Thành phố Hồ Chí Minh, Việt Nam"
Uyển Ân,Hứa Vĩ Văn,0.3,0,,,False,,True,"Thành phố Hồ Chí Minh, Việt Nam"
Uyển Ân,Huỳnh Đông,0.3,0,,,False,,True,"Thành phố Hồ Chí Minh, Việt Nam"
Uyển Ân,Ngọc Diệp,0.3,0,,,False,,True,"Thành phố Hồ Chí Minh, Việt Nam"
Uyển Ân,Thu Trang,0.3,0,,,False,,True,"Thành phố Hồ Chí Minh, Việt Nam"
Uyển Ân,Võ Ngọc Trai,0.3,0,,,False,,True,"Thành phố Hồ Chí Minh, Việt Nam"
Uyển Ân,Jun Phạm,0.3,0,,,False,,True,"Thành phố Hồ Chí Minh, Việt Nam"
Uyển Ân,Diễm My 9x,0.3,0,,,False,,True,"Thành phố Hồ Chí Minh, Việt Nam"
Uyển Ân,Nguyễn Thắng,0.3,0,,,False,,True,"Thành phố Hồ Chí Minh, Việt Nam"
Uyển Ân,Khả Ngân,0.3,0,,,False,,True,"Thành phố Hồ Chí Minh, Việt Nam"
Uyển Ân,Tóc Tiên (ca sĩ),0.3,0,,,False,,True,"Thành phố Hồ Chí Minh, Việt Nam"
Uyển Ân,Nguyễn Thúc Thùy Tiên,0.3,0,,,False,,True,"Thành phố Hồ Chí Minh, Việt Nam"
Uyển Ân,Don Nguyễn,0.3,0,,,False,,True,"Thành phố Hồ Chí Minh, Việt Nam"
Uyển Ân,Huy Khánh,0.3,0,,,False,,True,"Thành phố Hồ Chí Minh, Việt Nam"
Uyển Ân,Đinh Ngọc Diệp,0.3,0,,,False,,True,"Thành phố Hồ Chí Minh, Việt Nam"
Uyển Ân,Đại Nghĩa (diễn viên),0.3,0,,,False,,True,"Thành phố Hồ Chí Minh, Việt Nam"
Uyển Ân,Midu,0.3,0,,,False,,True,"Thành phố Hồ Chí Minh, Việt Nam"
Uyển Ân,Tú Vi,0.3,0,,,False,,True,"Thành phố Hồ Chí Minh, Việt Nam"
Uyển Ân,Ái Phương,0.3,0,,,False,,True,"Thành phố Hồ Chí Minh, Việt Nam"
Uyển Ân,Anh Thư,0.3,0,,,False,,True,"Thành phố Hồ Chí Minh, Việt Nam"
Uyển Ân,Đan Trường,0.3,0,,,False,,True,"Thành phố Hồ Chí Minh, Việt Nam"
Uyển Ân,Wanbi Tuấn Anh,0.3,0,,,False,,True,"Thành phố Hồ Chí Minh, Việt Nam"
Uyển Ân,Elly Trần,0.3,0,,,False,,True,"Thành phố Hồ Chí Minh, Việt Nam"
Uyển Ân,Tim (ca sĩ),0.3,0,,,False,,True,"Thành phố Hồ Chí Minh, Việt Nam"
Uyển Ân,Việt Hương,0.3,0,,,False,,True,"Thành phố Hồ Chí Minh, Việt Nam"
Uyển Ân,Bảo Anh (ca sĩ),0.3,0,,,False,,True,"Thành phố Hồ Chí Minh, Việt Nam"
Uyển Ân,Thanh Trúc,0.3,0,,,False,,True,"Thành phố Hồ Chí Minh, Việt Nam"
Uyển Ân,Khánh Phương,0.3,0,,,False,,True,"Thành phố Hồ Chí Minh, Việt Nam"
Uyển Ân,Minh Hằng,0.3,0,,,False,,True,"Thành phố Hồ Chí Minh, Việt Nam"
Uyển Ân,Chí Thiện (sinh năm 1988),0.3,0,,,False,,True,"Thành phố Hồ Chí Minh, Việt Nam"
Uyển Ân,Tường Vi (diễn viên),0.3,0,,,False,,True,"Thành phố Hồ Chí Minh, Việt Nam"
Uyển Ân,Duy Khánh (diễn viên),0.3,0,,,False,,True,"Thành phố Hồ Chí Minh, Việt Nam"
Uyển Ân,Đàm Phương Linh,0.3,0,,,False,,True,"Thành phố Hồ Chí Minh, Việt Nam"
Uyển Ân,Thảo Trang,0.3,0,,,False,,True,"Thành phố Hồ Chí Minh, Việt Nam"
Uyển Ân,Uyên Linh,0.3,0,,,False,,True,"Thành phố Hồ Chí Minh, Việt Nam"
Uyển Ân,Võ Thành Tâm,0.3,0,,,False,,True,"Thành phố Hồ Chí Minh, Việt Nam"
Uyển Ân,Diễm My (diễn viên),0.3,0,,,False,,True,"Thành phố Hồ Chí Minh, Việt Nam"
Uyển Ân,Quang Tuấn,0.3,0,,,False,,True,"Thành phố Hồ Chí Minh, Việt Nam"
Uyển Ân,Lương Bích Hữu,0.3,0,,,False,,True,"Thành phố Hồ Chí Minh, Việt Nam"
Uyển Ân,Lê Công Hoàng (diễn viên),0.3,0,,,False,,True,"Thành phố Hồ Chí Minh, Việt Nam"
Uyển Ân,Ngọc Thanh Tâm,0.5,0,,,True,Đại học RMIT,False,
Uyển Ân,Suboi,0.3,0,,,False,,True,"Thành phố Hồ Chí Minh, Việt Nam"
Uyển Ân,Hồ Vĩnh Khoa,0.3,0,,,False,,True,"Thành phố Hồ Chí Minh, Việt Nam"
Uyển Ân,Thanh Thúy (diễn viên sinh 1982),0.3,0,,,False,,True,"Thành phố Hồ Chí Minh, Việt Nam"
Uyển Ân,Angela Phương Trinh,0.3,0,,,False,,True,"Thành phố Hồ Chí Minh, Việt Nam"
Uyển Ân,Thanh Thúy (sinh 1982),0.3,0,,,False,,True,"Thành phố Hồ Chí Minh, Việt Nam"
Uyển Ân,Rocker Nguyen,0.3,0,,,False,,True,"Thành phố Hồ Chí Minh, Việt Nam"
Song Luân,Công Ninh,1.0,1,Nhà bà Nữ,actor-actor,False,,False,
Song Luân,Ngân Quỳnh,1.0,1,Nhà bà Nữ,actor-actor,False,,False,
Song Luân,Đồng Ánh Quỳnh,2.0,2,Thanh Sói – Cúc dại trong đêm|Thanh Sói - Cúc dại trong đêm,actor-actor,False,,False,
Song Luân,Tóc Tiên (ca sĩ),2.0,2,Thanh Sói – Cúc dại trong đêm|Thanh Sói - Cúc dại trong đêm,actor-actor,False,,False,
Song Luân,Rima Thanh Vy,2.0,2,Thanh Sói – Cúc dại trong đêm|Thanh Sói - Cúc dại trong đêm,actor-actor,False,,False,
Song Luân,Thuận Nguyễn,2.0,2,Thanh Sói – Cúc dại trong đêm|Thanh Sói - Cúc dại trong đêm,actor-actor,False,,False,
Song Luân,Gi A Nguyễn,2.0,2,Thanh Sói – Cúc dại trong đêm|Thanh Sói - Cúc dại trong đêm,actor-actor,False,,False,
Song Luân,Phan Thanh Hiền,2.0,2,Thanh Sói – Cúc dại trong đêm|Thanh Sói - Cúc dại trong đêm,actor-actor,False,,False,
Song Luân,Hồng Vân (diễn viên),2.0,2,Thanh Sói – Cúc dại trong đêm|Thanh Sói - Cúc dại trong đêm,actor-actor,False,,False,
Song Luân,Quỳnh Lam,0.3,0,,,False,,True,"Đồng Nai, Việt Nam"
Công Ninh,Ngân Quỳnh,2.3,2,Nhà bà Nữ|Người lắng nghe: Lời thì thầm,actor-actor,False,,True,"Sài Gòn, Việt Nam Cộng hòa"
Công Ninh,Băng Di,1.0,1,Đất rừng phương Nam (phim),actor-actor,False,,False,
Công Ninh,bác Ba Phi,1.0,1,Đất rừng phương Nam (phim),actor-actor,False,,False,
Công Ninh,nói dối,1.0,1,Đất rừng phương Nam (phim),actor-actor,False,,False,
Công Ninh,Hứa Vĩ Văn,1.0,1,Đất rừng phương Nam (phim),actor-actor,False,,False,
Công Ninh,Mai Tài Phến,2.0,2,Đất rừng phương Nam (phim)|Chị trợ lý của anh,actor-actor,False,,False,
Công Ninh,Huỳnh Đông,1.0,1,Đất rừng phương Nam (phim),actor-actor,False,,False,
Công Ninh,Hồng Ánh,2.0,2,Đất rừng phương Nam (phim)|Đời cát,actor-actor,False,,False,
Công Ninh,Nguyễn Quang Dũng (đạo diễn),1.0,1,Đất rừng phương Nam (phim),actor-director,False,,False,
Công Ninh,Huy Khánh,1.0,1,Cô dâu đại chiến,actor-actor,False,,False,
Công Ninh,Ngọc Diệp,1.0,1,Cô dâu đại chiến,actor-actor,False,,False,
Công Ninh,Ngân Khánh,1.0,1,Cô dâu đại chiến,actor-actor,False,,False,
Công Ninh,Vân Trang,1.0,1,Cô dâu đại chiến,actor-actor,False,,False,
Công Ninh,Lê Khánh,1.0,1,Cô dâu đại chiến,actor-actor,False,,False,
Công Ninh,Phi Thanh Vân,1.0,1,Cô dâu đại chiến,actor-actor,False,,False,
Công Ninh,Đại Nghĩa (diễn viên),1.0,1,Cô dâu đại chiến,actor-actor,False,,False,
Công Ninh,Võ Thanh Hòa,1.0,1,Cô dâu đại chiến,actor-actor,False,,False,
Công Ninh,Đinh Tiến Đạt,1.0,1,Cô dâu đại chiến,actor-actor,False,,False,
Công Ninh,Minh Thuận (ca sĩ),1.0,1,Cô dâu đại chiến,actor-actor,False,,False,
Công Ninh,Mai Thành,1.0,1,Cô dâu đại chiến,actor-actor,False,,False,
Công Ninh,Quốc Huy (diễn viên),1.0,1,Trại hoa đỏ (phim),actor-actor,False,,False,
Công Ninh,Cao Thái Hà,1.0,1,Trại hoa đỏ (phim),actor-actor,False,,False,
Công Ninh,Hạnh Thúy,1.0,1,Trại hoa đỏ (phim),actor-actor,False,,False,
Công Ninh,Minh Hằng,1.0,1,Giải cứu thần chết,actor-actor,False,,False,
Công Ninh,Chí Thiện (sinh năm 1988),1.0,1,Giải cứu thần chết,actor-actor,False,,False,
Công Ninh,Võ Ngọc Trai,1.0,1,Giải cứu thần chết,actor-actor,False,,False,
Công Ninh,Tường Vi (diễn viên),1.0,1,Giải cứu thần chết,actor-actor,False,,False,
Công Ninh,Thành Lộc,1.3,1,Giải cứu thần chết,actor-actor,False,,True,"Sài Gòn, Việt Nam Cộng hòa"
Công Ninh,Hồng Nhung,1.0,1,Giải cứu thần chết,actor-actor,False,,False,
Công Ninh,Phương Thanh,2.0,2,Giải cứu thần chết|Chị trợ lý của anh,actor-actor,False,,False,
Công Ninh,Siu Black,1.0,1,Giải cứu thần chết,actor-actor,False,,False,
Công Ninh,Hương Giang (diễn viên),1.3,1,Giải cứu thần chết,actor-actor,False,,True,"Sài Gòn, Việt Nam Cộng hòa"
Công Ninh,Nhan Phúc Vinh,1.0,1,Giải cứu thần chết,actor-actor,False,,False,
Công Ninh,Trinh Hoan,1.0,1,Giải cứu thần chết,actor-actor,False,,False,
Công Ninh,Mỹ Tâm,1.0,1,Chị trợ lý của anh,actor-director,False,,False,
Công Ninh,Đức Phúc,1.0,1,Chị trợ lý của anh,actor-actor,False,,False,
Công Ninh,Phan Mạnh Quỳnh,1.0,1,Chị trợ lý của anh,actor-actor,False,,False,
Công Ninh,Đơn Dương (diễn viên),1.0,1,Đời cát,actor-actor,False,,False,
Công Ninh,Mai Hoa (diễn viên),1.0,1,Đời cát,actor-actor,False,,False,
Công Ninh,Đỗ Nguyễn Lan Hà,1.0,1,Đời cát,actor-actor,False,,False,
Công Ninh,Quang Sự,1.0,1,Người lắng nghe: Lời thì thầm,actor-actor,False,,False,
Công Ninh,Oanh Kiều,1.0,1,Người lắng nghe: Lời thì thầm,actor-actor,False,,False,
Công Ninh,Phạm Quỳnh Anh,1.0,1,Người lắng nghe: Lời thì thầm,actor-actor,False,,False,
Công Ninh,Quốc Cường,1.0,1,Người lắng nghe: Lời thì thầm,actor-actor,False,,False,
Công Ninh,Lý Hồng Ân,1.0,1,Người lắng nghe: Lời thì thầm,actor-actor,False,,False,
Công Ninh,Lê Thiện (nghệ sĩ),1.0,1,Người lắng nghe: Lời thì thầm,actor-actor,False,,False,
Công Ninh,Kiều Trinh,1.0,1,Người lắng nghe: Lời thì thầm,actor-actor,False,,False,
Công Ninh,Huy Cường,1.0,1,Người lắng nghe: Lời thì thầm,actor-actor,False,,False,
Công Ninh,Mai Thế Hiệp,1.0,1,Người lắng nghe: Lời thì thầm,actor-actor,False,,False,
Công Ninh,Phúc An,1.0,1,Người lắng nghe: Lời thì thầm,actor-actor,False,,False,
Công Ninh,Huy Khang,1.0,1,Người lắng nghe: Lời thì thầm,actor-actor,False,,False,
Công Ninh,Thanh Hằng (nghệ sĩ cải lương),0.3,0,,,False,,True,"Sài Gòn, Việt Nam Cộng hòa"
Công Ninh,Thái Hòa (diễn viên),0.3,0,,,False,,True,"Sài Gòn, Việt Nam Cộng hòa"
Công Ninh,Dustin Nguyễn,0.3,0,,,False,,True,"Sài Gòn, Việt Nam Cộng hòa"
Công Ninh,Huỳnh Kiến An,0.3,0,,,False,,True,"Sài Gòn, Việt Nam Cộng hòa"
Công Ninh,Stephane Gauger,0.3,0,,,False,,True,"Sài Gòn, Việt Nam Cộng hòa"
Công Ninh,Trần Bảo Sơn,0.3,0,,,False,,True,"Sài Gòn, Việt Nam Cộng hòa"
Công Ninh,Lê Công Tuấn Anh,0.3,0,,,False,,True,"Sài Gòn, Việt Nam Cộng hòa"
Công Ninh,Vân Sơn (nghệ sĩ hài),0.3,0,,,False,,True,"Sài Gòn, Việt Nam Cộng hòa"
Công Ninh,Bảo Liêm,0.3,0,,,False,,True,"Sài Gòn, Việt Nam Cộng hòa"
Công Ninh,Mỹ Duyên,0.3,0,,,False,,True,"Sài Gòn, Việt Nam Cộng hòa"
Công Ninh,Trương Minh Quốc Thái,0.3,0,,,False,,True,"Sài Gòn, Việt Nam Cộng hòa"
Công Ninh,Cẩm Ly,0.3,0,,,False,,True,"Sài Gòn, Việt Nam Cộng hòa"
Công Ninh,Kiến An (diễn viên),0.3,0,,,False,,True,"Sài Gòn, Việt Nam Cộng hòa"
Công Ninh,Vũ Hà (ca sĩ),0.3,0,,,False,,True,"Sài Gòn, Việt Nam Cộng hòa"
Công Ninh,Phạm Thị Ngọc Trinh,0.3,0,,,False,,True,"Sài Gòn, Việt Nam Cộng hòa"
Ngân Quỳnh,Jun Phạm,1.0,1,Về quê ăn Tết,actor-actor,False,,False,
Ngân Quỳnh,Will,1.0,1,Về quê ăn Tết,actor-actor,False,,False,
Ngân Quỳnh,Oanh Kiều,2.0,2,Về quê ăn Tết|Người lắng nghe: Lời thì thầm,actor-actor,False,,False,
Ngân Quỳnh,Chí Tâm,1.0,1,Về quê ăn Tết,actor-actor,False,,False,
Ngân Quỳnh,Xuân Lan,2.0,2,Về quê ăn Tết|Bay vào cõi mộng,actor-actor,False,,False,
Ngân Quỳnh,Tiểu Bảo Quốc,1.0,1,Về quê ăn Tết,actor-actor,False,,False,
Ngân Quỳnh,Bình Minh (người mẫu),1.0,1,Cô dâu đại chiến 2,actor-actor,False,,False,
Ngân Quỳnh,Lê Khánh,1.0,1,Cô dâu đại chiến 2,actor-actor,False,,False,
Ngân Quỳnh,Vân Trang,1.0,1,Cô dâu đại chiến 2,actor-actor,False,,False,
Ngân Quỳnh,Maya (ca sĩ),1.0,1,Cô dâu đại chiến 2,actor-actor,False,,False,
Ngân Quỳnh,Hoàng Bách,1.0,1,Cô dâu đại chiến 2,actor-actor,False,,False,
Ngân Quỳnh,Đại Nghĩa (diễn viên),1.0,1,Cô dâu đại chiến 2,actor-actor,False,,False,
Ngân Quỳnh,Huỳnh Đông,1.0,1,Cô dâu đại chiến 2,actor-actor,False,,False,
Ngân Quỳnh,Khương Ngọc,1.0,1,Cô dâu đại chiến 2,actor-actor,False,,False,
Ngân Quỳnh,Thu Trang,2.0,2,Cô dâu đại chiến 2|Em là bà nội của anh,actor-actor,False,,False,
Ngân Quỳnh,Minh Thuận (ca sĩ),1.0,1,Cô dâu đại chiến 2,actor-actor,False,,False,
Ngân Quỳnh,Hạnh Thúy,1.0,1,Cô dâu đại chiến 2,actor-actor,False,,False,
Ngân Quỳnh,Mai Thế Hiệp,3.0,3,Cô dâu đại chiến 2|Em là bà nội của anh|Người lắng nghe: Lời thì thầm,actor-actor,False,,False,
Ngân Quỳnh,Vĩnh Thuyên Kim,1.0,1,Bay vào cõi mộng,actor-actor,False,,False,
Ngân Quỳnh,Lương Thế Thành,1.0,1,Bay vào cõi mộng,actor-actor,False,,False,
Ngân Quỳnh,Nikki Dương Nhật Vi,1.0,1,Bay vào cõi mộng,actor-actor,False,,False,
Ngân Quỳnh,Kiều Oanh,1.0,1,Bay vào cõi mộng,actor-actor,False,,False,
Ngân Quỳnh,Lê Huỳnh,1.0,1,Bay vào cõi mộng,actor-actor,False,,False,
Ngân Quỳnh,Tommy Ngô,1.0,1,Bay vào cõi mộng,actor-actor,False,,False,
Ngân Quỳnh,Lynda Trang Đài,1.0,1,Bay vào cõi mộng,actor-actor,False,,False,
Ngân Quỳnh,Khánh Phương,1.0,1,Bay vào cõi mộng,actor-actor,False,,False,
Ngân Quỳnh,Hải Băng,1.0,1,Bay vào cõi mộng,actor-actor,False,,False,
Ngân Quỳnh,Thu Tuyết,1.0,1,Bay vào cõi mộng,actor-actor,False,,False,
Ngân Quỳnh,Bùi Tấn Trường,1.0,1,Bay vào cõi mộng,actor-actor,False,,False,
Ngân Quỳnh,Miu Lê,1.0,1,Em là bà nội của anh,actor-actor,False,,False,
Ngân Quỳnh,Minh Đức (diễn viên),1.0,1,Em là bà nội của anh,actor-actor,False,,False,
Ngân Quỳnh,Hứa Vĩ Văn,1.0,1,Em là bà nội của anh,actor-actor,False,,False,
Ngân Quỳnh,Thanh Nam,1.0,1,Em là bà nội của anh,actor-actor,False,,False,
Ngân Quỳnh,Đức Khuê,1.0,1,Em là bà nội của anh,actor-actor,False,,False,
Ngân Quỳnh,Hồng Ánh,1.0,1,Em là bà nội của anh,actor-actor,False,,False,
Ngân Quỳnh,Lều Phương Anh,1.0,1,Em là bà nội của anh,actor-actor,False,,False,
Ngân Quỳnh,Kim Xuân,1.0,1,Em là bà nội của anh,actor-actor,False,,False,
Ngân Quỳnh,Võ Ngọc Trai,1.0,1,Em là bà nội của anh,actor-actor,False,,False,
Ngân Quỳnh,Duy Khánh (diễn viên),1.0,1,Em là bà nội của anh,actor-actor,False,,False,
Ngân Quỳnh,Đàm Phương Linh,1.0,1,Em là bà nội của anh,actor-actor,False,,False,
Ngân Quỳnh,Harry Lu,1.0,1,Em là bà nội của anh,actor-actor,False,,False,
Ngân Quỳnh,Trọng Hiếu,1.0,1,Em là bà nội của anh,actor-actor,False,,False,
Ngân Quỳnh,Huỳnh Lập,1.0,1,Em là bà nội của anh,actor-actor,False,,False,
Ngân Quỳnh,Thảo Trang,1.0,1,Em là bà nội của anh,actor-actor,False,,False,
Ngân Quỳnh,Tăng Nhật Tuệ,1.0,1,Em là bà nội của anh,actor-actor,False,,False,
Ngân Quỳnh,Nguyễn Quang Dũng,1.0,1,Em là bà nội của anh,actor-actor,False,,False,
Ngân Quỳnh,Nguyễn Hải Phong,1.0,1,Em là bà nội của anh,actor-actor,False,,False,
Ngân Quỳnh,Uyên Linh,1.0,1,Em là bà nội của anh,actor-actor,False,,False,
Ngân Quỳnh,Quang Sự,1.0,1,Người lắng nghe: Lời thì thầm,actor-actor,False,,False,
Ngân Quỳnh,Phạm Quỳnh Anh,1.0,1,Người lắng nghe: Lời thì thầm,actor-actor,False,,False,
Ngân Quỳnh,Quốc Cường,1.0,1,Người lắng nghe: Lời thì thầm,actor-actor,False,,False,
Ngân Quỳnh,Lý Hồng Ân,1.0,1,Người lắng nghe: Lời thì thầm,actor-actor,False,,False,
Ngân Quỳnh,Lê Thiện (nghệ sĩ),1.0,1,Người lắng nghe: Lời thì thầm,actor-actor,False,,False,
Ngân Quỳnh,Kiều Trinh,1.0,1,Người lắng nghe: Lời thì thầm,actor-actor,False,,False,
Ngân Quỳnh,Huy Cường,1.0,1,Người lắng nghe: Lời thì thầm,actor-actor,False,,False,
Ngân Quỳnh,Phúc An,1.0,1,Người lắng nghe: Lời thì thầm,actor-actor,False,,False,
Ngân Quỳnh,Huy Khang,1.0,1,Người lắng nghe: Lời thì thầm,actor-actor,False,,False,
Ngân Quỳnh,Trương Thế Vinh,1.0,1,Án mạng lầu 4,actor-actor,False,,False,
Ngân Quỳnh,Lương Bích Hữu,1.0,1,Án mạng lầu 4,actor-actor,False,,False,
Ngân Quỳnh,Lê Công Hoàng (diễn viên),1.0,1,Án mạng lầu 4,actor-actor,False,,False,
Ngân Quỳnh,Phi Điểu,1.0,1,Án mạng lầu 4,actor-actor,False,,False,
Ngân Quỳnh,Thanh Hằng (nghệ sĩ cải lương),0.3,0,,,False,,True,"Sài Gòn, Việt Nam Cộng hòa"
Ngân Quỳnh,Thái Hòa (diễn viên),0.3,0,,,False,,True,"Sài Gòn, Việt Nam Cộng hòa"
Ngân Quỳnh,Dustin Nguyễn,0.3,0,,,False,,True,"Sài Gòn, Việt Nam Cộng hòa"
Ngân Quỳnh,Thành Lộc,0.3,0,,,False,,True,"Sài Gòn, Việt Nam Cộng hòa"
Ngân Quỳnh,Huỳnh Kiến An,0.3,0,,,False,,True,"Sài Gòn, Việt Nam Cộng hòa"
Ngân Quỳnh,Stephane Gauger,0.3,0,,,False,,True,"Sài Gòn, Việt Nam Cộng hòa"
Ngân Quỳnh,Trần Bảo Sơn,0.3,0,,,False,,True,"Sài Gòn, Việt Nam Cộng hòa"
Ngân Quỳnh,Lê Công Tuấn Anh,0.3,0,,,False,,True,"Sài Gòn, Việt Nam Cộng hòa"
Ngân Quỳnh,Vân Sơn (nghệ sĩ hài),0.3,0,,,False,,True,"Sài Gòn, Việt Nam Cộng hòa"
Ngân Quỳnh,Bảo Liêm,0.3,0,,,False,,True,"Sài Gòn, Việt Nam Cộng hòa"
Ngân Quỳnh,Mỹ Duyên,0.3,0,,,False,,True,"Sài Gòn, Việt Nam Cộng hòa"
Ngân Quỳnh,Hương Giang (diễn viên),0.3,0,,,False,,True,"Sài Gòn, Việt Nam Cộng hòa"
Ngân Quỳnh,Trương Minh Quốc Thái,0.3,0,,,False,,True,"Sài Gòn, Việt Nam Cộng hòa"
Ngân Quỳnh,Cẩm Ly,0.3,0,,,False,,True,"Sài Gòn, Việt Nam Cộng hòa"
Ngân Quỳnh,Kiến An (diễn viên),0.3,0,,,False,,True,"Sài Gòn, Việt Nam Cộng hòa"
Ngân Quỳnh,Vũ Hà (ca sĩ),0.3,0,,,False,,True,"Sài Gòn, Việt Nam Cộng hòa"
Ngân Quỳnh,Phạm Thị Ngọc Trinh,0.3,0,,,False,,True,"Sài Gòn, Việt Nam Cộng hòa"
Băng Di,bác Ba Phi,1.0,1,Đất rừng phương Nam (phim),actor-actor,False,,False,
Băng Di,nói dối,1.0,1,Đất rừng phương Nam (phim),actor-actor,False,,False,
Băng Di,Hứa Vĩ Văn,1.3,1,Đất rừng phương Nam (phim),actor-actor,False,,True,"Thành phố Hồ Chí Minh, Việt Nam"
Băng Di,Mai Tài Phến,1.0,1,Đất rừng phương Nam (phim),actor-actor,False,,False,
Băng Di,Huỳnh Đông,1.3,1,Đất rừng phương Nam (phim),actor-actor,False,,True,"Thành phố Hồ Chí Minh, Việt Nam"
Băng Di,Hồng Ánh,1.0,1,Đất rừng phương Nam (phim),actor-actor,False,,False,
Băng Di,Nguyễn Quang Dũng (đạo diễn),1.0,1,Đất rừng phương Nam (phim),actor-director,False,,False,
Băng Di,Ngọc Diệp,0.3,0,,,False,,True,"Thành phố Hồ Chí Minh, Việt Nam"
Băng Di,Thu Trang,0.3,0,,,False,,True,"Thành phố Hồ Chí Minh, Việt Nam"
Băng Di,Võ Ngọc Trai,0.3,0,,,False,,True,"Thành phố Hồ Chí Minh, Việt Nam"
Băng Di,Jun Phạm,0.3,0,,,False,,True,"Thành phố Hồ Chí Minh, Việt Nam"
Băng Di,Diễm My 9x,0.3,0,,,False,,True,"Thành phố Hồ Chí Minh, Việt Nam"
Băng Di,Nguyễn Thắng,0.3,0,,,False,,True,"Thành phố Hồ Chí Minh, Việt Nam"
Băng Di,Khả Ngân,0.3,0,,,False,,True,"Thành phố Hồ Chí Minh, Việt Nam"
Băng Di,Tóc Tiên (ca sĩ),0.3,0,,,False,,True,"Thành phố Hồ Chí Minh, Việt Nam"
Băng Di,Nguyễn Thúc Thùy Tiên,0.3,0,,,False,,True,"Thành phố Hồ Chí Minh, Việt Nam"
Băng Di,Don Nguyễn,0.3,0,,,False,,True,"Thành phố Hồ Chí Minh, Việt Nam"
Băng Di,Huy Khánh,0.3,0,,,False,,True,"Thành phố Hồ Chí Minh, Việt Nam"
Băng Di,Đinh Ngọc Diệp,0.3,0,,,False,,True,"Thành phố Hồ Chí Minh, Việt Nam"
Băng Di,Đại Nghĩa (diễn viên),0.3,0,,,False,,True,"Thành phố Hồ Chí Minh, Việt Nam"
Băng Di,Midu,0.3,0,,,False,,True,"Thành phố Hồ Chí Minh, Việt Nam"
Băng Di,Tú Vi,0.3,0,,,False,,True,"Thành phố Hồ Chí Minh, Việt Nam"
Băng Di,Ái Phương,0.3,0,,,False,,True,"Thành phố Hồ Chí Minh, Việt Nam"
Băng Di,Anh Thư,0.3,0,,,False,,True,"Thành phố Hồ Chí Minh, Việt Nam"
Băng Di,Đan Trường,0.3,0,,,False,,True,"Thành phố Hồ Chí Minh, Việt Nam"
Băng Di,Wanbi Tuấn Anh,0.3,0,,,False,,True,"Thành phố Hồ Chí Minh, Việt Nam"
Băng Di,Elly Trần,0.3,0,,,False,,True,"Thành phố Hồ Chí Minh, Việt Nam"
Băng Di,Tim (ca sĩ),0.3,0,,,False,,True,"Thành phố Hồ Chí Minh, Việt Nam"
Băng Di,Việt Hương,0.3,0,,,False,,True,"Thành phố Hồ Chí Minh, Việt Nam"
Băng Di,Bảo Anh (ca sĩ),0.3,0,,,False,,True,"Thành phố Hồ Chí Minh, Việt Nam"
Băng Di,Thanh Trúc,0.3,0,,,False,,True,"Thành phố Hồ Chí Minh, Việt Nam"
Băng Di,Khánh Phương,0.3,0,,,False,,True,"Thành phố Hồ Chí Minh, Việt Nam"
Băng Di,Minh Hằng,0.3,0,,,False,,True,"Thành phố Hồ Chí Minh, Việt Nam"
Băng Di,Chí Thiện (sinh năm 1988),0.3,0,,,False,,True,"Thành phố Hồ Chí Minh, Việt Nam"
Băng Di,Tường Vi (diễn viên),0.3,0,,,False,,True,"Thành phố Hồ Chí Minh, Việt Nam"
Băng Di,Duy Khánh (diễn viên),0.3,0,,,False,,True,"Thành phố Hồ Chí Minh, Việt Nam"
Băng Di,Đàm Phương Linh,0.3,0,,,False,,True,"Thành phố Hồ Chí Minh, Việt Nam"
Băng Di,Thảo Trang,0.3,0,,,False,,True,"Thành phố Hồ Chí Minh, Việt Nam"
Băng Di,Uyên Linh,0.3,0,,,False,,True,"Thành phố Hồ Chí Minh, Việt Nam"
Băng Di,Võ Thành Tâm,0.3,0,,,False,,True,"Thành phố Hồ Chí Minh, Việt Nam"
Băng Di,Diễm My (diễn viên),0.3,0,,,False,,True,"Thành phố Hồ Chí Minh, Việt Nam"
Băng Di,Quang Tuấn,0.3,0,,,False,,True,"Thành phố Hồ Chí Minh, Việt Nam"
Băng Di,Lương Bích Hữu,0.3,0,,,False,,True,"Thành phố Hồ Chí Minh, Việt Nam"
Băng Di,Lê Công Hoàng (diễn viên),0.3,0,,,False,,True,"Thành phố Hồ Chí Minh, Việt Nam"
Băng Di,Suboi,0.3,0,,,False,,True,"Thành phố Hồ Chí Minh, Việt Nam"
Băng Di,Hồ Vĩnh Khoa,0.3,0,,,False,,True,"Thành phố Hồ Chí Minh, Việt Nam"
Băng Di,Thanh Thúy (diễn viên sinh 1982),0.3,0,,,False,,True,"Thành phố Hồ Chí Minh, Việt Nam"
Băng Di,Angela Phương Trinh,0.3,0,,,False,,True,"Thành phố Hồ Chí Minh, Việt Nam"
Băng Di,Thanh Thúy (sinh 1982),0.3,0,,,False,,True,"Thành phố Hồ Chí Minh, Việt Nam"
Băng Di,Rocker Nguyen,0.3,0,,,False,,True,"Thành phố Hồ Chí Minh, Việt Nam"
bác Ba Phi,nói dối,1.0,1,Đất rừng phương Nam (phim),actor-actor,False,,False,
bác Ba Phi,Hứa Vĩ Văn,1.0,1,Đất rừng phương Nam (phim),actor-actor,False,,False,
bác Ba Phi,Mai Tài Phến,1.0,1,Đất rừng phương Nam (phim),actor-actor,False,,False,
bác Ba Phi,Huỳnh Đông,1.0,1,Đất rừng phương Nam (phim),actor-actor,False,,False,
bác Ba Phi,Hồng Ánh,1.0,1,Đất rừng phương Nam (phim),actor-actor,False,,False,
bác Ba Phi,Nguyễn Quang Dũng (đạo diễn),1.0,1,Đất rừng phương Nam (phim),director-actor,False,,False,
nói dối,Hứa Vĩ Văn,1.0,1,Đất rừng phương Nam (phim),actor-actor,False,,False,
nói dối,Mai Tài Phến,1.0,1,Đất rừng phương Nam (phim),actor-actor,False,,False,
nói dối,Huỳnh Đông,1.0,1,Đất rừng phương Nam (phim),actor-actor,False,,False,
nói dối,Hồng Ánh,1.0,1,Đất rừng phương Nam (phim),actor-actor,False,,False,
nói dối,Nguyễn Quang Dũng (đạo diễn),1.0,1,Đất rừng phương Nam (phim),director-actor,False,,False,
Hứa Vĩ Văn,Mai Tài Phến,1.0,1,Đất rừng phương Nam (phim),actor-actor,False,,False,
Hứa Vĩ Văn,Huỳnh Đông,1.3,1,Đất rừng phương Nam (phim),actor-actor,False,,True,"Thành phố Hồ Chí Minh, Việt Nam"
Hứa Vĩ Văn,Hồng Ánh,3.0,3,Đất rừng phương Nam (phim)|Tiệc trăng máu|Em là bà nội của anh,actor-actor,False,,False,
Hứa Vĩ Văn,Nguyễn Quang Dũng (đạo diễn),2.0,2,Đất rừng phương Nam (phim)|Tiệc trăng máu,actor-director,False,,False,
Hứa Vĩ Văn,Trần Bảo Sơn,1.0,1,Giao lộ định mệnh,actor-actor,False,,False,
Hứa Vĩ Văn,Vũ Thu Phương,1.0,1,Giao lộ định mệnh,actor-actor,False,,False,
Hứa Vĩ Văn,Bình Minh (người mẫu),1.0,1,Giao lộ định mệnh,actor-actor,False,,False,
Hứa Vĩ Văn,Tăng Bảo Quyên,1.0,1,Giao lộ định mệnh,actor-actor,False,,False,
Hứa Vĩ Văn,Đại Nghĩa (diễn viên),2.3,2,Giao lộ định mệnh|Em là của em,actor-actor,False,,True,"Thành phố Hồ Chí Minh, Việt Nam"
Hứa Vĩ Văn,Thái Hòa (diễn viên),1.0,1,Tiệc trăng máu,actor-actor,False,,False,
Hứa Vĩ Văn,Thu Trang,3.3,3,Tiệc trăng máu|Em là bà nội của anh|Nghề siêu dễ (phim 2022),actor-actor,False,,True,"Thành phố Hồ Chí Minh, Việt Nam"
Hứa Vĩ Văn,Đức Thịnh (đạo diễn),1.0,1,Tiệc trăng máu,actor-actor,False,,False,
Hứa Vĩ Văn,Lê Thiện (nghệ sĩ),1.0,1,Tiệc trăng máu,actor-actor,False,,False,
Hứa Vĩ Văn,Harry Lu,3.0,3,Thần tượng (phim)|Chàng trai năm ấy|Em là bà nội của anh,actor-actor,False,,False,
Hứa Vĩ Văn,Hoàng Thùy Linh,1.0,1,Thần tượng (phim),actor-actor,False,,False,
Hứa Vĩ Văn,Văn Tùng,1.0,1,Thần tượng (phim),actor-actor,False,,False,
Hứa Vĩ Văn,Phạm Quỳnh Anh,2.0,2,Thần tượng (phim)|Chàng trai năm ấy,actor-actor,False,,False,
Hứa Vĩ Văn,Quang Thắng,2.0,2,Thần tượng (phim)|Chàng trai năm ấy,actor-actor,False,,False,
Hứa Vĩ Văn,Chi Pu,1.0,1,Thần tượng (phim),actor-actor,False,,False,
Hứa Vĩ Văn,Nguyễn Hậu,1.0,1,Thần tượng (phim),actor-actor,False,,False,
Hứa Vĩ Văn,Sơn Tùng M-TP,1.0,1,Chàng trai năm ấy,actor-actor,False,,False,
Hứa Vĩ Văn,Khánh Huyền,1.0,1,Chàng trai năm ấy,actor-actor,False,,False,
Hứa Vĩ Văn,365daband,1.0,1,Chàng trai năm ấy,actor-actor,False,,False,
Hứa Vĩ Văn,Thành Lộc,1.0,1,Chàng trai năm ấy,actor-actor,False,,False,
Hứa Vĩ Văn,Mai Thế Hiệp,2.0,2,Chàng trai năm ấy|Em là bà nội của anh,actor-actor,False,,False,
Hứa Vĩ Văn,Petey Majik Nguyễn,1.0,1,Chàng trai năm ấy,actor-actor,False,,False,
Hứa Vĩ Văn,Don Nguyễn,1.3,1,Chàng trai năm ấy,actor-actor,False,,True,"Thành phố Hồ Chí Minh, Việt Nam"
Hứa Vĩ Văn,Tấn Thi,1.0,1,Chàng trai năm ấy,actor-actor,False,,False,
Hứa Vĩ Văn,Miu Lê,1.0,1,Em là bà nội của anh,actor-actor,False,,False,
Hứa Vĩ Văn,Minh Đức (diễn viên),1.0,1,Em là bà nội của anh,actor-actor,False,,False,
Hứa Vĩ Văn,Thanh Nam,1.0,1,Em là bà nội của anh,actor-actor,False,,False,
Hứa Vĩ Văn,Đức Khuê,1.0,1,Em là bà nội của anh,actor-actor,False,,False,
Hứa Vĩ Văn,Lều Phương Anh,1.0,1,Em là bà nội của anh,actor-actor,False,,False,
Hứa Vĩ Văn,Kim Xuân,1.0,1,Em là bà nội của anh,actor-actor,False,,False,
Hứa Vĩ Văn,Võ Ngọc Trai,1.3,1,Em là bà nội của anh,actor-actor,False,,True,"Thành phố Hồ Chí Minh, Việt Nam"
Hứa Vĩ Văn,Duy Khánh (diễn viên),1.3,1,Em là bà nội của anh,actor-actor,False,,True,"Thành phố Hồ Chí Minh, Việt Nam"
Hứa Vĩ Văn,Đàm Phương Linh,1.3,1,Em là bà nội của anh,actor-actor,False,,True,"Thành phố Hồ Chí Minh, Việt Nam"
Hứa Vĩ Văn,Trọng Hiếu,1.0,1,Em là bà nội của anh,actor-actor,False,,False,
Hứa Vĩ Văn,Huỳnh Lập,1.0,1,Em là bà nội của anh,actor-actor,False,,False,
Hứa Vĩ Văn,Thảo Trang,1.3,1,Em là bà nội của anh,actor-actor,False,,True,"Thành phố Hồ Chí Minh, Việt Nam"
Hứa Vĩ Văn,Tăng Nhật Tuệ,1.0,1,Em là bà nội của anh,actor-actor,False,,False,
Hứa Vĩ Văn,Nguyễn Quang Dũng,1.0,1,Em là bà nội của anh,actor-actor,False,,False,
Hứa Vĩ Văn,Nguyễn Hải Phong,1.0,1,Em là bà nội của anh,actor-actor,False,,False,
Hứa Vĩ Văn,Uyên Linh,1.3,1,Em là bà nội của anh,actor-actor,False,,True,"Thành phố Hồ Chí Minh, Việt Nam"
Hứa Vĩ Văn,Maya (ca sĩ),1.0,1,Em là của em,actor-actor,False,,False,
Hứa Vĩ Văn,Quang Tuấn,1.3,1,Nghề siêu dễ (phim 2022),actor-actor,False,,True,"Thành phố Hồ Chí Minh, Việt Nam"
Hứa Vĩ Văn,Võ Thanh Hòa,1.0,1,Nghề siêu dễ (phim 2022),actor-director,False,,False,
Hứa Vĩ Văn,Ngọc Diệp,0.3,0,,,False,,True,"Thành phố Hồ Chí Minh, Việt Nam"
Hứa Vĩ Văn,Jun Phạm,0.3,0,,,False,,True,"Thành phố Hồ Chí Minh, Việt Nam"
Hứa Vĩ Văn,Diễm My 9x,0.3,0,,,False,,True,"Thành phố Hồ Chí Minh, Việt Nam"
Hứa Vĩ Văn,Nguyễn Thắng,0.3,0,,,False,,True,"Thành phố Hồ Chí Minh, Việt Nam"
Hứa Vĩ Văn,Khả Ngân,0.3,0,,,False,,True,"Thành phố Hồ Chí Minh, Việt Nam"
Hứa Vĩ Văn,Tóc Tiên (ca sĩ),0.3,0,,,False,,True,"Thành phố Hồ Chí Minh, Việt Nam"
Hứa Vĩ Văn,Nguyễn Thúc Thùy Tiên,0.3,0,,,False,,True,"Thành phố Hồ Chí Minh, Việt Nam"
Hứa Vĩ Văn,Huy Khánh,0.3,0,,,False,,True,"Thành phố Hồ Chí Minh, Việt Nam"
Hứa Vĩ Văn,Đinh Ngọc Diệp,0.3,0,,,False,,True,"Thành phố Hồ Chí Minh, Việt Nam"
Hứa Vĩ Văn,Midu,0.3,0,,,False,,True,"Thành phố Hồ Chí Minh, Việt Nam"
Hứa Vĩ Văn,Tú Vi,0.3,0,,,False,,True,"Thành phố Hồ Chí Minh, Việt Nam"
Hứa Vĩ Văn,Ái Phương,0.3,0,,,False,,True,"Thành phố Hồ Chí Minh, Việt Nam"
Hứa Vĩ Văn,Anh Thư,0.3,0,,,False,,True,"Thành phố Hồ Chí Minh, Việt Nam"
Hứa Vĩ Văn,Đan Trường,0.3,0,,,False,,True,"Thành phố Hồ Chí Minh, Việt Nam"
Hứa Vĩ Văn,Wanbi Tuấn Anh,0.3,0,,,False,,True,"Thành phố Hồ Chí Minh, Việt Nam"
Hứa Vĩ Văn,Elly Trần,0.3,0,,,False,,True,"Thành phố Hồ Chí Minh, Việt Nam"
Hứa Vĩ Văn,Tim (ca sĩ),0.3,0,,,False,,True,"Thành phố Hồ Chí Minh, Việt Nam"
Hứa Vĩ Văn,Việt Hương,0.3,0,,,False,,True,"Thành phố Hồ Chí Minh, Việt Nam"
Hứa Vĩ Văn,Bảo Anh (ca sĩ),0.3,0,,,False,,True,"Thành phố Hồ Chí Minh, Việt Nam"
Hứa Vĩ Văn,Thanh Trúc,0.3,0,,,False,,True,"Thành phố Hồ Chí Minh, Việt Nam"
Hứa Vĩ Văn,Khánh Phương,0.3,0,,,False,,True,"Thành phố Hồ Chí Minh, Việt Nam"
Hứa Vĩ Văn,Minh Hằng,0.3,0,,,False,,True,"Thành phố Hồ Chí Minh, Việt Nam"
Hứa Vĩ Văn,Chí Thiện (sinh năm 1988),0.3,0,,,False,,True,"Thành phố Hồ Chí Minh, Việt Nam"
Hứa Vĩ Văn,Tường Vi (diễn viên),0.3,0,,,False,,True,"Thành phố Hồ Chí Minh, Việt Nam"
Hứa Vĩ Văn,Võ Thành Tâm,0.3,0,,,False,,True,"Thành phố Hồ Chí Minh, Việt Nam"
Hứa Vĩ Văn,Diễm My (diễn viên),0.3,0,,,False,,True,"Thành phố Hồ Chí Minh, Việt Nam"
Hứa Vĩ Văn,Lương Bích Hữu,0.3,0,,,False,,True,"Thành phố Hồ Chí Minh, Việt Nam"
Hứa Vĩ Văn,Lê Công Hoàng (diễn viên),0.3,0,,,False,,True,"Thành phố Hồ Chí Minh, Việt Nam"
Hứa Vĩ Văn,Suboi,0.3,0,,,False,,True,"Thành phố Hồ Chí Minh, Việt Nam"
Hứa Vĩ Văn,Hồ Vĩnh Khoa,0.3,0,,,False,,True,"Thành phố Hồ Chí Minh, Việt Nam"
Hứa Vĩ Văn,Thanh Thúy (diễn viên sinh 1982),0.3,0,,,False,,True,"Thành phố Hồ Chí Minh, Việt Nam"
Hứa Vĩ Văn,Angela Phương Trinh,0.3,0,,,False,,True,"Thành phố Hồ Chí Minh, Việt Nam"
Hứa Vĩ Văn,Thanh Thúy (sinh 1982),0.3,0,,,False,,True,"Thành phố Hồ Chí Minh, Việt Nam"
Hứa Vĩ Văn,Rocker Nguyen,0.3,0,,,False,,True,"Thành phố Hồ Chí Minh, Việt Nam"
Mai Tài Phến,Huỳnh Đông,1.0,1,Đất rừng phương Nam (phim),actor-actor,False,,False,
Mai Tài Phến,Hồng Ánh,1.0,1,Đất rừng phương Nam (phim),actor-actor,False,,False,
Mai Tài Phến,Nguyễn Quang Dũng (đạo diễn),1.0,1,Đất rừng phương Nam (phim),actor-director,False,,False,
Mai Tài Phến,Mỹ Tâm,1.0,1,Chị trợ lý của anh,actor-director,False,,False,
Mai Tài Phến,Phương Thanh,1.0,1,Chị trợ lý của anh,actor-actor,False,,False,
Mai Tài Phến,Đức Phúc,1.0,1,Chị trợ lý của anh,actor-actor,False,,False,
Mai Tài Phến,Phan Mạnh Quỳnh,1.0,1,Chị trợ lý của anh,actor-actor,False,,False,
Huỳnh Đông,Hồng Ánh,1.0,1,Đất rừng phương Nam (phim),actor-actor,False,,False,
Huỳnh Đông,Nguyễn Quang Dũng (đạo diễn),1.0,1,Đất rừng phương Nam (phim),actor-director,False,,False,
Huỳnh Đông,Midu,1.3,1,Thiên mệnh anh hùng,actor-actor,False,,True,"Thành phố Hồ Chí Minh, Việt Nam"
Huỳnh Đông,Vân Trang,2.0,2,Thiên mệnh anh hùng|Cô dâu đại chiến 2,actor-actor,False,,False,
Huỳnh Đông,Nguyễn Thị Anh,1.0,1,Thiên mệnh anh hùng,actor-actor,False,,False,
Huỳnh Đông,Khương Ngọc,2.0,2,Thiên mệnh anh hùng|Cô dâu đại chiến 2,actor-actor,False,,False,
Huỳnh Đông,Kim Hiền (diễn viên),1.0,1,Thiên mệnh anh hùng,actor-actor,False,,False,
Huỳnh Đông,Minh Thuận (ca sĩ),2.0,2,Thiên mệnh anh hùng|Cô dâu đại chiến 2,actor-actor,False,,False,
Huỳnh Đông,Mai Thế Hiệp,2.0,2,Thiên mệnh anh hùng|Cô dâu đại chiến 2,actor-actor,False,,False,
Huỳnh Đông,Bình Minh (người mẫu),1.0,1,Cô dâu đại chiến 2,actor-actor,False,,False,
Huỳnh Đông,Lê Khánh,1.0,1,Cô dâu đại chiến 2,actor-actor,False,,False,
Huỳnh Đông,Maya (ca sĩ),1.0,1,Cô dâu đại chiến 2,actor-actor,False,,False,
Huỳnh Đông,Hoàng Bách,1.0,1,Cô dâu đại chiến 2,actor-actor,False,,False,
Huỳnh Đông,Đại Nghĩa (diễn viên),1.3,1,Cô dâu đại chiến 2,actor-actor,False,,True,"Thành phố Hồ Chí Minh, Việt Nam"
Huỳnh Đông,Thu Trang,1.3,1,Cô dâu đại chiến 2,actor-actor,False,,True,"Thành phố Hồ Chí Minh, Việt Nam"
Huỳnh Đông,Hạnh Thúy,1.0,1,Cô dâu đại chiến 2,actor-actor,False,,False,
Huỳnh Đông,Võ Thành Tâm,1.3,1,Lật mặt: 48h,actor-actor,False,,True,"Thành phố Hồ Chí Minh, Việt Nam"
Huỳnh Đông,Ốc Thanh Vân,1.0,1,Lật mặt: 48h,actor-actor,False,,False,
Huỳnh Đông,Lê Hạ Anh,1.0,1,Lật mặt: 48h,actor-actor,False,,False,
Huỳnh Đông,Lý Hải,1.0,1,Lật mặt: 48h,actor-director,False,,False,
Huỳnh Đông,Kiến An (diễn viên),1.0,1,Lật mặt: 48h,actor-actor,False,,False,
Huỳnh Đông,Quách Ngọc Tuyên,1.0,1,Lật mặt: 48h,actor-actor,False,,False,
Huỳnh Đông,Tiết Cương,1.0,1,Lật mặt: 48h,actor-actor,False,,False,
Huỳnh Đông,Ngọc Diệp,0.3,0,,,False,,True,"Thành phố Hồ Chí Minh, Việt Nam"
Huỳnh Đông,Võ Ngọc Trai,0.3,0,,,False,,True,"Thành phố Hồ Chí Minh, Việt Nam"
Huỳnh Đông,Jun Phạm,0.3,0,,,False,,True,"Thành phố Hồ Chí Minh, Việt Nam"
Huỳnh Đông,Diễm My 9x,0.3,0,,,False,,True,"Thành phố Hồ Chí Minh, Việt Nam"
Huỳnh Đông,Nguyễn Thắng,0.3,0,,,False,,True,"Thành phố Hồ Chí Minh, Việt Nam"
Huỳnh Đông,Khả Ngân,0.3,0,,,False,,True,"Thành phố Hồ Chí Minh, Việt Nam"
Huỳnh Đông,Tóc Tiên (ca sĩ),0.3,0,,,False,,True,"Thành phố Hồ Chí Minh, Việt Nam"
Huỳnh Đông,Nguyễn Thúc Thùy Tiên,0.3,0,,,False,,True,"Thành phố Hồ Chí Minh, Việt Nam"
Huỳnh Đông,Don Nguyễn,0.3,0,,,False,,True,"Thành phố Hồ Chí Minh, Việt Nam"
Huỳnh Đông,Huy Khánh,0.3,0,,,False,,True,"Thành phố Hồ Chí Minh, Việt Nam"
Huỳnh Đông,Đinh Ngọc Diệp,0.3,0,,,False,,True,"Thành phố Hồ Chí Minh, Việt Nam"
Huỳnh Đông,Tú Vi,0.3,0,,,False,,True,"Thành phố Hồ Chí Minh, Việt Nam"
Huỳnh Đông,Ái Phương,0.3,0,,,False,,True,"Thành phố Hồ Chí Minh, Việt Nam"
Huỳnh Đông,Anh Thư,0.3,0,,,False,,True,"Thành phố Hồ Chí Minh, Việt Nam"
Huỳnh Đông,Đan Trường,0.3,0,,,False,,True,"Thành phố Hồ Chí Minh, Việt Nam"
Huỳnh Đông,Wanbi Tuấn Anh,0.3,0,,,False,,True,"Thành phố Hồ Chí Minh, Việt Nam"
Huỳnh Đông,Elly Trần,0.3,0,,,False,,True,"Thành phố Hồ Chí Minh, Việt Nam"
Huỳnh Đông,Tim (ca sĩ),0.3,0,,,False,,True,"Thành phố Hồ Chí Minh, Việt Nam"
Huỳnh Đông,Việt Hương,0.3,0,,,False,,True,"Thành phố Hồ Chí Minh, Việt Nam"
Huỳnh Đông,Bảo Anh (ca sĩ),0.3,0,,,False,,True,"Thành phố Hồ Chí Minh, Việt Nam"
Huỳnh Đông,Thanh Trúc,0.3,0,,,False,,True,"Thành phố Hồ Chí Minh, Việt Nam"
Huỳnh Đông,Khánh Phương,0.3,0,,,False,,True,"Thành phố Hồ Chí Minh, Việt Nam"
Huỳnh Đông,Minh Hằng,0.3,0,,,False,,True,"Thành phố Hồ Chí Minh, Việt Nam"
Huỳnh Đông,Chí Thiện (sinh năm 1988),0.3,0,,,False,,True,"Thành phố Hồ Chí Minh, Việt Nam"
Huỳnh Đông,Tường Vi (diễn viên),0.3,0,,,False,,True,"Thành phố Hồ Chí Minh, Việt Nam"
Huỳnh Đông,Duy Khánh (diễn viên),0.3,0,,,False,,True,"Thành phố Hồ Chí Minh, Việt Nam"
Huỳnh Đông,Đàm Phương Linh,0.3,0,,,False,,True,"Thành phố Hồ Chí Minh, Việt Nam"
Huỳnh Đông,Thảo Trang,0.3,0,,,False,,True,"Thành phố Hồ Chí Minh, Việt Nam"
Huỳnh Đông,Uyên Linh,0.3,0,,,False,,True,"Thành phố Hồ Chí Minh, Việt Nam"
Huỳnh Đông,Diễm My (diễn viên),0.3,0,,,False,,True,"Thành phố Hồ Chí Minh, Việt Nam"
Huỳnh Đông,Quang Tuấn,0.3,0,,,False,,True,"Thành phố Hồ Chí Minh, Việt Nam"
Huỳnh Đông,Lương Bích Hữu,0.3,0,,,False,,True,"Thành phố Hồ Chí Minh, Việt Nam"
Huỳnh Đông,Lê Công Hoàng (diễn viên),0.3,0,,,False,,True,"Thành phố Hồ Chí Minh, Việt Nam"
Huỳnh Đông,Suboi,0.3,0,,,False,,True,"Thành phố Hồ Chí Minh, Việt Nam"
Huỳnh Đông,Hồ Vĩnh Khoa,0.3,0,,,False,,True,"Thành phố Hồ Chí Minh, Việt Nam"
Huỳnh Đông,Thanh Thúy (diễn viên sinh 1982),0.3,0,,,False,,True,"Thành phố Hồ Chí Minh, Việt Nam"
Huỳnh Đông,Angela Phương Trinh,0.3,0,,,False,,True,"Thành phố Hồ Chí Minh, Việt Nam"
Huỳnh Đông,Thanh Thúy (sinh 1982),0.3,0,,,False,,True,"Thành phố Hồ Chí Minh, Việt Nam"
Huỳnh Đông,Rocker Nguyen,0.3,0,,,False,,True,"Thành phố Hồ Chí Minh, Việt Nam"
Hồng Ánh,Nguyễn Quang Dũng (đạo diễn),2.0,2,Đất rừng phương Nam (phim)|Tiệc trăng máu,actor-director,False,,False,
Hồng Ánh,Thái Hòa (diễn viên),1.0,1,Tiệc trăng máu,actor-actor,False,,False,
Hồng Ánh,Thu Trang,2.0,2,Tiệc trăng máu|Em là bà nội của anh,actor-actor,False,,False,
Hồng Ánh,Đức Thịnh (đạo diễn),1.0,1,Tiệc trăng máu,actor-actor,False,,False,
Hồng Ánh,Lê Thiện (nghệ sĩ),2.0,2,Tiệc trăng máu|Tháng năm rực rỡ,actor-actor,False,,False,
Hồng Ánh,Hoàng Yến Chibi,1.0,1,Tháng năm rực rỡ,actor-actor,False,,False,
Hồng Ánh,Anh Thư,2.0,2,Tháng năm rực rỡ|Mười: Lời nguyền trở lại,actor-actor,False,,False,
Hồng Ánh,Vai diễn khách mời,1.0,1,Tháng năm rực rỡ,actor-actor,False,,False,
Hồng Ánh,Thanh Hằng,1.0,1,Tháng năm rực rỡ,actor-actor,False,,False,
Hồng Ánh,Mỹ Uyên,1.0,1,Tháng năm rực rỡ,actor-actor,False,,False,
Hồng Ánh,Mỹ Duyên,1.0,1,Tháng năm rực rỡ,actor-actor,False,,False,
Hồng Ánh,Văn Tùng,1.0,1,Tháng năm rực rỡ,actor-actor,False,,False,
Hồng Ánh,Lan Hương (diễn viên sinh 1961),1.0,1,Tháng năm rực rỡ,actor-actor,False,,False,
Hồng Ánh,Đức Khuê,2.0,2,Tháng năm rực rỡ|Em là bà nội của anh,actor-actor,False,,False,
Hồng Ánh,Hoàng Phúc (diễn viên),1.0,1,Tháng năm rực rỡ,actor-actor,False,,False,
Hồng Ánh,Khánh Huyền,1.0,1,Tháng năm rực rỡ,actor-actor,False,,False,
Hồng Ánh,Trúc Anh,1.0,1,Tháng năm rực rỡ,actor-actor,False,,False,
Hồng Ánh,Miu Lê,1.0,1,Em là bà nội của anh,actor-actor,False,,False,
Hồng Ánh,Minh Đức (diễn viên),1.0,1,Em là bà nội của anh,actor-actor,False,,False,
Hồng Ánh,Thanh Nam,1.0,1,Em là bà nội của anh,actor-actor,False,,False,
Hồng Ánh,Lều Phương Anh,1.0,1,Em là bà nội của anh,actor-actor,False,,False,
Hồng Ánh,Kim Xuân,1.0,1,Em là bà nội của anh,actor-actor,False,,False,
Hồng Ánh,Mai Thế Hiệp,1.0,1,Em là bà nội của anh,actor-actor,False,,False,
Hồng Ánh,Võ Ngọc Trai,1.0,1,Em là bà nội của anh,actor-actor,False,,False,
Hồng Ánh,Duy Khánh (diễn viên),1.0,1,Em là bà nội của anh,actor-actor,False,,False,
Hồng Ánh,Đàm Phương Linh,1.0,1,Em là bà nội của anh,actor-actor,False,,False,
Hồng Ánh,Harry Lu,1.0,1,Em là bà nội của anh,actor-actor,False,,False,
Hồng Ánh,Trọng Hiếu,1.0,1,Em là bà nội của anh,actor-actor,False,,False,
Hồng Ánh,Huỳnh Lập,1.0,1,Em là bà nội của anh,actor-actor,False,,False,
Hồng Ánh,Thảo Trang,1.0,1,Em là bà nội của anh,actor-actor,False,,False,
Hồng Ánh,Tăng Nhật Tuệ,1.0,1,Em là bà nội của anh,actor-actor,False,,False,
Hồng Ánh,Nguyễn Quang Dũng,1.0,1,Em là bà nội của anh,actor-actor,False,,False,
Hồng Ánh,Nguyễn Hải Phong,1.0,1,Em là bà nội của anh,actor-actor,False,,False,
Hồng Ánh,Uyên Linh,1.0,1,Em là bà nội của anh,actor-actor,False,,False,
Hồng Ánh,Đơn Dương (diễn viên),1.0,1,Đời cát,actor-actor,False,,False,
Hồng Ánh,Mai Hoa (diễn viên),1.0,1,Đời cát,actor-actor,False,,False,
Hồng Ánh,Đỗ Nguyễn Lan Hà,1.0,1,Đời cát,actor-actor,False,,False,
Hồng Ánh,Phạm Hồng Phước,1.0,1,Đảo của dân ngụ cư,director-actor,False,,False,
Hồng Ánh,Ngọc Thanh Tâm,1.0,1,Đảo của dân ngụ cư,director-actor,False,,False,
Hồng Ánh,Nhan Phúc Vinh,1.0,1,Đảo của dân ngụ cư,director-actor,False,,False,
Hồng Ánh,Ngọc Hiệp (diễn viên),1.0,1,Đảo của dân ngụ cư,director-actor,False,,False,
Hồng Ánh,Hoàng Phúc,1.0,1,Đảo của dân ngụ cư,actor-director,False,,False,
Hồng Ánh,Hoàng Nhân,1.0,1,Đảo của dân ngụ cư,actor-director,False,,False,
Hồng Ánh,Chi Pu,1.0,1,Mười: Lời nguyền trở lại,actor-actor,False,,False,
Hồng Ánh,Rima Thanh Vy,1.0,1,Mười: Lời nguyền trở lại,actor-actor,False,,False,
Hồng Ánh,Bình Minh (người mẫu),1.0,1,Mười: Lời nguyền trở lại,actor-actor,False,,False,
Hồng Ánh,Đinh Y Nhung,1.0,1,Mười: Lời nguyền trở lại,actor-actor,False,,False,
Phương Anh Đào,Hồng Đào (diễn viên),1.0,1,Mai (phim),actor-actor,False,,False,
Phương Anh Đào,Trần Tiểu Vy,1.0,1,Mai (phim),actor-actor,False,,False,
Phương Anh Đào,Thanh Hằng (nghệ sĩ cải lương),1.0,1,Mai (phim),actor-actor,False,,False,
Phương Anh Đào,Thái Hòa (diễn viên),1.0,1,Hồn papa da con gái,actor-actor,False,,False,
Phương Anh Đào,Hồng Vân (diễn viên),1.0,1,Hồn papa da con gái,actor-actor,False,,False,
Phương Anh Đào,Thành Lộc,1.0,1,Hồn papa da con gái,actor-actor,False,,False,
Phương Anh Đào,Kathy Uyên,1.0,1,Hồn papa da con gái,actor-actor,False,,False,
Phương Anh Đào,Vân Trang,1.0,1,Hồn papa da con gái,actor-actor,False,,False,
Phương Anh Đào,Mỹ Duyên,1.0,1,Hồn papa da con gái,actor-actor,False,,False,
Phương Anh Đào,Huy Khánh,1.5,1,Hồn papa da con gái,actor-actor,True,Trường Đại học Sân khấu – Điện ảnh Thành phố Hồ Chí Minh,False,
Phương Anh Đào,Lê Bình (diễn viên),1.0,1,Hồn papa da con gái,actor-actor,False,,False,
Phương Anh Đào,Jun Phạm,1.0,1,Hồn papa da con gái,actor-actor,False,,False,
Phương Anh Đào,Lê Công Hoàng (diễn viên),1.0,1,Tro tàn rực rỡ,actor-actor,False,,False,
Phương Anh Đào,Quang Tuấn,1.0,1,Tro tàn rực rỡ,actor-actor,False,,False,
Phương Anh Đào,Hạnh Thúy,1.0,1,Tro tàn rực rỡ,actor-actor,False,,False,
Phương Anh Đào,Ngọc Hiệp (diễn viên),1.0,1,Tro tàn rực rỡ,actor-actor,False,,False,
Phương Anh Đào,Mai Thế Hiệp,1.0,1,Tro tàn rực rỡ,actor-actor,False,,False,
Phương Anh Đào,Quốc Huy (diễn viên),0.5,0,,,True,Trường Đại học Sân khấu – Điện ảnh Thành phố Hồ Chí Minh,False,
Phương Anh Đào,Oanh Kiều,0.5,0,,,True,Trường Đại học Sân khấu – Điện ảnh Thành phố Hồ Chí Minh,False,
Phương Anh Đào,Lâm Vỹ Dạ,0.5,0,,,True,Trường Đại học Sân khấu – Điện ảnh Thành phố Hồ Chí Minh,False,
Phương Anh Đào,Nhã Phương (diễn viên),0.5,0,,,True,Trường Đại học Sân khấu – Điện ảnh Thành phố Hồ Chí Minh,False,
Phương Anh Đào,Quỳnh Lam,0.5,0,,,True,Trường Đại học Sân khấu – Điện ảnh Thành phố Hồ Chí Minh,False,
Phương Anh Đào,Lê Phương,0.5,0,,,True,Trường Đại học Sân khấu – Điện ảnh Thành phố Hồ Chí Minh,False,
Hồng Đào (diễn viên),Trần Tiểu Vy,1.0,1,Mai (phim),actor-actor,False,,False,
Hồng Đào (diễn viên),Thanh Hằng (nghệ sĩ cải lương),1.0,1,Mai (phim),actor-actor,False,,False,
Hồng Đào (diễn viên),Thanh Mai (MC),1.0,1,Cô thủ môn tội nghiệp,actor-actor,False,,False,
Hồng Đào (diễn viên),Lê Công Tuấn Anh,1.0,1,Cô thủ môn tội nghiệp,actor-actor,False,,False,
Hồng Đào (diễn viên),Lê Tuấn Anh (diễn viên sinh 1968),1.0,1,Cô thủ môn tội nghiệp,actor-actor,False,,False,
Hồng Đào (diễn viên),Hồng Vân (diễn viên),2.0,2,Cô thủ môn tội nghiệp|Chốt đơn!,actor-actor,False,,False,
Hồng Đào (diễn viên),Thành Lộc,1.0,1,Cô thủ môn tội nghiệp,actor-actor,False,,False,
Hồng Đào (diễn viên),Thanh Vy,1.0,1,Cô thủ môn tội nghiệp,actor-actor,False,,False,
Hồng Đào (diễn viên),Vân Sơn (nghệ sĩ hài),1.0,1,Vật đổi sao dời,actor-actor,False,,False,
Hồng Đào (diễn viên),Bảo Liêm,1.0,1,Vật đổi sao dời,actor-actor,False,,False,
Hồng Đào (diễn viên),Quang Minh (diễn viên),1.0,1,Vật đổi sao dời,actor-actor,False,,False,
Hồng Đào (diễn viên),Văn Chung (kịch sĩ),1.0,1,Vật đổi sao dời,actor-actor,False,,False,
Hồng Đào (diễn viên),Mạc Can,1.0,1,Vật đổi sao dời,actor-actor,False,,False,
Hồng Đào (diễn viên),Go Kyung-pyo,1.0,1,Mang mẹ đi bỏ,actor-actor,False,,False,
Hồng Đào (diễn viên),Lâm Vỹ Dạ,1.0,1,Mang mẹ đi bỏ,actor-actor,False,,False,
Hồng Đào (diễn viên),Nguyễn Thúc Thùy Tiên,1.0,1,Chốt đơn!,actor-actor,False,,False,
Hồng Đào (diễn viên),Quyền Linh,1.0,1,Chốt đơn!,actor-actor,False,,False,
Trần Tiểu Vy,Thanh Hằng (nghệ sĩ cải lương),1.0,1,Mai (phim),actor-actor,False,,False,
Trần Tiểu Vy,Nguyễn Cao Kỳ Duyên (người mẫu),1.0,1,Bộ tứ báo thủ,actor-actor,False,,False,
Trần Tiểu Vy,Quân A.P,1.0,1,Bộ tứ báo thủ,actor-actor,False,,False,
Thanh Hằng (nghệ sĩ cải lương),Thái Hòa (diễn viên),0.3,0,,,False,,True,"Sài Gòn, Việt Nam Cộng hòa"
Thanh Hằng (nghệ sĩ cải lương),Dustin Nguyễn,0.3,0,,,False,,True,"Sài Gòn, Việt Nam Cộng hòa"
Thanh Hằng (nghệ sĩ cải lương),Thành Lộc,0.3,0,,,False,,True,"Sài Gòn, Việt Nam Cộng hòa"
Thanh Hằng (nghệ sĩ cải lương),Huỳnh Kiến An,0.3,0,,,False,,True,"Sài Gòn, Việt Nam Cộng hòa"
Thanh Hằng (nghệ sĩ cải lương),Stephane Gauger,0.3,0,,,False,,True,"Sài Gòn, Việt Nam Cộng hòa"
Thanh Hằng (nghệ sĩ cải lương),Trần Bảo Sơn,0.3,0,,,False,,True,"Sài Gòn, Việt Nam Cộng hòa"
Thanh Hằng (nghệ sĩ cải lương),Lê Công Tuấn Anh,0.3,0,,,False,,True,"Sài Gòn, Việt Nam Cộng hòa"
Thanh Hằng (nghệ sĩ cải lương),Vân Sơn (nghệ sĩ hài),0.3,0,,,False,,True,"Sài Gòn, Việt Nam Cộng hòa"
Thanh Hằng (nghệ sĩ cải lương),Bảo Liêm,0.3,0,,,False,,True,"Sài Gòn, Việt Nam Cộng hòa"
Thanh Hằng (nghệ sĩ cải lương),Mỹ Duyên,0.3,0,,,False,,True,"Sài Gòn, Việt Nam Cộng hòa"
Thanh Hằng (nghệ sĩ cải lương),Hương Giang (diễn viên),0.3,0,,,False,,True,"Sài Gòn, Việt Nam Cộng hòa"
Thanh Hằng (nghệ sĩ cải lương),Trương Minh Quốc Thái,0.3,0,,,False,,True,"Sài Gòn, Việt Nam Cộng hòa"
Thanh Hằng (nghệ sĩ cải lương),Cẩm Ly,0.3,0,,,False,,True,"Sài Gòn, Việt Nam Cộng hòa"
Thanh Hằng (nghệ sĩ cải lương),Kiến An (diễn viên),0.3,0,,,False,,True,"Sài Gòn, Việt Nam Cộng hòa"
Thanh Hằng (nghệ sĩ cải lương),Vũ Hà (ca sĩ),0.3,0,,,False,,True,"Sài Gòn, Việt Nam Cộng hòa"
Thanh Hằng (nghệ sĩ cải lương),Phạm Thị Ngọc Trinh,0.3,0,,,False,,True,"Sài Gòn, Việt Nam Cộng hòa"
Nguyễn Cao Kỳ Duyên (người mẫu),Quân A.P,1.0,1,Bộ tứ báo thủ,actor-actor,False,,False,
Quân A.P,Dương Hoàng Anh,0.3,0,,,False,,True,"Hà Nội, Việt Nam"
Quân A.P,Châu Bùi,0.3,0,,,False,,True,"Hà Nội, Việt Nam"
Quân A.P,Hoàng Yến Chibi,0.3,0,,,False,,True,"Hà Nội, Việt Nam"
Quân A.P,Hoàng Thùy Linh,0.3,0,,,False,,True,"Hà Nội, Việt Nam"
Quân A.P,Phạm Quỳnh Anh,0.3,0,,,False,,True,"Hà Nội, Việt Nam"
Quân A.P,Chi Pu,0.3,0,,,False,,True,"Hà Nội, Việt Nam"
Quân A.P,Tăng Nhật Tuệ,0.3,0,,,False,,True,"Hà Nội, Việt Nam"
Quân A.P,Đức Phúc,0.3,0,,,False,,True,"Hà Nội, Việt Nam"
Quân A.P,Công Dương,0.3,0,,,False,,True,"Hà Nội, Việt Nam"
Quân A.P,Hoàng Hà (diễn viên),0.3,0,,,False,,True,"Hà Nội, Việt Nam"
Quân A.P,Bùi Lan Hương,0.3,0,,,False,,True,"Hà Nội, Việt Nam"
Quân A.P,Mai Thu Huyền,0.3,0,,,False,,True,"Hà Nội, Việt Nam"
Quân A.P,Thùy Anh,0.3,0,,,False,,True,"Hà Nội, Việt Nam"
Quân A.P,Lương Mạnh Hải,0.3,0,,,False,,True,"Hà Nội, Việt Nam"
Quân A.P,Kiều Thanh,0.3,0,,,False,,True,"Hà Nội, Việt Nam"
Quân A.P,Lã Thanh Huyền,0.3,0,,,False,,True,"Hà Nội, Việt Nam"
Thái Hòa (diễn viên),Tinna Tình,1.0,1,Long Ruồi,actor-actor,False,,False,
Thái Hòa (diễn viên),Phi Thanh Vân,2.0,2,Long Ruồi|Lửa Phật,actor-actor,False,,False,
Thái Hòa (diễn viên),Khương Ngọc,1.0,1,Long Ruồi,actor-actor,False,,False,
Thái Hòa (diễn viên),Mai Thành,1.0,1,Long Ruồi,actor-actor,False,,False,
Thái Hòa (diễn viên),Nguyễn Hậu,5.0,5,Long Ruồi|Tèo em|Lửa Phật|Để Mai tính|Để mai tính,actor-actor,False,,False,
Thái Hòa (diễn viên),Quốc Huy (diễn viên),1.0,1,Long Ruồi,actor-actor,False,,False,
Thái Hòa (diễn viên),Jayvee Mai Thế Hiệp,1.0,1,Long Ruồi,actor-actor,False,,False,
Thái Hòa (diễn viên),Thanh Bùi,1.0,1,Long Ruồi,actor-actor,False,,False,
Thái Hòa (diễn viên),Johnny Trí Nguyễn,5.0,5,Tèo em|Để Mai tính|Cưới ngay kẻo lỡ|Để Mai tính 2|Để mai tính,actor-actor,False,,False,
Thái Hòa (diễn viên),Yaya Trương Nhi,2.0,2,Tèo em|Để Mai tính 2,actor-actor,False,,False,
Thái Hòa (diễn viên),Thân Thúy Hà,1.0,1,Tèo em,actor-actor,False,,False,
Thái Hòa (diễn viên),Ngọc Diệp,3.0,3,Tèo em|Lửa Phật|Cưới ngay kẻo lỡ,actor-actor,False,,False,
Thái Hòa (diễn viên),Mai Thế Hiệp,1.0,1,Tèo em,actor-actor,False,,False,
Thái Hòa (diễn viên),Dustin Nguyễn,4.3,4,Lửa Phật|Để Mai tính|Để Mai tính 2|Để mai tính,actor-actor,False,,True,"Sài Gòn, Việt Nam Cộng hòa"
Thái Hòa (diễn viên),Xuân Phát,1.0,1,Lửa Phật,actor-actor,False,,False,
Thái Hòa (diễn viên),Bùi Văn Hải,3.0,3,Lửa Phật|Để Mai tính|Để mai tính,actor-actor,False,,False,
Thái Hòa (diễn viên),Kiều Mai Lý,1.0,1,Lửa Phật,actor-actor,False,,False,
Thái Hòa (diễn viên),Nhã Phương (diễn viên),1.0,1,Quả tim máu,actor-actor,False,,False,
Thái Hòa (diễn viên),Quý Bình,1.0,1,Quả tim máu,actor-actor,False,,False,
Thái Hòa (diễn viên),Hoàng Bách,1.0,1,Quả tim máu,actor-actor,False,,False,
Thái Hòa (diễn viên),Tú Vi,1.0,1,Quả tim máu,actor-actor,False,,False,
Thái Hòa (diễn viên),Kim Xuân,1.0,1,Quả tim máu,actor-actor,False,,False,
Thái Hòa (diễn viên),Văn Tùng,1.0,1,Quả tim máu,actor-actor,False,,False,
Thái Hòa (diễn viên),Kathy Uyên,4.0,4,Để Mai tính|Để Mai tính 2|Hồn papa da con gái|Để mai tính,actor-actor,False,,False,
Thái Hòa (diễn viên),Maryline Tâm Võ,2.0,2,Để Mai tính|Để mai tính,actor-actor,False,,False,
Thái Hòa (diễn viên),Leon Lê,2.0,2,Để Mai tính|Để mai tính,actor-actor,False,,False,
Thái Hòa (diễn viên),Trần Trung Lĩnh,2.0,2,Để Mai tính|Để mai tính,actor-actor,False,,False,
Thái Hòa (diễn viên),Bình Minh (người mẫu),2.0,2,Để Mai tính|Để mai tính,actor-actor,False,,False,
Thái Hòa (diễn viên),Trương Thế Vinh,2.0,2,Để Mai tính|Để mai tính,actor-actor,False,,False,
Thái Hòa (diễn viên),Dominic Pereira,2.0,2,Để Mai tính|Để mai tính,actor-actor,False,,False,
Thái Hòa (diễn viên),Thanh Thủy (diễn viên),1.0,1,Cưới ngay kẻo lỡ,actor-actor,False,,False,
Thái Hòa (diễn viên),Nguyễn Chánh Tín,1.0,1,Cưới ngay kẻo lỡ,actor-actor,False,,False,
Thái Hòa (diễn viên),Diễm My,1.0,1,Cưới ngay kẻo lỡ,actor-actor,False,,False,
Thái Hòa (diễn viên),Minh Đức (diễn viên),1.0,1,Cưới ngay kẻo lỡ,actor-actor,False,,False,
Thái Hòa (diễn viên),Hữu Luân,1.0,1,Cưới ngay kẻo lỡ,actor-actor,False,,False,
Thái Hòa (diễn viên),Hồ Kiểng,1.0,1,Cưới ngay kẻo lỡ,actor-actor,False,,False,
Thái Hòa (diễn viên),Quang Sự,1.0,1,Để Mai tính 2,actor-actor,False,,False,
Thái Hòa (diễn viên),Diễm My 9x,1.0,1,Để Mai tính 2,actor-actor,False,,False,
Thái Hòa (diễn viên),Huy Khánh,2.0,2,Để Mai tính 2|Hồn papa da con gái,actor-actor,False,,False,
Thái Hòa (diễn viên),Thu Trang,2.0,2,Để Mai tính 2|Tiệc trăng máu,actor-actor,False,,False,
Thái Hòa (diễn viên),Huỳnh Anh Tuấn,1.0,1,Để Mai tính 2,actor-actor,False,,False,
Thái Hòa (diễn viên),Petey Majik Nguyễn,1.0,1,Để Mai tính 2,actor-actor,False,,False,
Thái Hòa (diễn viên),David Phạm,1.0,1,Để Mai tính 2,actor-actor,False,,False,
Thái Hòa (diễn viên),Hồng Vân (diễn viên),1.0,1,Hồn papa da con gái,actor-actor,False,,False,
Thái Hòa (diễn viên),Thành Lộc,1.3,1,Hồn papa da con gái,actor-actor,False,,True,"Sài Gòn, Việt Nam Cộng hòa"
Thái Hòa (diễn viên),Vân Trang,1.0,1,Hồn papa da con gái,actor-actor,False,,False,
Thái Hòa (diễn viên),Mỹ Duyên,1.3,1,Hồn papa da con gái,actor-actor,False,,True,"Sài Gòn, Việt Nam Cộng hòa"
Thái Hòa (diễn viên),Lê Bình (diễn viên),1.0,1,Hồn papa da con gái,actor-actor,False,,False,
Thái Hòa (diễn viên),Jun Phạm,1.0,1,Hồn papa da con gái,actor-actor,False,,False,
Thái Hòa (diễn viên),Đức Thịnh (đạo diễn),1.0,1,Tiệc trăng máu,actor-actor,False,,False,
Thái Hòa (diễn viên),Lê Thiện (nghệ sĩ),1.0,1,Tiệc trăng máu,actor-actor,False,,False,
Thái Hòa (diễn viên),Nguyễn Quang Dũng (đạo diễn),1.0,1,Tiệc trăng máu,director-actor,False,,False,
Thái Hòa (diễn viên),không tặc,1.0,1,Tử chiến trên không,actor-actor,False,,False,
Thái Hòa (diễn viên),tâm lý,1.0,1,Tử chiến trên không,actor-actor,False,,False,
Thái Hòa (diễn viên),Đan Trường,1.0,1,Võ lâm truyền kỳ (phim),actor-actor,False,,False,
Thái Hòa (diễn viên),Chi Bảo,1.0,1,Võ lâm truyền kỳ (phim),actor-actor,False,,False,
Thái Hòa (diễn viên),Thanh Thảo (ca sĩ),1.0,1,Võ lâm truyền kỳ (phim),actor-actor,False,,False,
Thái Hòa (diễn viên),Vũ Thu Phương,1.0,1,Võ lâm truyền kỳ (phim),actor-actor,False,,False,
Thái Hòa (diễn viên),Cát Phượng,1.0,1,Võ lâm truyền kỳ (phim),actor-actor,False,,False,
Thái Hòa (diễn viên),Marilyn Monroe,1.0,1,Võ lâm truyền kỳ (phim),actor-actor,False,,False,
Thái Hòa (diễn viên),Michael Jackson,1.0,1,Võ lâm truyền kỳ (phim),actor-actor,False,,False,
Thái Hòa (diễn viên),Khánh Nam (diễn viên),1.0,1,Võ lâm truyền kỳ (phim),actor-actor,False,,False,
Thái Hòa (diễn viên),Charlie Chaplin,1.0,1,Võ lâm truyền kỳ (phim),actor-actor,False,,False,
Thái Hòa (diễn viên),Minh Béo,1.0,1,Võ lâm truyền kỳ (phim),actor-actor,False,,False,
Thái Hòa (diễn viên),Hữu Lộc,1.0,1,Võ lâm truyền kỳ (phim),actor-actor,False,,False,
Thái Hòa (diễn viên),đỏ,1.0,1,Võ lâm truyền kỳ (phim),actor-actor,False,,False,
Thái Hòa (diễn viên),Da cam,1.0,1,Võ lâm truyền kỳ (phim),actor-actor,False,,False,
Thái Hòa (diễn viên),Xuân Lan,1.0,1,Cái giá của hạnh phúc,actor-actor,False,,False,
Thái Hòa (diễn viên),Quang Minh (diễn viên),1.0,1,Cái giá của hạnh phúc,actor-actor,False,,False,
Thái Hòa (diễn viên),Quang Tuấn,1.0,1,Địa đạo: Mặt trời trong bóng tối,actor-actor,False,,False,
Thái Hòa (diễn viên),Tô Văn Đực,1.0,1,Địa đạo: Mặt trời trong bóng tối,actor-actor,False,,False,
Thái Hòa (diễn viên),Huỳnh Kiến An,0.3,0,,,False,,True,"Sài Gòn, Việt Nam Cộng hòa"
Thái Hòa (diễn viên),Stephane Gauger,0.3,0,,,False,,True,"Sài Gòn, Việt Nam Cộng hòa"
Thái Hòa (diễn viên),Trần Bảo Sơn,0.3,0,,,False,,True,"Sài Gòn, Việt Nam Cộng hòa"
Thái Hòa (diễn viên),Lê Công Tuấn Anh,0.3,0,,,False,,True,"Sài Gòn, Việt Nam Cộng hòa"
Thái Hòa (diễn viên),Vân Sơn (nghệ sĩ hài),0.3,0,,,False,,True,"Sài Gòn, Việt Nam Cộng hòa"
Thái Hòa (diễn viên),Bảo Liêm,0.3,0,,,False,,True,"Sài Gòn, Việt Nam Cộng hòa"
Thái Hòa (diễn viên),Hương Giang (diễn viên),0.3,0,,,False,,True,"Sài Gòn, Việt Nam Cộng hòa"
Thái Hòa (diễn viên),Trương Minh Quốc Thái,0.3,0,,,False,,True,"Sài Gòn, Việt Nam Cộng hòa"
Thái Hòa (diễn viên),Cẩm Ly,0.3,0,,,False,,True,"Sài Gòn, Việt Nam Cộng hòa"
Thái Hòa (diễn viên),Kiến An (diễn viên),0.3,0,,,False,,True,"Sài Gòn, Việt Nam Cộng hòa"
Thái Hòa (diễn viên),Vũ Hà (ca sĩ),0.3,0,,,False,,True,"Sài Gòn, Việt Nam Cộng hòa"
Thái Hòa (diễn viên),Phạm Thị Ngọc Trinh,0.3,0,,,False,,True,"Sài Gòn, Việt Nam Cộng hòa"
Tinna Tình,Phi Thanh Vân,1.0,1,Long Ruồi,actor-actor,False,,False,
Tinna Tình,Khương Ngọc,1.0,1,Long Ruồi,actor-actor,False,,False,
Tinna Tình,Mai Thành,1.0,1,Long Ruồi,actor-actor,False,,False,
Tinna Tình,Nguyễn Hậu,1.0,1,Long Ruồi,actor-actor,False,,False,
Tinna Tình,Quốc Huy (diễn viên),1.0,1,Long Ruồi,actor-actor,False,,False,
Tinna Tình,Jayvee Mai Thế Hiệp,1.0,1,Long Ruồi,actor-actor,False,,False,
Tinna Tình,Thanh Bùi,1.0,1,Long Ruồi,actor-actor,False,,False,
Phi Thanh Vân,Khương Ngọc,1.0,1,Long Ruồi,actor-actor,False,,False,
Phi Thanh Vân,Mai Thành,2.0,2,Long Ruồi|Cô dâu đại chiến,actor-actor,False,,False,
Phi Thanh Vân,Nguyễn Hậu,2.0,2,Long Ruồi|Lửa Phật,actor-actor,False,,False,
Phi Thanh Vân,Quốc Huy (diễn viên),1.0,1,Long Ruồi,actor-actor,False,,False,
Phi Thanh Vân,Jayvee Mai Thế Hiệp,1.0,1,Long Ruồi,actor-actor,False,,False,
Phi Thanh Vân,Thanh Bùi,1.0,1,Long Ruồi,actor-actor,False,,False,
Phi Thanh Vân,Dustin Nguyễn,2.0,2,Trúng số (phim 2015)|Lửa Phật,actor-actor,False,,False,
Phi Thanh Vân,Thu Trang,1.0,1,Trúng số (phim 2015),actor-actor,False,,False,
Phi Thanh Vân,Kim Xuân,2.0,2,Trúng số (phim 2015)|Giấc mơ của mẹ,actor-actor,False,,False,
Phi Thanh Vân,Mai Thế Hiệp,1.0,1,Trúng số (phim 2015),actor-actor,False,,False,
Phi Thanh Vân,Thụy Mười,1.0,1,Trúng số (phim 2015),actor-actor,False,,False,
Phi Thanh Vân,Ngọc Diệp,2.0,2,Lửa Phật|Cô dâu đại chiến,actor-actor,False,,False,
Phi Thanh Vân,Xuân Phát,1.0,1,Lửa Phật,actor-actor,False,,False,
Phi Thanh Vân,Bùi Văn Hải,1.0,1,Lửa Phật,actor-actor,False,,False,
Phi Thanh Vân,Kiều Mai Lý,1.0,1,Lửa Phật,actor-actor,False,,False,
Phi Thanh Vân,Huy Khánh,2.0,2,Cô dâu đại chiến|Cột mốc 23,actor-actor,False,,False,
Phi Thanh Vân,Ngân Khánh,1.0,1,Cô dâu đại chiến,actor-actor,False,,False,
Phi Thanh Vân,Vân Trang,1.0,1,Cô dâu đại chiến,actor-actor,False,,False,
Phi Thanh Vân,Lê Khánh,1.0,1,Cô dâu đại chiến,actor-actor,False,,False,
Phi Thanh Vân,Đại Nghĩa (diễn viên),1.0,1,Cô dâu đại chiến,actor-actor,False,,False,
Phi Thanh Vân,Võ Thanh Hòa,1.0,1,Cô dâu đại chiến,actor-actor,False,,False,
Phi Thanh Vân,Đinh Tiến Đạt,1.0,1,Cô dâu đại chiến,actor-actor,False,,False,
Phi Thanh Vân,Minh Thuận (ca sĩ),1.0,1,Cô dâu đại chiến,actor-actor,False,,False,
Phi Thanh Vân,Hồng Vân (diễn viên),1.0,1,Giấc mơ của mẹ,actor-actor,False,,False,
Phi Thanh Vân,Nhan Phúc Vinh,1.0,1,Giấc mơ của mẹ,actor-actor,False,,False,
Phi Thanh Vân,Diễm My (diễn viên),1.0,1,Giấc mơ của mẹ,actor-actor,False,,False,
Phi Thanh Vân,Huỳnh Anh Tuấn,1.0,1,Giấc mơ của mẹ,actor-actor,False,,False,
Phi Thanh Vân,Hương Giang (diễn viên),1.0,1,Giấc mơ của mẹ,actor-actor,False,,False,
Phi Thanh Vân,Khánh Huyền,1.0,1,Giấc mơ của mẹ,actor-actor,False,,False,
Phi Thanh Vân,Miu Lê,1.0,1,Những thiên thần áo trắng,actor-actor,False,,False,
Phi Thanh Vân,Nam Cường (ca sĩ),1.0,1,Những thiên thần áo trắng,actor-actor,False,,False,
Phi Thanh Vân,Nhã Phương (diễn viên),1.0,1,Những thiên thần áo trắng,actor-actor,False,,False,
Phi Thanh Vân,Mai Phương (diễn viên),1.0,1,Những thiên thần áo trắng,actor-actor,False,,False,
Phi Thanh Vân,Midu,1.0,1,Những thiên thần áo trắng,actor-actor,False,,False,
Phi Thanh Vân,Mỹ Duyên,1.0,1,Những thiên thần áo trắng,actor-actor,False,,False,
Phi Thanh Vân,Dương Hoàng Anh,1.0,1,Những thiên thần áo trắng,actor-actor,False,,False,
Phi Thanh Vân,Thanh Hoàng (nghệ sĩ),1.0,1,Những thiên thần áo trắng,actor-actor,False,,False,
Phi Thanh Vân,Bảo Trúc,1.0,1,Cột mốc 23,actor-actor,False,,False,
Phi Thanh Vân,Quốc Cường,1.0,1,Cột mốc 23,actor-actor,False,,False,
Phi Thanh Vân,Diễm Châu,1.0,1,Cột mốc 23,actor-actor,False,,False,
Phi Thanh Vân,Võ Thành Tâm,1.0,1,Cột mốc 23,actor-actor,False,,False,
Phi Thanh Vân,Tiết Cương,1.0,1,Cột mốc 23,actor-actor,False,,False,
Phi Thanh Vân,Thân Thúy Hà,1.0,1,Cột mốc 23,actor-actor,False,,False,
Phi Thanh Vân,Mạnh Hùng,1.0,1,Cột mốc 23,actor-actor,False,,False,
Phi Thanh Vân,Quốc Thuận,1.0,1,Cột mốc 23,actor-actor,False,,False,
Phi Thanh Vân,Thanh Vy,1.0,1,Cột mốc 23,actor-actor,False,,False,
Khương Ngọc,Mai Thành,1.0,1,Long Ruồi,actor-actor,False,,False,
Khương Ngọc,Nguyễn Hậu,3.0,3,Long Ruồi|Sài Gòn Yo!|Tiền chùa,actor-actor,False,,False,
Khương Ngọc,Quốc Huy (diễn viên),1.0,1,Long Ruồi,actor-actor,False,,False,
Khương Ngọc,Jayvee Mai Thế Hiệp,1.0,1,Long Ruồi,actor-actor,False,,False,
Khương Ngọc,Thanh Bùi,1.0,1,Long Ruồi,actor-actor,False,,False,
Khương Ngọc,Midu,1.0,1,Thiên mệnh anh hùng,actor-actor,False,,False,
Khương Ngọc,Vân Trang,5.5,5,Thiên mệnh anh hùng|Scandal: Bí mật thảm đỏ|Cô dâu đại chiến 2|Sài Gòn Yo!|Tiền chùa,actor-actor,True,Trường Đại học Sân khấu - Điện ảnh Thành phố Hồ Chí Minh,False,
Khương Ngọc,Nguyễn Thị Anh,1.0,1,Thiên mệnh anh hùng,actor-actor,False,,False,
Khương Ngọc,Kim Hiền (diễn viên),1.0,1,Thiên mệnh anh hùng,actor-actor,False,,False,
Khương Ngọc,Minh Thuận (ca sĩ),3.0,3,Thiên mệnh anh hùng|Scandal: Bí mật thảm đỏ|Cô dâu đại chiến 2,actor-actor,False,,False,
Khương Ngọc,Mai Thế Hiệp,4.0,4,Thiên mệnh anh hùng|Scandal: Bí mật thảm đỏ|Cô dâu đại chiến 2|Tiền chùa,actor-actor,False,,False,
Khương Ngọc,Maya (ca sĩ),2.0,2,Scandal: Bí mật thảm đỏ|Cô dâu đại chiến 2,actor-actor,False,,False,
Khương Ngọc,Dương Hoàng Anh,1.0,1,Scandal: Bí mật thảm đỏ,actor-actor,False,,False,
Khương Ngọc,Dương Khắc Linh,1.0,1,Scandal: Bí mật thảm đỏ,actor-actor,False,,False,
Khương Ngọc,Bình Minh (người mẫu),1.0,1,Cô dâu đại chiến 2,actor-actor,False,,False,
Khương Ngọc,Lê Khánh,1.0,1,Cô dâu đại chiến 2,actor-actor,False,,False,
Khương Ngọc,Hoàng Bách,1.0,1,Cô dâu đại chiến 2,actor-actor,False,,False,
Khương Ngọc,Đại Nghĩa (diễn viên),1.0,1,Cô dâu đại chiến 2,actor-actor,False,,False,
Khương Ngọc,Thu Trang,1.0,1,Cô dâu đại chiến 2,actor-actor,False,,False,
Khương Ngọc,Hạnh Thúy,1.5,1,Cô dâu đại chiến 2,actor-actor,True,Trường Đại học Sân khấu - Điện ảnh Thành phố Hồ Chí Minh,False,
Khương Ngọc,Elly Trần,1.0,1,Sài Gòn Yo!,actor-actor,False,,False,
Khương Ngọc,Tấn Thi,1.0,1,Sài Gòn Yo!,actor-actor,False,,False,
Khương Ngọc,Kim Xuân,1.0,1,Sài Gòn Yo!,actor-actor,False,,False,
Khương Ngọc,Hồ Bích Trâm,1.0,1,Sài Gòn Yo!,actor-actor,False,,False,
Khương Ngọc,Mai Ngô,1.0,1,Sài Gòn Yo!,actor-actor,False,,False,
Khương Ngọc,Lê Bình (diễn viên),1.0,1,Tiền chùa,actor-actor,False,,False,
Khương Ngọc,Nhã Phương,1.0,1,Song song (phim),actor-actor,False,,False,
Khương Ngọc,Trương Thế Vinh,1.0,1,Song song (phim),actor-actor,False,,False,
Khương Ngọc,Trung Anh,1.0,1,Song song (phim),actor-actor,False,,False,
Khương Ngọc,Trương Quỳnh Anh,0.3,0,,,False,,True,"Nha Trang, Khánh Hòa, Việt Nam"
Khương Ngọc,Thúy Nga (nghệ sĩ),0.3,0,,,False,,True,"Nha Trang, Khánh Hòa, Việt Nam"
Khương Ngọc,Ngọc Thanh Tâm,0.3,0,,,False,,True,"Nha Trang, Khánh Hòa, Việt Nam"
Khương Ngọc,Ốc Thanh Vân,0.5,0,,,True,Trường Đại học Sân khấu - Điện ảnh Thành phố Hồ Chí Minh,False,
Mai Thành,Nguyễn Hậu,2.0,2,Long Ruồi|Chuyện tình xa xứ,actor-actor,False,,False,
Mai Thành,Quốc Huy (diễn viên),1.0,1,Long Ruồi,actor-actor,False,,False,
Mai Thành,Jayvee Mai Thế Hiệp,1.0,1,Long Ruồi,actor-actor,False,,False,
Mai Thành,Thanh Bùi,1.0,1,Long Ruồi,actor-actor,False,,False,
Mai Thành,Bình Minh (người mẫu),1.0,1,Chuyện tình xa xứ,actor-actor,False,,False,
Mai Thành,Huy Khánh,2.0,2,Chuyện tình xa xứ|Cô dâu đại chiến,actor-actor,False,,False,
Mai Thành,Đinh Ngọc Diệp,1.0,1,Chuyện tình xa xứ,actor-actor,False,,False,
Mai Thành,Kathy Uyên,1.0,1,Chuyện tình xa xứ,actor-actor,False,,False,
Mai Thành,Tăng Bảo Quyên,1.0,1,Chuyện tình xa xứ,actor-actor,False,,False,
Mai Thành,Kim Xuân,1.0,1,Chuyện tình xa xứ,actor-actor,False,,False,
Mai Thành,Mai Sơn Lâm,1.0,1,Chuyện tình xa xứ,actor-actor,False,,False,
Mai Thành,Mạc Anh Thư,1.0,1,Chuyện tình xa xứ,actor-actor,False,,False,
Mai Thành,Tấn Thi,1.0,1,Chuyện tình xa xứ,actor-actor,False,,False,
Mai Thành,Ngọc Diệp,1.0,1,Cô dâu đại chiến,actor-actor,False,,False,
Mai Thành,Ngân Khánh,1.0,1,Cô dâu đại chiến,actor-actor,False,,False,
Mai Thành,Vân Trang,1.0,1,Cô dâu đại chiến,actor-actor,False,,False,
Mai Thành,Lê Khánh,1.0,1,Cô dâu đại chiến,actor-actor,False,,False,
Mai Thành,Đại Nghĩa (diễn viên),1.0,1,Cô dâu đại chiến,actor-actor,False,,False,
Mai Thành,Võ Thanh Hòa,1.0,1,Cô dâu đại chiến,actor-actor,False,,False,
Mai Thành,Đinh Tiến Đạt,1.0,1,Cô dâu đại chiến,actor-actor,False,,False,
Mai Thành,Minh Thuận (ca sĩ),1.0,1,Cô dâu đại chiến,actor-actor,False,,False,
Nguyễn Hậu,Quốc Huy (diễn viên),1.0,1,Long Ruồi,actor-actor,False,,False,
Nguyễn Hậu,Jayvee Mai Thế Hiệp,1.0,1,Long Ruồi,actor-actor,False,,False,
Nguyễn Hậu,Thanh Bùi,1.0,1,Long Ruồi,actor-actor,False,,False,
Nguyễn Hậu,Johnny Trí Nguyễn,5.0,5,Tèo em|Dòng máu anh hùng|Bẫy rồng|Để Mai tính|Để mai tính,actor-actor,False,,False,
Nguyễn Hậu,Yaya Trương Nhi,1.0,1,Tèo em,actor-actor,False,,False,
Nguyễn Hậu,Thân Thúy Hà,1.0,1,Tèo em,actor-actor,False,,False,
Nguyễn Hậu,Ngọc Diệp,2.0,2,Tèo em|Lửa Phật,actor-actor,False,,False,
Nguyễn Hậu,Mai Thế Hiệp,2.0,2,Tèo em|Tiền chùa,actor-actor,False,,False,
Nguyễn Hậu,Đế quốc thực dân Pháp,1.0,1,Dòng máu anh hùng,actor-actor,False,,False,
Nguyễn Hậu,Dustin Nguyễn,4.0,4,Dòng máu anh hùng|Lửa Phật|Để Mai tính|Để mai tính,actor-actor,False,,False,
Nguyễn Hậu,gái mại dâm,1.0,1,Dòng máu anh hùng,actor-actor,False,,False,
Nguyễn Hậu,Nguyễn Chánh Tín,1.0,1,Dòng máu anh hùng,actor-actor,False,,False,
Nguyễn Hậu,Nguyễn Văn Đây,1.0,1,Dòng máu anh hùng,actor-actor,False,,False,
Nguyễn Hậu,Nguyễn Thắng,1.0,1,Dòng máu anh hùng,actor-actor,False,,False,
Nguyễn Hậu,Stephane Gauger,1.0,1,Dòng máu anh hùng,actor-actor,False,,False,
Nguyễn Hậu,David Minetti,1.0,1,Dòng máu anh hùng,actor-actor,False,,False,
Nguyễn Hậu,Quốc Cường,1.0,1,Dòng máu anh hùng,actor-actor,False,,False,
Nguyễn Hậu,Hoàng Phúc (diễn viên),1.0,1,Bẫy rồng,actor-actor,False,,False,
Nguyễn Hậu,Lâm Minh Thắng,1.0,1,Bẫy rồng,actor-actor,False,,False,
Nguyễn Hậu,Xuân Phát,1.0,1,Lửa Phật,actor-actor,False,,False,
Nguyễn Hậu,Bùi Văn Hải,3.0,3,Lửa Phật|Để Mai tính|Để mai tính,actor-actor,False,,False,
Nguyễn Hậu,Kiều Mai Lý,1.0,1,Lửa Phật,actor-actor,False,,False,
Nguyễn Hậu,Bình Minh (người mẫu),3.0,3,Chuyện tình xa xứ|Để Mai tính|Để mai tính,actor-actor,False,,False,
Nguyễn Hậu,Huy Khánh,1.0,1,Chuyện tình xa xứ,actor-actor,False,,False,
Nguyễn Hậu,Đinh Ngọc Diệp,1.0,1,Chuyện tình xa xứ,actor-actor,False,,False,
Nguyễn Hậu,Kathy Uyên,3.0,3,Chuyện tình xa xứ|Để Mai tính|Để mai tính,actor-actor,False,,False,
Nguyễn Hậu,Tăng Bảo Quyên,1.0,1,Chuyện tình xa xứ,actor-actor,False,,False,
Nguyễn Hậu,Kim Xuân,2.0,2,Chuyện tình xa xứ|Sài Gòn Yo!,actor-actor,False,,False,
Nguyễn Hậu,Mai Sơn Lâm,1.0,1,Chuyện tình xa xứ,actor-actor,False,,False,
Nguyễn Hậu,Mạc Anh Thư,1.0,1,Chuyện tình xa xứ,actor-actor,False,,False,
Nguyễn Hậu,Tấn Thi,2.0,2,Chuyện tình xa xứ|Sài Gòn Yo!,actor-actor,False,,False,
Nguyễn Hậu,Maryline Tâm Võ,2.0,2,Để Mai tính|Để mai tính,actor-actor,False,,False,
Nguyễn Hậu,Leon Lê,2.0,2,Để Mai tính|Để mai tính,actor-actor,False,,False,
Nguyễn Hậu,Trần Trung Lĩnh,2.0,2,Để Mai tính|Để mai tính,actor-actor,False,,False,
Nguyễn Hậu,Trương Thế Vinh,2.0,2,Để Mai tính|Để mai tính,actor-actor,False,,False,
Nguyễn Hậu,Dominic Pereira,2.0,2,Để Mai tính|Để mai tính,actor-actor,False,,False,
Nguyễn Hậu,Harry Lu,1.0,1,Thần tượng (phim),actor-actor,False,,False,
Nguyễn Hậu,Hoàng Thùy Linh,1.0,1,Thần tượng (phim),actor-actor,False,,False,
Nguyễn Hậu,Văn Tùng,1.0,1,Thần tượng (phim),actor-actor,False,,False,
Nguyễn Hậu,Phạm Quỳnh Anh,1.0,1,Thần tượng (phim),actor-actor,False,,False,
Nguyễn Hậu,Quang Thắng,1.0,1,Thần tượng (phim),actor-actor,False,,False,
Nguyễn Hậu,Chi Pu,1.0,1,Thần tượng (phim),actor-actor,False,,False,
Nguyễn Hậu,Lý Huỳnh,1.0,1,Hai Cũ,actor-actor,False,,False,
Nguyễn Hậu,Đơn Dương (diễn viên),1.0,1,Hai Cũ,actor-actor,False,,False,
Nguyễn Hậu,Lý Hùng,1.0,1,Hai Cũ,actor-actor,False,,False,
Nguyễn Hậu,Thương Tín (diễn viên),1.0,1,Hai Cũ,actor-actor,False,,False,
Nguyễn Hậu,Phương Thanh (diễn viên),1.0,1,Hai Cũ,actor-actor,False,,False,
Nguyễn Hậu,Thùy Liên,1.0,1,Hai Cũ,actor-actor,False,,False,
Nguyễn Hậu,Khương Mễ,1.0,1,Hai Cũ,actor-actor,False,,False,
Nguyễn Hậu,Hồ Kiểng,1.0,1,Hai Cũ,actor-actor,False,,False,
Nguyễn Hậu,Mạc Can,1.0,1,Hai Cũ,actor-actor,False,,False,
Nguyễn Hậu,Vân Trang,2.0,2,Sài Gòn Yo!|Tiền chùa,actor-actor,False,,False,
Nguyễn Hậu,Elly Trần,1.0,1,Sài Gòn Yo!,actor-actor,False,,False,
Nguyễn Hậu,Hồ Bích Trâm,1.0,1,Sài Gòn Yo!,actor-actor,False,,False,
Nguyễn Hậu,Mai Ngô,1.0,1,Sài Gòn Yo!,actor-actor,False,,False,
Nguyễn Hậu,Trung Dũng (diễn viên),1.0,1,Lạc giới,actor-actor,False,,False,
Nguyễn Hậu,Mai Thu Huyền,1.0,1,Lạc giới,actor-actor,False,,False,
Nguyễn Hậu,Bình An (diễn viên),1.0,1,Lạc giới,actor-actor,False,,False,
Nguyễn Hậu,Thành Lộc,1.0,1,Lạc giới,actor-actor,False,,False,
Nguyễn Hậu,Lê Bình (diễn viên),1.0,1,Tiền chùa,actor-actor,False,,False,
Quốc Huy (diễn viên),Jayvee Mai Thế Hiệp,1.0,1,Long Ruồi,actor-actor,False,,False,
Quốc Huy (diễn viên),Thanh Bùi,1.0,1,Long Ruồi,actor-actor,False,,False,
Quốc Huy (diễn viên),Cao Thái Hà,1.3,1,Trại hoa đỏ (phim),actor-actor,False,,True,"Cần Thơ, Việt Nam"
Quốc Huy (diễn viên),Hạnh Thúy,1.0,1,Trại hoa đỏ (phim),actor-actor,False,,False,
Quốc Huy (diễn viên),Kim Hiền (diễn viên),1.0,1,Ngũ quái Sài Gòn,actor-actor,False,,False,
Quốc Huy (diễn viên),File:LÊ PHƯƠNG 2023.jpg,1.0,1,Vong nhi,actor-actor,False,,False,
Quốc Huy (diễn viên),Lê Phương,1.5,1,Vong nhi,actor-actor,True,Trường Đại học Sân khấu – Điện ảnh Thành phố Hồ Chí Minh,False,
Quốc Huy (diễn viên),Nhật Kim Anh,1.0,1,Vong nhi,actor-actor,False,,False,
Quốc Huy (diễn viên),Oanh Kiều,0.5,0,,,True,Trường Đại học Sân khấu – Điện ảnh Thành phố Hồ Chí Minh,False,
Quốc Huy (diễn viên),Lâm Vỹ Dạ,0.5,0,,,True,Trường Đại học Sân khấu – Điện ảnh Thành phố Hồ Chí Minh,False,
Quốc Huy (diễn viên),Nhã Phương (diễn viên),0.5,0,,,True,Trường Đại học Sân khấu – Điện ảnh Thành phố Hồ Chí Minh,False,
Quốc Huy (diễn viên),Huy Khánh,0.5,0,,,True,Trường Đại học Sân khấu – Điện ảnh Thành phố Hồ Chí Minh,False,
Quốc Huy (diễn viên),Quốc Trường (diễn viên),0.3,0,,,False,,True,"Cần Thơ, Việt Nam"
Quốc Huy (diễn viên),Nhan Phúc Vinh,0.3,0,,,False,,True,"Cần Thơ, Việt Nam"
Quốc Huy (diễn viên),Quỳnh Lam,0.5,0,,,True,Trường Đại học Sân khấu – Điện ảnh Thành phố Hồ Chí Minh,False,
Jayvee Mai Thế Hiệp,Thanh Bùi,1.0,1,Long Ruồi,actor-actor,False,,False,
Jayvee Mai Thế Hiệp,Mai Thế Hiệp,0.3,0,,,False,,True,"Biên Hòa, Đồng Nai, Việt Nam Cộng hòa"
Johnny Trí Nguyễn,Yaya Trương Nhi,2.0,2,Tèo em|Để Mai tính 2,actor-actor,False,,False,
Johnny Trí Nguyễn,Thân Thúy Hà,1.0,1,Tèo em,actor-actor,False,,False,
Johnny Trí Nguyễn,Ngọc Diệp,2.0,2,Tèo em|Cưới ngay kẻo lỡ,actor-actor,False,,False,
Johnny Trí Nguyễn,Mai Thế Hiệp,1.0,1,Tèo em,actor-actor,False,,False,
Johnny Trí Nguyễn,Đế quốc thực dân Pháp,1.0,1,Dòng máu anh hùng,actor-actor,False,,False,
Johnny Trí Nguyễn,Dustin Nguyễn,4.0,4,Dòng máu anh hùng|Để Mai tính|Để Mai tính 2|Để mai tính,actor-actor,False,,False,
Johnny Trí Nguyễn,gái mại dâm,1.0,1,Dòng máu anh hùng,actor-actor,False,,False,
Johnny Trí Nguyễn,Nguyễn Chánh Tín,2.0,2,Dòng máu anh hùng|Cưới ngay kẻo lỡ,actor-actor,False,,False,
Johnny Trí Nguyễn,Nguyễn Văn Đây,1.0,1,Dòng máu anh hùng,actor-actor,False,,False,
Johnny Trí Nguyễn,Nguyễn Thắng,1.0,1,Dòng máu anh hùng,actor-actor,False,,False,
Johnny Trí Nguyễn,Stephane Gauger,1.0,1,Dòng máu anh hùng,actor-actor,False,,False,
Johnny Trí Nguyễn,David Minetti,1.0,1,Dòng máu anh hùng,actor-actor,False,,False,
Johnny Trí Nguyễn,Quốc Cường,1.0,1,Dòng máu anh hùng,actor-actor,False,,False,
Johnny Trí Nguyễn,Hoàng Phúc (diễn viên),1.0,1,Bẫy rồng,actor-actor,False,,False,
Johnny Trí Nguyễn,Lâm Minh Thắng,1.0,1,Bẫy rồng,actor-actor,False,,False,
Johnny Trí Nguyễn,Kathy Uyên,3.0,3,Để Mai tính|Để Mai tính 2|Để mai tính,actor-actor,False,,False,
Johnny Trí Nguyễn,Bùi Văn Hải,2.0,2,Để Mai tính|Để mai tính,actor-actor,False,,False,
Johnny Trí Nguyễn,Maryline Tâm Võ,2.0,2,Để Mai tính|Để mai tính,actor-actor,False,,False,
Johnny Trí Nguyễn,Leon Lê,2.0,2,Để Mai tính|Để mai tính,actor-actor,False,,False,
Johnny Trí Nguyễn,Trần Trung Lĩnh,2.0,2,Để Mai tính|Để mai tính,actor-actor,False,,False,
Johnny Trí Nguyễn,Bình Minh (người mẫu),2.0,2,Để Mai tính|Để mai tính,actor-actor,False,,False,
Johnny Trí Nguyễn,Trương Thế Vinh,2.0,2,Để Mai tính|Để mai tính,actor-actor,False,,False,
Johnny Trí Nguyễn,Dominic Pereira,2.0,2,Để Mai tính|Để mai tính,actor-actor,False,,False,
Johnny Trí Nguyễn,Thanh Thủy (diễn viên),1.0,1,Cưới ngay kẻo lỡ,actor-actor,False,,False,
Johnny Trí Nguyễn,Diễm My,1.0,1,Cưới ngay kẻo lỡ,actor-actor,False,,False,
Johnny Trí Nguyễn,Minh Đức (diễn viên),3.0,3,Cưới ngay kẻo lỡ|Nụ hôn thần chết (phim)|Nụ hôn thần chết,actor-actor,False,,False,
Johnny Trí Nguyễn,Hữu Luân,1.0,1,Cưới ngay kẻo lỡ,actor-actor,False,,False,
Johnny Trí Nguyễn,Hồ Kiểng,1.0,1,Cưới ngay kẻo lỡ,actor-actor,False,,False,
Johnny Trí Nguyễn,Quang Sự,1.0,1,Để Mai tính 2,actor-actor,False,,False,
Johnny Trí Nguyễn,Diễm My 9x,1.0,1,Để Mai tính 2,actor-actor,False,,False,
Johnny Trí Nguyễn,Huy Khánh,1.0,1,Để Mai tính 2,actor-actor,False,,False,
Johnny Trí Nguyễn,Thu Trang,1.0,1,Để Mai tính 2,actor-actor,False,,False,
Johnny Trí Nguyễn,Huỳnh Anh Tuấn,1.0,1,Để Mai tính 2,actor-actor,False,,False,
Johnny Trí Nguyễn,Petey Majik Nguyễn,1.0,1,Để Mai tính 2,actor-actor,False,,False,
Johnny Trí Nguyễn,David Phạm,1.0,1,Để Mai tính 2,actor-actor,False,,False,
Johnny Trí Nguyễn,Thanh Hằng,2.0,2,Nụ hôn thần chết (phim)|Nụ hôn thần chết,actor-actor,False,,False,
Johnny Trí Nguyễn,Thành Lộc,2.0,2,Nụ hôn thần chết (phim)|Nụ hôn thần chết,actor-actor,False,,False,
Johnny Trí Nguyễn,Phương Thanh,2.0,2,Nụ hôn thần chết (phim)|Nụ hôn thần chết,actor-actor,False,,False,
Johnny Trí Nguyễn,Hương Giang (diễn viên),2.0,2,Nụ hôn thần chết (phim)|Nụ hôn thần chết,actor-actor,False,,False,
Johnny Trí Nguyễn,Vĩnh Thụy (diễn viên),2.0,2,Nụ hôn thần chết (phim)|Nụ hôn thần chết,actor-actor,False,,False,
Johnny Trí Nguyễn,Thủy Tiên (ca sĩ),2.0,2,Nụ hôn thần chết (phim)|Nụ hôn thần chết,actor-actor,False,,False,
Johnny Trí Nguyễn,Trinh Hoan,2.0,2,Nụ hôn thần chết (phim)|Nụ hôn thần chết,actor-actor,False,,False,
Johnny Trí Nguyễn,Lê Bình (diễn viên),2.0,2,Nụ hôn thần chết (phim)|Nụ hôn thần chết,actor-actor,False,,False,
Johnny Trí Nguyễn,Lê Hóa,2.0,2,Nụ hôn thần chết (phim)|Nụ hôn thần chết,actor-actor,False,,False,
Johnny Trí Nguyễn,Lê Quốc Nam,2.0,2,Nụ hôn thần chết (phim)|Nụ hôn thần chết,actor-actor,False,,False,
Johnny Trí Nguyễn,Nguyễn Quang Dũng (đạo diễn),2.0,2,Nụ hôn thần chết (phim)|Nụ hôn thần chết,actor-actor,False,,False,
Johnny Trí Nguyễn,DJ,2.0,2,Nụ hôn thần chết (phim)|Nụ hôn thần chết,actor-actor,False,,False,
Yaya Trương Nhi,Thân Thúy Hà,1.0,1,Tèo em,actor-actor,False,,False,
Yaya Trương Nhi,Ngọc Diệp,1.0,1,Tèo em,actor-actor,False,,False,
Yaya Trương Nhi,Mai Thế Hiệp,1.0,1,Tèo em,actor-actor,False,,False,
Yaya Trương Nhi,Đồng bằng sông Cửu Long,1.0,1,Hai Phượng,actor-actor,False,,False,
Yaya Trương Nhi,Khả Ngân,1.0,1,Hai Phượng,actor-actor,False,,False,
Yaya Trương Nhi,Phan Thanh Nhiên,1.0,1,Hai Phượng,actor-actor,False,,False,
Yaya Trương Nhi,Phạm Anh Khoa,1.0,1,Hai Phượng,actor-actor,False,,False,
Yaya Trương Nhi,Lê Bình (diễn viên),1.0,1,Hai Phượng,actor-actor,False,,False,
Yaya Trương Nhi,Quang Sự,1.0,1,Để Mai tính 2,actor-actor,False,,False,
Yaya Trương Nhi,Diễm My 9x,1.0,1,Để Mai tính 2,actor-actor,False,,False,
Yaya Trương Nhi,Huy Khánh,1.0,1,Để Mai tính 2,actor-actor,False,,False,
Yaya Trương Nhi,Thu Trang,1.0,1,Để Mai tính 2,actor-actor,False,,False,
Yaya Trương Nhi,Huỳnh Anh Tuấn,1.0,1,Để Mai tính 2,actor-actor,False,,False,
Yaya Trương Nhi,Kathy Uyên,1.0,1,Để Mai tính 2,actor-actor,False,,False,
Yaya Trương Nhi,Dustin Nguyễn,1.0,1,Để Mai tính 2,actor-actor,False,,False,
Yaya Trương Nhi,Petey Majik Nguyễn,1.0,1,Để Mai tính 2,actor-actor,False,,False,
Yaya Trương Nhi,David Phạm,1.0,1,Để Mai tính 2,actor-actor,False,,False,
Yaya Trương Nhi,Việt Hương,1.0,1,Nhà có 5 nàng tiên,actor-actor,False,,False,
Yaya Trương Nhi,Ngân Khánh,1.0,1,Nhà có 5 nàng tiên,actor-actor,False,,False,
Yaya Trương Nhi,Minh Thảo,1.0,1,Nhà có 5 nàng tiên,actor-actor,False,,False,
Yaya Trương Nhi,Bảo Anh (ca sĩ),1.0,1,Nhà có 5 nàng tiên,actor-actor,False,,False,
Yaya Trương Nhi,Miu Lê,1.0,1,Nhà có 5 nàng tiên,actor-actor,False,,False,
Yaya Trương Nhi,Trương Thế Vinh,1.0,1,Nhà có 5 nàng tiên,actor-actor,False,,False,
Yaya Trương Nhi,Hà Trí Quang,1.0,1,Nhà có 5 nàng tiên,actor-actor,False,,False,
Yaya Trương Nhi,Minh Luân,1.0,1,Nhà có 5 nàng tiên,actor-actor,False,,False,
Yaya Trương Nhi,Quốc Trường (diễn viên),1.0,1,Nhà có 5 nàng tiên,actor-actor,False,,False,
Yaya Trương Nhi,Cát Tường (diễn viên),1.0,1,Nhà có 5 nàng tiên,actor-actor,False,,False,
Yaya Trương Nhi,Phương Thanh,1.0,1,Nhà có 5 nàng tiên,actor-actor,False,,False,
Yaya Trương Nhi,Thanh Bạch,1.0,1,Nhà có 5 nàng tiên,actor-actor,False,,False,
Yaya Trương Nhi,Phi Nhung,1.0,1,Nhà có 5 nàng tiên,actor-actor,False,,False,
Yaya Trương Nhi,Quốc Thuận,1.0,1,Nhà có 5 nàng tiên,actor-actor,False,,False,
Yaya Trương Nhi,Kiều Mai Lý,1.0,1,Nhà có 5 nàng tiên,actor-actor,False,,False,
Yaya Trương Nhi,Hứa Minh Đạt,1.0,1,Nhà có 5 nàng tiên,actor-actor,False,,False,
Yaya Trương Nhi,Lâm Vỹ Dạ,1.0,1,Nhà có 5 nàng tiên,actor-actor,False,,False,
Yaya Trương Nhi,Quách Ngọc Tuyên,1.0,1,Nhà có 5 nàng tiên,actor-actor,False,,False,
Yaya Trương Nhi,Nam Thư,1.0,1,Nhà có 5 nàng tiên,actor-actor,False,,False,
Thân Thúy Hà,Ngọc Diệp,1.0,1,Tèo em,actor-actor,False,,False,
Thân Thúy Hà,Mai Thế Hiệp,1.0,1,Tèo em,actor-actor,False,,False,
Thân Thúy Hà,Bảo Trúc,1.0,1,Cột mốc 23,actor-actor,False,,False,
Thân Thúy Hà,Quốc Cường,1.0,1,Cột mốc 23,actor-actor,False,,False,
Thân Thúy Hà,Huy Khánh,1.0,1,Cột mốc 23,actor-actor,False,,False,
Thân Thúy Hà,Diễm Châu,1.0,1,Cột mốc 23,actor-actor,False,,False,
Thân Thúy Hà,Võ Thành Tâm,1.0,1,Cột mốc 23,actor-actor,False,,False,
Thân Thúy Hà,Tiết Cương,1.0,1,Cột mốc 23,actor-actor,False,,False,
Thân Thúy Hà,Mạnh Hùng,1.0,1,Cột mốc 23,actor-actor,False,,False,
Thân Thúy Hà,Quốc Thuận,1.0,1,Cột mốc 23,actor-actor,False,,False,
Thân Thúy Hà,Thanh Vy,1.0,1,Cột mốc 23,actor-actor,False,,False,
Ngọc Diệp,Mai Thế Hiệp,1.0,1,Tèo em,actor-actor,False,,False,
Ngọc Diệp,Dustin Nguyễn,1.0,1,Lửa Phật,actor-actor,False,,False,
Ngọc Diệp,Xuân Phát,1.0,1,Lửa Phật,actor-actor,False,,False,
Ngọc Diệp,Bùi Văn Hải,1.0,1,Lửa Phật,actor-actor,False,,False,
Ngọc Diệp,Kiều Mai Lý,1.0,1,Lửa Phật,actor-actor,False,,False,
Ngọc Diệp,Huy Khánh,1.3,1,Cô dâu đại chiến,actor-actor,False,,True,"Thành phố Hồ Chí Minh, Việt Nam"
Ngọc Diệp,Ngân Khánh,1.0,1,Cô dâu đại chiến,actor-actor,False,,False,
Ngọc Diệp,Vân Trang,1.0,1,Cô dâu đại chiến,actor-actor,False,,False,
Ngọc Diệp,Lê Khánh,1.0,1,Cô dâu đại chiến,actor-actor,False,,False,
Ngọc Diệp,Đại Nghĩa (diễn viên),1.3,1,Cô dâu đại chiến,actor-actor,False,,True,"Thành phố Hồ Chí Minh, Việt Nam"
Ngọc Diệp,Võ Thanh Hòa,1.0,1,Cô dâu đại chiến,actor-actor,False,,False,
Ngọc Diệp,Đinh Tiến Đạt,1.0,1,Cô dâu đại chiến,actor-actor,False,,False,
Ngọc Diệp,Minh Thuận (ca sĩ),1.0,1,Cô dâu đại chiến,actor-actor,False,,False,
Ngọc Diệp,Thanh Thủy (diễn viên),1.0,1,Cưới ngay kẻo lỡ,actor-actor,False,,False,
Ngọc Diệp,Nguyễn Chánh Tín,1.0,1,Cưới ngay kẻo lỡ,actor-actor,False,,False,
Ngọc Diệp,Diễm My,1.0,1,Cưới ngay kẻo lỡ,actor-actor,False,,False,
Ngọc Diệp,Minh Đức (diễn viên),1.0,1,Cưới ngay kẻo lỡ,actor-actor,False,,False,
Ngọc Diệp,Hữu Luân,1.0,1,Cưới ngay kẻo lỡ,actor-actor,False,,False,
Ngọc Diệp,Hồ Kiểng,1.0,1,Cưới ngay kẻo lỡ,actor-actor,False,,False,
Ngọc Diệp,Wanbi Tuấn Anh,1.3,1,Bóng ma học đường,actor-actor,False,,True,"Thành phố Hồ Chí Minh, Việt Nam"
Ngọc Diệp,Trương Quỳnh Anh,1.0,1,Bóng ma học đường,actor-actor,False,,False,
Ngọc Diệp,Elly Trần,1.3,1,Bóng ma học đường,actor-actor,False,,True,"Thành phố Hồ Chí Minh, Việt Nam"
Ngọc Diệp,Tim (ca sĩ),1.3,1,Bóng ma học đường,actor-actor,False,,True,"Thành phố Hồ Chí Minh, Việt Nam"
Ngọc Diệp,Hiền Mai,1.0,1,Bóng ma học đường,actor-actor,False,,False,
Ngọc Diệp,Thu Trang,0.3,0,,,False,,True,"Thành phố Hồ Chí Minh, Việt Nam"
Ngọc Diệp,Võ Ngọc Trai,0.3,0,,,False,,True,"Thành phố Hồ Chí Minh, Việt Nam"
Ngọc Diệp,Jun Phạm,0.3,0,,,False,,True,"Thành phố Hồ Chí Minh, Việt Nam"
Ngọc Diệp,Diễm My 9x,0.3,0,,,False,,True,"Thành phố Hồ Chí Minh, Việt Nam"
Ngọc Diệp,Nguyễn Thắng,0.3,0,,,False,,True,"Thành phố Hồ Chí Minh, Việt Nam"
Ngọc Diệp,Khả Ngân,0.3,0,,,False,,True,"Thành phố Hồ Chí Minh, Việt Nam"
Ngọc Diệp,Tóc Tiên (ca sĩ),0.3,0,,,False,,True,"Thành phố Hồ Chí Minh, Việt Nam"
Ngọc Diệp,Nguyễn Thúc Thùy Tiên,0.3,0,,,False,,True,"Thành phố Hồ Chí Minh, Việt Nam"
Ngọc Diệp,Don Nguyễn,0.3,0,,,False,,True,"Thành phố Hồ Chí Minh, Việt Nam"
Ngọc Diệp,Đinh Ngọc Diệp,0.8,0,,,True,"Trường Đại học Khoa học Xã hội và Nhân văn, Đại học Quốc gia Thành phố Hồ Chí Minh",True,"Thành phố Hồ Chí Minh, Việt Nam"
Ngọc Diệp,Midu,0.3,0,,,False,,True,"Thành phố Hồ Chí Minh, Việt Nam"
Ngọc Diệp,Tú Vi,0.3,0,,,False,,True,"Thành phố Hồ Chí Minh, Việt Nam"
Ngọc Diệp,Ái Phương,0.3,0,,,False,,True,"Thành phố Hồ Chí Minh, Việt Nam"
Ngọc Diệp,Anh Thư,0.3,0,,,False,,True,"Thành phố Hồ Chí Minh, Việt Nam"
Ngọc Diệp,Đan Trường,0.3,0,,,False,,True,"Thành phố Hồ Chí Minh, Việt Nam"
Ngọc Diệp,Việt Hương,0.3,0,,,False,,True,"Thành phố Hồ Chí Minh, Việt Nam"
Ngọc Diệp,Bảo Anh (ca sĩ),0.3,0,,,False,,True,"Thành phố Hồ Chí Minh, Việt Nam"
Ngọc Diệp,Thanh Trúc,0.3,0,,,False,,True,"Thành phố Hồ Chí Minh, Việt Nam"
Ngọc Diệp,Khánh Phương,0.3,0,,,False,,True,"Thành phố Hồ Chí Minh, Việt Nam"
Ngọc Diệp,Minh Hằng,0.3,0,,,False,,True,"Thành phố Hồ Chí Minh, Việt Nam"
Ngọc Diệp,Chí Thiện (sinh năm 1988),0.3,0,,,False,,True,"Thành phố Hồ Chí Minh, Việt Nam"
Ngọc Diệp,Tường Vi (diễn viên),0.3,0,,,False,,True,"Thành phố Hồ Chí Minh, Việt Nam"
Ngọc Diệp,Duy Khánh (diễn viên),0.3,0,,,False,,True,"Thành phố Hồ Chí Minh, Việt Nam"
Ngọc Diệp,Đàm Phương Linh,0.3,0,,,False,,True,"Thành phố Hồ Chí Minh, Việt Nam"
Ngọc Diệp,Thảo Trang,0.3,0,,,False,,True,"Thành phố Hồ Chí Minh, Việt Nam"
Ngọc Diệp,Uyên Linh,0.3,0,,,False,,True,"Thành phố Hồ Chí Minh, Việt Nam"
Ngọc Diệp,Võ Thành Tâm,0.3,0,,,False,,True,"Thành phố Hồ Chí Minh, Việt Nam"
Ngọc Diệp,Diễm My (diễn viên),0.3,0,,,False,,True,"Thành phố Hồ Chí Minh, Việt Nam"
Ngọc Diệp,Quang Tuấn,0.3,0,,,False,,True,"Thành phố Hồ Chí Minh, Việt Nam"
Ngọc Diệp,Lương Bích Hữu,0.3,0,,,False,,True,"Thành phố Hồ Chí Minh, Việt Nam"
Ngọc Diệp,Lê Công Hoàng (diễn viên),0.3,0,,,False,,True,"Thành phố Hồ Chí Minh, Việt Nam"
Ngọc Diệp,Suboi,0.3,0,,,False,,True,"Thành phố Hồ Chí Minh, Việt Nam"
Ngọc Diệp,Hồ Vĩnh Khoa,0.3,0,,,False,,True,"Thành phố Hồ Chí Minh, Việt Nam"
Ngọc Diệp,Thanh Thúy (diễn viên sinh 1982),0.3,0,,,False,,True,"Thành phố Hồ Chí Minh, Việt Nam"
Ngọc Diệp,Angela Phương Trinh,0.3,0,,,False,,True,"Thành phố Hồ Chí Minh, Việt Nam"
Ngọc Diệp,Thanh Thúy (sinh 1982),0.3,0,,,False,,True,"Thành phố Hồ Chí Minh, Việt Nam"
Ngọc Diệp,Rocker Nguyen,0.3,0,,,False,,True,"Thành phố Hồ Chí Minh, Việt Nam"
Mai Thế Hiệp,Dustin Nguyễn,2.0,2,Trúng số (phim 2015)|Bao giờ có yêu nhau,director-actor|actor-actor,False,,False,
Mai Thế Hiệp,Thu Trang,3.0,3,Trúng số (phim 2015)|Cô dâu đại chiến 2|Em là bà nội của anh,actor-actor,False,,False,
Mai Thế Hiệp,Kim Xuân,3.0,3,Trúng số (phim 2015)|Em là bà nội của anh|Bao giờ có yêu nhau,actor-actor,False,,False,
Mai Thế Hiệp,Thụy Mười,1.0,1,Trúng số (phim 2015),actor-actor,False,,False,
Mai Thế Hiệp,Midu,1.0,1,Thiên mệnh anh hùng,actor-actor,False,,False,
Mai Thế Hiệp,Vân Trang,4.0,4,Thiên mệnh anh hùng|Scandal: Bí mật thảm đỏ|Cô dâu đại chiến 2|Tiền chùa,actor-actor,False,,False,
Mai Thế Hiệp,Nguyễn Thị Anh,1.0,1,Thiên mệnh anh hùng,actor-actor,False,,False,
Mai Thế Hiệp,Kim Hiền (diễn viên),1.0,1,Thiên mệnh anh hùng,actor-actor,False,,False,
Mai Thế Hiệp,Minh Thuận (ca sĩ),3.0,3,Thiên mệnh anh hùng|Scandal: Bí mật thảm đỏ|Cô dâu đại chiến 2,actor-actor,False,,False,
Mai Thế Hiệp,Maya (ca sĩ),2.0,2,Scandal: Bí mật thảm đỏ|Cô dâu đại chiến 2,actor-actor,False,,False,
Mai Thế Hiệp,Dương Hoàng Anh,1.0,1,Scandal: Bí mật thảm đỏ,actor-actor,False,,False,
Mai Thế Hiệp,Dương Khắc Linh,1.0,1,Scandal: Bí mật thảm đỏ,actor-actor,False,,False,
Mai Thế Hiệp,Bình Minh (người mẫu),1.0,1,Cô dâu đại chiến 2,actor-actor,False,,False,
Mai Thế Hiệp,Lê Khánh,1.0,1,Cô dâu đại chiến 2,actor-actor,False,,False,
Mai Thế Hiệp,Hoàng Bách,1.0,1,Cô dâu đại chiến 2,actor-actor,False,,False,
Mai Thế Hiệp,Đại Nghĩa (diễn viên),1.0,1,Cô dâu đại chiến 2,actor-actor,False,,False,
Mai Thế Hiệp,Hạnh Thúy,2.0,2,Cô dâu đại chiến 2|Tro tàn rực rỡ,actor-actor,False,,False,
Mai Thế Hiệp,Khánh Hiền,1.0,1,Tôi thấy hoa vàng trên cỏ xanh (phim),actor-actor,False,,False,
Mai Thế Hiệp,Lê Bình (diễn viên),2.0,2,Tôi thấy hoa vàng trên cỏ xanh (phim)|Tiền chùa,actor-actor,False,,False,
Mai Thế Hiệp,Tấn Thi,2.0,2,Tôi thấy hoa vàng trên cỏ xanh (phim)|Chàng trai năm ấy,actor-actor,False,,False,
Mai Thế Hiệp,Sơn Tùng M-TP,1.0,1,Chàng trai năm ấy,actor-actor,False,,False,
Mai Thế Hiệp,Phạm Quỳnh Anh,2.0,2,Chàng trai năm ấy|Người lắng nghe: Lời thì thầm,actor-actor,False,,False,
Mai Thế Hiệp,Quang Thắng,1.0,1,Chàng trai năm ấy,actor-actor,False,,False,
Mai Thế Hiệp,Khánh Huyền,1.0,1,Chàng trai năm ấy,actor-actor,False,,False,
Mai Thế Hiệp,365daband,1.0,1,Chàng trai năm ấy,actor-actor,False,,False,
Mai Thế Hiệp,Thành Lộc,1.0,1,Chàng trai năm ấy,actor-actor,False,,False,
Mai Thế Hiệp,Petey Majik Nguyễn,1.0,1,Chàng trai năm ấy,actor-actor,False,,False,
Mai Thế Hiệp,Don Nguyễn,1.0,1,Chàng trai năm ấy,actor-actor,False,,False,
Mai Thế Hiệp,Harry Lu,2.0,2,Chàng trai năm ấy|Em là bà nội của anh,actor-actor,False,,False,
Mai Thế Hiệp,Miu Lê,1.0,1,Em là bà nội của anh,actor-actor,False,,False,
Mai Thế Hiệp,Minh Đức (diễn viên),1.0,1,Em là bà nội của anh,actor-actor,False,,False,
Mai Thế Hiệp,Thanh Nam,1.0,1,Em là bà nội của anh,actor-actor,False,,False,
Mai Thế Hiệp,Đức Khuê,1.0,1,Em là bà nội của anh,actor-actor,False,,False,
Mai Thế Hiệp,Lều Phương Anh,1.0,1,Em là bà nội của anh,actor-actor,False,,False,
Mai Thế Hiệp,Võ Ngọc Trai,1.0,1,Em là bà nội của anh,actor-actor,False,,False,
Mai Thế Hiệp,Duy Khánh (diễn viên),1.0,1,Em là bà nội của anh,actor-actor,False,,False,
Mai Thế Hiệp,Đàm Phương Linh,1.0,1,Em là bà nội của anh,actor-actor,False,,False,
Mai Thế Hiệp,Trọng Hiếu,1.0,1,Em là bà nội của anh,actor-actor,False,,False,
Mai Thế Hiệp,Huỳnh Lập,1.0,1,Em là bà nội của anh,actor-actor,False,,False,
Mai Thế Hiệp,Thảo Trang,1.0,1,Em là bà nội của anh,actor-actor,False,,False,
Mai Thế Hiệp,Tăng Nhật Tuệ,1.0,1,Em là bà nội của anh,actor-actor,False,,False,
Mai Thế Hiệp,Nguyễn Quang Dũng,1.0,1,Em là bà nội của anh,actor-actor,False,,False,
Mai Thế Hiệp,Nguyễn Hải Phong,1.0,1,Em là bà nội của anh,actor-actor,False,,False,
Mai Thế Hiệp,Uyên Linh,1.0,1,Em là bà nội của anh,actor-actor,False,,False,
Mai Thế Hiệp,Quang Sự,1.0,1,Người lắng nghe: Lời thì thầm,actor-actor,False,,False,
Mai Thế Hiệp,Oanh Kiều,1.0,1,Người lắng nghe: Lời thì thầm,actor-actor,False,,False,
Mai Thế Hiệp,Quốc Cường,1.0,1,Người lắng nghe: Lời thì thầm,actor-actor,False,,False,
Mai Thế Hiệp,Lý Hồng Ân,1.0,1,Người lắng nghe: Lời thì thầm,actor-actor,False,,False,
Mai Thế Hiệp,Lê Thiện (nghệ sĩ),2.0,2,Người lắng nghe: Lời thì thầm|Bao giờ có yêu nhau,actor-actor,False,,False,
Mai Thế Hiệp,Kiều Trinh,1.0,1,Người lắng nghe: Lời thì thầm,actor-actor,False,,False,
Mai Thế Hiệp,Huy Cường,1.0,1,Người lắng nghe: Lời thì thầm,actor-actor,False,,False,
Mai Thế Hiệp,Phúc An,1.0,1,Người lắng nghe: Lời thì thầm,actor-actor,False,,False,
Mai Thế Hiệp,Huy Khang,1.0,1,Người lắng nghe: Lời thì thầm,actor-actor,False,,False,
Mai Thế Hiệp,Lê Công Hoàng (diễn viên),1.0,1,Tro tàn rực rỡ,actor-actor,False,,False,
Mai Thế Hiệp,Quang Tuấn,1.0,1,Tro tàn rực rỡ,actor-actor,False,,False,
Mai Thế Hiệp,Ngọc Hiệp (diễn viên),2.0,2,Tro tàn rực rỡ|Đoạt hồn,actor-actor,False,,False,
Mai Thế Hiệp,Quý Bình,1.0,1,Bao giờ có yêu nhau,actor-actor,False,,False,
Mai Thế Hiệp,Minh Hằng,1.0,1,Bao giờ có yêu nhau,actor-actor,False,,False,
Mai Thế Hiệp,Văn Tùng,1.0,1,Bao giờ có yêu nhau,actor-actor,False,,False,
Mai Thế Hiệp,Trần Bảo Sơn,1.0,1,Đoạt hồn,actor-actor,False,,False,
Mai Thế Hiệp,Kiều Chinh,1.0,1,Đoạt hồn,actor-actor,False,,False,
Mai Thế Hiệp,Nguyễn Minh Trang,1.0,1,Đoạt hồn,actor-actor,False,,False,
Mai Thế Hiệp,Thương Tín (diễn viên),1.0,1,Đoạt hồn,actor-actor,False,,False,
Mai Thế Hiệp,Nhung Kate (diễn viên),1.0,1,Đoạt hồn,actor-actor,False,,False,
Mai Thế Hiệp,Suboi,1.0,1,Đoạt hồn,actor-actor,False,,False,
Mai Thế Hiệp,Tùng Maru,1.0,1,Thạch Thảo (phim),director-actor,False,,False,
Mai Thế Hiệp,Bích Ngọc,1.0,1,Thạch Thảo (phim),actor-director,False,,False,
Mai Thế Hiệp,Khánh Như,1.0,1,Thạch Thảo (phim),actor-director,False,,False,
Mai Thế Hiệp,Lê Khắc Minh,1.0,1,Thạch Thảo (phim),actor-director,False,,False,
Mai Thế Hiệp,Lâm Văn Quốc,1.0,1,Thạch Thảo (phim),actor-director,False,,False,
Mai Thế Hiệp,Phương Quỳnh,1.0,1,Thạch Thảo (phim),director-actor,False,,False,
Mai Thế Hiệp,Nguyễn Gia Linh,1.0,1,Thạch Thảo (phim),director-actor,False,,False,
Mai Thế Hiệp,Gina M,1.0,1,Thạch Thảo (phim),actor-director,False,,False,
Mai Thế Hiệp,Kang Phạm,1.0,1,Thạch Thảo (phim),actor-director,False,,False,
Mai Thế Hiệp,Mai Ngô,1.0,1,Thạch Thảo (phim),actor-director,False,,False,
Mai Thế Hiệp,Bạch Tuyết (nghệ sĩ cải lương),1.0,1,Thạch Thảo (phim),actor-director,False,,False,
Mai Thế Hiệp,Trương Minh Quốc Thái,1.0,1,Thạch Thảo (phim),director-actor,False,,False,
Mai Thế Hiệp,Phạm Thị Ngọc Trinh,1.0,1,Thạch Thảo (phim),director-actor,False,,False,
Dustin Nguyễn,Thu Trang,2.0,2,Trúng số (phim 2015)|Để Mai tính 2,actor-actor,False,,False,
Dustin Nguyễn,Kim Xuân,2.0,2,Trúng số (phim 2015)|Bao giờ có yêu nhau,director-actor|actor-actor,False,,False,
Dustin Nguyễn,Thụy Mười,1.0,1,Trúng số (phim 2015),actor-actor,False,,False,
Dustin Nguyễn,Đế quốc thực dân Pháp,1.0,1,Dòng máu anh hùng,actor-actor,False,,False,
Dustin Nguyễn,gái mại dâm,1.0,1,Dòng máu anh hùng,actor-actor,False,,False,
Dustin Nguyễn,Nguyễn Chánh Tín,1.0,1,Dòng máu anh hùng,actor-actor,False,,False,
Dustin Nguyễn,Nguyễn Văn Đây,1.0,1,Dòng máu anh hùng,actor-actor,False,,False,
Dustin Nguyễn,Nguyễn Thắng,1.0,1,Dòng máu anh hùng,actor-actor,False,,False,
Dustin Nguyễn,Stephane Gauger,1.3,1,Dòng máu anh hùng,actor-actor,False,,True,"Sài Gòn, Việt Nam Cộng hòa"
Dustin Nguyễn,David Minetti,1.0,1,Dòng máu anh hùng,actor-actor,False,,False,
Dustin Nguyễn,Quốc Cường,1.0,1,Dòng máu anh hùng,actor-actor,False,,False,
Dustin Nguyễn,Xuân Phát,1.0,1,Lửa Phật,actor-actor,False,,False,
Dustin Nguyễn,Bùi Văn Hải,3.0,3,Lửa Phật|Để Mai tính|Để mai tính,actor-actor,False,,False,
Dustin Nguyễn,Kiều Mai Lý,1.0,1,Lửa Phật,actor-actor,False,,False,
Dustin Nguyễn,Kathy Uyên,3.0,3,Để Mai tính|Để Mai tính 2|Để mai tính,actor-actor,False,,False,
Dustin Nguyễn,Maryline Tâm Võ,2.0,2,Để Mai tính|Để mai tính,actor-actor,False,,False,
Dustin Nguyễn,Leon Lê,2.0,2,Để Mai tính|Để mai tính,actor-actor,False,,False,
Dustin Nguyễn,Trần Trung Lĩnh,2.0,2,Để Mai tính|Để mai tính,actor-actor,False,,False,
Dustin Nguyễn,Bình Minh (người mẫu),2.0,2,Để Mai tính|Để mai tính,actor-actor,False,,False,
Dustin Nguyễn,Trương Thế Vinh,2.0,2,Để Mai tính|Để mai tính,actor-actor,False,,False,
Dustin Nguyễn,Dominic Pereira,2.0,2,Để Mai tính|Để mai tính,actor-actor,False,,False,
Dustin Nguyễn,Quang Sự,1.0,1,Để Mai tính 2,actor-actor,False,,False,
Dustin Nguyễn,Diễm My 9x,1.0,1,Để Mai tính 2,actor-actor,False,,False,
Dustin Nguyễn,Huy Khánh,1.0,1,Để Mai tính 2,actor-actor,False,,False,
Dustin Nguyễn,Huỳnh Anh Tuấn,1.0,1,Để Mai tính 2,actor-actor,False,,False,
Dustin Nguyễn,Petey Majik Nguyễn,1.0,1,Để Mai tính 2,actor-actor,False,,False,
Dustin Nguyễn,David Phạm,1.0,1,Để Mai tính 2,actor-actor,False,,False,
Dustin Nguyễn,Quý Bình,1.0,1,Bao giờ có yêu nhau,director-actor,False,,False,
Dustin Nguyễn,Minh Hằng,1.0,1,Bao giờ có yêu nhau,director-actor,False,,False,
Dustin Nguyễn,Lê Thiện (nghệ sĩ),1.0,1,Bao giờ có yêu nhau,director-actor,False,,False,
Dustin Nguyễn,Văn Tùng,1.0,1,Bao giờ có yêu nhau,director-actor,False,,False,
Dustin Nguyễn,Thành Lộc,0.3,0,,,False,,True,"Sài Gòn, Việt Nam Cộng hòa"
Dustin Nguyễn,Huỳnh Kiến An,0.3,0,,,False,,True,"Sài Gòn, Việt Nam Cộng hòa"
Dustin Nguyễn,Trần Bảo Sơn,0.3,0,,,False,,True,"Sài Gòn, Việt Nam Cộng hòa"
Dustin Nguyễn,Lê Công Tuấn Anh,0.3,0,,,False,,True,"Sài Gòn, Việt Nam Cộng hòa"
Dustin Nguyễn,Vân Sơn (nghệ sĩ hài),0.3,0,,,False,,True,"Sài Gòn, Việt Nam Cộng hòa"
Dustin Nguyễn,Bảo Liêm,0.3,0,,,False,,True,"Sài Gòn, Việt Nam Cộng hòa"
Dustin Nguyễn,Mỹ Duyên,0.3,0,,,False,,True,"Sài Gòn, Việt Nam Cộng hòa"
Dustin Nguyễn,Hương Giang (diễn viên),0.3,0,,,False,,True,"Sài Gòn, Việt Nam Cộng hòa"
Dustin Nguyễn,Trương Minh Quốc Thái,0.3,0,,,False,,True,"Sài Gòn, Việt Nam Cộng hòa"
Dustin Nguyễn,Cẩm Ly,0.3,0,,,False,,True,"Sài Gòn, Việt Nam Cộng hòa"
Dustin Nguyễn,Kiến An (diễn viên),0.3,0,,,False,,True,"Sài Gòn, Việt Nam Cộng hòa"
Dustin Nguyễn,Vũ Hà (ca sĩ),0.3,0,,,False,,True,"Sài Gòn, Việt Nam Cộng hòa"
Dustin Nguyễn,Phạm Thị Ngọc Trinh,0.3,0,,,False,,True,"Sài Gòn, Việt Nam Cộng hòa"
Thu Trang,Kim Xuân,2.0,2,Trúng số (phim 2015)|Em là bà nội của anh,actor-actor,False,,False,
Thu Trang,Thụy Mười,1.0,1,Trúng số (phim 2015),actor-actor,False,,False,
Thu Trang,Bình Minh (người mẫu),1.0,1,Cô dâu đại chiến 2,actor-actor,False,,False,
Thu Trang,Lê Khánh,2.0,2,Cô dâu đại chiến 2|Năm sau con lại về,actor-actor,False,,False,
Thu Trang,Vân Trang,1.0,1,Cô dâu đại chiến 2,actor-actor,False,,False,
Thu Trang,Maya (ca sĩ),1.0,1,Cô dâu đại chiến 2,actor-actor,False,,False,
Thu Trang,Hoàng Bách,1.0,1,Cô dâu đại chiến 2,actor-actor,False,,False,
Thu Trang,Đại Nghĩa (diễn viên),1.3,1,Cô dâu đại chiến 2,actor-actor,False,,True,"Thành phố Hồ Chí Minh, Việt Nam"
Thu Trang,Minh Thuận (ca sĩ),1.0,1,Cô dâu đại chiến 2,actor-actor,False,,False,
Thu Trang,Hạnh Thúy,1.0,1,Cô dâu đại chiến 2,actor-actor,False,,False,
Thu Trang,Quang Sự,1.0,1,Để Mai tính 2,actor-actor,False,,False,
Thu Trang,Diễm My 9x,1.3,1,Để Mai tính 2,actor-actor,False,,True,"Thành phố Hồ Chí Minh, Việt Nam"
Thu Trang,Huy Khánh,1.3,1,Để Mai tính 2,actor-actor,False,,True,"Thành phố Hồ Chí Minh, Việt Nam"
Thu Trang,Huỳnh Anh Tuấn,1.0,1,Để Mai tính 2,actor-actor,False,,False,
Thu Trang,Kathy Uyên,1.0,1,Để Mai tính 2,actor-actor,False,,False,
Thu Trang,Petey Majik Nguyễn,1.0,1,Để Mai tính 2,actor-actor,False,,False,
Thu Trang,David Phạm,1.0,1,Để Mai tính 2,actor-actor,False,,False,
Thu Trang,Đức Thịnh (đạo diễn),1.0,1,Tiệc trăng máu,actor-actor,False,,False,
Thu Trang,Lê Thiện (nghệ sĩ),1.0,1,Tiệc trăng máu,actor-actor,False,,False,
Thu Trang,Nguyễn Quang Dũng (đạo diễn),1.0,1,Tiệc trăng máu,director-actor,False,,False,
Thu Trang,Thanh Thủy (diễn viên),1.0,1,Năm sau con lại về,actor-actor,False,,False,
Thu Trang,Quý Bình,1.0,1,Năm sau con lại về,actor-actor,False,,False,
Thu Trang,Hứa Minh Đạt,1.0,1,Năm sau con lại về,actor-actor,False,,False,
Thu Trang,Nhật Cường,1.0,1,Năm sau con lại về,actor-actor,False,,False,
Thu Trang,Thanh Trúc,1.3,1,Năm sau con lại về,actor-actor,False,,True,"Thành phố Hồ Chí Minh, Việt Nam"
Thu Trang,Trường Giang (nghệ sĩ),1.0,1,Năm sau con lại về,actor-actor,False,,False,
Thu Trang,Quốc Thuận,1.0,1,Năm sau con lại về,actor-actor,False,,False,
Thu Trang,Tiến Luật,1.0,1,Năm sau con lại về,actor-actor,False,,False,
Thu Trang,Kiều Mai Lý,1.0,1,Năm sau con lại về,actor-actor,False,,False,
Thu Trang,Miu Lê,1.0,1,Em là bà nội của anh,actor-actor,False,,False,
Thu Trang,Minh Đức (diễn viên),1.0,1,Em là bà nội của anh,actor-actor,False,,False,
Thu Trang,Thanh Nam,1.0,1,Em là bà nội của anh,actor-actor,False,,False,
Thu Trang,Đức Khuê,1.0,1,Em là bà nội của anh,actor-actor,False,,False,
Thu Trang,Lều Phương Anh,1.0,1,Em là bà nội của anh,actor-actor,False,,False,
Thu Trang,Võ Ngọc Trai,1.3,1,Em là bà nội của anh,actor-actor,False,,True,"Thành phố Hồ Chí Minh, Việt Nam"
Thu Trang,Duy Khánh (diễn viên),1.3,1,Em là bà nội của anh,actor-actor,False,,True,"Thành phố Hồ Chí Minh, Việt Nam"
Thu Trang,Đàm Phương Linh,1.3,1,Em là bà nội của anh,actor-actor,False,,True,"Thành phố Hồ Chí Minh, Việt Nam"
Thu Trang,Harry Lu,1.0,1,Em là bà nội của anh,actor-actor,False,,False,
Thu Trang,Trọng Hiếu,1.0,1,Em là bà nội của anh,actor-actor,False,,False,
Thu Trang,Huỳnh Lập,1.0,1,Em là bà nội của anh,actor-actor,False,,False,
Thu Trang,Thảo Trang,1.3,1,Em là bà nội của anh,actor-actor,False,,True,"Thành phố Hồ Chí Minh, Việt Nam"
Thu Trang,Tăng Nhật Tuệ,1.0,1,Em là bà nội của anh,actor-actor,False,,False,
Thu Trang,Nguyễn Quang Dũng,1.0,1,Em là bà nội của anh,actor-actor,False,,False,
Thu Trang,Nguyễn Hải Phong,1.0,1,Em là bà nội của anh,actor-actor,False,,False,
Thu Trang,Uyên Linh,1.3,1,Em là bà nội của anh,actor-actor,False,,True,"Thành phố Hồ Chí Minh, Việt Nam"
Thu Trang,Quang Tuấn,1.3,1,Nghề siêu dễ (phim 2022),actor-actor,False,,True,"Thành phố Hồ Chí Minh, Việt Nam"
Thu Trang,Võ Thanh Hòa,1.0,1,Nghề siêu dễ (phim 2022),actor-director,False,,False,
Thu Trang,Jun Phạm,0.3,0,,,False,,True,"Thành phố Hồ Chí Minh, Việt Nam"
Thu Trang,Nguyễn Thắng,0.3,0,,,False,,True,"Thành phố Hồ Chí Minh, Việt Nam"
Thu Trang,Khả Ngân,0.3,0,,,False,,True,"Thành phố Hồ Chí Minh, Việt Nam"
Thu Trang,Tóc Tiên (ca sĩ),0.3,0,,,False,,True,"Thành phố Hồ Chí Minh, Việt Nam"
Thu Trang,Nguyễn Thúc Thùy Tiên,0.3,0,,,False,,True,"Thành phố Hồ Chí Minh, Việt Nam"
Thu Trang,Don Nguyễn,0.3,0,,,False,,True,"Thành phố Hồ Chí Minh, Việt Nam"
Thu Trang,Đinh Ngọc Diệp,0.3,0,,,False,,True,"Thành phố Hồ Chí Minh, Việt Nam"
Thu Trang,Midu,0.3,0,,,False,,True,"Thành phố Hồ Chí Minh, Việt Nam"
Thu Trang,Tú Vi,0.3,0,,,False,,True,"Thành phố Hồ Chí Minh, Việt Nam"
Thu Trang,Ái Phương,0.3,0,,,False,,True,"Thành phố Hồ Chí Minh, Việt Nam"
Thu Trang,Anh Thư,0.3,0,,,False,,True,"Thành phố Hồ Chí Minh, Việt Nam"
Thu Trang,Đan Trường,0.3,0,,,False,,True,"Thành phố Hồ Chí Minh, Việt Nam"
Thu Trang,Wanbi Tuấn Anh,0.3,0,,,False,,True,"Thành phố Hồ Chí Minh, Việt Nam"
Thu Trang,Elly Trần,0.3,0,,,False,,True,"Thành phố Hồ Chí Minh, Việt Nam"
Thu Trang,Tim (ca sĩ),0.3,0,,,False,,True,"Thành phố Hồ Chí Minh, Việt Nam"
Thu Trang,Việt Hương,0.3,0,,,False,,True,"Thành phố Hồ Chí Minh, Việt Nam"
Thu Trang,Bảo Anh (ca sĩ),0.3,0,,,False,,True,"Thành phố Hồ Chí Minh, Việt Nam"
Thu Trang,Khánh Phương,0.3,0,,,False,,True,"Thành phố Hồ Chí Minh, Việt Nam"
Thu Trang,Minh Hằng,0.3,0,,,False,,True,"Thành phố Hồ Chí Minh, Việt Nam"
Thu Trang,Chí Thiện (sinh năm 1988),0.3,0,,,False,,True,"Thành phố Hồ Chí Minh, Việt Nam"
Thu Trang,Tường Vi (diễn viên),0.3,0,,,False,,True,"Thành phố Hồ Chí Minh, Việt Nam"
Thu Trang,Võ Thành Tâm,0.3,0,,,False,,True,"Thành phố Hồ Chí Minh, Việt Nam"
Thu Trang,Diễm My (diễn viên),0.3,0,,,False,,True,"Thành phố Hồ Chí Minh, Việt Nam"
Thu Trang,Lương Bích Hữu,0.3,0,,,False,,True,"Thành phố Hồ Chí Minh, Việt Nam"
Thu Trang,Lê Công Hoàng (diễn viên),0.3,0,,,False,,True,"Thành phố Hồ Chí Minh, Việt Nam"
Thu Trang,Suboi,0.3,0,,,False,,True,"Thành phố Hồ Chí Minh, Việt Nam"
Thu Trang,Hồ Vĩnh Khoa,0.3,0,,,False,,True,"Thành phố Hồ Chí Minh, Việt Nam"
Thu Trang,Thanh Thúy (diễn viên sinh 1982),0.3,0,,,False,,True,"Thành phố Hồ Chí Minh, Việt Nam"
Thu Trang,Angela Phương Trinh,0.3,0,,,False,,True,"Thành phố Hồ Chí Minh, Việt Nam"
Thu Trang,Thanh Thúy (sinh 1982),0.3,0,,,False,,True,"Thành phố Hồ Chí Minh, Việt Nam"
Thu Trang,Rocker Nguyen,0.3,0,,,False,,True,"Thành phố Hồ Chí Minh, Việt Nam"
Kim Xuân,Thụy Mười,1.0,1,Trúng số (phim 2015),actor-actor,False,,False,
Kim Xuân,Bình Minh (người mẫu),1.0,1,Chuyện tình xa xứ,actor-actor,False,,False,
Kim Xuân,Huy Khánh,1.0,1,Chuyện tình xa xứ,actor-actor,False,,False,
Kim Xuân,Đinh Ngọc Diệp,1.0,1,Chuyện tình xa xứ,actor-actor,False,,False,
Kim Xuân,Kathy Uyên,1.0,1,Chuyện tình xa xứ,actor-actor,False,,False,
Kim Xuân,Tăng Bảo Quyên,1.0,1,Chuyện tình xa xứ,actor-actor,False,,False,
Kim Xuân,Mai Sơn Lâm,1.0,1,Chuyện tình xa xứ,actor-actor,False,,False,
Kim Xuân,Mạc Anh Thư,1.0,1,Chuyện tình xa xứ,actor-actor,False,,False,
Kim Xuân,Tấn Thi,2.0,2,Chuyện tình xa xứ|Sài Gòn Yo!,actor-actor,False,,False,
Kim Xuân,Nhã Phương (diễn viên),1.0,1,Quả tim máu,actor-actor,False,,False,
Kim Xuân,Quý Bình,2.0,2,Quả tim máu|Bao giờ có yêu nhau,actor-actor,False,,False,
Kim Xuân,Hoàng Bách,1.0,1,Quả tim máu,actor-actor,False,,False,
Kim Xuân,Tú Vi,1.0,1,Quả tim máu,actor-actor,False,,False,
Kim Xuân,Văn Tùng,2.0,2,Quả tim máu|Bao giờ có yêu nhau,actor-actor,False,,False,
Kim Xuân,Miu Lê,1.0,1,Em là bà nội của anh,actor-actor,False,,False,
Kim Xuân,Minh Đức (diễn viên),1.0,1,Em là bà nội của anh,actor-actor,False,,False,
Kim Xuân,Thanh Nam,1.0,1,Em là bà nội của anh,actor-actor,False,,False,
Kim Xuân,Đức Khuê,1.0,1,Em là bà nội của anh,actor-actor,False,,False,
Kim Xuân,Lều Phương Anh,1.0,1,Em là bà nội của anh,actor-actor,False,,False,
Kim Xuân,Võ Ngọc Trai,1.0,1,Em là bà nội của anh,actor-actor,False,,False,
Kim Xuân,Duy Khánh (diễn viên),1.0,1,Em là bà nội của anh,actor-actor,False,,False,
Kim Xuân,Đàm Phương Linh,1.0,1,Em là bà nội của anh,actor-actor,False,,False,
Kim Xuân,Harry Lu,1.0,1,Em là bà nội của anh,actor-actor,False,,False,
Kim Xuân,Trọng Hiếu,1.0,1,Em là bà nội của anh,actor-actor,False,,False,
Kim Xuân,Huỳnh Lập,1.0,1,Em là bà nội của anh,actor-actor,False,,False,
Kim Xuân,Thảo Trang,1.0,1,Em là bà nội của anh,actor-actor,False,,False,
Kim Xuân,Tăng Nhật Tuệ,1.0,1,Em là bà nội của anh,actor-actor,False,,False,
Kim Xuân,Nguyễn Quang Dũng,1.0,1,Em là bà nội của anh,actor-actor,False,,False,
Kim Xuân,Nguyễn Hải Phong,1.0,1,Em là bà nội của anh,actor-actor,False,,False,
Kim Xuân,Uyên Linh,1.0,1,Em là bà nội của anh,actor-actor,False,,False,
Kim Xuân,Lý Hải,2.0,2,Lật mặt (phim)|Lật mặt,actor-director,False,,False,
Kim Xuân,Trường Giang (nghệ sĩ),2.0,2,Lật mặt (phim)|Lật mặt,actor-actor,False,,False,
Kim Xuân,Võ Thành Tâm,2.0,2,Lật mặt (phim)|Lật mặt,actor-actor,False,,False,
Kim Xuân,Trọng Hải,2.0,2,Lật mặt (phim)|Lật mặt,actor-actor,False,,False,
Kim Xuân,Tiết Cương,2.0,2,Lật mặt (phim)|Lật mặt,actor-actor,False,,False,
Kim Xuân,Nam Thư,2.0,2,Lật mặt (phim)|Lật mặt,actor-actor,False,,False,
Kim Xuân,Nhung Kate,1.0,1,Cô hầu gái,actor-actor,False,,False,
Kim Xuân,Huỳnh Kiến An,1.0,1,Cô hầu gái,actor-actor,False,,False,
Kim Xuân,Hồng Vân (diễn viên),1.0,1,Giấc mơ của mẹ,actor-actor,False,,False,
Kim Xuân,Nhan Phúc Vinh,1.0,1,Giấc mơ của mẹ,actor-actor,False,,False,
Kim Xuân,Diễm My (diễn viên),1.0,1,Giấc mơ của mẹ,actor-actor,False,,False,
Kim Xuân,Huỳnh Anh Tuấn,1.0,1,Giấc mơ của mẹ,actor-actor,False,,False,
Kim Xuân,Hương Giang (diễn viên),1.0,1,Giấc mơ của mẹ,actor-actor,False,,False,
Kim Xuân,Khánh Huyền,1.0,1,Giấc mơ của mẹ,actor-actor,False,,False,
Kim Xuân,Việt Trinh,1.0,1,Người đẹp Tây Đô,actor-actor,False,,False,
Kim Xuân,Vân Trang,1.0,1,Sài Gòn Yo!,actor-actor,False,,False,
Kim Xuân,Elly Trần,1.0,1,Sài Gòn Yo!,actor-actor,False,,False,
Kim Xuân,Hồ Bích Trâm,1.0,1,Sài Gòn Yo!,actor-actor,False,,False,
Kim Xuân,Mai Ngô,1.0,1,Sài Gòn Yo!,actor-actor,False,,False,
Kim Xuân,Minh Hằng,1.0,1,Bao giờ có yêu nhau,actor-actor,False,,False,
Kim Xuân,Lê Thiện (nghệ sĩ),1.0,1,Bao giờ có yêu nhau,actor-actor,False,,False,
Thụy Mười,Quốc Cường,2.0,2,Lật Mặt 6: Tấm vé định mệnh|Lật mặt 6: Tấm vé định mệnh,actor-actor,False,,False,
Thụy Mười,Trung Dũng (diễn viên),2.0,2,Lật Mặt 6: Tấm vé định mệnh|Lật mặt 6: Tấm vé định mệnh,actor-actor,False,,False,
Thụy Mười,Huy Khánh,2.0,2,Lật Mặt 6: Tấm vé định mệnh|Lật mặt 6: Tấm vé định mệnh,actor-actor,False,,False,
Thụy Mười,Thanh Thức,2.0,2,Lật Mặt 6: Tấm vé định mệnh|Lật mặt 6: Tấm vé định mệnh,actor-actor,False,,False,
Thụy Mười,Diệp Bảo Ngọc,2.0,2,Lật Mặt 6: Tấm vé định mệnh|Lật mặt 6: Tấm vé định mệnh,actor-actor,False,,False,
Thụy Mười,Lý Hải,2.0,2,Lật Mặt 6: Tấm vé định mệnh|Lật mặt 6: Tấm vé định mệnh,director-actor,False,,False,
Thụy Mười,Quách Ngọc Tuyên,2.0,2,Lật Mặt 6: Tấm vé định mệnh|Lật mặt 6: Tấm vé định mệnh,actor-actor,False,,False,
Thụy Mười,Mạnh Dung,2.0,2,Lật Mặt 6: Tấm vé định mệnh|Lật mặt 6: Tấm vé định mệnh,actor-actor,False,,False,
Thụy Mười,Tiết Cương,2.0,2,Lật Mặt 6: Tấm vé định mệnh|Lật mặt 6: Tấm vé định mệnh,actor-actor,False,,False,
Thụy Mười,Phạm Trưởng,2.0,2,Lật Mặt 6: Tấm vé định mệnh|Lật mặt 6: Tấm vé định mệnh,actor-actor,False,,False,
Thụy Mười,Ốc Thanh Vân,2.0,2,Lật Mặt 6: Tấm vé định mệnh|Lật mặt 6: Tấm vé định mệnh,actor-actor,False,,False,
365daband,Võ Ngọc Trai,1.0,1,Tấm Cám: Chuyện chưa kể,actor-actor,False,,False,
365daband,S.T Sơn Thạch,1.0,1,Tấm Cám: Chuyện chưa kể,actor-actor,False,,False,
365daband,Jun Phạm,1.0,1,Tấm Cám: Chuyện chưa kể,actor-actor,False,,False,
365daband,Thành Lộc,2.0,2,Tấm Cám: Chuyện chưa kể|Chàng trai năm ấy,actor-actor,False,,False,
365daband,Sơn Tùng M-TP,1.0,1,Chàng trai năm ấy,actor-actor,False,,False,
365daband,Phạm Quỳnh Anh,1.0,1,Chàng trai năm ấy,actor-actor,False,,False,
365daband,Quang Thắng,1.0,1,Chàng trai năm ấy,actor-actor,False,,False,
365daband,Khánh Huyền,1.0,1,Chàng trai năm ấy,actor-actor,False,,False,
365daband,Petey Majik Nguyễn,1.0,1,Chàng trai năm ấy,actor-actor,False,,False,
365daband,Don Nguyễn,1.0,1,Chàng trai năm ấy,actor-actor,False,,False,
365daband,Harry Lu,1.0,1,Chàng trai năm ấy,actor-actor,False,,False,
365daband,Tấn Thi,1.0,1,Chàng trai năm ấy,actor-actor,False,,False,
Võ Ngọc Trai,S.T Sơn Thạch,1.0,1,Tấm Cám: Chuyện chưa kể,actor-actor,False,,False,
Võ Ngọc Trai,Jun Phạm,1.3,1,Tấm Cám: Chuyện chưa kể,actor-actor,False,,True,"Thành phố Hồ Chí Minh, Việt Nam"
Võ Ngọc Trai,Thành Lộc,2.0,2,Tấm Cám: Chuyện chưa kể|Giải cứu thần chết,actor-actor,False,,False,
Võ Ngọc Trai,Châu Bùi,1.0,1,Em chưa 18,actor-actor,False,,False,
Võ Ngọc Trai,Nguyễn Chánh Tín,1.0,1,Em chưa 18,actor-actor,False,,False,
Võ Ngọc Trai,Aaron Toronto,1.0,1,Em chưa 18,actor-actor,False,,False,
Võ Ngọc Trai,Huy Khánh,1.3,1,Em chưa 18,actor-actor,False,,True,"Thành phố Hồ Chí Minh, Việt Nam"
Võ Ngọc Trai,Kathy Uyên,1.0,1,Em chưa 18,actor-actor,False,,False,
Võ Ngọc Trai,Don Nguyễn,1.3,1,Em chưa 18,actor-actor,False,,True,"Thành phố Hồ Chí Minh, Việt Nam"
Võ Ngọc Trai,Diễn viên Chí Tâm,1.0,1,Em chưa 18,actor-actor,False,,False,
Võ Ngọc Trai,Minh Hằng,1.3,1,Giải cứu thần chết,actor-actor,False,,True,"Thành phố Hồ Chí Minh, Việt Nam"
Võ Ngọc Trai,Chí Thiện (sinh năm 1988),1.3,1,Giải cứu thần chết,actor-actor,False,,True,"Thành phố Hồ Chí Minh, Việt Nam"
Võ Ngọc Trai,Tường Vi (diễn viên),1.3,1,Giải cứu thần chết,actor-actor,False,,True,"Thành phố Hồ Chí Minh, Việt Nam"
Võ Ngọc Trai,Hồng Nhung,1.0,1,Giải cứu thần chết,actor-actor,False,,False,
Võ Ngọc Trai,Phương Thanh,1.0,1,Giải cứu thần chết,actor-actor,False,,False,
Võ Ngọc Trai,Siu Black,1.0,1,Giải cứu thần chết,actor-actor,False,,False,
Võ Ngọc Trai,Hương Giang (diễn viên),1.0,1,Giải cứu thần chết,actor-actor,False,,False,
Võ Ngọc Trai,Nhan Phúc Vinh,1.0,1,Giải cứu thần chết,actor-actor,False,,False,
Võ Ngọc Trai,Trinh Hoan,1.0,1,Giải cứu thần chết,actor-actor,False,,False,
Võ Ngọc Trai,Miu Lê,1.0,1,Em là bà nội của anh,actor-actor,False,,False,
Võ Ngọc Trai,Minh Đức (diễn viên),1.0,1,Em là bà nội của anh,actor-actor,False,,False,
Võ Ngọc Trai,Thanh Nam,1.0,1,Em là bà nội của anh,actor-actor,False,,False,
Võ Ngọc Trai,Đức Khuê,1.0,1,Em là bà nội của anh,actor-actor,False,,False,
Võ Ngọc Trai,Lều Phương Anh,1.0,1,Em là bà nội của anh,actor-actor,False,,False,
Võ Ngọc Trai,Duy Khánh (diễn viên),1.3,1,Em là bà nội của anh,actor-actor,False,,True,"Thành phố Hồ Chí Minh, Việt Nam"
Võ Ngọc Trai,Đàm Phương Linh,1.3,1,Em là bà nội của anh,actor-actor,False,,True,"Thành phố Hồ Chí Minh, Việt Nam"
Võ Ngọc Trai,Harry Lu,1.0,1,Em là bà nội của anh,actor-actor,False,,False,
Võ Ngọc Trai,Trọng Hiếu,1.0,1,Em là bà nội của anh,actor-actor,False,,False,
Võ Ngọc Trai,Huỳnh Lập,1.0,1,Em là bà nội của anh,actor-actor,False,,False,
Võ Ngọc Trai,Thảo Trang,1.3,1,Em là bà nội của anh,actor-actor,False,,True,"Thành phố Hồ Chí Minh, Việt Nam"
Võ Ngọc Trai,Tăng Nhật Tuệ,1.0,1,Em là bà nội của anh,actor-actor,False,,False,
Võ Ngọc Trai,Nguyễn Quang Dũng,1.0,1,Em là bà nội của anh,actor-actor,False,,False,
Võ Ngọc Trai,Nguyễn Hải Phong,1.0,1,Em là bà nội của anh,actor-actor,False,,False,
Võ Ngọc Trai,Uyên Linh,1.3,1,Em là bà nội của anh,actor-actor,False,,True,"Thành phố Hồ Chí Minh, Việt Nam"
Võ Ngọc Trai,Diễm My 9x,0.3,0,,,False,,True,"Thành phố Hồ Chí Minh, Việt Nam"
Võ Ngọc Trai,Nguyễn Thắng,0.3,0,,,False,,True,"Thành phố Hồ Chí Minh, Việt Nam"
Võ Ngọc Trai,Khả Ngân,0.3,0,,,False,,True,"Thành phố Hồ Chí Minh, Việt Nam"
Võ Ngọc Trai,Tóc Tiên (ca sĩ),0.3,0,,,False,,True,"Thành phố Hồ Chí Minh, Việt Nam"
Võ Ngọc Trai,Nguyễn Thúc Thùy Tiên,0.3,0,,,False,,True,"Thành phố Hồ Chí Minh, Việt Nam"
Võ Ngọc Trai,Đinh Ngọc Diệp,0.3,0,,,False,,True,"Thành phố Hồ Chí Minh, Việt Nam"
Võ Ngọc Trai,Đại Nghĩa (diễn viên),0.3,0,,,False,,True,"Thành phố Hồ Chí Minh, Việt Nam"
Võ Ngọc Trai,Midu,0.3,0,,,False,,True,"Thành phố Hồ Chí Minh, Việt Nam"
Võ Ngọc Trai,Tú Vi,0.3,0,,,False,,True,"Thành phố Hồ Chí Minh, Việt Nam"
Võ Ngọc Trai,Ái Phương,0.3,0,,,False,,True,"Thành phố Hồ Chí Minh, Việt Nam"
Võ Ngọc Trai,Anh Thư,0.3,0,,,False,,True,"Thành phố Hồ Chí Minh, Việt Nam"
Võ Ngọc Trai,Đan Trường,0.3,0,,,False,,True,"Thành phố Hồ Chí Minh, Việt Nam"
Võ Ngọc Trai,Wanbi Tuấn Anh,0.3,0,,,False,,True,"Thành phố Hồ Chí Minh, Việt Nam"
Võ Ngọc Trai,Elly Trần,0.3,0,,,False,,True,"Thành phố Hồ Chí Minh, Việt Nam"
Võ Ngọc Trai,Tim (ca sĩ),0.3,0,,,False,,True,"Thành phố Hồ Chí Minh, Việt Nam"
Võ Ngọc Trai,Việt Hương,0.3,0,,,False,,True,"Thành phố Hồ Chí Minh, Việt Nam"
Võ Ngọc Trai,Bảo Anh (ca sĩ),0.3,0,,,False,,True,"Thành phố Hồ Chí Minh, Việt Nam"
Võ Ngọc Trai,Thanh Trúc,0.3,0,,,False,,True,"Thành phố Hồ Chí Minh, Việt Nam"
Võ Ngọc Trai,Khánh Phương,0.3,0,,,False,,True,"Thành phố Hồ Chí Minh, Việt Nam"
Võ Ngọc Trai,Võ Thành Tâm,0.3,0,,,False,,True,"Thành phố Hồ Chí Minh, Việt Nam"
Võ Ngọc Trai,Diễm My (diễn viên),0.3,0,,,False,,True,"Thành phố Hồ Chí Minh, Việt Nam"
Võ Ngọc Trai,Quang Tuấn,0.3,0,,,False,,True,"Thành phố Hồ Chí Minh, Việt Nam"
Võ Ngọc Trai,Lương Bích Hữu,0.3,0,,,False,,True,"Thành phố Hồ Chí Minh, Việt Nam"
Võ Ngọc Trai,Lê Công Hoàng (diễn viên),0.3,0,,,False,,True,"Thành phố Hồ Chí Minh, Việt Nam"
Võ Ngọc Trai,Suboi,0.3,0,,,False,,True,"Thành phố Hồ Chí Minh, Việt Nam"
Võ Ngọc Trai,Hồ Vĩnh Khoa,0.3,0,,,False,,True,"Thành phố Hồ Chí Minh, Việt Nam"
Võ Ngọc Trai,Thanh Thúy (diễn viên sinh 1982),0.3,0,,,False,,True,"Thành phố Hồ Chí Minh, Việt Nam"
Võ Ngọc Trai,Angela Phương Trinh,0.3,0,,,False,,True,"Thành phố Hồ Chí Minh, Việt Nam"
Võ Ngọc Trai,Thanh Thúy (sinh 1982),0.3,0,,,False,,True,"Thành phố Hồ Chí Minh, Việt Nam"
Võ Ngọc Trai,Rocker Nguyen,0.3,0,,,False,,True,"Thành phố Hồ Chí Minh, Việt Nam"
S.T Sơn Thạch,Jun Phạm,1.0,1,Tấm Cám: Chuyện chưa kể,actor-actor,False,,False,
S.T Sơn Thạch,Thành Lộc,1.0,1,Tấm Cám: Chuyện chưa kể,actor-actor,False,,False,
S.T Sơn Thạch,Hồng Vân (diễn viên),1.0,1,Cô Ba Sài Gòn,actor-actor,False,,False,
S.T Sơn Thạch,Diễm My 9x,1.0,1,Cô Ba Sài Gòn,actor-actor,False,,False,
S.T Sơn Thạch,Diễm My,1.0,1,Cô Ba Sài Gòn,actor-actor,False,,False,
S.T Sơn Thạch,Oanh Kiều,1.0,1,Cô Ba Sài Gòn,actor-actor,False,,False,
S.T Sơn Thạch,Vũ Hà Anh,1.0,1,Cô Ba Sài Gòn,actor-actor,False,,False,
Jun Phạm,Thành Lộc,2.0,2,Tấm Cám: Chuyện chưa kể|Hồn papa da con gái,actor-actor,False,,False,
Jun Phạm,Will,1.0,1,Về quê ăn Tết,actor-actor,False,,False,
Jun Phạm,Oanh Kiều,1.0,1,Về quê ăn Tết,actor-actor,False,,False,
Jun Phạm,Chí Tâm,1.0,1,Về quê ăn Tết,actor-actor,False,,False,
Jun Phạm,Xuân Lan,1.0,1,Về quê ăn Tết,actor-actor,False,,False,
Jun Phạm,Tiểu Bảo Quốc,1.0,1,Về quê ăn Tết,actor-actor,False,,False,
Jun Phạm,Hồng Vân (diễn viên),1.0,1,Hồn papa da con gái,actor-actor,False,,False,
Jun Phạm,Kathy Uyên,1.0,1,Hồn papa da con gái,actor-actor,False,,False,
Jun Phạm,Vân Trang,1.0,1,Hồn papa da con gái,actor-actor,False,,False,
Jun Phạm,Mỹ Duyên,1.0,1,Hồn papa da con gái,actor-actor,False,,False,
Jun Phạm,Huy Khánh,1.3,1,Hồn papa da con gái,actor-actor,False,,True,"Thành phố Hồ Chí Minh, Việt Nam"
Jun Phạm,Lê Bình (diễn viên),1.0,1,Hồn papa da con gái,actor-actor,False,,False,
Jun Phạm,Ái Phương,1.3,1,12 chòm sao: Vẽ đường cho yêu chạy,actor-actor,False,,True,"Thành phố Hồ Chí Minh, Việt Nam"
Jun Phạm,Diễm My 9x,0.3,0,,,False,,True,"Thành phố Hồ Chí Minh, Việt Nam"
Jun Phạm,Nguyễn Thắng,0.3,0,,,False,,True,"Thành phố Hồ Chí Minh, Việt Nam"
Jun Phạm,Khả Ngân,0.3,0,,,False,,True,"Thành phố Hồ Chí Minh, Việt Nam"
Jun Phạm,Tóc Tiên (ca sĩ),0.3,0,,,False,,True,"Thành phố Hồ Chí Minh, Việt Nam"
Jun Phạm,Nguyễn Thúc Thùy Tiên,0.3,0,,,False,,True,"Thành phố Hồ Chí Minh, Việt Nam"
Jun Phạm,Don Nguyễn,0.3,0,,,False,,True,"Thành phố Hồ Chí Minh, Việt Nam"
Jun Phạm,Đinh Ngọc Diệp,0.3,0,,,False,,True,"Thành phố Hồ Chí Minh, Việt Nam"
Jun Phạm,Đại Nghĩa (diễn viên),0.3,0,,,False,,True,"Thành phố Hồ Chí Minh, Việt Nam"
Jun Phạm,Midu,0.3,0,,,False,,True,"Thành phố Hồ Chí Minh, Việt Nam"
Jun Phạm,Tú Vi,0.3,0,,,False,,True,"Thành phố Hồ Chí Minh, Việt Nam"
Jun Phạm,Anh Thư,0.3,0,,,False,,True,"Thành phố Hồ Chí Minh, Việt Nam"
Jun Phạm,Đan Trường,0.3,0,,,False,,True,"Thành phố Hồ Chí Minh, Việt Nam"
Jun Phạm,Wanbi Tuấn Anh,0.3,0,,,False,,True,"Thành phố Hồ Chí Minh, Việt Nam"
Jun Phạm,Elly Trần,0.3,0,,,False,,True,"Thành phố Hồ Chí Minh, Việt Nam"
Jun Phạm,Tim (ca sĩ),0.3,0,,,False,,True,"Thành phố Hồ Chí Minh, Việt Nam"
Jun Phạm,Việt Hương,0.3,0,,,False,,True,"Thành phố Hồ Chí Minh, Việt Nam"
Jun Phạm,Bảo Anh (ca sĩ),0.3,0,,,False,,True,"Thành phố Hồ Chí Minh, Việt Nam"
Jun Phạm,Thanh Trúc,0.3,0,,,False,,True,"Thành phố Hồ Chí Minh, Việt Nam"
Jun Phạm,Khánh Phương,0.3,0,,,False,,True,"Thành phố Hồ Chí Minh, Việt Nam"
Jun Phạm,Minh Hằng,0.3,0,,,False,,True,"Thành phố Hồ Chí Minh, Việt Nam"
Jun Phạm,Chí Thiện (sinh năm 1988),0.3,0,,,False,,True,"Thành phố Hồ Chí Minh, Việt Nam"
Jun Phạm,Tường Vi (diễn viên),0.3,0,,,False,,True,"Thành phố Hồ Chí Minh, Việt Nam"
Jun Phạm,Duy Khánh (diễn viên),0.3,0,,,False,,True,"Thành phố Hồ Chí Minh, Việt Nam"
Jun Phạm,Đàm Phương Linh,0.3,0,,,False,,True,"Thành phố Hồ Chí Minh, Việt Nam"
Jun Phạm,Thảo Trang,0.3,0,,,False,,True,"Thành phố Hồ Chí Minh, Việt Nam"
Jun Phạm,Uyên Linh,0.3,0,,,False,,True,"Thành phố Hồ Chí Minh, Việt Nam"
Jun Phạm,Võ Thành Tâm,0.3,0,,,False,,True,"Thành phố Hồ Chí Minh, Việt Nam"
Jun Phạm,Diễm My (diễn viên),0.3,0,,,False,,True,"Thành phố Hồ Chí Minh, Việt Nam"
Jun Phạm,Quang Tuấn,0.3,0,,,False,,True,"Thành phố Hồ Chí Minh, Việt Nam"
Jun Phạm,Lương Bích Hữu,0.3,0,,,False,,True,"Thành phố Hồ Chí Minh, Việt Nam"
Jun Phạm,Lê Công Hoàng (diễn viên),0.3,0,,,False,,True,"Thành phố Hồ Chí Minh, Việt Nam"
Jun Phạm,Suboi,0.3,0,,,False,,True,"Thành phố Hồ Chí Minh, Việt Nam"
Jun Phạm,Hồ Vĩnh Khoa,0.3,0,,,False,,True,"Thành phố Hồ Chí Minh, Việt Nam"
Jun Phạm,Thanh Thúy (diễn viên sinh 1982),0.3,0,,,False,,True,"Thành phố Hồ Chí Minh, Việt Nam"
Jun Phạm,Angela Phương Trinh,0.3,0,,,False,,True,"Thành phố Hồ Chí Minh, Việt Nam"
Jun Phạm,Thanh Thúy (sinh 1982),0.3,0,,,False,,True,"Thành phố Hồ Chí Minh, Việt Nam"
Jun Phạm,Rocker Nguyen,0.3,0,,,False,,True,"Thành phố Hồ Chí Minh, Việt Nam"
Thành Lộc,Thanh Mai (MC),1.0,1,Cô thủ môn tội nghiệp,actor-actor,False,,False,
Thành Lộc,Lê Công Tuấn Anh,1.3,1,Cô thủ môn tội nghiệp,actor-actor,False,,True,"Sài Gòn, Việt Nam Cộng hòa"
Thành Lộc,Lê Tuấn Anh (diễn viên sinh 1968),1.0,1,Cô thủ môn tội nghiệp,actor-actor,False,,False,
Thành Lộc,Hồng Vân (diễn viên),2.0,2,Cô thủ môn tội nghiệp|Hồn papa da con gái,actor-actor,False,,False,
Thành Lộc,Thanh Vy,1.0,1,Cô thủ môn tội nghiệp,actor-actor,False,,False,
Thành Lộc,Kathy Uyên,1.0,1,Hồn papa da con gái,actor-actor,False,,False,
Thành Lộc,Vân Trang,1.0,1,Hồn papa da con gái,actor-actor,False,,False,
Thành Lộc,Mỹ Duyên,1.3,1,Hồn papa da con gái,actor-actor,False,,True,"Sài Gòn, Việt Nam Cộng hòa"
Thành Lộc,Huy Khánh,1.0,1,Hồn papa da con gái,actor-actor,False,,False,
Thành Lộc,Lê Bình (diễn viên),3.0,3,Hồn papa da con gái|Nụ hôn thần chết (phim)|Nụ hôn thần chết,actor-actor,False,,False,
Thành Lộc,Thanh Hằng,2.0,2,Nụ hôn thần chết (phim)|Nụ hôn thần chết,actor-actor,False,,False,
Thành Lộc,Phương Thanh,3.0,3,Nụ hôn thần chết (phim)|Giải cứu thần chết|Nụ hôn thần chết,actor-actor,False,,False,
Thành Lộc,Hương Giang (diễn viên),3.3,3,Nụ hôn thần chết (phim)|Giải cứu thần chết|Nụ hôn thần chết,actor-actor,False,,True,"Sài Gòn, Việt Nam Cộng hòa"
Thành Lộc,Vĩnh Thụy (diễn viên),2.0,2,Nụ hôn thần chết (phim)|Nụ hôn thần chết,actor-actor,False,,False,
Thành Lộc,Thủy Tiên (ca sĩ),2.0,2,Nụ hôn thần chết (phim)|Nụ hôn thần chết,actor-actor,False,,False,
Thành Lộc,Trinh Hoan,3.0,3,Nụ hôn thần chết (phim)|Giải cứu thần chết|Nụ hôn thần chết,actor-actor,False,,False,
Thành Lộc,Minh Đức (diễn viên),2.0,2,Nụ hôn thần chết (phim)|Nụ hôn thần chết,actor-actor,False,,False,
Thành Lộc,Lê Hóa,2.0,2,Nụ hôn thần chết (phim)|Nụ hôn thần chết,actor-actor,False,,False,
Thành Lộc,Lê Quốc Nam,2.0,2,Nụ hôn thần chết (phim)|Nụ hôn thần chết,actor-actor,False,,False,
Thành Lộc,Nguyễn Quang Dũng (đạo diễn),2.0,2,Nụ hôn thần chết (phim)|Nụ hôn thần chết,actor-actor,False,,False,
Thành Lộc,DJ,2.0,2,Nụ hôn thần chết (phim)|Nụ hôn thần chết,actor-actor,False,,False,
Thành Lộc,Minh Hằng,1.0,1,Giải cứu thần chết,actor-actor,False,,False,
Thành Lộc,Chí Thiện (sinh năm 1988),1.0,1,Giải cứu thần chết,actor-actor,False,,False,
Thành Lộc,Tường Vi (diễn viên),1.0,1,Giải cứu thần chết,actor-actor,False,,False,
Thành Lộc,Hồng Nhung,1.0,1,Giải cứu thần chết,actor-actor,False,,False,
Thành Lộc,Siu Black,1.0,1,Giải cứu thần chết,actor-actor,False,,False,
Thành Lộc,Nhan Phúc Vinh,1.0,1,Giải cứu thần chết,actor-actor,False,,False,
Thành Lộc,Sơn Tùng M-TP,1.0,1,Chàng trai năm ấy,actor-actor,False,,False,
Thành Lộc,Phạm Quỳnh Anh,1.0,1,Chàng trai năm ấy,actor-actor,False,,False,
Thành Lộc,Quang Thắng,1.0,1,Chàng trai năm ấy,actor-actor,False,,False,
Thành Lộc,Khánh Huyền,1.0,1,Chàng trai năm ấy,actor-actor,False,,False,
Thành Lộc,Petey Majik Nguyễn,1.0,1,Chàng trai năm ấy,actor-actor,False,,False,
Thành Lộc,Don Nguyễn,1.0,1,Chàng trai năm ấy,actor-actor,False,,False,
Thành Lộc,Harry Lu,1.0,1,Chàng trai năm ấy,actor-actor,False,,False,
Thành Lộc,Tấn Thi,1.0,1,Chàng trai năm ấy,actor-actor,False,,False,
Thành Lộc,Yu Dương,1.0,1,Lời nguyền huyết ngải,actor-actor,False,,False,
Thành Lộc,Trung Dũng (diễn viên),1.0,1,Lạc giới,actor-actor,False,,False,
Thành Lộc,Mai Thu Huyền,1.0,1,Lạc giới,actor-actor,False,,False,
Thành Lộc,Bình An (diễn viên),1.0,1,Lạc giới,actor-actor,False,,False,
Thành Lộc,Việt Hương,1.0,1,Ma da (phim),actor-actor,False,,False,
Thành Lộc,Cẩm Ly,1.3,1,Ma da (phim),actor-actor,False,,True,"Sài Gòn, Việt Nam Cộng hòa"
Thành Lộc,Huỳnh Kiến An,0.3,0,,,False,,True,"Sài Gòn, Việt Nam Cộng hòa"
Thành Lộc,Stephane Gauger,0.3,0,,,False,,True,"Sài Gòn, Việt Nam Cộng hòa"
Thành Lộc,Trần Bảo Sơn,0.3,0,,,False,,True,"Sài Gòn, Việt Nam Cộng hòa"
Thành Lộc,Vân Sơn (nghệ sĩ hài),0.3,0,,,False,,True,"Sài Gòn, Việt Nam Cộng hòa"
Thành Lộc,Bảo Liêm,0.3,0,,,False,,True,"Sài Gòn, Việt Nam Cộng hòa"
Thành Lộc,Trương Minh Quốc Thái,0.3,0,,,False,,True,"Sài Gòn, Việt Nam Cộng hòa"
Thành Lộc,Kiến An (diễn viên),0.3,0,,,False,,True,"Sài Gòn, Việt Nam Cộng hòa"
Thành Lộc,Vũ Hà (ca sĩ),0.3,0,,,False,,True,"Sài Gòn, Việt Nam Cộng hòa"
Thành Lộc,Phạm Thị Ngọc Trinh,0.3,0,,,False,,True,"Sài Gòn, Việt Nam Cộng hòa"
Hồng Vân (diễn viên),Diễm My 9x,1.0,1,Cô Ba Sài Gòn,actor-actor,False,,False,
Hồng Vân (diễn viên),Diễm My,1.0,1,Cô Ba Sài Gòn,actor-actor,False,,False,
Hồng Vân (diễn viên),Oanh Kiều,1.0,1,Cô Ba Sài Gòn,actor-actor,False,,False,
Hồng Vân (diễn viên),Vũ Hà Anh,1.0,1,Cô Ba Sài Gòn,actor-actor,False,,False,
Hồng Vân (diễn viên),Lê Khanh,3.0,3,Gái già lắm chiêu 3|Gái già lắm chiêu V: Những cuộc đời vương giả|Gái già lắm chiêu V,actor-actor,False,,False,
Hồng Vân (diễn viên),Lê Xuân Tiền,1.0,1,Gái già lắm chiêu 3,actor-actor,False,,False,
Hồng Vân (diễn viên),Bình An (diễn viên),1.0,1,Gái già lắm chiêu 3,actor-actor,False,,False,
Hồng Vân (diễn viên),Khương Lê,2.0,2,Gái già lắm chiêu V: Những cuộc đời vương giả|Gái già lắm chiêu V,actor-actor,False,,False,
Hồng Vân (diễn viên),Hoàng Dũng,2.0,2,Gái già lắm chiêu V: Những cuộc đời vương giả|Gái già lắm chiêu V,actor-actor,False,,False,
Hồng Vân (diễn viên),Lê Khánh,2.0,2,Gái già lắm chiêu V: Những cuộc đời vương giả|Gái già lắm chiêu V,actor-actor,False,,False,
Hồng Vân (diễn viên),Huỳnh Kiến An,2.0,2,Gái già lắm chiêu V: Những cuộc đời vương giả|Gái già lắm chiêu V,actor-actor,False,,False,
Hồng Vân (diễn viên),Anh Dũng (diễn viên),2.0,2,Gái già lắm chiêu V: Những cuộc đời vương giả|Gái già lắm chiêu V,actor-actor,False,,False,
Hồng Vân (diễn viên),Hạnh Thúy,2.0,2,Gái già lắm chiêu V: Những cuộc đời vương giả|Gái già lắm chiêu V,actor-actor,False,,False,
Hồng Vân (diễn viên),TyhD Thùy Dương,2.0,2,Gái già lắm chiêu V: Những cuộc đời vương giả|Gái già lắm chiêu V,actor-actor,False,,False,
Hồng Vân (diễn viên),Đồng Ánh Quỳnh,2.0,2,Thanh Sói – Cúc dại trong đêm|Thanh Sói - Cúc dại trong đêm,actor-actor,False,,False,
Hồng Vân (diễn viên),Tóc Tiên (ca sĩ),2.0,2,Thanh Sói – Cúc dại trong đêm|Thanh Sói - Cúc dại trong đêm,actor-actor,False,,False,
Hồng Vân (diễn viên),Rima Thanh Vy,2.0,2,Thanh Sói – Cúc dại trong đêm|Thanh Sói - Cúc dại trong đêm,actor-actor,False,,False,
Hồng Vân (diễn viên),Thuận Nguyễn,2.0,2,Thanh Sói – Cúc dại trong đêm|Thanh Sói - Cúc dại trong đêm,actor-actor,False,,False,
Hồng Vân (diễn viên),Gi A Nguyễn,2.0,2,Thanh Sói – Cúc dại trong đêm|Thanh Sói - Cúc dại trong đêm,actor-actor,False,,False,
Hồng Vân (diễn viên),Phan Thanh Hiền,2.0,2,Thanh Sói – Cúc dại trong đêm|Thanh Sói - Cúc dại trong đêm,actor-actor,False,,False,
Hồng Vân (diễn viên),Thanh Mai (MC),1.0,1,Cô thủ môn tội nghiệp,actor-actor,False,,False,
Hồng Vân (diễn viên),Lê Công Tuấn Anh,1.0,1,Cô thủ môn tội nghiệp,actor-actor,False,,False,
Hồng Vân (diễn viên),Lê Tuấn Anh (diễn viên sinh 1968),1.0,1,Cô thủ môn tội nghiệp,actor-actor,False,,False,
Hồng Vân (diễn viên),Thanh Vy,2.0,2,Cô thủ môn tội nghiệp|Áo lụa Hà Đông (phim),actor-actor,False,,False,
Hồng Vân (diễn viên),Nguyễn Thúc Thùy Tiên,1.0,1,Chốt đơn!,actor-actor,False,,False,
Hồng Vân (diễn viên),Quyền Linh,2.0,2,Chốt đơn!|Khi đàn ông có bầu,actor-actor,False,,False,
Hồng Vân (diễn viên),Kathy Uyên,1.0,1,Hồn papa da con gái,actor-actor,False,,False,
Hồng Vân (diễn viên),Vân Trang,1.0,1,Hồn papa da con gái,actor-actor,False,,False,
Hồng Vân (diễn viên),Mỹ Duyên,1.0,1,Hồn papa da con gái,actor-actor,False,,False,
Hồng Vân (diễn viên),Huy Khánh,1.0,1,Hồn papa da con gái,actor-actor,False,,False,
Hồng Vân (diễn viên),Lê Bình (diễn viên),1.0,1,Hồn papa da con gái,actor-actor,False,,False,
Hồng Vân (diễn viên),Nguyễn Phi Hùng (ca sĩ),1.0,1,Khi đàn ông có bầu,actor-actor,False,,False,
Hồng Vân (diễn viên),Hồng Nga,1.0,1,Khi đàn ông có bầu,actor-actor,False,,False,
Hồng Vân (diễn viên),Trương Ngọc Ánh,2.0,2,Khi đàn ông có bầu|Áo lụa Hà Đông (phim),actor-actor,False,,False,
Hồng Vân (diễn viên),Bảo Chung,1.0,1,Khi đàn ông có bầu,actor-actor,False,,False,
Hồng Vân (diễn viên),Phương Thanh,1.0,1,Khi đàn ông có bầu,actor-actor,False,,False,
Hồng Vân (diễn viên),Thúy Nga (nghệ sĩ),1.0,1,Khi đàn ông có bầu,actor-actor,False,,False,
Hồng Vân (diễn viên),Hữu Nghĩa,1.0,1,Khi đàn ông có bầu,actor-actor,False,,False,
Hồng Vân (diễn viên),Kim Khánh (diễn viên),1.0,1,Khi đàn ông có bầu,actor-actor,False,,False,
Hồng Vân (diễn viên),Nguyễn Chánh Tín,1.0,1,Khi đàn ông có bầu,actor-actor,False,,False,
Hồng Vân (diễn viên),Việt Hương,1.0,1,Khi đàn ông có bầu,actor-actor,False,,False,
Hồng Vân (diễn viên),Mỹ Uyên,1.0,1,Khi đàn ông có bầu,actor-actor,False,,False,
Hồng Vân (diễn viên),Chi Bảo,1.0,1,Khi đàn ông có bầu,actor-actor,False,,False,
Hồng Vân (diễn viên),Huỳnh Anh Tuấn,2.0,2,Khi đàn ông có bầu|Giấc mơ của mẹ,actor-actor,False,,False,
Hồng Vân (diễn viên),quần vợt,1.0,1,Khi đàn ông có bầu,actor-actor,False,,False,
Hồng Vân (diễn viên),Anh Vũ (nghệ sĩ),1.0,1,Khi đàn ông có bầu,actor-actor,False,,False,
Hồng Vân (diễn viên),gà,1.0,1,Khi đàn ông có bầu,actor-actor,False,,False,
Hồng Vân (diễn viên),Hồng Tơ,1.0,1,Khi đàn ông có bầu,actor-actor,False,,False,
Hồng Vân (diễn viên),Minh Thuận (ca sĩ),1.0,1,Khi đàn ông có bầu,actor-actor,False,,False,
Hồng Vân (diễn viên),Mạc Can,2.0,2,Khi đàn ông có bầu|Áo lụa Hà Đông (phim),actor-actor,False,,False,
Hồng Vân (diễn viên),Hữu Lộc,1.0,1,Khi đàn ông có bầu,actor-actor,False,,False,
Hồng Vân (diễn viên),Nhan Phúc Vinh,1.0,1,Giấc mơ của mẹ,actor-actor,False,,False,
Hồng Vân (diễn viên),Diễm My (diễn viên),1.0,1,Giấc mơ của mẹ,actor-actor,False,,False,
Hồng Vân (diễn viên),Hương Giang (diễn viên),1.0,1,Giấc mơ của mẹ,actor-actor,False,,False,
Hồng Vân (diễn viên),Khánh Huyền,1.0,1,Giấc mơ của mẹ,actor-actor,False,,False,
Hồng Vân (diễn viên),Lê Minh Thu,1.0,1,Như một huyền thoại,actor-actor,False,,False,
Hồng Vân (diễn viên),Võ Thị Sáu,1.0,1,Như một huyền thoại,actor-actor,False,,False,
Hồng Vân (diễn viên),Thanh Hoàng (nghệ sĩ),1.0,1,Như một huyền thoại,actor-actor,False,,False,
Hồng Vân (diễn viên),Robert Hải,1.0,1,Như một huyền thoại,actor-actor,False,,False,
Hồng Vân (diễn viên),Quốc Khánh (nghệ sĩ),1.0,1,Áo lụa Hà Đông (phim),actor-actor,False,,False,
Hồng Vân (diễn viên),Tú Trinh,1.0,1,Áo lụa Hà Đông (phim),actor-actor,False,,False,
Hồng Vân (diễn viên),Tất Bình,1.0,1,Áo lụa Hà Đông (phim),actor-actor,False,,False,
Hồng Vân (diễn viên),Như Quỳnh (diễn viên),1.0,1,Áo lụa Hà Đông (phim),actor-actor,False,,False,
Hồng Vân (diễn viên),Hà Kiều Anh,1.0,1,Áo lụa Hà Đông (phim),actor-actor,False,,False,
Hồng Vân (diễn viên),Quang Thắng,1.0,1,Áo lụa Hà Đông (phim),actor-actor,False,,False,
Hồng Vân (diễn viên),Bình Minh (người mẫu),1.0,1,Áo lụa Hà Đông (phim),actor-actor,False,,False,
Diễm My 9x,Diễm My,1.0,1,Cô Ba Sài Gòn,actor-actor,False,,False,
Diễm My 9x,Oanh Kiều,1.0,1,Cô Ba Sài Gòn,actor-actor,False,,False,
Diễm My 9x,Vũ Hà Anh,1.0,1,Cô Ba Sài Gòn,actor-actor,False,,False,
Diễm My 9x,Quang Sự,1.0,1,Để Mai tính 2,actor-actor,False,,False,
Diễm My 9x,Huy Khánh,1.3,1,Để Mai tính 2,actor-actor,False,,True,"Thành phố Hồ Chí Minh, Việt Nam"
Diễm My 9x,Huỳnh Anh Tuấn,1.0,1,Để Mai tính 2,actor-actor,False,,False,
Diễm My 9x,Kathy Uyên,1.0,1,Để Mai tính 2,actor-actor,False,,False,
Diễm My 9x,Petey Majik Nguyễn,1.0,1,Để Mai tính 2,actor-actor,False,,False,
Diễm My 9x,David Phạm,1.0,1,Để Mai tính 2,actor-actor,False,,False,
Diễm My 9x,Thanh Hằng,1.0,1,Mỹ nhân kế (phim),actor-actor,False,,False,
Diễm My 9x,Tăng Thanh Hà,1.0,1,Mỹ nhân kế (phim),actor-actor,False,,False,
Diễm My 9x,Ngọc Quyên,1.0,1,Mỹ nhân kế (phim),actor-actor,False,,False,
Diễm My 9x,Phạm Anh Khoa,1.0,1,Mỹ nhân kế (phim),actor-actor,False,,False,
Diễm My 9x,Nguyễn Thắng,0.3,0,,,False,,True,"Thành phố Hồ Chí Minh, Việt Nam"
Diễm My 9x,Khả Ngân,0.3,0,,,False,,True,"Thành phố Hồ Chí Minh, Việt Nam"
Diễm My 9x,Tóc Tiên (ca sĩ),0.3,0,,,False,,True,"Thành phố Hồ Chí Minh, Việt Nam"
Diễm My 9x,Nguyễn Thúc Thùy Tiên,0.3,0,,,False,,True,"Thành phố Hồ Chí Minh, Việt Nam"
Diễm My 9x,Don Nguyễn,0.3,0,,,False,,True,"Thành phố Hồ Chí Minh, Việt Nam"
Diễm My 9x,Đinh Ngọc Diệp,0.3,0,,,False,,True,"Thành phố Hồ Chí Minh, Việt Nam"
Diễm My 9x,Đại Nghĩa (diễn viên),0.3,0,,,False,,True,"Thành phố Hồ Chí Minh, Việt Nam"
Diễm My 9x,Midu,0.3,0,,,False,,True,"Thành phố Hồ Chí Minh, Việt Nam"
Diễm My 9x,Tú Vi,0.3,0,,,False,,True,"Thành phố Hồ Chí Minh, Việt Nam"
Diễm My 9x,Ái Phương,0.3,0,,,False,,True,"Thành phố Hồ Chí Minh, Việt Nam"
Diễm My 9x,Anh Thư,0.3,0,,,False,,True,"Thành phố Hồ Chí Minh, Việt Nam"
Diễm My 9x,Đan Trường,0.3,0,,,False,,True,"Thành phố Hồ Chí Minh, Việt Nam"
Diễm My 9x,Wanbi Tuấn Anh,0.3,0,,,False,,True,"Thành phố Hồ Chí Minh, Việt Nam"
Diễm My 9x,Elly Trần,0.3,0,,,False,,True,"Thành phố Hồ Chí Minh, Việt Nam"
Diễm My 9x,Tim (ca sĩ),0.3,0,,,False,,True,"Thành phố Hồ Chí Minh, Việt Nam"
Diễm My 9x,Việt Hương,0.3,0,,,False,,True,"Thành phố Hồ Chí Minh, Việt Nam"
Diễm My 9x,Bảo Anh (ca sĩ),0.3,0,,,False,,True,"Thành phố Hồ Chí Minh, Việt Nam"
Diễm My 9x,Thanh Trúc,0.3,0,,,False,,True,"Thành phố Hồ Chí Minh, Việt Nam"
Diễm My 9x,Khánh Phương,0.3,0,,,False,,True,"Thành phố Hồ Chí Minh, Việt Nam"
Diễm My 9x,Minh Hằng,0.3,0,,,False,,True,"Thành phố Hồ Chí Minh, Việt Nam"
Diễm My 9x,Chí Thiện (sinh năm 1988),0.3,0,,,False,,True,"Thành phố Hồ Chí Minh, Việt Nam"
Diễm My 9x,Tường Vi (diễn viên),0.3,0,,,False,,True,"Thành phố Hồ Chí Minh, Việt Nam"
Diễm My 9x,Duy Khánh (diễn viên),0.3,0,,,False,,True,"Thành phố Hồ Chí Minh, Việt Nam"
Diễm My 9x,Đàm Phương Linh,0.3,0,,,False,,True,"Thành phố Hồ Chí Minh, Việt Nam"
Diễm My 9x,Thảo Trang,0.3,0,,,False,,True,"Thành phố Hồ Chí Minh, Việt Nam"
Diễm My 9x,Uyên Linh,0.3,0,,,False,,True,"Thành phố Hồ Chí Minh, Việt Nam"
Diễm My 9x,Võ Thành Tâm,0.3,0,,,False,,True,"Thành phố Hồ Chí Minh, Việt Nam"
Diễm My 9x,Diễm My (diễn viên),0.8,0,,,True,"Trường Đại học Ngoại thương cơ sở II, Thành phố Hồ Chí Minh",True,"Thành phố Hồ Chí Minh, Việt Nam"
Diễm My 9x,Quang Tuấn,0.3,0,,,False,,True,"Thành phố Hồ Chí Minh, Việt Nam"
Diễm My 9x,Lương Bích Hữu,0.3,0,,,False,,True,"Thành phố Hồ Chí Minh, Việt Nam"
Diễm My 9x,Lê Công Hoàng (diễn viên),0.3,0,,,False,,True,"Thành phố Hồ Chí Minh, Việt Nam"
Diễm My 9x,Suboi,0.3,0,,,False,,True,"Thành phố Hồ Chí Minh, Việt Nam"
Diễm My 9x,Hồ Vĩnh Khoa,0.3,0,,,False,,True,"Thành phố Hồ Chí Minh, Việt Nam"
Diễm My 9x,Thanh Thúy (diễn viên sinh 1982),0.3,0,,,False,,True,"Thành phố Hồ Chí Minh, Việt Nam"
Diễm My 9x,Angela Phương Trinh,0.3,0,,,False,,True,"Thành phố Hồ Chí Minh, Việt Nam"
Diễm My 9x,Thanh Thúy (sinh 1982),0.3,0,,,False,,True,"Thành phố Hồ Chí Minh, Việt Nam"
Diễm My 9x,Rocker Nguyen,0.3,0,,,False,,True,"Thành phố Hồ Chí Minh, Việt Nam"
Diễm My,Oanh Kiều,1.0,1,Cô Ba Sài Gòn,actor-actor,False,,False,
Diễm My,Vũ Hà Anh,1.0,1,Cô Ba Sài Gòn,actor-actor,False,,False,
Diễm My,Thanh Thủy (diễn viên),1.0,1,Cưới ngay kẻo lỡ,actor-actor,False,,False,
Diễm My,Nguyễn Chánh Tín,1.0,1,Cưới ngay kẻo lỡ,actor-actor,False,,False,
Diễm My,Minh Đức (diễn viên),1.0,1,Cưới ngay kẻo lỡ,actor-actor,False,,False,
Diễm My,Hữu Luân,1.0,1,Cưới ngay kẻo lỡ,actor-actor,False,,False,
Diễm My,Hồ Kiểng,1.0,1,Cưới ngay kẻo lỡ,actor-actor,False,,False,
Diễm My,Anh Thư,1.0,1,Tuyết nhiệt đới,actor-actor,False,,False,
Diễm My,Lương Mạnh Hải,1.0,1,Tuyết nhiệt đới,actor-actor,False,,False,
Diễm My,Thanh Hằng,1.0,1,Tuyết nhiệt đới,actor-actor,False,,False,
Diễm My,Ngọc Quyên,1.0,1,Tuyết nhiệt đới,actor-actor,False,,False,
Diễm My,Việt Hương,1.0,1,Tuyết nhiệt đới,actor-actor,False,,False,
Diễm My,Phi Điểu,1.0,1,Tuyết nhiệt đới,actor-actor,False,,False,
Diễm My,Thiên Kim (diễn viên),1.0,1,Tuyết nhiệt đới,actor-actor,False,,False,
Diễm My,Võ Thành Tâm,1.0,1,Tuyết nhiệt đới,actor-actor,False,,False,
Diễm My,Nguyễn Vinh Sơn,1.0,1,Tuyết nhiệt đới,actor-actor,False,,False,
Oanh Kiều,Vũ Hà Anh,1.0,1,Cô Ba Sài Gòn,actor-actor,False,,False,
Oanh Kiều,Will,1.0,1,Về quê ăn Tết,actor-actor,False,,False,
Oanh Kiều,Chí Tâm,1.0,1,Về quê ăn Tết,actor-actor,False,,False,
Oanh Kiều,Xuân Lan,1.0,1,Về quê ăn Tết,actor-actor,False,,False,
Oanh Kiều,Tiểu Bảo Quốc,1.0,1,Về quê ăn Tết,actor-actor,False,,False,
Oanh Kiều,diễn viên đóng thế,1.0,1,Trạng Tí phiêu lưu ký,actor-actor,False,,False,
Oanh Kiều,Miền Bắc (Việt Nam),1.0,1,Trạng Tí phiêu lưu ký,actor-actor,False,,False,
Oanh Kiều,Đài Truyền hình Việt Nam,1.0,1,Trạng Tí phiêu lưu ký,actor-actor,False,,False,
Oanh Kiều,Taekwondo,1.0,1,Trạng Tí phiêu lưu ký,actor-actor,False,,False,
Oanh Kiều,Quang Thắng,1.0,1,Trạng Tí phiêu lưu ký,actor-actor,False,,False,
Oanh Kiều,Trung Anh,1.0,1,Trạng Tí phiêu lưu ký,actor-actor,False,,False,
Oanh Kiều,Thanh Hiền,1.0,1,Lật mặt 7: Một điều ước,actor-actor,False,,False,
Oanh Kiều,Đinh Y Nhung,1.0,1,Lật mặt 7: Một điều ước,actor-actor,False,,False,
Oanh Kiều,Lý Hải,1.0,1,Lật mặt 7: Một điều ước,director-actor,False,,False,
Oanh Kiều,Thanh Thức,1.0,1,Lật mặt 7: Một điều ước,actor-actor,False,,False,
Oanh Kiều,Mạnh Dung,1.0,1,Lật mặt 7: Một điều ước,actor-actor,False,,False,
Oanh Kiều,Văn Tùng,1.0,1,Lật mặt 7: Một điều ước,actor-actor,False,,False,
Oanh Kiều,Tiết Cương,1.0,1,Lật mặt 7: Một điều ước,actor-actor,False,,False,
Oanh Kiều,Phi Điểu,1.0,1,Lật mặt 7: Một điều ước,actor-actor,False,,False,
Oanh Kiều,Trọng Hải,1.0,1,Lật mặt 7: Một điều ước,actor-actor,False,,False,
Oanh Kiều,Quang Sự,1.0,1,Người lắng nghe: Lời thì thầm,actor-actor,False,,False,
Oanh Kiều,Phạm Quỳnh Anh,1.0,1,Người lắng nghe: Lời thì thầm,actor-actor,False,,False,
Oanh Kiều,Quốc Cường,1.0,1,Người lắng nghe: Lời thì thầm,actor-actor,False,,False,
Oanh Kiều,Lý Hồng Ân,1.0,1,Người lắng nghe: Lời thì thầm,actor-actor,False,,False,
Oanh Kiều,Lê Thiện (nghệ sĩ),1.0,1,Người lắng nghe: Lời thì thầm,actor-actor,False,,False,
Oanh Kiều,Kiều Trinh,1.0,1,Người lắng nghe: Lời thì thầm,actor-actor,False,,False,
Oanh Kiều,Huy Cường,1.0,1,Người lắng nghe: Lời thì thầm,actor-actor,False,,False,
Oanh Kiều,Phúc An,1.0,1,Người lắng nghe: Lời thì thầm,actor-actor,False,,False,
Oanh Kiều,Huy Khang,1.0,1,Người lắng nghe: Lời thì thầm,actor-actor,False,,False,
Oanh Kiều,Lâm Vỹ Dạ,0.5,0,,,True,Trường Đại học Sân khấu – Điện ảnh Thành phố Hồ Chí Minh,False,
Oanh Kiều,Nhã Phương (diễn viên),0.5,0,,,True,Trường Đại học Sân khấu – Điện ảnh Thành phố Hồ Chí Minh,False,
Oanh Kiều,Huy Khánh,0.5,0,,,True,Trường Đại học Sân khấu – Điện ảnh Thành phố Hồ Chí Minh,False,
Oanh Kiều,Quỳnh Lam,0.5,0,,,True,Trường Đại học Sân khấu – Điện ảnh Thành phố Hồ Chí Minh,False,
Oanh Kiều,Lê Phương,0.5,0,,,True,Trường Đại học Sân khấu – Điện ảnh Thành phố Hồ Chí Minh,False,
Lê Khanh,Lê Xuân Tiền,1.0,1,Gái già lắm chiêu 3,actor-actor,False,,False,
Lê Khanh,Bình An (diễn viên),1.0,1,Gái già lắm chiêu 3,actor-actor,False,,False,
Lê Khanh,Khương Lê,2.0,2,Gái già lắm chiêu V: Những cuộc đời vương giả|Gái già lắm chiêu V,actor-actor,False,,False,
Lê Khanh,Hoàng Dũng,2.0,2,Gái già lắm chiêu V: Những cuộc đời vương giả|Gái già lắm chiêu V,actor-actor,False,,False,
Lê Khanh,Lê Khánh,2.0,2,Gái già lắm chiêu V: Những cuộc đời vương giả|Gái già lắm chiêu V,actor-actor,False,,False,
Lê Khanh,Huỳnh Kiến An,2.0,2,Gái già lắm chiêu V: Những cuộc đời vương giả|Gái già lắm chiêu V,actor-actor,False,,False,
Lê Khanh,Anh Dũng (diễn viên),2.0,2,Gái già lắm chiêu V: Những cuộc đời vương giả|Gái già lắm chiêu V,actor-actor,False,,False,
Lê Khanh,Hạnh Thúy,2.0,2,Gái già lắm chiêu V: Những cuộc đời vương giả|Gái già lắm chiêu V,actor-actor,False,,False,
Lê Khanh,TyhD Thùy Dương,2.0,2,Gái già lắm chiêu V: Những cuộc đời vương giả|Gái già lắm chiêu V,actor-actor,False,,False,
Lê Xuân Tiền,Bình An (diễn viên),1.0,1,Gái già lắm chiêu 3,actor-actor,False,,False,
Bình An (diễn viên),Trung Dũng (diễn viên),1.0,1,Lạc giới,actor-actor,False,,False,
Bình An (diễn viên),Mai Thu Huyền,1.0,1,Lạc giới,actor-actor,False,,False,
Khương Lê,Hoàng Dũng,2.0,2,Gái già lắm chiêu V: Những cuộc đời vương giả|Gái già lắm chiêu V,actor-actor,False,,False,
Khương Lê,Lê Khánh,2.0,2,Gái già lắm chiêu V: Những cuộc đời vương giả|Gái già lắm chiêu V,actor-actor,False,,False,
Khương Lê,Huỳnh Kiến An,2.0,2,Gái già lắm chiêu V: Những cuộc đời vương giả|Gái già lắm chiêu V,actor-actor,False,,False,
Khương Lê,Anh Dũng (diễn viên),2.0,2,Gái già lắm chiêu V: Những cuộc đời vương giả|Gái già lắm chiêu V,actor-actor,False,,False,
Khương Lê,Hạnh Thúy,2.0,2,Gái già lắm chiêu V: Những cuộc đời vương giả|Gái già lắm chiêu V,actor-actor,False,,False,
Khương Lê,TyhD Thùy Dương,2.0,2,Gái già lắm chiêu V: Những cuộc đời vương giả|Gái già lắm chiêu V,actor-actor,False,,False,
Hoàng Dũng,Lê Khánh,2.0,2,Gái già lắm chiêu V: Những cuộc đời vương giả|Gái già lắm chiêu V,actor-actor,False,,False,
Hoàng Dũng,Huỳnh Kiến An,2.0,2,Gái già lắm chiêu V: Những cuộc đời vương giả|Gái già lắm chiêu V,actor-actor,False,,False,
Hoàng Dũng,Anh Dũng (diễn viên),2.0,2,Gái già lắm chiêu V: Những cuộc đời vương giả|Gái già lắm chiêu V,actor-actor,False,,False,
Hoàng Dũng,Hạnh Thúy,2.0,2,Gái già lắm chiêu V: Những cuộc đời vương giả|Gái già lắm chiêu V,actor-actor,False,,False,
Hoàng Dũng,TyhD Thùy Dương,2.0,2,Gái già lắm chiêu V: Những cuộc đời vương giả|Gái già lắm chiêu V,actor-actor,False,,False,
Hoàng Dũng,Lan Hương (diễn viên sinh 1961),0.3,0,,,False,,True,"Hà Nội, Việt Nam Dân chủ Cộng hòa"
Hoàng Dũng,Đức Khuê,0.3,0,,,False,,True,"Hà Nội, Việt Nam Dân chủ Cộng hòa"
Hoàng Dũng,Hoàng Hải (diễn viên),0.3,0,,,False,,True,"Hà Nội, Việt Nam Dân chủ Cộng hòa"
Hoàng Dũng,Hiền Mai,0.3,0,,,False,,True,"Hà Nội, Việt Nam Dân chủ Cộng hòa"
Hoàng Dũng,Hồng Nhung,0.3,0,,,False,,True,"Hà Nội, Việt Nam Dân chủ Cộng hòa"
Hoàng Dũng,Trọng Hải,0.3,0,,,False,,True,"Hà Nội, Việt Nam Dân chủ Cộng hòa"
Hoàng Dũng,Phú Đôn,0.3,0,,,False,,True,"Hà Nội, Việt Nam Dân chủ Cộng hòa"
Hoàng Dũng,Trần Lực,0.3,0,,,False,,True,"Hà Nội, Việt Nam Dân chủ Cộng hòa"
Hoàng Dũng,Trần Nữ Yên Khê,0.3,0,,,False,,True,"Hà Nội, Việt Nam Dân chủ Cộng hòa"
Hoàng Dũng,Việt Thắng (diễn viên),0.3,0,,,False,,True,"Hà Nội, Việt Nam Dân chủ Cộng hòa"
Hoàng Dũng,Thanh Lam,0.3,0,,,False,,True,"Hà Nội, Việt Nam Dân chủ Cộng hòa"
Hoàng Dũng,Chu Hùng,0.3,0,,,False,,True,"Hà Nội, Việt Nam Dân chủ Cộng hòa"
Hoàng Dũng,Mạnh Cường,0.3,0,,,False,,True,"Hà Nội, Việt Nam Dân chủ Cộng hòa"
Hoàng Dũng,Công Lý (diễn viên),0.3,0,,,False,,True,"Hà Nội, Việt Nam Dân chủ Cộng hòa"
Hoàng Dũng,Nguyễn Minh Trang,0.3,0,,,False,,True,"Hà Nội, Việt Nam Dân chủ Cộng hòa"
Hoàng Dũng,Quốc Khánh (nghệ sĩ),0.3,0,,,False,,True,"Hà Nội, Việt Nam Dân chủ Cộng hòa"
Hoàng Dũng,Tất Bình,0.3,0,,,False,,True,"Hà Nội, Việt Nam Dân chủ Cộng hòa"
Hoàng Dũng,Dũng Nhi,0.3,0,,,False,,True,"Hà Nội, Việt Nam Dân chủ Cộng hòa"
Hoàng Dũng,Nguyễn Vĩnh Xương,0.3,0,,,False,,True,"Hà Nội, Việt Nam Dân chủ Cộng hòa"
Lê Khánh,Huỳnh Kiến An,2.0,2,Gái già lắm chiêu V: Những cuộc đời vương giả|Gái già lắm chiêu V,actor-actor,False,,False,
Lê Khánh,Anh Dũng (diễn viên),2.0,2,Gái già lắm chiêu V: Những cuộc đời vương giả|Gái già lắm chiêu V,actor-actor,False,,False,
Lê Khánh,Hạnh Thúy,3.3,3,Gái già lắm chiêu V: Những cuộc đời vương giả|Cô dâu đại chiến 2|Gái già lắm chiêu V,actor-actor,False,,True,"Bến Tre, Việt Nam"
Lê Khánh,TyhD Thùy Dương,2.0,2,Gái già lắm chiêu V: Những cuộc đời vương giả|Gái già lắm chiêu V,actor-actor,False,,False,
Lê Khánh,Huy Khánh,1.0,1,Cô dâu đại chiến,actor-actor,False,,False,
Lê Khánh,Ngân Khánh,1.0,1,Cô dâu đại chiến,actor-actor,False,,False,
Lê Khánh,Vân Trang,2.0,2,Cô dâu đại chiến|Cô dâu đại chiến 2,actor-actor,False,,False,
Lê Khánh,Đại Nghĩa (diễn viên),2.0,2,Cô dâu đại chiến|Cô dâu đại chiến 2,actor-actor,False,,False,
Lê Khánh,Võ Thanh Hòa,1.0,1,Cô dâu đại chiến,actor-actor,False,,False,
Lê Khánh,Đinh Tiến Đạt,1.0,1,Cô dâu đại chiến,actor-actor,False,,False,
Lê Khánh,Minh Thuận (ca sĩ),2.0,2,Cô dâu đại chiến|Cô dâu đại chiến 2,actor-actor,False,,False,
Lê Khánh,Bình Minh (người mẫu),1.0,1,Cô dâu đại chiến 2,actor-actor,False,,False,
Lê Khánh,Maya (ca sĩ),1.0,1,Cô dâu đại chiến 2,actor-actor,False,,False,
Lê Khánh,Hoàng Bách,1.0,1,Cô dâu đại chiến 2,actor-actor,False,,False,
Lê Khánh,Thanh Thủy (diễn viên),1.0,1,Năm sau con lại về,actor-actor,False,,False,
Lê Khánh,Quý Bình,1.0,1,Năm sau con lại về,actor-actor,False,,False,
Lê Khánh,Hứa Minh Đạt,1.0,1,Năm sau con lại về,actor-actor,False,,False,
Lê Khánh,Nhật Cường,1.0,1,Năm sau con lại về,actor-actor,False,,False,
Lê Khánh,Thanh Trúc,1.0,1,Năm sau con lại về,actor-actor,False,,False,
Lê Khánh,Trường Giang (nghệ sĩ),1.0,1,Năm sau con lại về,actor-actor,False,,False,
Lê Khánh,Quốc Thuận,1.0,1,Năm sau con lại về,actor-actor,False,,False,
Lê Khánh,Tiến Luật,1.0,1,Năm sau con lại về,actor-actor,False,,False,
Lê Khánh,Kiều Mai Lý,1.0,1,Năm sau con lại về,actor-actor,False,,False,
Huỳnh Kiến An,Anh Dũng (diễn viên),2.0,2,Gái già lắm chiêu V: Những cuộc đời vương giả|Gái già lắm chiêu V,actor-actor,False,,False,
Huỳnh Kiến An,Hạnh Thúy,2.0,2,Gái già lắm chiêu V: Những cuộc đời vương giả|Gái già lắm chiêu V,actor-actor,False,,False,
Huỳnh Kiến An,TyhD Thùy Dương,2.0,2,Gái già lắm chiêu V: Những cuộc đời vương giả|Gái già lắm chiêu V,actor-actor,False,,False,
Huỳnh Kiến An,Nhung Kate,1.0,1,Cô hầu gái,actor-actor,False,,False,
Huỳnh Kiến An,Stephane Gauger,0.3,0,,,False,,True,"Sài Gòn, Việt Nam Cộng hòa"
Huỳnh Kiến An,Trần Bảo Sơn,0.3,0,,,False,,True,"Sài Gòn, Việt Nam Cộng hòa"
Huỳnh Kiến An,Lê Công Tuấn Anh,0.3,0,,,False,,True,"Sài Gòn, Việt Nam Cộng hòa"
Huỳnh Kiến An,Vân Sơn (nghệ sĩ hài),0.3,0,,,False,,True,"Sài Gòn, Việt Nam Cộng hòa"
Huỳnh Kiến An,Bảo Liêm,0.3,0,,,False,,True,"Sài Gòn, Việt Nam Cộng hòa"
Huỳnh Kiến An,Mỹ Duyên,0.3,0,,,False,,True,"Sài Gòn, Việt Nam Cộng hòa"
Huỳnh Kiến An,Hương Giang (diễn viên),0.3,0,,,False,,True,"Sài Gòn, Việt Nam Cộng hòa"
Huỳnh Kiến An,Trương Minh Quốc Thái,0.3,0,,,False,,True,"Sài Gòn, Việt Nam Cộng hòa"
Huỳnh Kiến An,Cẩm Ly,0.3,0,,,False,,True,"Sài Gòn, Việt Nam Cộng hòa"
Huỳnh Kiến An,Kiến An (diễn viên),0.3,0,,,False,,True,"Sài Gòn, Việt Nam Cộng hòa"
Huỳnh Kiến An,Vũ Hà (ca sĩ),0.3,0,,,False,,True,"Sài Gòn, Việt Nam Cộng hòa"
Huỳnh Kiến An,Phạm Thị Ngọc Trinh,0.3,0,,,False,,True,"Sài Gòn, Việt Nam Cộng hòa"
Anh Dũng (diễn viên),Hạnh Thúy,2.0,2,Gái già lắm chiêu V: Những cuộc đời vương giả|Gái già lắm chiêu V,actor-actor,False,,False,
Anh Dũng (diễn viên),TyhD Thùy Dương,2.0,2,Gái già lắm chiêu V: Những cuộc đời vương giả|Gái già lắm chiêu V,actor-actor,False,,False,
Hạnh Thúy,TyhD Thùy Dương,2.0,2,Gái già lắm chiêu V: Những cuộc đời vương giả|Gái già lắm chiêu V,actor-actor,False,,False,
Hạnh Thúy,Bình Minh (người mẫu),1.0,1,Cô dâu đại chiến 2,actor-actor,False,,False,
Hạnh Thúy,Vân Trang,1.5,1,Cô dâu đại chiến 2,actor-actor,True,Trường Đại học Sân khấu - Điện ảnh Thành phố Hồ Chí Minh,False,
Hạnh Thúy,Maya (ca sĩ),1.0,1,Cô dâu đại chiến 2,actor-actor,False,,False,
Hạnh Thúy,Hoàng Bách,1.0,1,Cô dâu đại chiến 2,actor-actor,False,,False,
Hạnh Thúy,Đại Nghĩa (diễn viên),3.0,3,Cô dâu đại chiến 2|Tiệm bánh Hoàng tử bé|Tiệm bánh Hoàng tử bé 2,actor-actor,False,,False,
Hạnh Thúy,Minh Thuận (ca sĩ),1.0,1,Cô dâu đại chiến 2,actor-actor,False,,False,
Hạnh Thúy,Cao Thái Hà,1.0,1,Trại hoa đỏ (phim),actor-actor,False,,False,
Hạnh Thúy,Xuân Lan,2.0,2,Tiệm bánh Hoàng tử bé|Tiệm bánh Hoàng tử bé 2,actor-actor,False,,False,
Hạnh Thúy,Lê Hạ Anh,1.0,1,Tiệm bánh Hoàng tử bé 2,actor-actor,False,,False,
Hạnh Thúy,Nguyễn Thùy Dương,1.0,1,Tiệm bánh Hoàng tử bé 2,actor-actor,False,,False,
Hạnh Thúy,Công Dương,1.0,1,Tiệm bánh Hoàng tử bé 2,actor-actor,False,,False,
Hạnh Thúy,Tăng Nhật Tuệ,1.0,1,Tiệm bánh Hoàng tử bé 2,actor-actor,False,,False,
Hạnh Thúy,Quang Tuấn,2.0,2,Tết ở làng địa ngục|Tro tàn rực rỡ,actor-actor,False,,False,
Hạnh Thúy,Phú Đôn,1.0,1,Tết ở làng địa ngục,actor-actor,False,,False,
Hạnh Thúy,Chiều Xuân,1.0,1,Tết ở làng địa ngục,actor-actor,False,,False,
Hạnh Thúy,Võ Tấn Phát,1.0,1,Tết ở làng địa ngục,actor-actor,False,,False,
Hạnh Thúy,Ngọc Thư,1.0,1,Tết ở làng địa ngục,actor-actor,False,,False,
Hạnh Thúy,Lê Công Hoàng (diễn viên),1.0,1,Tro tàn rực rỡ,actor-actor,False,,False,
Hạnh Thúy,Ngọc Hiệp (diễn viên),1.0,1,Tro tàn rực rỡ,actor-actor,False,,False,
Hạnh Thúy,Lương Mạnh Hải,1.0,1,Đẹp từng centimet,actor-actor,False,,False,
Hạnh Thúy,Tăng Thanh Hà,1.0,1,Đẹp từng centimet,actor-actor,False,,False,
Hạnh Thúy,Thủy Tiên (ca sĩ),1.0,1,Đẹp từng centimet,actor-actor,False,,False,
Hạnh Thúy,Nguyễn Quang Dũng (đạo diễn),1.0,1,Đẹp từng centimet,actor-actor,False,,False,
Hạnh Thúy,Phương Thanh,1.0,1,Đẹp từng centimet,actor-actor,False,,False,
Hạnh Thúy,Ốc Thanh Vân,0.5,0,,,True,Trường Đại học Sân khấu - Điện ảnh Thành phố Hồ Chí Minh,False,
Đế quốc thực dân Pháp,gái mại dâm,1.0,1,Dòng máu anh hùng,actor-actor,False,,False,
Đế quốc thực dân Pháp,Nguyễn Chánh Tín,1.0,1,Dòng máu anh hùng,actor-actor,False,,False,
Đế quốc thực dân Pháp,Nguyễn Văn Đây,1.0,1,Dòng máu anh hùng,actor-actor,False,,False,
Đế quốc thực dân Pháp,Nguyễn Thắng,1.0,1,Dòng máu anh hùng,actor-actor,False,,False,
Đế quốc thực dân Pháp,Stephane Gauger,1.0,1,Dòng máu anh hùng,actor-actor,False,,False,
Đế quốc thực dân Pháp,David Minetti,1.0,1,Dòng máu anh hùng,actor-actor,False,,False,
Đế quốc thực dân Pháp,Quốc Cường,1.0,1,Dòng máu anh hùng,actor-actor,False,,False,
gái mại dâm,Nguyễn Chánh Tín,1.0,1,Dòng máu anh hùng,actor-actor,False,,False,
gái mại dâm,Nguyễn Văn Đây,1.0,1,Dòng máu anh hùng,actor-actor,False,,False,
gái mại dâm,Nguyễn Thắng,1.0,1,Dòng máu anh hùng,actor-actor,False,,False,
gái mại dâm,Stephane Gauger,1.0,1,Dòng máu anh hùng,actor-actor,False,,False,
gái mại dâm,David Minetti,1.0,1,Dòng máu anh hùng,actor-actor,False,,False,
gái mại dâm,Quốc Cường,1.0,1,Dòng máu anh hùng,actor-actor,False,,False,
Nguyễn Chánh Tín,Nguyễn Văn Đây,1.0,1,Dòng máu anh hùng,actor-actor,False,,False,
Nguyễn Chánh Tín,Nguyễn Thắng,1.0,1,Dòng máu anh hùng,actor-actor,False,,False,
Nguyễn Chánh Tín,Stephane Gauger,1.0,1,Dòng máu anh hùng,actor-actor,False,,False,
Nguyễn Chánh Tín,David Minetti,1.0,1,Dòng máu anh hùng,actor-actor,False,,False,
Nguyễn Chánh Tín,Quốc Cường,1.0,1,Dòng máu anh hùng,actor-actor,False,,False,
Nguyễn Chánh Tín,Thanh Thủy (diễn viên),1.0,1,Cưới ngay kẻo lỡ,actor-actor,False,,False,
Nguyễn Chánh Tín,Minh Đức (diễn viên),1.0,1,Cưới ngay kẻo lỡ,actor-actor,False,,False,
Nguyễn Chánh Tín,Hữu Luân,1.0,1,Cưới ngay kẻo lỡ,actor-actor,False,,False,
Nguyễn Chánh Tín,Hồ Kiểng,1.0,1,Cưới ngay kẻo lỡ,actor-actor,False,,False,
Nguyễn Chánh Tín,Châu Bùi,1.0,1,Em chưa 18,actor-actor,False,,False,
Nguyễn Chánh Tín,Aaron Toronto,1.0,1,Em chưa 18,actor-actor,False,,False,
Nguyễn Chánh Tín,Huy Khánh,1.0,1,Em chưa 18,actor-actor,False,,False,
Nguyễn Chánh Tín,Kathy Uyên,1.0,1,Em chưa 18,actor-actor,False,,False,
Nguyễn Chánh Tín,Don Nguyễn,1.0,1,Em chưa 18,actor-actor,False,,False,
Nguyễn Chánh Tín,Diễn viên Chí Tâm,1.0,1,Em chưa 18,actor-actor,False,,False,
Nguyễn Chánh Tín,Nguyễn Phi Hùng (ca sĩ),1.0,1,Khi đàn ông có bầu,actor-actor,False,,False,
Nguyễn Chánh Tín,Hồng Nga,1.0,1,Khi đàn ông có bầu,actor-actor,False,,False,
Nguyễn Chánh Tín,Trương Ngọc Ánh,1.0,1,Khi đàn ông có bầu,actor-actor,False,,False,
Nguyễn Chánh Tín,Bảo Chung,1.0,1,Khi đàn ông có bầu,actor-actor,False,,False,
Nguyễn Chánh Tín,Phương Thanh,1.0,1,Khi đàn ông có bầu,actor-actor,False,,False,
Nguyễn Chánh Tín,Quyền Linh,1.0,1,Khi đàn ông có bầu,actor-actor,False,,False,
Nguyễn Chánh Tín,Thúy Nga (nghệ sĩ),1.0,1,Khi đàn ông có bầu,actor-actor,False,,False,
Nguyễn Chánh Tín,Hữu Nghĩa,1.0,1,Khi đàn ông có bầu,actor-actor,False,,False,
Nguyễn Chánh Tín,Kim Khánh (diễn viên),1.0,1,Khi đàn ông có bầu,actor-actor,False,,False,
Nguyễn Chánh Tín,Việt Hương,1.0,1,Khi đàn ông có bầu,actor-actor,False,,False,
Nguyễn Chánh Tín,Mỹ Uyên,1.0,1,Khi đàn ông có bầu,actor-actor,False,,False,
Nguyễn Chánh Tín,Chi Bảo,1.0,1,Khi đàn ông có bầu,actor-actor,False,,False,
Nguyễn Chánh Tín,Huỳnh Anh Tuấn,1.0,1,Khi đàn ông có bầu,actor-actor,False,,False,
Nguyễn Chánh Tín,quần vợt,1.0,1,Khi đàn ông có bầu,actor-actor,False,,False,
Nguyễn Chánh Tín,Anh Vũ (nghệ sĩ),1.0,1,Khi đàn ông có bầu,actor-actor,False,,False,
Nguyễn Chánh Tín,gà,1.0,1,Khi đàn ông có bầu,actor-actor,False,,False,
Nguyễn Chánh Tín,Hồng Tơ,1.0,1,Khi đàn ông có bầu,actor-actor,False,,False,
Nguyễn Chánh Tín,Minh Thuận (ca sĩ),1.0,1,Khi đàn ông có bầu,actor-actor,False,,False,
Nguyễn Chánh Tín,Mạc Can,1.0,1,Khi đàn ông có bầu,actor-actor,False,,False,
Nguyễn Chánh Tín,Hữu Lộc,1.0,1,Khi đàn ông có bầu,actor-actor,False,,False,
Nguyễn Văn Đây,Nguyễn Thắng,1.0,1,Dòng máu anh hùng,actor-actor,False,,False,
Nguyễn Văn Đây,Stephane Gauger,1.0,1,Dòng máu anh hùng,actor-actor,False,,False,
Nguyễn Văn Đây,David Minetti,1.0,1,Dòng máu anh hùng,actor-actor,False,,False,
Nguyễn Văn Đây,Quốc Cường,1.0,1,Dòng máu anh hùng,actor-actor,False,,False,
Nguyễn Văn Đây,Lê Văn Lộc (diễn viên),1.0,1,Xích lô (phim),actor-actor,False,,False,
Nguyễn Văn Đây,Lương Triều Vĩ,1.0,1,Xích lô (phim),actor-actor,False,,False,
Nguyễn Văn Đây,Trần Nữ Yên Khê,1.0,1,Xích lô (phim),actor-actor,False,,False,
Nguyễn Văn Đây,Như Quỳnh (diễn viên),1.0,1,Xích lô (phim),actor-actor,False,,False,
Nguyễn Văn Đây,Hoàng Phúc (diễn viên),1.0,1,Xích lô (phim),actor-actor,False,,False,
Nguyễn Văn Đây,Ngô Vũ Quang Hải,1.0,1,Xích lô (phim),actor-actor,False,,False,
Nguyễn Văn Đây,Nguyễn Tuyết Ngân,1.0,1,Xích lô (phim),actor-actor,False,,False,
Nguyễn Văn Đây,Đoàn Việt Hà,1.0,1,Xích lô (phim),actor-actor,False,,False,
Nguyễn Văn Đây,Bùi Hoàng Huy,1.0,1,Xích lô (phim),actor-actor,False,,False,
Nguyễn Văn Đây,Võ Vĩnh Phúc,1.0,1,Xích lô (phim),actor-actor,False,,False,
Nguyễn Văn Đây,Lê Đình Huy,1.0,1,Xích lô (phim),actor-actor,False,,False,
Nguyễn Văn Đây,Phạm Ngọc Liễu,1.0,1,Xích lô (phim),actor-actor,False,,False,
Nguyễn Văn Đây,Lê Tuấn Anh (diễn viên),1.0,1,Xích lô (phim),actor-actor,False,,False,
Nguyễn Văn Đây,Lê Công Tuấn Anh,1.0,1,Xích lô (phim),actor-actor,False,,False,
Nguyễn Văn Đây,Bùi Thị Minh Đức,1.0,1,Xích lô (phim),actor-actor,False,,False,
Nguyễn Văn Đây,Trịnh Thịnh,1.0,1,Xích lô (phim),actor-actor,False,,False,
Nguyễn Văn Đây,Nguyễn Đình Thơ,1.0,1,Xích lô (phim),actor-actor,False,,False,
Nguyễn Văn Đây,Việt Thắng (diễn viên),1.0,1,Xích lô (phim),actor-actor,False,,False,
Nguyễn Văn Đây,Thanh Lam,1.0,1,Xích lô (phim),actor-actor,False,,False,
Nguyễn Văn Đây,Gia Khoan,1.0,1,Xích lô (phim),actor-actor,False,,False,
Nguyễn Văn Đây,Huang Kiem,1.0,1,Xích lô (phim),actor-actor,False,,False,
Nguyễn Văn Đây,Mạc Can,1.0,1,Xích lô (phim),actor-actor,False,,False,
Nguyễn Văn Đây,Chu Hùng,1.0,1,Xích lô (phim),actor-actor,False,,False,
Nguyễn Văn Đây,Mạnh Cường,1.0,1,Xích lô (phim),actor-actor,False,,False,
Nguyễn Văn Đây,Trần Quốc Hùng,1.0,1,Xích lô (phim),actor-actor,False,,False,
Nguyễn Văn Đây,Võ Thế Vỹ,1.0,1,Xích lô (phim),actor-actor,False,,False,
Nguyễn Văn Đây,Trương Thanh Nghi,1.0,1,Xích lô (phim),actor-actor,False,,False,
Nguyễn Văn Đây,Phạm Hải Trường,1.0,1,Xích lô (phim),actor-actor,False,,False,
Nguyễn Văn Đây,Ánh Hoa,1.0,1,Xích lô (phim),actor-actor,False,,False,
Nguyễn Văn Đây,Trần Lộc,1.0,1,Xích lô (phim),actor-actor,False,,False,
Nguyễn Văn Đây,Trần Minh Tuấn (diễn viên),1.0,1,Xích lô (phim),actor-actor,False,,False,
Nguyễn Văn Đây,Nguyễn Văn Tùng (diễn viên),1.0,1,Xích lô (phim),actor-actor,False,,False,
Nguyễn Văn Đây,Phạm Duy Hương,1.0,1,Xích lô (phim),actor-actor,False,,False,
Nguyễn Văn Đây,Lê Thái Ngọc Hoan,1.0,1,Xích lô (phim),actor-actor,False,,False,
Nguyễn Văn Đây,Bá Phan Châu Toàn,1.0,1,Xích lô (phim),actor-actor,False,,False,
Nguyễn Văn Đây,Đặng Minh Châu (diễn viên),1.0,1,Xích lô (phim),actor-actor,False,,False,
Nguyễn Văn Đây,Trần Văn Lợi,1.0,1,Xích lô (phim),actor-actor,False,,False,
Nguyễn Văn Đây,Lê Anh Sơn,1.0,1,Xích lô (phim),actor-actor,False,,False,
Nguyễn Văn Đây,Phạm Văn Nhân (diễn viên),1.0,1,Xích lô (phim),actor-actor,False,,False,
Nguyễn Văn Đây,Đặng Văn Đức,1.0,1,Xích lô (phim),actor-actor,False,,False,
Nguyễn Văn Đây,Trần Nhật Vũ,1.0,1,Xích lô (phim),actor-actor,False,,False,
Nguyễn Văn Đây,Nguyễn Hữu Châu (quần chúng),1.0,1,Xích lô (phim),actor-actor,False,,False,
Nguyễn Thắng,Stephane Gauger,1.0,1,Dòng máu anh hùng,actor-actor,False,,False,
Nguyễn Thắng,David Minetti,1.0,1,Dòng máu anh hùng,actor-actor,False,,False,
Nguyễn Thắng,Quốc Cường,1.0,1,Dòng máu anh hùng,actor-actor,False,,False,
Nguyễn Thắng,Khả Ngân,0.3,0,,,False,,True,"Thành phố Hồ Chí Minh, Việt Nam"
Nguyễn Thắng,Tóc Tiên (ca sĩ),0.3,0,,,False,,True,"Thành phố Hồ Chí Minh, Việt Nam"
Nguyễn Thắng,Nguyễn Thúc Thùy Tiên,0.3,0,,,False,,True,"Thành phố Hồ Chí Minh, Việt Nam"
Nguyễn Thắng,Don Nguyễn,0.3,0,,,False,,True,"Thành phố Hồ Chí Minh, Việt Nam"
Nguyễn Thắng,Huy Khánh,0.3,0,,,False,,True,"Thành phố Hồ Chí Minh, Việt Nam"
Nguyễn Thắng,Đinh Ngọc Diệp,0.3,0,,,False,,True,"Thành phố Hồ Chí Minh, Việt Nam"
Nguyễn Thắng,Đại Nghĩa (diễn viên),0.3,0,,,False,,True,"Thành phố Hồ Chí Minh, Việt Nam"
Nguyễn Thắng,Midu,0.3,0,,,False,,True,"Thành phố Hồ Chí Minh, Việt Nam"
Nguyễn Thắng,Tú Vi,0.3,0,,,False,,True,"Thành phố Hồ Chí Minh, Việt Nam"
Nguyễn Thắng,Ái Phương,0.3,0,,,False,,True,"Thành phố Hồ Chí Minh, Việt Nam"
Nguyễn Thắng,Anh Thư,0.3,0,,,False,,True,"Thành phố Hồ Chí Minh, Việt Nam"
Nguyễn Thắng,Đan Trường,0.3,0,,,False,,True,"Thành phố Hồ Chí Minh, Việt Nam"
Nguyễn Thắng,Wanbi Tuấn Anh,0.3,0,,,False,,True,"Thành phố Hồ Chí Minh, Việt Nam"
Nguyễn Thắng,Elly Trần,0.3,0,,,False,,True,"Thành phố Hồ Chí Minh, Việt Nam"
Nguyễn Thắng,Tim (ca sĩ),0.3,0,,,False,,True,"Thành phố Hồ Chí Minh, Việt Nam"
Nguyễn Thắng,Việt Hương,0.3,0,,,False,,True,"Thành phố Hồ Chí Minh, Việt Nam"
Nguyễn Thắng,Bảo Anh (ca sĩ),0.3,0,,,False,,True,"Thành phố Hồ Chí Minh, Việt Nam"
Nguyễn Thắng,Thanh Trúc,0.3,0,,,False,,True,"Thành phố Hồ Chí Minh, Việt Nam"
Nguyễn Thắng,Khánh Phương,0.3,0,,,False,,True,"Thành phố Hồ Chí Minh, Việt Nam"
Nguyễn Thắng,Minh Hằng,0.3,0,,,False,,True,"Thành phố Hồ Chí Minh, Việt Nam"
Nguyễn Thắng,Chí Thiện (sinh năm 1988),0.3,0,,,False,,True,"Thành phố Hồ Chí Minh, Việt Nam"
Nguyễn Thắng,Tường Vi (diễn viên),0.3,0,,,False,,True,"Thành phố Hồ Chí Minh, Việt Nam"
Nguyễn Thắng,Duy Khánh (diễn viên),0.3,0,,,False,,True,"Thành phố Hồ Chí Minh, Việt Nam"
Nguyễn Thắng,Đàm Phương Linh,0.3,0,,,False,,True,"Thành phố Hồ Chí Minh, Việt Nam"
Nguyễn Thắng,Thảo Trang,0.3,0,,,False,,True,"Thành phố Hồ Chí Minh, Việt Nam"
Nguyễn Thắng,Uyên Linh,0.3,0,,,False,,True,"Thành phố Hồ Chí Minh, Việt Nam"
Nguyễn Thắng,Võ Thành Tâm,0.3,0,,,False,,True,"Thành phố Hồ Chí Minh, Việt Nam"
Nguyễn Thắng,Diễm My (diễn viên),0.3,0,,,False,,True,"Thành phố Hồ Chí Minh, Việt Nam"
Nguyễn Thắng,Quang Tuấn,0.3,0,,,False,,True,"Thành phố Hồ Chí Minh, Việt Nam"
Nguyễn Thắng,Lương Bích Hữu,0.3,0,,,False,,True,"Thành phố Hồ Chí Minh, Việt Nam"
Nguyễn Thắng,Lê Công Hoàng (diễn viên),0.3,0,,,False,,True,"Thành phố Hồ Chí Minh, Việt Nam"
Nguyễn Thắng,Suboi,0.3,0,,,False,,True,"Thành phố Hồ Chí Minh, Việt Nam"
Nguyễn Thắng,Hồ Vĩnh Khoa,0.3,0,,,False,,True,"Thành phố Hồ Chí Minh, Việt Nam"
Nguyễn Thắng,Thanh Thúy (diễn viên sinh 1982),0.3,0,,,False,,True,"Thành phố Hồ Chí Minh, Việt Nam"
Nguyễn Thắng,Angela Phương Trinh,0.3,0,,,False,,True,"Thành phố Hồ Chí Minh, Việt Nam"
Nguyễn Thắng,Thanh Thúy (sinh 1982),0.3,0,,,False,,True,"Thành phố Hồ Chí Minh, Việt Nam"
Nguyễn Thắng,Rocker Nguyen,0.3,0,,,False,,True,"Thành phố Hồ Chí Minh, Việt Nam"
Stephane Gauger,David Minetti,1.0,1,Dòng máu anh hùng,actor-actor,False,,False,
Stephane Gauger,Quốc Cường,1.0,1,Dòng máu anh hùng,actor-actor,False,,False,
Stephane Gauger,Trần Bảo Sơn,0.3,0,,,False,,True,"Sài Gòn, Việt Nam Cộng hòa"
Stephane Gauger,Lê Công Tuấn Anh,0.3,0,,,False,,True,"Sài Gòn, Việt Nam Cộng hòa"
Stephane Gauger,Vân Sơn (nghệ sĩ hài),0.3,0,,,False,,True,"Sài Gòn, Việt Nam Cộng hòa"
Stephane Gauger,Bảo Liêm,0.3,0,,,False,,True,"Sài Gòn, Việt Nam Cộng hòa"
Stephane Gauger,Mỹ Duyên,0.3,0,,,False,,True,"Sài Gòn, Việt Nam Cộng hòa"
Stephane Gauger,Hương Giang (diễn viên),0.3,0,,,False,,True,"Sài Gòn, Việt Nam Cộng hòa"
Stephane Gauger,Trương Minh Quốc Thái,0.3,0,,,False,,True,"Sài Gòn, Việt Nam Cộng hòa"
Stephane Gauger,Cẩm Ly,0.3,0,,,False,,True,"Sài Gòn, Việt Nam Cộng hòa"
Stephane Gauger,Kiến An (diễn viên),0.3,0,,,False,,True,"Sài Gòn, Việt Nam Cộng hòa"
Stephane Gauger,Vũ Hà (ca sĩ),0.3,0,,,False,,True,"Sài Gòn, Việt Nam Cộng hòa"
Stephane Gauger,Phạm Thị Ngọc Trinh,0.3,0,,,False,,True,"Sài Gòn, Việt Nam Cộng hòa"
David Minetti,Quốc Cường,1.0,1,Dòng máu anh hùng,actor-actor,False,,False,
Quốc Cường,Quang Sự,1.0,1,Người lắng nghe: Lời thì thầm,actor-actor,False,,False,
Quốc Cường,Phạm Quỳnh Anh,1.0,1,Người lắng nghe: Lời thì thầm,actor-actor,False,,False,
Quốc Cường,Lý Hồng Ân,1.0,1,Người lắng nghe: Lời thì thầm,actor-actor,False,,False,
Quốc Cường,Lê Thiện (nghệ sĩ),1.0,1,Người lắng nghe: Lời thì thầm,actor-actor,False,,False,
Quốc Cường,Kiều Trinh,1.0,1,Người lắng nghe: Lời thì thầm,actor-actor,False,,False,
Quốc Cường,Huy Cường,1.0,1,Người lắng nghe: Lời thì thầm,actor-actor,False,,False,
Quốc Cường,Phúc An,1.0,1,Người lắng nghe: Lời thì thầm,actor-actor,False,,False,
Quốc Cường,Huy Khang,1.0,1,Người lắng nghe: Lời thì thầm,actor-actor,False,,False,
Quốc Cường,Bảo Trúc,1.0,1,Cột mốc 23,actor-actor,False,,False,
Quốc Cường,Huy Khánh,3.0,3,Cột mốc 23|Lật Mặt 6: Tấm vé định mệnh|Lật mặt 6: Tấm vé định mệnh,actor-actor,False,,False,
Quốc Cường,Diễm Châu,1.0,1,Cột mốc 23,actor-actor,False,,False,
Quốc Cường,Võ Thành Tâm,1.0,1,Cột mốc 23,actor-actor,False,,False,
Quốc Cường,Tiết Cương,3.0,3,Cột mốc 23|Lật Mặt 6: Tấm vé định mệnh|Lật mặt 6: Tấm vé định mệnh,actor-actor,False,,False,
Quốc Cường,Mạnh Hùng,1.0,1,Cột mốc 23,actor-actor,False,,False,
Quốc Cường,Quốc Thuận,1.0,1,Cột mốc 23,actor-actor,False,,False,
Quốc Cường,Thanh Vy,1.0,1,Cột mốc 23,actor-actor,False,,False,
Quốc Cường,Trung Dũng (diễn viên),2.0,2,Lật Mặt 6: Tấm vé định mệnh|Lật mặt 6: Tấm vé định mệnh,actor-actor,False,,False,
Quốc Cường,Thanh Thức,2.0,2,Lật Mặt 6: Tấm vé định mệnh|Lật mặt 6: Tấm vé định mệnh,actor-actor,False,,False,
Quốc Cường,Diệp Bảo Ngọc,2.0,2,Lật Mặt 6: Tấm vé định mệnh|Lật mặt 6: Tấm vé định mệnh,actor-actor,False,,False,
Quốc Cường,Lý Hải,2.0,2,Lật Mặt 6: Tấm vé định mệnh|Lật mặt 6: Tấm vé định mệnh,director-actor,False,,False,
Quốc Cường,Quách Ngọc Tuyên,2.0,2,Lật Mặt 6: Tấm vé định mệnh|Lật mặt 6: Tấm vé định mệnh,actor-actor,False,,False,
Quốc Cường,Mạnh Dung,2.0,2,Lật Mặt 6: Tấm vé định mệnh|Lật mặt 6: Tấm vé định mệnh,actor-actor,False,,False,
Quốc Cường,Phạm Trưởng,2.0,2,Lật Mặt 6: Tấm vé định mệnh|Lật mặt 6: Tấm vé định mệnh,actor-actor,False,,False,
Quốc Cường,Ốc Thanh Vân,2.0,2,Lật Mặt 6: Tấm vé định mệnh|Lật mặt 6: Tấm vé định mệnh,actor-actor,False,,False,
Hoàng Phúc (diễn viên),Lâm Minh Thắng,1.0,1,Bẫy rồng,actor-actor,False,,False,
Hoàng Phúc (diễn viên),Hoàng Yến Chibi,1.0,1,Tháng năm rực rỡ,actor-actor,False,,False,
Hoàng Phúc (diễn viên),Anh Thư,1.0,1,Tháng năm rực rỡ,actor-actor,False,,False,
Hoàng Phúc (diễn viên),Vai diễn khách mời,1.0,1,Tháng năm rực rỡ,actor-actor,False,,False,
Hoàng Phúc (diễn viên),Thanh Hằng,1.0,1,Tháng năm rực rỡ,actor-actor,False,,False,
Hoàng Phúc (diễn viên),Mỹ Uyên,1.0,1,Tháng năm rực rỡ,actor-actor,False,,False,
Hoàng Phúc (diễn viên),Mỹ Duyên,1.0,1,Tháng năm rực rỡ,actor-actor,False,,False,
Hoàng Phúc (diễn viên),Văn Tùng,1.0,1,Tháng năm rực rỡ,actor-actor,False,,False,
Hoàng Phúc (diễn viên),Lan Hương (diễn viên sinh 1961),1.0,1,Tháng năm rực rỡ,actor-actor,False,,False,
Hoàng Phúc (diễn viên),Đức Khuê,1.0,1,Tháng năm rực rỡ,actor-actor,False,,False,
Hoàng Phúc (diễn viên),Lê Thiện (nghệ sĩ),1.0,1,Tháng năm rực rỡ,actor-actor,False,,False,
Hoàng Phúc (diễn viên),Khánh Huyền,1.0,1,Tháng năm rực rỡ,actor-actor,False,,False,
Hoàng Phúc (diễn viên),Trúc Anh,1.0,1,Tháng năm rực rỡ,actor-actor,False,,False,
Hoàng Phúc (diễn viên),Lê Văn Lộc (diễn viên),1.0,1,Xích lô (phim),actor-actor,False,,False,
Hoàng Phúc (diễn viên),Lương Triều Vĩ,1.0,1,Xích lô (phim),actor-actor,False,,False,
Hoàng Phúc (diễn viên),Trần Nữ Yên Khê,1.0,1,Xích lô (phim),actor-actor,False,,False,
Hoàng Phúc (diễn viên),Như Quỳnh (diễn viên),1.0,1,Xích lô (phim),actor-actor,False,,False,
Hoàng Phúc (diễn viên),Ngô Vũ Quang Hải,1.0,1,Xích lô (phim),actor-actor,False,,False,
Hoàng Phúc (diễn viên),Nguyễn Tuyết Ngân,1.0,1,Xích lô (phim),actor-actor,False,,False,
Hoàng Phúc (diễn viên),Đoàn Việt Hà,1.0,1,Xích lô (phim),actor-actor,False,,False,
Hoàng Phúc (diễn viên),Bùi Hoàng Huy,1.0,1,Xích lô (phim),actor-actor,False,,False,
Hoàng Phúc (diễn viên),Võ Vĩnh Phúc,1.0,1,Xích lô (phim),actor-actor,False,,False,
Hoàng Phúc (diễn viên),Lê Đình Huy,1.0,1,Xích lô (phim),actor-actor,False,,False,
Hoàng Phúc (diễn viên),Phạm Ngọc Liễu,1.0,1,Xích lô (phim),actor-actor,False,,False,
Hoàng Phúc (diễn viên),Lê Tuấn Anh (diễn viên),1.0,1,Xích lô (phim),actor-actor,False,,False,
Hoàng Phúc (diễn viên),Lê Công Tuấn Anh,1.0,1,Xích lô (phim),actor-actor,False,,False,
Hoàng Phúc (diễn viên),Bùi Thị Minh Đức,1.0,1,Xích lô (phim),actor-actor,False,,False,
Hoàng Phúc (diễn viên),Trịnh Thịnh,1.0,1,Xích lô (phim),actor-actor,False,,False,
Hoàng Phúc (diễn viên),Nguyễn Đình Thơ,1.0,1,Xích lô (phim),actor-actor,False,,False,
Hoàng Phúc (diễn viên),Việt Thắng (diễn viên),1.0,1,Xích lô (phim),actor-actor,False,,False,
Hoàng Phúc (diễn viên),Thanh Lam,1.0,1,Xích lô (phim),actor-actor,False,,False,
Hoàng Phúc (diễn viên),Gia Khoan,1.0,1,Xích lô (phim),actor-actor,False,,False,
Hoàng Phúc (diễn viên),Huang Kiem,1.0,1,Xích lô (phim),actor-actor,False,,False,
Hoàng Phúc (diễn viên),Mạc Can,1.0,1,Xích lô (phim),actor-actor,False,,False,
Hoàng Phúc (diễn viên),Chu Hùng,1.0,1,Xích lô (phim),actor-actor,False,,False,
Hoàng Phúc (diễn viên),Mạnh Cường,1.0,1,Xích lô (phim),actor-actor,False,,False,
Hoàng Phúc (diễn viên),Trần Quốc Hùng,1.0,1,Xích lô (phim),actor-actor,False,,False,
Hoàng Phúc (diễn viên),Võ Thế Vỹ,1.0,1,Xích lô (phim),actor-actor,False,,False,
Hoàng Phúc (diễn viên),Trương Thanh Nghi,1.0,1,Xích lô (phim),actor-actor,False,,False,
Hoàng Phúc (diễn viên),Phạm Hải Trường,1.0,1,Xích lô (phim),actor-actor,False,,False,
Hoàng Phúc (diễn viên),Ánh Hoa,1.0,1,Xích lô (phim),actor-actor,False,,False,
Hoàng Phúc (diễn viên),Trần Lộc,1.0,1,Xích lô (phim),actor-actor,False,,False,
Hoàng Phúc (diễn viên),Trần Minh Tuấn (diễn viên),1.0,1,Xích lô (phim),actor-actor,False,,False,
Hoàng Phúc (diễn viên),Nguyễn Văn Tùng (diễn viên),1.0,1,Xích lô (phim),actor-actor,False,,False,
Hoàng Phúc (diễn viên),Phạm Duy Hương,1.0,1,Xích lô (phim),actor-actor,False,,False,
Hoàng Phúc (diễn viên),Lê Thái Ngọc Hoan,1.0,1,Xích lô (phim),actor-actor,False,,False,
Hoàng Phúc (diễn viên),Bá Phan Châu Toàn,1.0,1,Xích lô (phim),actor-actor,False,,False,
Hoàng Phúc (diễn viên),Đặng Minh Châu (diễn viên),1.0,1,Xích lô (phim),actor-actor,False,,False,
Hoàng Phúc (diễn viên),Trần Văn Lợi,1.0,1,Xích lô (phim),actor-actor,False,,False,
Hoàng Phúc (diễn viên),Lê Anh Sơn,1.0,1,Xích lô (phim),actor-actor,False,,False,
Hoàng Phúc (diễn viên),Phạm Văn Nhân (diễn viên),1.0,1,Xích lô (phim),actor-actor,False,,False,
Hoàng Phúc (diễn viên),Đặng Văn Đức,1.0,1,Xích lô (phim),actor-actor,False,,False,
Hoàng Phúc (diễn viên),Trần Nhật Vũ,1.0,1,Xích lô (phim),actor-actor,False,,False,
Hoàng Phúc (diễn viên),Nguyễn Hữu Châu (quần chúng),1.0,1,Xích lô (phim),actor-actor,False,,False,
Hoàng Phúc (diễn viên),Hồng Tơ,0.3,0,,,False,,True,"Mỹ Tho, Việt Nam Cộng hòa"
Trần Bảo Sơn,Phan Thị Mơ,1.0,1,Ngôi nhà trong hẻm,actor-actor,False,,False,
Trần Bảo Sơn,Vũ Thu Phương,1.0,1,Giao lộ định mệnh,actor-actor,False,,False,
Trần Bảo Sơn,Bình Minh (người mẫu),1.0,1,Giao lộ định mệnh,actor-actor,False,,False,
Trần Bảo Sơn,Tăng Bảo Quyên,1.0,1,Giao lộ định mệnh,actor-actor,False,,False,
Trần Bảo Sơn,Đại Nghĩa (diễn viên),1.0,1,Giao lộ định mệnh,actor-actor,False,,False,
Trần Bảo Sơn,Ngọc Hiệp (diễn viên),1.0,1,Đoạt hồn,actor-actor,False,,False,
Trần Bảo Sơn,Kiều Chinh,1.0,1,Đoạt hồn,actor-actor,False,,False,
Trần Bảo Sơn,Nguyễn Minh Trang,1.0,1,Đoạt hồn,actor-actor,False,,False,
Trần Bảo Sơn,Thương Tín (diễn viên),1.0,1,Đoạt hồn,actor-actor,False,,False,
Trần Bảo Sơn,Nhung Kate (diễn viên),1.0,1,Đoạt hồn,actor-actor,False,,False,
Trần Bảo Sơn,Suboi,1.0,1,Đoạt hồn,actor-actor,False,,False,
Trần Bảo Sơn,Thùy Anh,1.0,1,Đập cánh giữa không trung,actor-actor,False,,False,
Trần Bảo Sơn,Thanh Duy,1.0,1,Đập cánh giữa không trung,actor-actor,False,,False,
Trần Bảo Sơn,Lê Công Tuấn Anh,0.3,0,,,False,,True,"Sài Gòn, Việt Nam Cộng hòa"
Trần Bảo Sơn,Vân Sơn (nghệ sĩ hài),0.3,0,,,False,,True,"Sài Gòn, Việt Nam Cộng hòa"
Trần Bảo Sơn,Bảo Liêm,0.3,0,,,False,,True,"Sài Gòn, Việt Nam Cộng hòa"
Trần Bảo Sơn,Mỹ Duyên,0.3,0,,,False,,True,"Sài Gòn, Việt Nam Cộng hòa"
Trần Bảo Sơn,Hương Giang (diễn viên),0.3,0,,,False,,True,"Sài Gòn, Việt Nam Cộng hòa"
Trần Bảo Sơn,Trương Minh Quốc Thái,0.3,0,,,False,,True,"Sài Gòn, Việt Nam Cộng hòa"
Trần Bảo Sơn,Cẩm Ly,0.3,0,,,False,,True,"Sài Gòn, Việt Nam Cộng hòa"
Trần Bảo Sơn,Kiến An (diễn viên),0.3,0,,,False,,True,"Sài Gòn, Việt Nam Cộng hòa"
Trần Bảo Sơn,Vũ Hà (ca sĩ),0.3,0,,,False,,True,"Sài Gòn, Việt Nam Cộng hòa"
Trần Bảo Sơn,Phạm Thị Ngọc Trinh,0.3,0,,,False,,True,"Sài Gòn, Việt Nam Cộng hòa"
Phan Thị Mơ,Lương Thế Thành,0.3,0,,,False,,True,"Cai Lậy, Tiền Giang, Việt Nam"
Xuân Phát,Bùi Văn Hải,1.0,1,Lửa Phật,actor-actor,False,,False,
Xuân Phát,Kiều Mai Lý,1.0,1,Lửa Phật,actor-actor,False,,False,
Bùi Văn Hải,Kiều Mai Lý,1.0,1,Lửa Phật,actor-actor,False,,False,
Bùi Văn Hải,Kathy Uyên,2.0,2,Để Mai tính|Để mai tính,actor-actor,False,,False,
Bùi Văn Hải,Maryline Tâm Võ,2.0,2,Để Mai tính|Để mai tính,actor-actor,False,,False,
Bùi Văn Hải,Leon Lê,2.0,2,Để Mai tính|Để mai tính,actor-actor,False,,False,
Bùi Văn Hải,Trần Trung Lĩnh,2.0,2,Để Mai tính|Để mai tính,actor-actor,False,,False,
Bùi Văn Hải,Bình Minh (người mẫu),2.0,2,Để Mai tính|Để mai tính,actor-actor,False,,False,
Bùi Văn Hải,Trương Thế Vinh,2.0,2,Để Mai tính|Để mai tính,actor-actor,False,,False,
Bùi Văn Hải,Dominic Pereira,2.0,2,Để Mai tính|Để mai tính,actor-actor,False,,False,
Kiều Mai Lý,Thanh Thủy (diễn viên),2.0,2,Hello cô Ba|Năm sau con lại về,actor-actor,False,,False,
Kiều Mai Lý,Huỳnh Anh Tuấn,1.0,1,Hello cô Ba,actor-actor,False,,False,
Kiều Mai Lý,Trịnh Kim Chi,1.0,1,Hello cô Ba,actor-actor,False,,False,
Kiều Mai Lý,Lương Thế Thành,1.0,1,Hello cô Ba,actor-actor,False,,False,
Kiều Mai Lý,Phi Nhung,2.0,2,Hello cô Ba|Nhà có 5 nàng tiên,actor-actor,False,,False,
Kiều Mai Lý,Phạm Văn Mách,1.0,1,Hello cô Ba,actor-actor,False,,False,
Kiều Mai Lý,Việt Hương,1.0,1,Nhà có 5 nàng tiên,actor-actor,False,,False,
Kiều Mai Lý,Ngân Khánh,1.0,1,Nhà có 5 nàng tiên,actor-actor,False,,False,
Kiều Mai Lý,Minh Thảo,1.0,1,Nhà có 5 nàng tiên,actor-actor,False,,False,
Kiều Mai Lý,Bảo Anh (ca sĩ),1.0,1,Nhà có 5 nàng tiên,actor-actor,False,,False,
Kiều Mai Lý,Miu Lê,1.0,1,Nhà có 5 nàng tiên,actor-actor,False,,False,
Kiều Mai Lý,Trương Thế Vinh,1.0,1,Nhà có 5 nàng tiên,actor-actor,False,,False,
Kiều Mai Lý,Hà Trí Quang,1.0,1,Nhà có 5 nàng tiên,actor-actor,False,,False,
Kiều Mai Lý,Minh Luân,1.0,1,Nhà có 5 nàng tiên,actor-actor,False,,False,
Kiều Mai Lý,Quốc Trường (diễn viên),1.0,1,Nhà có 5 nàng tiên,actor-actor,False,,False,
Kiều Mai Lý,Cát Tường (diễn viên),1.0,1,Nhà có 5 nàng tiên,actor-actor,False,,False,
Kiều Mai Lý,Phương Thanh,1.0,1,Nhà có 5 nàng tiên,actor-actor,False,,False,
Kiều Mai Lý,Thanh Bạch,1.0,1,Nhà có 5 nàng tiên,actor-actor,False,,False,
Kiều Mai Lý,Quốc Thuận,2.0,2,Nhà có 5 nàng tiên|Năm sau con lại về,actor-actor,False,,False,
Kiều Mai Lý,Hứa Minh Đạt,2.0,2,Nhà có 5 nàng tiên|Năm sau con lại về,actor-actor,False,,False,
Kiều Mai Lý,Lâm Vỹ Dạ,1.0,1,Nhà có 5 nàng tiên,actor-actor,False,,False,
Kiều Mai Lý,Quách Ngọc Tuyên,1.0,1,Nhà có 5 nàng tiên,actor-actor,False,,False,
Kiều Mai Lý,Nam Thư,1.0,1,Nhà có 5 nàng tiên,actor-actor,False,,False,
Kiều Mai Lý,Quý Bình,1.0,1,Năm sau con lại về,actor-actor,False,,False,
Kiều Mai Lý,Nhật Cường,1.0,1,Năm sau con lại về,actor-actor,False,,False,
Kiều Mai Lý,Thanh Trúc,1.0,1,Năm sau con lại về,actor-actor,False,,False,
Kiều Mai Lý,Trường Giang (nghệ sĩ),1.0,1,Năm sau con lại về,actor-actor,False,,False,
Kiều Mai Lý,Tiến Luật,1.0,1,Năm sau con lại về,actor-actor,False,,False,
Will,Chí Tâm,1.0,1,Về quê ăn Tết,actor-actor,False,,False,
Will,Xuân Lan,1.0,1,Về quê ăn Tết,actor-actor,False,,False,
Will,Tiểu Bảo Quốc,1.0,1,Về quê ăn Tết,actor-actor,False,,False,
Chí Tâm,Xuân Lan,1.0,1,Về quê ăn Tết,actor-actor,False,,False,
Chí Tâm,Tiểu Bảo Quốc,1.0,1,Về quê ăn Tết,actor-actor,False,,False,
Xuân Lan,Tiểu Bảo Quốc,1.0,1,Về quê ăn Tết,actor-actor,False,,False,
Xuân Lan,Vĩnh Thuyên Kim,1.0,1,Bay vào cõi mộng,actor-actor,False,,False,
Xuân Lan,Lương Thế Thành,1.0,1,Bay vào cõi mộng,actor-actor,False,,False,
Xuân Lan,Nikki Dương Nhật Vi,1.0,1,Bay vào cõi mộng,actor-actor,False,,False,
Xuân Lan,Kiều Oanh,1.0,1,Bay vào cõi mộng,actor-actor,False,,False,
Xuân Lan,Lê Huỳnh,1.0,1,Bay vào cõi mộng,actor-actor,False,,False,
Xuân Lan,Tommy Ngô,1.0,1,Bay vào cõi mộng,actor-actor,False,,False,
Xuân Lan,Lynda Trang Đài,1.0,1,Bay vào cõi mộng,actor-actor,False,,False,
Xuân Lan,Khánh Phương,1.0,1,Bay vào cõi mộng,actor-actor,False,,False,
Xuân Lan,Hải Băng,1.0,1,Bay vào cõi mộng,actor-actor,False,,False,
Xuân Lan,Thu Tuyết,1.0,1,Bay vào cõi mộng,actor-actor,False,,False,
Xuân Lan,Bùi Tấn Trường,1.0,1,Bay vào cõi mộng,actor-actor,False,,False,
Xuân Lan,Đại Nghĩa (diễn viên),2.0,2,Tiệm bánh Hoàng tử bé|Tiệm bánh Hoàng tử bé 2,actor-actor,False,,False,
Xuân Lan,Lê Hạ Anh,1.0,1,Tiệm bánh Hoàng tử bé 2,actor-actor,False,,False,
Xuân Lan,Nguyễn Thùy Dương,1.0,1,Tiệm bánh Hoàng tử bé 2,actor-actor,False,,False,
Xuân Lan,Công Dương,1.0,1,Tiệm bánh Hoàng tử bé 2,actor-actor,False,,False,
Xuân Lan,Tăng Nhật Tuệ,1.0,1,Tiệm bánh Hoàng tử bé 2,actor-actor,False,,False,
Xuân Lan,Quang Minh (diễn viên),1.0,1,Cái giá của hạnh phúc,actor-actor,False,,False,
Xuân Lan,Minh Anh (diễn viên),1.0,1,Những cô gái chân dài,actor-actor,False,,False,
Xuân Lan,Anh Thư,1.0,1,Những cô gái chân dài,actor-actor,False,,False,
Xuân Lan,Thanh Hằng,1.0,1,Những cô gái chân dài,actor-actor,False,,False,
Xuân Lan,Dương Yến Ngọc,1.0,1,Những cô gái chân dài,actor-actor,False,,False,
Xuân Lan,Tống Bạch Thủy,1.0,1,Những cô gái chân dài,actor-actor,False,,False,
Xuân Lan,Ngọc Nga,1.0,1,Những cô gái chân dài,actor-actor,False,,False,
Xuân Lan,Mai Hoa (diễn viên),1.0,1,Những cô gái chân dài,actor-actor,False,,False,
Xuân Lan,Trương Thanh Long,1.0,1,Những cô gái chân dài,actor-actor,False,,False,
Xuân Lan,Hải Đông,1.0,1,Những cô gái chân dài,actor-actor,False,,False,
Xuân Lan,Như Quỳnh (diễn viên),1.0,1,Những cô gái chân dài,actor-actor,False,,False,
Xuân Lan,Văn Tùng,1.0,1,Những cô gái chân dài,actor-actor,False,,False,
Xuân Lan,Thanh Thúy (diễn viên sinh 1982),1.0,1,Những cô gái chân dài,actor-actor,False,,False,
Xuân Lan,Như Cầm,1.0,1,Những cô gái chân dài,actor-actor,False,,False,
phượng hoàng,Leon Lê,1.0,1,Song lang (phim),director-actor,False,,False,
Đồng bằng sông Cửu Long,Khả Ngân,1.0,1,Hai Phượng,actor-actor,False,,False,
Đồng bằng sông Cửu Long,Phan Thanh Nhiên,1.0,1,Hai Phượng,actor-actor,False,,False,
Đồng bằng sông Cửu Long,Phạm Anh Khoa,1.0,1,Hai Phượng,actor-actor,False,,False,
Đồng bằng sông Cửu Long,Lê Bình (diễn viên),1.0,1,Hai Phượng,actor-actor,False,,False,
Khả Ngân,Phan Thanh Nhiên,1.0,1,Hai Phượng,actor-actor,False,,False,
Khả Ngân,Phạm Anh Khoa,1.0,1,Hai Phượng,actor-actor,False,,False,
Khả Ngân,Lê Bình (diễn viên),1.0,1,Hai Phượng,actor-actor,False,,False,
Khả Ngân,Lý Hải,1.0,1,Lật mặt 2: Phim trường,actor-director,False,,False,
Khả Ngân,Trường Giang (nghệ sĩ),1.0,1,Lật mặt 2: Phim trường,actor-actor,False,,False,
Khả Ngân,Tiết Cương,1.0,1,Lật mặt 2: Phim trường,actor-actor,False,,False,
Khả Ngân,Tóc Tiên (ca sĩ),0.3,0,,,False,,True,"Thành phố Hồ Chí Minh, Việt Nam"
Khả Ngân,Nguyễn Thúc Thùy Tiên,0.3,0,,,False,,True,"Thành phố Hồ Chí Minh, Việt Nam"
Khả Ngân,Don Nguyễn,0.3,0,,,False,,True,"Thành phố Hồ Chí Minh, Việt Nam"
Khả Ngân,Huy Khánh,0.3,0,,,False,,True,"Thành phố Hồ Chí Minh, Việt Nam"
Khả Ngân,Đinh Ngọc Diệp,0.3,0,,,False,,True,"Thành phố Hồ Chí Minh, Việt Nam"
Khả Ngân,Đại Nghĩa (diễn viên),0.3,0,,,False,,True,"Thành phố Hồ Chí Minh, Việt Nam"
Khả Ngân,Midu,0.3,0,,,False,,True,"Thành phố Hồ Chí Minh, Việt Nam"
Khả Ngân,Tú Vi,0.3,0,,,False,,True,"Thành phố Hồ Chí Minh, Việt Nam"
Khả Ngân,Ái Phương,0.3,0,,,False,,True,"Thành phố Hồ Chí Minh, Việt Nam"
Khả Ngân,Anh Thư,0.3,0,,,False,,True,"Thành phố Hồ Chí Minh, Việt Nam"
Khả Ngân,Đan Trường,0.3,0,,,False,,True,"Thành phố Hồ Chí Minh, Việt Nam"
Khả Ngân,Wanbi Tuấn Anh,0.3,0,,,False,,True,"Thành phố Hồ Chí Minh, Việt Nam"
Khả Ngân,Elly Trần,0.3,0,,,False,,True,"Thành phố Hồ Chí Minh, Việt Nam"
Khả Ngân,Tim (ca sĩ),0.3,0,,,False,,True,"Thành phố Hồ Chí Minh, Việt Nam"
Khả Ngân,Việt Hương,0.3,0,,,False,,True,"Thành phố Hồ Chí Minh, Việt Nam"
Khả Ngân,Bảo Anh (ca sĩ),0.3,0,,,False,,True,"Thành phố Hồ Chí Minh, Việt Nam"
Khả Ngân,Thanh Trúc,0.3,0,,,False,,True,"Thành phố Hồ Chí Minh, Việt Nam"
Khả Ngân,Khánh Phương,0.3,0,,,False,,True,"Thành phố Hồ Chí Minh, Việt Nam"
Khả Ngân,Minh Hằng,0.3,0,,,False,,True,"Thành phố Hồ Chí Minh, Việt Nam"
Khả Ngân,Chí Thiện (sinh năm 1988),0.3,0,,,False,,True,"Thành phố Hồ Chí Minh, Việt Nam"
Khả Ngân,Tường Vi (diễn viên),0.3,0,,,False,,True,"Thành phố Hồ Chí Minh, Việt Nam"
Khả Ngân,Duy Khánh (diễn viên),0.3,0,,,False,,True,"Thành phố Hồ Chí Minh, Việt Nam"
Khả Ngân,Đàm Phương Linh,0.3,0,,,False,,True,"Thành phố Hồ Chí Minh, Việt Nam"
Khả Ngân,Thảo Trang,0.3,0,,,False,,True,"Thành phố Hồ Chí Minh, Việt Nam"
Khả Ngân,Uyên Linh,0.3,0,,,False,,True,"Thành phố Hồ Chí Minh, Việt Nam"
Khả Ngân,Võ Thành Tâm,0.3,0,,,False,,True,"Thành phố Hồ Chí Minh, Việt Nam"
Khả Ngân,Diễm My (diễn viên),0.3,0,,,False,,True,"Thành phố Hồ Chí Minh, Việt Nam"
Khả Ngân,Quang Tuấn,0.3,0,,,False,,True,"Thành phố Hồ Chí Minh, Việt Nam"
Khả Ngân,Lương Bích Hữu,0.3,0,,,False,,True,"Thành phố Hồ Chí Minh, Việt Nam"
Khả Ngân,Lê Công Hoàng (diễn viên),0.3,0,,,False,,True,"Thành phố Hồ Chí Minh, Việt Nam"
Khả Ngân,Suboi,0.3,0,,,False,,True,"Thành phố Hồ Chí Minh, Việt Nam"
Khả Ngân,Hồ Vĩnh Khoa,0.3,0,,,False,,True,"Thành phố Hồ Chí Minh, Việt Nam"
Khả Ngân,Thanh Thúy (diễn viên sinh 1982),0.3,0,,,False,,True,"Thành phố Hồ Chí Minh, Việt Nam"
Khả Ngân,Angela Phương Trinh,0.3,0,,,False,,True,"Thành phố Hồ Chí Minh, Việt Nam"
Khả Ngân,Thanh Thúy (sinh 1982),0.3,0,,,False,,True,"Thành phố Hồ Chí Minh, Việt Nam"
Khả Ngân,Rocker Nguyen,0.3,0,,,False,,True,"Thành phố Hồ Chí Minh, Việt Nam"
Phan Thanh Nhiên,Phạm Anh Khoa,1.0,1,Hai Phượng,actor-actor,False,,False,
Phan Thanh Nhiên,Lê Bình (diễn viên),1.0,1,Hai Phượng,actor-actor,False,,False,
Phạm Anh Khoa,Lê Bình (diễn viên),1.0,1,Hai Phượng,actor-actor,False,,False,
Phạm Anh Khoa,Thanh Hằng,1.0,1,Mỹ nhân kế (phim),actor-actor,False,,False,
Phạm Anh Khoa,Tăng Thanh Hà,1.0,1,Mỹ nhân kế (phim),actor-actor,False,,False,
Phạm Anh Khoa,Ngọc Quyên,1.0,1,Mỹ nhân kế (phim),actor-actor,False,,False,
Lê Bình (diễn viên),Khánh Hiền,1.0,1,Tôi thấy hoa vàng trên cỏ xanh (phim),actor-actor,False,,False,
Lê Bình (diễn viên),Tấn Thi,1.0,1,Tôi thấy hoa vàng trên cỏ xanh (phim),actor-actor,False,,False,
Lê Bình (diễn viên),Kathy Uyên,1.0,1,Hồn papa da con gái,actor-actor,False,,False,
Lê Bình (diễn viên),Vân Trang,2.0,2,Hồn papa da con gái|Tiền chùa,actor-actor,False,,False,
Lê Bình (diễn viên),Mỹ Duyên,1.0,1,Hồn papa da con gái,actor-actor,False,,False,
Lê Bình (diễn viên),Huy Khánh,1.0,1,Hồn papa da con gái,actor-actor,False,,False,
Lê Bình (diễn viên),Thanh Hằng,2.0,2,Nụ hôn thần chết (phim)|Nụ hôn thần chết,actor-actor,False,,False,
Lê Bình (diễn viên),Phương Thanh,2.0,2,Nụ hôn thần chết (phim)|Nụ hôn thần chết,actor-actor,False,,False,
Lê Bình (diễn viên),Hương Giang (diễn viên),2.0,2,Nụ hôn thần chết (phim)|Nụ hôn thần chết,actor-actor,False,,False,
Lê Bình (diễn viên),Vĩnh Thụy (diễn viên),2.0,2,Nụ hôn thần chết (phim)|Nụ hôn thần chết,actor-actor,False,,False,
Lê Bình (diễn viên),Thủy Tiên (ca sĩ),2.0,2,Nụ hôn thần chết (phim)|Nụ hôn thần chết,actor-actor,False,,False,
Lê Bình (diễn viên),Trinh Hoan,2.0,2,Nụ hôn thần chết (phim)|Nụ hôn thần chết,actor-actor,False,,False,
Lê Bình (diễn viên),Minh Đức (diễn viên),2.0,2,Nụ hôn thần chết (phim)|Nụ hôn thần chết,actor-actor,False,,False,
Lê Bình (diễn viên),Lê Hóa,2.0,2,Nụ hôn thần chết (phim)|Nụ hôn thần chết,actor-actor,False,,False,
Lê Bình (diễn viên),Lê Quốc Nam,2.0,2,Nụ hôn thần chết (phim)|Nụ hôn thần chết,actor-actor,False,,False,
Lê Bình (diễn viên),Nguyễn Quang Dũng (đạo diễn),2.0,2,Nụ hôn thần chết (phim)|Nụ hôn thần chết,actor-actor,False,,False,
Lê Bình (diễn viên),DJ,2.0,2,Nụ hôn thần chết (phim)|Nụ hôn thần chết,actor-actor,False,,False,
diễn viên đóng thế,Miền Bắc (Việt Nam),1.0,1,Trạng Tí phiêu lưu ký,actor-actor,False,,False,
diễn viên đóng thế,Đài Truyền hình Việt Nam,1.0,1,Trạng Tí phiêu lưu ký,actor-actor,False,,False,
diễn viên đóng thế,Taekwondo,1.0,1,Trạng Tí phiêu lưu ký,actor-actor,False,,False,
diễn viên đóng thế,Quang Thắng,1.0,1,Trạng Tí phiêu lưu ký,actor-actor,False,,False,
diễn viên đóng thế,Trung Anh,1.0,1,Trạng Tí phiêu lưu ký,actor-actor,False,,False,
Miền Bắc (Việt Nam),Đài Truyền hình Việt Nam,1.0,1,Trạng Tí phiêu lưu ký,actor-actor,False,,False,
Miền Bắc (Việt Nam),Taekwondo,1.0,1,Trạng Tí phiêu lưu ký,actor-actor,False,,False,
Miền Bắc (Việt Nam),Quang Thắng,1.0,1,Trạng Tí phiêu lưu ký,actor-actor,False,,False,
Miền Bắc (Việt Nam),Trung Anh,1.0,1,Trạng Tí phiêu lưu ký,actor-actor,False,,False,
Đài Truyền hình Việt Nam,Taekwondo,1.0,1,Trạng Tí phiêu lưu ký,actor-actor,False,,False,
Đài Truyền hình Việt Nam,Quang Thắng,1.0,1,Trạng Tí phiêu lưu ký,actor-actor,False,,False,
Đài Truyền hình Việt Nam,Trung Anh,1.0,1,Trạng Tí phiêu lưu ký,actor-actor,False,,False,
Taekwondo,Quang Thắng,1.0,1,Trạng Tí phiêu lưu ký,actor-actor,False,,False,
Taekwondo,Trung Anh,1.0,1,Trạng Tí phiêu lưu ký,actor-actor,False,,False,
Quang Thắng,Trung Anh,1.0,1,Trạng Tí phiêu lưu ký,actor-actor,False,,False,
Quang Thắng,Harry Lu,2.0,2,Thần tượng (phim)|Chàng trai năm ấy,actor-actor,False,,False,
Quang Thắng,Hoàng Thùy Linh,1.0,1,Thần tượng (phim),actor-actor,False,,False,
Quang Thắng,Văn Tùng,1.0,1,Thần tượng (phim),actor-actor,False,,False,
Quang Thắng,Phạm Quỳnh Anh,2.0,2,Thần tượng (phim)|Chàng trai năm ấy,actor-actor,False,,False,
Quang Thắng,Chi Pu,1.0,1,Thần tượng (phim),actor-actor,False,,False,
Quang Thắng,Sơn Tùng M-TP,1.0,1,Chàng trai năm ấy,actor-actor,False,,False,
Quang Thắng,Khánh Huyền,1.0,1,Chàng trai năm ấy,actor-actor,False,,False,
Quang Thắng,Petey Majik Nguyễn,1.0,1,Chàng trai năm ấy,actor-actor,False,,False,
Quang Thắng,Don Nguyễn,1.0,1,Chàng trai năm ấy,actor-actor,False,,False,
Quang Thắng,Tấn Thi,1.0,1,Chàng trai năm ấy,actor-actor,False,,False,
Quang Thắng,Trương Ngọc Ánh,1.0,1,Áo lụa Hà Đông (phim),actor-actor,False,,False,
Quang Thắng,Quốc Khánh (nghệ sĩ),1.0,1,Áo lụa Hà Đông (phim),actor-actor,False,,False,
Quang Thắng,Tú Trinh,1.0,1,Áo lụa Hà Đông (phim),actor-actor,False,,False,
Quang Thắng,Tất Bình,1.0,1,Áo lụa Hà Đông (phim),actor-actor,False,,False,
Quang Thắng,Như Quỳnh (diễn viên),1.0,1,Áo lụa Hà Đông (phim),actor-actor,False,,False,
Quang Thắng,Thanh Vy,1.0,1,Áo lụa Hà Đông (phim),actor-actor,False,,False,
Quang Thắng,Hà Kiều Anh,1.0,1,Áo lụa Hà Đông (phim),actor-actor,False,,False,
Quang Thắng,Bình Minh (người mẫu),1.0,1,Áo lụa Hà Đông (phim),actor-actor,False,,False,
Quang Thắng,Mạc Can,1.0,1,Áo lụa Hà Đông (phim),actor-actor,False,,False,
Quang Thắng,Công Lý (diễn viên),0.5,0,,,True,Trường Đại học Sân khấu và Điện ảnh Hà Nội,False,
Trung Anh,Nhã Phương,1.0,1,Song song (phim),actor-actor,False,,False,
Trung Anh,Trương Thế Vinh,1.0,1,Song song (phim),actor-actor,False,,False,
Đồng Ánh Quỳnh,Tóc Tiên (ca sĩ),2.0,2,Thanh Sói – Cúc dại trong đêm|Thanh Sói - Cúc dại trong đêm,actor-actor,False,,False,
Đồng Ánh Quỳnh,Rima Thanh Vy,2.0,2,Thanh Sói – Cúc dại trong đêm|Thanh Sói - Cúc dại trong đêm,actor-actor,False,,False,
Đồng Ánh Quỳnh,Thuận Nguyễn,2.0,2,Thanh Sói – Cúc dại trong đêm|Thanh Sói - Cúc dại trong đêm,actor-actor,False,,False,
Đồng Ánh Quỳnh,Gi A Nguyễn,2.0,2,Thanh Sói – Cúc dại trong đêm|Thanh Sói - Cúc dại trong đêm,actor-actor,False,,False,
Đồng Ánh Quỳnh,Phan Thanh Hiền,2.0,2,Thanh Sói – Cúc dại trong đêm|Thanh Sói - Cúc dại trong đêm,actor-actor,False,,False,
Tóc Tiên (ca sĩ),Rima Thanh Vy,2.0,2,Thanh Sói – Cúc dại trong đêm|Thanh Sói - Cúc dại trong đêm,actor-actor,False,,False,
Tóc Tiên (ca sĩ),Thuận Nguyễn,2.0,2,Thanh Sói – Cúc dại trong đêm|Thanh Sói - Cúc dại trong đêm,actor-actor,False,,False,
Tóc Tiên (ca sĩ),Gi A Nguyễn,2.0,2,Thanh Sói – Cúc dại trong đêm|Thanh Sói - Cúc dại trong đêm,actor-actor,False,,False,
Tóc Tiên (ca sĩ),Phan Thanh Hiền,2.0,2,Thanh Sói – Cúc dại trong đêm|Thanh Sói - Cúc dại trong đêm,actor-actor,False,,False,
Tóc Tiên (ca sĩ),Nguyễn Thúc Thùy Tiên,0.3,0,,,False,,True,"Thành phố Hồ Chí Minh, Việt Nam"
Tóc Tiên (ca sĩ),Don Nguyễn,0.3,0,,,False,,True,"Thành phố Hồ Chí Minh, Việt Nam"
Tóc Tiên (ca sĩ),Huy Khánh,0.3,0,,,False,,True,"Thành phố Hồ Chí Minh, Việt Nam"
Tóc Tiên (ca sĩ),Đinh Ngọc Diệp,0.3,0,,,False,,True,"Thành phố Hồ Chí Minh, Việt Nam"
Tóc Tiên (ca sĩ),Đại Nghĩa (diễn viên),0.3,0,,,False,,True,"Thành phố Hồ Chí Minh, Việt Nam"
Tóc Tiên (ca sĩ),Midu,0.3,0,,,False,,True,"Thành phố Hồ Chí Minh, Việt Nam"
Tóc Tiên (ca sĩ),Tú Vi,0.3,0,,,False,,True,"Thành phố Hồ Chí Minh, Việt Nam"
Tóc Tiên (ca sĩ),Ái Phương,0.3,0,,,False,,True,"Thành phố Hồ Chí Minh, Việt Nam"
Tóc Tiên (ca sĩ),Anh Thư,0.3,0,,,False,,True,"Thành phố Hồ Chí Minh, Việt Nam"
Tóc Tiên (ca sĩ),Đan Trường,0.3,0,,,False,,True,"Thành phố Hồ Chí Minh, Việt Nam"
Tóc Tiên (ca sĩ),Wanbi Tuấn Anh,0.3,0,,,False,,True,"Thành phố Hồ Chí Minh, Việt Nam"
Tóc Tiên (ca sĩ),Elly Trần,0.3,0,,,False,,True,"Thành phố Hồ Chí Minh, Việt Nam"
Tóc Tiên (ca sĩ),Tim (ca sĩ),0.3,0,,,False,,True,"Thành phố Hồ Chí Minh, Việt Nam"
Tóc Tiên (ca sĩ),Việt Hương,0.3,0,,,False,,True,"Thành phố Hồ Chí Minh, Việt Nam"
Tóc Tiên (ca sĩ),Bảo Anh (ca sĩ),0.3,0,,,False,,True,"Thành phố Hồ Chí Minh, Việt Nam"
Tóc Tiên (ca sĩ),Thanh Trúc,0.3,0,,,False,,True,"Thành phố Hồ Chí Minh, Việt Nam"
Tóc Tiên (ca sĩ),Khánh Phương,0.3,0,,,False,,True,"Thành phố Hồ Chí Minh, Việt Nam"
Tóc Tiên (ca sĩ),Minh Hằng,0.3,0,,,False,,True,"Thành phố Hồ Chí Minh, Việt Nam"
Tóc Tiên (ca sĩ),Chí Thiện (sinh năm 1988),0.3,0,,,False,,True,"Thành phố Hồ Chí Minh, Việt Nam"
Tóc Tiên (ca sĩ),Tường Vi (diễn viên),0.3,0,,,False,,True,"Thành phố Hồ Chí Minh, Việt Nam"
Tóc Tiên (ca sĩ),Duy Khánh (diễn viên),0.3,0,,,False,,True,"Thành phố Hồ Chí Minh, Việt Nam"
Tóc Tiên (ca sĩ),Đàm Phương Linh,0.3,0,,,False,,True,"Thành phố Hồ Chí Minh, Việt Nam"
Tóc Tiên (ca sĩ),Thảo Trang,0.3,0,,,False,,True,"Thành phố Hồ Chí Minh, Việt Nam"
Tóc Tiên (ca sĩ),Uyên Linh,0.3,0,,,False,,True,"Thành phố Hồ Chí Minh, Việt Nam"
Tóc Tiên (ca sĩ),Võ Thành Tâm,0.3,0,,,False,,True,"Thành phố Hồ Chí Minh, Việt Nam"
Tóc Tiên (ca sĩ),Diễm My (diễn viên),0.3,0,,,False,,True,"Thành phố Hồ Chí Minh, Việt Nam"
Tóc Tiên (ca sĩ),Quang Tuấn,0.3,0,,,False,,True,"Thành phố Hồ Chí Minh, Việt Nam"
Tóc Tiên (ca sĩ),Lương Bích Hữu,0.3,0,,,False,,True,"Thành phố Hồ Chí Minh, Việt Nam"
Tóc Tiên (ca sĩ),Lê Công Hoàng (diễn viên),0.3,0,,,False,,True,"Thành phố Hồ Chí Minh, Việt Nam"
Tóc Tiên (ca sĩ),Suboi,0.3,0,,,False,,True,"Thành phố Hồ Chí Minh, Việt Nam"
Tóc Tiên (ca sĩ),Hồ Vĩnh Khoa,0.3,0,,,False,,True,"Thành phố Hồ Chí Minh, Việt Nam"
Tóc Tiên (ca sĩ),Thanh Thúy (diễn viên sinh 1982),0.3,0,,,False,,True,"Thành phố Hồ Chí Minh, Việt Nam"
Tóc Tiên (ca sĩ),Angela Phương Trinh,0.3,0,,,False,,True,"Thành phố Hồ Chí Minh, Việt Nam"
Tóc Tiên (ca sĩ),Thanh Thúy (sinh 1982),0.3,0,,,False,,True,"Thành phố Hồ Chí Minh, Việt Nam"
Tóc Tiên (ca sĩ),Rocker Nguyen,0.3,0,,,False,,True,"Thành phố Hồ Chí Minh, Việt Nam"
Rima Thanh Vy,Thuận Nguyễn,2.0,2,Thanh Sói – Cúc dại trong đêm|Thanh Sói - Cúc dại trong đêm,actor-actor,False,,False,
Rima Thanh Vy,Gi A Nguyễn,2.0,2,Thanh Sói – Cúc dại trong đêm|Thanh Sói - Cúc dại trong đêm,actor-actor,False,,False,
Rima Thanh Vy,Phan Thanh Hiền,2.0,2,Thanh Sói – Cúc dại trong đêm|Thanh Sói - Cúc dại trong đêm,actor-actor,False,,False,
Rima Thanh Vy,Chi Pu,1.0,1,Mười: Lời nguyền trở lại,actor-actor,False,,False,
Rima Thanh Vy,Anh Thư,1.0,1,Mười: Lời nguyền trở lại,actor-actor,False,,False,
Rima Thanh Vy,Bình Minh (người mẫu),1.0,1,Mười: Lời nguyền trở lại,actor-actor,False,,False,
Rima Thanh Vy,Đinh Y Nhung,1.0,1,Mười: Lời nguyền trở lại,actor-actor,False,,False,
Thuận Nguyễn,Gi A Nguyễn,2.0,2,Thanh Sói – Cúc dại trong đêm|Thanh Sói - Cúc dại trong đêm,actor-actor,False,,False,
Thuận Nguyễn,Phan Thanh Hiền,2.0,2,Thanh Sói – Cúc dại trong đêm|Thanh Sói - Cúc dại trong đêm,actor-actor,False,,False,
Gi A Nguyễn,Phan Thanh Hiền,2.0,2,Thanh Sói – Cúc dại trong đêm|Thanh Sói - Cúc dại trong đêm,actor-actor,False,,False,
Thanh Mai (MC),Lê Công Tuấn Anh,1.0,1,Cô thủ môn tội nghiệp,actor-actor,False,,False,
Thanh Mai (MC),Lê Tuấn Anh (diễn viên sinh 1968),1.0,1,Cô thủ môn tội nghiệp,actor-actor,False,,False,
Thanh Mai (MC),Thanh Vy,1.0,1,Cô thủ môn tội nghiệp,actor-actor,False,,False,
Lê Công Tuấn Anh,Lê Tuấn Anh (diễn viên sinh 1968),1.0,1,Cô thủ môn tội nghiệp,actor-actor,False,,False,
Lê Công Tuấn Anh,Thanh Vy,1.0,1,Cô thủ môn tội nghiệp,actor-actor,False,,False,
Lê Công Tuấn Anh,Lê Văn Lộc (diễn viên),1.0,1,Xích lô (phim),actor-actor,False,,False,
Lê Công Tuấn Anh,Lương Triều Vĩ,1.0,1,Xích lô (phim),actor-actor,False,,False,
Lê Công Tuấn Anh,Trần Nữ Yên Khê,1.0,1,Xích lô (phim),actor-actor,False,,False,
Lê Công Tuấn Anh,Như Quỳnh (diễn viên),1.0,1,Xích lô (phim),actor-actor,False,,False,
Lê Công Tuấn Anh,Ngô Vũ Quang Hải,1.0,1,Xích lô (phim),actor-actor,False,,False,
Lê Công Tuấn Anh,Nguyễn Tuyết Ngân,1.0,1,Xích lô (phim),actor-actor,False,,False,
Lê Công Tuấn Anh,Đoàn Việt Hà,1.0,1,Xích lô (phim),actor-actor,False,,False,
Lê Công Tuấn Anh,Bùi Hoàng Huy,1.0,1,Xích lô (phim),actor-actor,False,,False,
Lê Công Tuấn Anh,Võ Vĩnh Phúc,1.0,1,Xích lô (phim),actor-actor,False,,False,
Lê Công Tuấn Anh,Lê Đình Huy,1.0,1,Xích lô (phim),actor-actor,False,,False,
Lê Công Tuấn Anh,Phạm Ngọc Liễu,1.0,1,Xích lô (phim),actor-actor,False,,False,
Lê Công Tuấn Anh,Lê Tuấn Anh (diễn viên),1.0,1,Xích lô (phim),actor-actor,False,,False,
Lê Công Tuấn Anh,Bùi Thị Minh Đức,1.0,1,Xích lô (phim),actor-actor,False,,False,
Lê Công Tuấn Anh,Trịnh Thịnh,1.0,1,Xích lô (phim),actor-actor,False,,False,
Lê Công Tuấn Anh,Nguyễn Đình Thơ,1.0,1,Xích lô (phim),actor-actor,False,,False,
Lê Công Tuấn Anh,Việt Thắng (diễn viên),1.0,1,Xích lô (phim),actor-actor,False,,False,
Lê Công Tuấn Anh,Thanh Lam,1.0,1,Xích lô (phim),actor-actor,False,,False,
Lê Công Tuấn Anh,Gia Khoan,1.0,1,Xích lô (phim),actor-actor,False,,False,
Lê Công Tuấn Anh,Huang Kiem,1.0,1,Xích lô (phim),actor-actor,False,,False,
Lê Công Tuấn Anh,Mạc Can,1.0,1,Xích lô (phim),actor-actor,False,,False,
Lê Công Tuấn Anh,Chu Hùng,1.0,1,Xích lô (phim),actor-actor,False,,False,
Lê Công Tuấn Anh,Mạnh Cường,1.0,1,Xích lô (phim),actor-actor,False,,False,
Lê Công Tuấn Anh,Trần Quốc Hùng,1.0,1,Xích lô (phim),actor-actor,False,,False,
Lê Công Tuấn Anh,Võ Thế Vỹ,1.0,1,Xích lô (phim),actor-actor,False,,False,
Lê Công Tuấn Anh,Trương Thanh Nghi,1.0,1,Xích lô (phim),actor-actor,False,,False,
Lê Công Tuấn Anh,Phạm Hải Trường,1.0,1,Xích lô (phim),actor-actor,False,,False,
Lê Công Tuấn Anh,Ánh Hoa,1.0,1,Xích lô (phim),actor-actor,False,,False,
Lê Công Tuấn Anh,Trần Lộc,1.0,1,Xích lô (phim),actor-actor,False,,False,
Lê Công Tuấn Anh,Trần Minh Tuấn (diễn viên),1.0,1,Xích lô (phim),actor-actor,False,,False,
Lê Công Tuấn Anh,Nguyễn Văn Tùng (diễn viên),1.0,1,Xích lô (phim),actor-actor,False,,False,
Lê Công Tuấn Anh,Phạm Duy Hương,1.0,1,Xích lô (phim),actor-actor,False,,False,
Lê Công Tuấn Anh,Lê Thái Ngọc Hoan,1.0,1,Xích lô (phim),actor-actor,False,,False,
Lê Công Tuấn Anh,Bá Phan Châu Toàn,1.0,1,Xích lô (phim),actor-actor,False,,False,
Lê Công Tuấn Anh,Đặng Minh Châu (diễn viên),1.0,1,Xích lô (phim),actor-actor,False,,False,
Lê Công Tuấn Anh,Trần Văn Lợi,1.0,1,Xích lô (phim),actor-actor,False,,False,
Lê Công Tuấn Anh,Lê Anh Sơn,1.0,1,Xích lô (phim),actor-actor,False,,False,
Lê Công Tuấn Anh,Phạm Văn Nhân (diễn viên),1.0,1,Xích lô (phim),actor-actor,False,,False,
Lê Công Tuấn Anh,Đặng Văn Đức,1.0,1,Xích lô (phim),actor-actor,False,,False,
Lê Công Tuấn Anh,Trần Nhật Vũ,1.0,1,Xích lô (phim),actor-actor,False,,False,
Lê Công Tuấn Anh,Nguyễn Hữu Châu (quần chúng),1.0,1,Xích lô (phim),actor-actor,False,,False,
Lê Công Tuấn Anh,Vân Sơn (nghệ sĩ hài),0.3,0,,,False,,True,"Sài Gòn, Việt Nam Cộng hòa"
Lê Công Tuấn Anh,Bảo Liêm,0.3,0,,,False,,True,"Sài Gòn, Việt Nam Cộng hòa"
Lê Công Tuấn Anh,Mỹ Duyên,0.3,0,,,False,,True,"Sài Gòn, Việt Nam Cộng hòa"
Lê Công Tuấn Anh,Hương Giang (diễn viên),0.3,0,,,False,,True,"Sài Gòn, Việt Nam Cộng hòa"
Lê Công Tuấn Anh,Trương Minh Quốc Thái,0.3,0,,,False,,True,"Sài Gòn, Việt Nam Cộng hòa"
Lê Công Tuấn Anh,Cẩm Ly,0.3,0,,,False,,True,"Sài Gòn, Việt Nam Cộng hòa"
Lê Công Tuấn Anh,Kiến An (diễn viên),0.3,0,,,False,,True,"Sài Gòn, Việt Nam Cộng hòa"
Lê Công Tuấn Anh,Vũ Hà (ca sĩ),0.3,0,,,False,,True,"Sài Gòn, Việt Nam Cộng hòa"
Lê Công Tuấn Anh,Phạm Thị Ngọc Trinh,0.3,0,,,False,,True,"Sài Gòn, Việt Nam Cộng hòa"
Lê Tuấn Anh (diễn viên sinh 1968),Thanh Vy,1.0,1,Cô thủ môn tội nghiệp,actor-actor,False,,False,
Thanh Vy,Trương Ngọc Ánh,1.0,1,Áo lụa Hà Đông (phim),actor-actor,False,,False,
Thanh Vy,Quốc Khánh (nghệ sĩ),1.0,1,Áo lụa Hà Đông (phim),actor-actor,False,,False,
Thanh Vy,Tú Trinh,1.0,1,Áo lụa Hà Đông (phim),actor-actor,False,,False,
Thanh Vy,Tất Bình,1.0,1,Áo lụa Hà Đông (phim),actor-actor,False,,False,
Thanh Vy,Như Quỳnh (diễn viên),1.0,1,Áo lụa Hà Đông (phim),actor-actor,False,,False,
Thanh Vy,Hà Kiều Anh,1.0,1,Áo lụa Hà Đông (phim),actor-actor,False,,False,
Thanh Vy,Bình Minh (người mẫu),1.0,1,Áo lụa Hà Đông (phim),actor-actor,False,,False,
Thanh Vy,Mạc Can,1.0,1,Áo lụa Hà Đông (phim),actor-actor,False,,False,
Thanh Vy,Bảo Trúc,1.0,1,Cột mốc 23,actor-actor,False,,False,
Thanh Vy,Huy Khánh,1.0,1,Cột mốc 23,actor-actor,False,,False,
Thanh Vy,Diễm Châu,1.0,1,Cột mốc 23,actor-actor,False,,False,
Thanh Vy,Võ Thành Tâm,1.0,1,Cột mốc 23,actor-actor,False,,False,
Thanh Vy,Tiết Cương,1.0,1,Cột mốc 23,actor-actor,False,,False,
Thanh Vy,Mạnh Hùng,1.0,1,Cột mốc 23,actor-actor,False,,False,
Thanh Vy,Quốc Thuận,1.0,1,Cột mốc 23,actor-actor,False,,False,
Vân Sơn (nghệ sĩ hài),Bảo Liêm,1.3,1,Vật đổi sao dời,actor-actor,False,,True,"Sài Gòn, Việt Nam Cộng hòa"
Vân Sơn (nghệ sĩ hài),Quang Minh (diễn viên),1.0,1,Vật đổi sao dời,actor-actor,False,,False,
Vân Sơn (nghệ sĩ hài),Văn Chung (kịch sĩ),1.0,1,Vật đổi sao dời,actor-actor,False,,False,
Vân Sơn (nghệ sĩ hài),Mạc Can,1.0,1,Vật đổi sao dời,actor-actor,False,,False,
Vân Sơn (nghệ sĩ hài),Mỹ Duyên,0.3,0,,,False,,True,"Sài Gòn, Việt Nam Cộng hòa"
Vân Sơn (nghệ sĩ hài),Hương Giang (diễn viên),0.3,0,,,False,,True,"Sài Gòn, Việt Nam Cộng hòa"
Vân Sơn (nghệ sĩ hài),Trương Minh Quốc Thái,0.3,0,,,False,,True,"Sài Gòn, Việt Nam Cộng hòa"
Vân Sơn (nghệ sĩ hài),Cẩm Ly,0.3,0,,,False,,True,"Sài Gòn, Việt Nam Cộng hòa"
Vân Sơn (nghệ sĩ hài),Kiến An (diễn viên),0.3,0,,,False,,True,"Sài Gòn, Việt Nam Cộng hòa"
Vân Sơn (nghệ sĩ hài),Vũ Hà (ca sĩ),0.3,0,,,False,,True,"Sài Gòn, Việt Nam Cộng hòa"
Vân Sơn (nghệ sĩ hài),Phạm Thị Ngọc Trinh,0.3,0,,,False,,True,"Sài Gòn, Việt Nam Cộng hòa"
Bảo Liêm,Quang Minh (diễn viên),1.0,1,Vật đổi sao dời,actor-actor,False,,False,
Bảo Liêm,Văn Chung (kịch sĩ),1.0,1,Vật đổi sao dời,actor-actor,False,,False,
Bảo Liêm,Mạc Can,1.0,1,Vật đổi sao dời,actor-actor,False,,False,
Bảo Liêm,Mỹ Duyên,0.3,0,,,False,,True,"Sài Gòn, Việt Nam Cộng hòa"
Bảo Liêm,Hương Giang (diễn viên),0.3,0,,,False,,True,"Sài Gòn, Việt Nam Cộng hòa"
Bảo Liêm,Trương Minh Quốc Thái,0.3,0,,,False,,True,"Sài Gòn, Việt Nam Cộng hòa"
Bảo Liêm,Cẩm Ly,0.3,0,,,False,,True,"Sài Gòn, Việt Nam Cộng hòa"
Bảo Liêm,Kiến An (diễn viên),0.3,0,,,False,,True,"Sài Gòn, Việt Nam Cộng hòa"
Bảo Liêm,Vũ Hà (ca sĩ),0.3,0,,,False,,True,"Sài Gòn, Việt Nam Cộng hòa"
Bảo Liêm,Phạm Thị Ngọc Trinh,0.3,0,,,False,,True,"Sài Gòn, Việt Nam Cộng hòa"
Quang Minh (diễn viên),Văn Chung (kịch sĩ),1.0,1,Vật đổi sao dời,actor-actor,False,,False,
Quang Minh (diễn viên),Mạc Can,1.0,1,Vật đổi sao dời,actor-actor,False,,False,
Văn Chung (kịch sĩ),Mạc Can,1.0,1,Vật đổi sao dời,actor-actor,False,,False,
Mạc Can,Nguyễn Phi Hùng (ca sĩ),1.0,1,Khi đàn ông có bầu,actor-actor,False,,False,
Mạc Can,Hồng Nga,1.0,1,Khi đàn ông có bầu,actor-actor,False,,False,
Mạc Can,Trương Ngọc Ánh,2.0,2,Khi đàn ông có bầu|Áo lụa Hà Đông (phim),actor-actor,False,,False,
Mạc Can,Bảo Chung,1.0,1,Khi đàn ông có bầu,actor-actor,False,,False,
Mạc Can,Phương Thanh,1.0,1,Khi đàn ông có bầu,actor-actor,False,,False,
Mạc Can,Quyền Linh,1.0,1,Khi đàn ông có bầu,actor-actor,False,,False,
Mạc Can,Thúy Nga (nghệ sĩ),1.0,1,Khi đàn ông có bầu,actor-actor,False,,False,
Mạc Can,Hữu Nghĩa,1.0,1,Khi đàn ông có bầu,actor-actor,False,,False,
Mạc Can,Kim Khánh (diễn viên),1.0,1,Khi đàn ông có bầu,actor-actor,False,,False,
Mạc Can,Việt Hương,1.0,1,Khi đàn ông có bầu,actor-actor,False,,False,
Mạc Can,Mỹ Uyên,1.0,1,Khi đàn ông có bầu,actor-actor,False,,False,
Mạc Can,Chi Bảo,1.0,1,Khi đàn ông có bầu,actor-actor,False,,False,
Mạc Can,Huỳnh Anh Tuấn,1.0,1,Khi đàn ông có bầu,actor-actor,False,,False,
Mạc Can,quần vợt,1.0,1,Khi đàn ông có bầu,actor-actor,False,,False,
Mạc Can,Anh Vũ (nghệ sĩ),1.0,1,Khi đàn ông có bầu,actor-actor,False,,False,
Mạc Can,gà,1.0,1,Khi đàn ông có bầu,actor-actor,False,,False,
Mạc Can,Hồng Tơ,1.0,1,Khi đàn ông có bầu,actor-actor,False,,False,
Mạc Can,Minh Thuận (ca sĩ),1.0,1,Khi đàn ông có bầu,actor-actor,False,,False,
Mạc Can,Hữu Lộc,1.0,1,Khi đàn ông có bầu,actor-actor,False,,False,
Mạc Can,ảo thuật gia,1.0,1,Chuyện ma gần nhà,actor-actor,False,,False,
Mạc Can,Vân Trang,1.0,1,Chuyện ma gần nhà,actor-actor,False,,False,
Mạc Can,nhà ngoại cảm,1.0,1,Chuyện ma gần nhà,actor-actor,False,,False,
Mạc Can,Ngọc Hiệp (diễn viên),1.0,1,Chuyện ma gần nhà,actor-actor,False,,False,
Mạc Can,ảo thuật,1.0,1,Chuyện ma gần nhà,actor-actor,False,,False,
Mạc Can,Lý Huỳnh,1.0,1,Hai Cũ,actor-actor,False,,False,
Mạc Can,Đơn Dương (diễn viên),1.0,1,Hai Cũ,actor-actor,False,,False,
Mạc Can,Lý Hùng,1.0,1,Hai Cũ,actor-actor,False,,False,
Mạc Can,Thương Tín (diễn viên),1.0,1,Hai Cũ,actor-actor,False,,False,
Mạc Can,Phương Thanh (diễn viên),1.0,1,Hai Cũ,actor-actor,False,,False,
Mạc Can,Thùy Liên,1.0,1,Hai Cũ,actor-actor,False,,False,
Mạc Can,Khương Mễ,1.0,1,Hai Cũ,actor-actor,False,,False,
Mạc Can,Hồ Kiểng,1.0,1,Hai Cũ,actor-actor,False,,False,
Mạc Can,Lê Văn Lộc (diễn viên),1.0,1,Xích lô (phim),actor-actor,False,,False,
Mạc Can,Lương Triều Vĩ,1.0,1,Xích lô (phim),actor-actor,False,,False,
Mạc Can,Trần Nữ Yên Khê,1.0,1,Xích lô (phim),actor-actor,False,,False,
Mạc Can,Như Quỳnh (diễn viên),2.0,2,Xích lô (phim)|Áo lụa Hà Đông (phim),actor-actor,False,,False,
Mạc Can,Ngô Vũ Quang Hải,1.0,1,Xích lô (phim),actor-actor,False,,False,
Mạc Can,Nguyễn Tuyết Ngân,1.0,1,Xích lô (phim),actor-actor,False,,False,
Mạc Can,Đoàn Việt Hà,1.0,1,Xích lô (phim),actor-actor,False,,False,
Mạc Can,Bùi Hoàng Huy,1.0,1,Xích lô (phim),actor-actor,False,,False,
Mạc Can,Võ Vĩnh Phúc,1.0,1,Xích lô (phim),actor-actor,False,,False,
Mạc Can,Lê Đình Huy,1.0,1,Xích lô (phim),actor-actor,False,,False,
Mạc Can,Phạm Ngọc Liễu,1.0,1,Xích lô (phim),actor-actor,False,,False,
Mạc Can,Lê Tuấn Anh (diễn viên),1.0,1,Xích lô (phim),actor-actor,False,,False,
Mạc Can,Bùi Thị Minh Đức,1.0,1,Xích lô (phim),actor-actor,False,,False,
Mạc Can,Trịnh Thịnh,1.0,1,Xích lô (phim),actor-actor,False,,False,
Mạc Can,Nguyễn Đình Thơ,1.0,1,Xích lô (phim),actor-actor,False,,False,
Mạc Can,Việt Thắng (diễn viên),1.0,1,Xích lô (phim),actor-actor,False,,False,
Mạc Can,Thanh Lam,1.0,1,Xích lô (phim),actor-actor,False,,False,
Mạc Can,Gia Khoan,1.0,1,Xích lô (phim),actor-actor,False,,False,
Mạc Can,Huang Kiem,1.0,1,Xích lô (phim),actor-actor,False,,False,
Mạc Can,Chu Hùng,1.0,1,Xích lô (phim),actor-actor,False,,False,
Mạc Can,Mạnh Cường,1.0,1,Xích lô (phim),actor-actor,False,,False,
Mạc Can,Trần Quốc Hùng,1.0,1,Xích lô (phim),actor-actor,False,,False,
Mạc Can,Võ Thế Vỹ,1.0,1,Xích lô (phim),actor-actor,False,,False,
Mạc Can,Trương Thanh Nghi,1.0,1,Xích lô (phim),actor-actor,False,,False,
Mạc Can,Phạm Hải Trường,1.0,1,Xích lô (phim),actor-actor,False,,False,
Mạc Can,Ánh Hoa,1.0,1,Xích lô (phim),actor-actor,False,,False,
Mạc Can,Trần Lộc,1.0,1,Xích lô (phim),actor-actor,False,,False,
Mạc Can,Trần Minh Tuấn (diễn viên),1.0,1,Xích lô (phim),actor-actor,False,,False,
Mạc Can,Nguyễn Văn Tùng (diễn viên),1.0,1,Xích lô (phim),actor-actor,False,,False,
Mạc Can,Phạm Duy Hương,1.0,1,Xích lô (phim),actor-actor,False,,False,
Mạc Can,Lê Thái Ngọc Hoan,1.0,1,Xích lô (phim),actor-actor,False,,False,
Mạc Can,Bá Phan Châu Toàn,1.0,1,Xích lô (phim),actor-actor,False,,False,
Mạc Can,Đặng Minh Châu (diễn viên),1.0,1,Xích lô (phim),actor-actor,False,,False,
Mạc Can,Trần Văn Lợi,1.0,1,Xích lô (phim),actor-actor,False,,False,
Mạc Can,Lê Anh Sơn,1.0,1,Xích lô (phim),actor-actor,False,,False,
Mạc Can,Phạm Văn Nhân (diễn viên),1.0,1,Xích lô (phim),actor-actor,False,,False,
Mạc Can,Đặng Văn Đức,1.0,1,Xích lô (phim),actor-actor,False,,False,
Mạc Can,Trần Nhật Vũ,1.0,1,Xích lô (phim),actor-actor,False,,False,
Mạc Can,Nguyễn Hữu Châu (quần chúng),1.0,1,Xích lô (phim),actor-actor,False,,False,
Mạc Can,Quốc Khánh (nghệ sĩ),1.0,1,Áo lụa Hà Đông (phim),actor-actor,False,,False,
Mạc Can,Tú Trinh,1.0,1,Áo lụa Hà Đông (phim),actor-actor,False,,False,
Mạc Can,Tất Bình,1.0,1,Áo lụa Hà Đông (phim),actor-actor,False,,False,
Mạc Can,Hà Kiều Anh,1.0,1,Áo lụa Hà Đông (phim),actor-actor,False,,False,
Mạc Can,Bình Minh (người mẫu),1.0,1,Áo lụa Hà Đông (phim),actor-actor,False,,False,
Go Kyung-pyo,Lâm Vỹ Dạ,1.0,1,Mang mẹ đi bỏ,actor-actor,False,,False,
Lâm Vỹ Dạ,Việt Hương,1.0,1,Nhà có 5 nàng tiên,actor-actor,False,,False,
Lâm Vỹ Dạ,Ngân Khánh,1.0,1,Nhà có 5 nàng tiên,actor-actor,False,,False,
Lâm Vỹ Dạ,Minh Thảo,1.0,1,Nhà có 5 nàng tiên,actor-actor,False,,False,
Lâm Vỹ Dạ,Bảo Anh (ca sĩ),1.0,1,Nhà có 5 nàng tiên,actor-actor,False,,False,
Lâm Vỹ Dạ,Miu Lê,1.0,1,Nhà có 5 nàng tiên,actor-actor,False,,False,
Lâm Vỹ Dạ,Trương Thế Vinh,1.0,1,Nhà có 5 nàng tiên,actor-actor,False,,False,
Lâm Vỹ Dạ,Hà Trí Quang,1.0,1,Nhà có 5 nàng tiên,actor-actor,False,,False,
Lâm Vỹ Dạ,Minh Luân,1.0,1,Nhà có 5 nàng tiên,actor-actor,False,,False,
Lâm Vỹ Dạ,Quốc Trường (diễn viên),1.0,1,Nhà có 5 nàng tiên,actor-actor,False,,False,
Lâm Vỹ Dạ,Cát Tường (diễn viên),2.0,2,Nhà có 5 nàng tiên|Siêu lừa gặp siêu lầy,actor-actor,False,,False,
Lâm Vỹ Dạ,Phương Thanh,1.0,1,Nhà có 5 nàng tiên,actor-actor,False,,False,
Lâm Vỹ Dạ,Thanh Bạch,1.0,1,Nhà có 5 nàng tiên,actor-actor,False,,False,
Lâm Vỹ Dạ,Phi Nhung,1.0,1,Nhà có 5 nàng tiên,actor-actor,False,,False,
Lâm Vỹ Dạ,Quốc Thuận,1.0,1,Nhà có 5 nàng tiên,actor-actor,False,,False,
Lâm Vỹ Dạ,Hứa Minh Đạt,1.0,1,Nhà có 5 nàng tiên,actor-actor,False,,False,
Lâm Vỹ Dạ,Quách Ngọc Tuyên,1.0,1,Nhà có 5 nàng tiên,actor-actor,False,,False,
Lâm Vỹ Dạ,Nam Thư,1.0,1,Nhà có 5 nàng tiên,actor-actor,False,,False,
Lâm Vỹ Dạ,Ngọc Phước,1.0,1,Siêu lừa gặp siêu lầy,actor-actor,False,,False,
Lâm Vỹ Dạ,Trung Lùn,1.0,1,Siêu lừa gặp siêu lầy,actor-actor,False,,False,
Lâm Vỹ Dạ,Đại Nghĩa (diễn viên),1.0,1,Siêu lừa gặp siêu lầy,actor-actor,False,,False,
Lâm Vỹ Dạ,Võ Thanh Hòa,1.0,1,Siêu lừa gặp siêu lầy,actor-director,False,,False,
Lâm Vỹ Dạ,Nhã Phương (diễn viên),0.5,0,,,True,Trường Đại học Sân khấu – Điện ảnh Thành phố Hồ Chí Minh,False,
Lâm Vỹ Dạ,Huy Khánh,0.5,0,,,True,Trường Đại học Sân khấu – Điện ảnh Thành phố Hồ Chí Minh,False,
Lâm Vỹ Dạ,Quỳnh Lam,0.5,0,,,True,Trường Đại học Sân khấu – Điện ảnh Thành phố Hồ Chí Minh,False,
Lâm Vỹ Dạ,Lê Phương,0.5,0,,,True,Trường Đại học Sân khấu – Điện ảnh Thành phố Hồ Chí Minh,False,
Nguyễn Thúc Thùy Tiên,Quyền Linh,1.0,1,Chốt đơn!,actor-actor,False,,False,
Nguyễn Thúc Thùy Tiên,Don Nguyễn,0.3,0,,,False,,True,"Thành phố Hồ Chí Minh, Việt Nam"
Nguyễn Thúc Thùy Tiên,Huy Khánh,0.3,0,,,False,,True,"Thành phố Hồ Chí Minh, Việt Nam"
Nguyễn Thúc Thùy Tiên,Đinh Ngọc Diệp,0.3,0,,,False,,True,"Thành phố Hồ Chí Minh, Việt Nam"
Nguyễn Thúc Thùy Tiên,Đại Nghĩa (diễn viên),0.3,0,,,False,,True,"Thành phố Hồ Chí Minh, Việt Nam"
Nguyễn Thúc Thùy Tiên,Midu,0.3,0,,,False,,True,"Thành phố Hồ Chí Minh, Việt Nam"
Nguyễn Thúc Thùy Tiên,Tú Vi,0.3,0,,,False,,True,"Thành phố Hồ Chí Minh, Việt Nam"
Nguyễn Thúc Thùy Tiên,Ái Phương,0.3,0,,,False,,True,"Thành phố Hồ Chí Minh, Việt Nam"
Nguyễn Thúc Thùy Tiên,Anh Thư,0.3,0,,,False,,True,"Thành phố Hồ Chí Minh, Việt Nam"
Nguyễn Thúc Thùy Tiên,Đan Trường,0.3,0,,,False,,True,"Thành phố Hồ Chí Minh, Việt Nam"
Nguyễn Thúc Thùy Tiên,Wanbi Tuấn Anh,0.3,0,,,False,,True,"Thành phố Hồ Chí Minh, Việt Nam"
Nguyễn Thúc Thùy Tiên,Elly Trần,0.3,0,,,False,,True,"Thành phố Hồ Chí Minh, Việt Nam"
Nguyễn Thúc Thùy Tiên,Tim (ca sĩ),0.3,0,,,False,,True,"Thành phố Hồ Chí Minh, Việt Nam"
Nguyễn Thúc Thùy Tiên,Việt Hương,0.3,0,,,False,,True,"Thành phố Hồ Chí Minh, Việt Nam"
Nguyễn Thúc Thùy Tiên,Bảo Anh (ca sĩ),0.3,0,,,False,,True,"Thành phố Hồ Chí Minh, Việt Nam"
Nguyễn Thúc Thùy Tiên,Thanh Trúc,0.3,0,,,False,,True,"Thành phố Hồ Chí Minh, Việt Nam"
Nguyễn Thúc Thùy Tiên,Khánh Phương,0.3,0,,,False,,True,"Thành phố Hồ Chí Minh, Việt Nam"
Nguyễn Thúc Thùy Tiên,Minh Hằng,0.3,0,,,False,,True,"Thành phố Hồ Chí Minh, Việt Nam"
Nguyễn Thúc Thùy Tiên,Chí Thiện (sinh năm 1988),0.3,0,,,False,,True,"Thành phố Hồ Chí Minh, Việt Nam"
Nguyễn Thúc Thùy Tiên,Tường Vi (diễn viên),0.3,0,,,False,,True,"Thành phố Hồ Chí Minh, Việt Nam"
Nguyễn Thúc Thùy Tiên,Duy Khánh (diễn viên),0.3,0,,,False,,True,"Thành phố Hồ Chí Minh, Việt Nam"
Nguyễn Thúc Thùy Tiên,Đàm Phương Linh,0.3,0,,,False,,True,"Thành phố Hồ Chí Minh, Việt Nam"
Nguyễn Thúc Thùy Tiên,Thảo Trang,0.3,0,,,False,,True,"Thành phố Hồ Chí Minh, Việt Nam"
Nguyễn Thúc Thùy Tiên,Uyên Linh,0.3,0,,,False,,True,"Thành phố Hồ Chí Minh, Việt Nam"
Nguyễn Thúc Thùy Tiên,Võ Thành Tâm,0.3,0,,,False,,True,"Thành phố Hồ Chí Minh, Việt Nam"
Nguyễn Thúc Thùy Tiên,Diễm My (diễn viên),0.3,0,,,False,,True,"Thành phố Hồ Chí Minh, Việt Nam"
Nguyễn Thúc Thùy Tiên,Quang Tuấn,0.3,0,,,False,,True,"Thành phố Hồ Chí Minh, Việt Nam"
Nguyễn Thúc Thùy Tiên,Lương Bích Hữu,0.3,0,,,False,,True,"Thành phố Hồ Chí Minh, Việt Nam"
Nguyễn Thúc Thùy Tiên,Lê Công Hoàng (diễn viên),0.3,0,,,False,,True,"Thành phố Hồ Chí Minh, Việt Nam"
Nguyễn Thúc Thùy Tiên,Suboi,0.3,0,,,False,,True,"Thành phố Hồ Chí Minh, Việt Nam"
Nguyễn Thúc Thùy Tiên,Hồ Vĩnh Khoa,0.3,0,,,False,,True,"Thành phố Hồ Chí Minh, Việt Nam"
Nguyễn Thúc Thùy Tiên,Thanh Thúy (diễn viên sinh 1982),0.3,0,,,False,,True,"Thành phố Hồ Chí Minh, Việt Nam"
Nguyễn Thúc Thùy Tiên,Angela Phương Trinh,0.3,0,,,False,,True,"Thành phố Hồ Chí Minh, Việt Nam"
Nguyễn Thúc Thùy Tiên,Thanh Thúy (sinh 1982),0.3,0,,,False,,True,"Thành phố Hồ Chí Minh, Việt Nam"
Nguyễn Thúc Thùy Tiên,Rocker Nguyen,0.3,0,,,False,,True,"Thành phố Hồ Chí Minh, Việt Nam"
Quyền Linh,Nguyễn Phi Hùng (ca sĩ),1.0,1,Khi đàn ông có bầu,actor-actor,False,,False,
Quyền Linh,Hồng Nga,1.0,1,Khi đàn ông có bầu,actor-actor,False,,False,
Quyền Linh,Trương Ngọc Ánh,1.0,1,Khi đàn ông có bầu,actor-actor,False,,False,
Quyền Linh,Bảo Chung,1.0,1,Khi đàn ông có bầu,actor-actor,False,,False,
Quyền Linh,Phương Thanh,1.0,1,Khi đàn ông có bầu,actor-actor,False,,False,
Quyền Linh,Thúy Nga (nghệ sĩ),1.0,1,Khi đàn ông có bầu,actor-actor,False,,False,
Quyền Linh,Hữu Nghĩa,1.0,1,Khi đàn ông có bầu,actor-actor,False,,False,
Quyền Linh,Kim Khánh (diễn viên),1.0,1,Khi đàn ông có bầu,actor-actor,False,,False,
Quyền Linh,Việt Hương,1.0,1,Khi đàn ông có bầu,actor-actor,False,,False,
Quyền Linh,Mỹ Uyên,1.0,1,Khi đàn ông có bầu,actor-actor,False,,False,
Quyền Linh,Chi Bảo,1.0,1,Khi đàn ông có bầu,actor-actor,False,,False,
Quyền Linh,Huỳnh Anh Tuấn,1.0,1,Khi đàn ông có bầu,actor-actor,False,,False,
Quyền Linh,quần vợt,1.0,1,Khi đàn ông có bầu,actor-actor,False,,False,
Quyền Linh,Anh Vũ (nghệ sĩ),1.0,1,Khi đàn ông có bầu,actor-actor,False,,False,
Quyền Linh,gà,1.0,1,Khi đàn ông có bầu,actor-actor,False,,False,
Quyền Linh,Hồng Tơ,1.0,1,Khi đàn ông có bầu,actor-actor,False,,False,
Quyền Linh,Minh Thuận (ca sĩ),1.0,1,Khi đàn ông có bầu,actor-actor,False,,False,
Quyền Linh,Hữu Lộc,1.0,1,Khi đàn ông có bầu,actor-actor,False,,False,
David Phạm,Don Nguyễn,1.0,1,Gia đình số đỏ,actor-actor,False,,False,
David Phạm,Văn Hiệp,1.0,1,Gia đình số đỏ,actor-actor,False,,False,
David Phạm,Nhã Phương (diễn viên),1.0,1,Gia đình số đỏ,actor-actor,False,,False,
David Phạm,Ngọc Quyên,1.0,1,Gia đình số đỏ,actor-actor,False,,False,
David Phạm,Huỳnh Anh Tuấn,2.0,2,Gia đình số đỏ|Để Mai tính 2,actor-actor,False,,False,
David Phạm,Quang Sự,1.0,1,Để Mai tính 2,actor-actor,False,,False,
David Phạm,Huy Khánh,1.0,1,Để Mai tính 2,actor-actor,False,,False,
David Phạm,Kathy Uyên,1.0,1,Để Mai tính 2,actor-actor,False,,False,
David Phạm,Petey Majik Nguyễn,1.0,1,Để Mai tính 2,actor-actor,False,,False,
Don Nguyễn,Văn Hiệp,1.0,1,Gia đình số đỏ,actor-actor,False,,False,
Don Nguyễn,Nhã Phương (diễn viên),1.0,1,Gia đình số đỏ,actor-actor,False,,False,
Don Nguyễn,Ngọc Quyên,1.0,1,Gia đình số đỏ,actor-actor,False,,False,
Don Nguyễn,Huỳnh Anh Tuấn,1.0,1,Gia đình số đỏ,actor-actor,False,,False,
Don Nguyễn,Châu Bùi,1.0,1,Em chưa 18,actor-actor,False,,False,
Don Nguyễn,Aaron Toronto,1.0,1,Em chưa 18,actor-actor,False,,False,
Don Nguyễn,Huy Khánh,1.3,1,Em chưa 18,actor-actor,False,,True,"Thành phố Hồ Chí Minh, Việt Nam"
Don Nguyễn,Kathy Uyên,1.0,1,Em chưa 18,actor-actor,False,,False,
Don Nguyễn,Diễn viên Chí Tâm,1.0,1,Em chưa 18,actor-actor,False,,False,
Don Nguyễn,Sơn Tùng M-TP,1.0,1,Chàng trai năm ấy,actor-actor,False,,False,
Don Nguyễn,Phạm Quỳnh Anh,1.0,1,Chàng trai năm ấy,actor-actor,False,,False,
Don Nguyễn,Khánh Huyền,1.0,1,Chàng trai năm ấy,actor-actor,False,,False,
Don Nguyễn,Petey Majik Nguyễn,1.0,1,Chàng trai năm ấy,actor-actor,False,,False,
Don Nguyễn,Harry Lu,1.0,1,Chàng trai năm ấy,actor-actor,False,,False,
Don Nguyễn,Tấn Thi,1.0,1,Chàng trai năm ấy,actor-actor,False,,False,
Don Nguyễn,Lương Mạnh Hải,2.0,2,"Hot boy nổi loạn và câu chuyện về thằng Cười, cô gái điếm và con vịt|Hot boy nổi loạn",actor-actor,False,,False,
Don Nguyễn,Hồ Vĩnh Khoa,2.3,2,"Hot boy nổi loạn và câu chuyện về thằng Cười, cô gái điếm và con vịt|Hot boy nổi loạn",actor-actor,False,,True,"Thành phố Hồ Chí Minh, Việt Nam"
Don Nguyễn,Phương Thanh,2.0,2,"Hot boy nổi loạn và câu chuyện về thằng Cười, cô gái điếm và con vịt|Hot boy nổi loạn",actor-actor,False,,False,
Don Nguyễn,Thiên Kim (diễn viên),2.0,2,"Hot boy nổi loạn và câu chuyện về thằng Cười, cô gái điếm và con vịt|Hot boy nổi loạn",actor-actor,False,,False,
Don Nguyễn,Huy Cường,2.0,2,"Hot boy nổi loạn và câu chuyện về thằng Cười, cô gái điếm và con vịt|Hot boy nổi loạn",actor-actor,False,,False,
Don Nguyễn,Đinh Ngọc Diệp,0.3,0,,,False,,True,"Thành phố Hồ Chí Minh, Việt Nam"
Don Nguyễn,Đại Nghĩa (diễn viên),0.3,0,,,False,,True,"Thành phố Hồ Chí Minh, Việt Nam"
Don Nguyễn,Midu,0.3,0,,,False,,True,"Thành phố Hồ Chí Minh, Việt Nam"
Don Nguyễn,Tú Vi,0.3,0,,,False,,True,"Thành phố Hồ Chí Minh, Việt Nam"
Don Nguyễn,Ái Phương,0.3,0,,,False,,True,"Thành phố Hồ Chí Minh, Việt Nam"
Don Nguyễn,Anh Thư,0.3,0,,,False,,True,"Thành phố Hồ Chí Minh, Việt Nam"
Don Nguyễn,Đan Trường,0.3,0,,,False,,True,"Thành phố Hồ Chí Minh, Việt Nam"
Don Nguyễn,Wanbi Tuấn Anh,0.3,0,,,False,,True,"Thành phố Hồ Chí Minh, Việt Nam"
Don Nguyễn,Elly Trần,0.3,0,,,False,,True,"Thành phố Hồ Chí Minh, Việt Nam"
Don Nguyễn,Tim (ca sĩ),0.3,0,,,False,,True,"Thành phố Hồ Chí Minh, Việt Nam"
Don Nguyễn,Việt Hương,0.3,0,,,False,,True,"Thành phố Hồ Chí Minh, Việt Nam"
Don Nguyễn,Bảo Anh (ca sĩ),0.3,0,,,False,,True,"Thành phố Hồ Chí Minh, Việt Nam"
Don Nguyễn,Thanh Trúc,0.3,0,,,False,,True,"Thành phố Hồ Chí Minh, Việt Nam"
Don Nguyễn,Khánh Phương,0.3,0,,,False,,True,"Thành phố Hồ Chí Minh, Việt Nam"
Don Nguyễn,Minh Hằng,0.3,0,,,False,,True,"Thành phố Hồ Chí Minh, Việt Nam"
Don Nguyễn,Chí Thiện (sinh năm 1988),0.3,0,,,False,,True,"Thành phố Hồ Chí Minh, Việt Nam"
Don Nguyễn,Tường Vi (diễn viên),0.3,0,,,False,,True,"Thành phố Hồ Chí Minh, Việt Nam"
Don Nguyễn,Duy Khánh (diễn viên),0.3,0,,,False,,True,"Thành phố Hồ Chí Minh, Việt Nam"
Don Nguyễn,Đàm Phương Linh,0.3,0,,,False,,True,"Thành phố Hồ Chí Minh, Việt Nam"
Don Nguyễn,Thảo Trang,0.3,0,,,False,,True,"Thành phố Hồ Chí Minh, Việt Nam"
Don Nguyễn,Uyên Linh,0.3,0,,,False,,True,"Thành phố Hồ Chí Minh, Việt Nam"
Don Nguyễn,Võ Thành Tâm,0.3,0,,,False,,True,"Thành phố Hồ Chí Minh, Việt Nam"
Don Nguyễn,Diễm My (diễn viên),0.3,0,,,False,,True,"Thành phố Hồ Chí Minh, Việt Nam"
Don Nguyễn,Quang Tuấn,0.3,0,,,False,,True,"Thành phố Hồ Chí Minh, Việt Nam"
Don Nguyễn,Lương Bích Hữu,0.3,0,,,False,,True,"Thành phố Hồ Chí Minh, Việt Nam"
Don Nguyễn,Lê Công Hoàng (diễn viên),0.3,0,,,False,,True,"Thành phố Hồ Chí Minh, Việt Nam"
Don Nguyễn,Suboi,0.3,0,,,False,,True,"Thành phố Hồ Chí Minh, Việt Nam"
Don Nguyễn,Thanh Thúy (diễn viên sinh 1982),0.3,0,,,False,,True,"Thành phố Hồ Chí Minh, Việt Nam"
Don Nguyễn,Angela Phương Trinh,0.3,0,,,False,,True,"Thành phố Hồ Chí Minh, Việt Nam"
Don Nguyễn,Thanh Thúy (sinh 1982),0.3,0,,,False,,True,"Thành phố Hồ Chí Minh, Việt Nam"
Don Nguyễn,Rocker Nguyen,0.3,0,,,False,,True,"Thành phố Hồ Chí Minh, Việt Nam"
Văn Hiệp,Nhã Phương (diễn viên),1.0,1,Gia đình số đỏ,actor-actor,False,,False,
Văn Hiệp,Ngọc Quyên,1.0,1,Gia đình số đỏ,actor-actor,False,,False,
Văn Hiệp,Huỳnh Anh Tuấn,1.0,1,Gia đình số đỏ,actor-actor,False,,False,
Văn Hiệp,Bùi Bài Bình,1.0,1,Mùa ổi,actor-actor,False,,False,
Văn Hiệp,Lan Hương (diễn viên sinh 1961),1.0,1,Mùa ổi,actor-actor,False,,False,
Văn Hiệp,Chiều Xuân,1.0,1,Mùa ổi,actor-actor,False,,False,
Văn Hiệp,Trần Lực,1.0,1,Mùa ổi,actor-actor,False,,False,
Văn Hiệp,Hoàng Yến (diễn viên),1.0,1,Mùa ổi,actor-actor,False,,False,
Văn Hiệp,Nguyễn Thị Thu An,1.0,1,Mùa ổi,actor-actor,False,,False,
Văn Hiệp,Tuấn Dương,1.0,1,Mùa ổi,actor-actor,False,,False,
Nhã Phương (diễn viên),Ngọc Quyên,1.0,1,Gia đình số đỏ,actor-actor,False,,False,
Nhã Phương (diễn viên),Huỳnh Anh Tuấn,1.0,1,Gia đình số đỏ,actor-actor,False,,False,
Nhã Phương (diễn viên),Quý Bình,1.0,1,Quả tim máu,actor-actor,False,,False,
Nhã Phương (diễn viên),Hoàng Bách,1.0,1,Quả tim máu,actor-actor,False,,False,
Nhã Phương (diễn viên),Tú Vi,1.0,1,Quả tim máu,actor-actor,False,,False,
Nhã Phương (diễn viên),Văn Tùng,1.0,1,Quả tim máu,actor-actor,False,,False,
Nhã Phương (diễn viên),Miu Lê,1.0,1,Những thiên thần áo trắng,actor-actor,False,,False,
Nhã Phương (diễn viên),Nam Cường (ca sĩ),1.0,1,Những thiên thần áo trắng,actor-actor,False,,False,
Nhã Phương (diễn viên),Mai Phương (diễn viên),1.0,1,Những thiên thần áo trắng,actor-actor,False,,False,
Nhã Phương (diễn viên),Midu,1.0,1,Những thiên thần áo trắng,actor-actor,False,,False,
Nhã Phương (diễn viên),Mỹ Duyên,1.0,1,Những thiên thần áo trắng,actor-actor,False,,False,
Nhã Phương (diễn viên),Dương Hoàng Anh,1.0,1,Những thiên thần áo trắng,actor-actor,False,,False,
Nhã Phương (diễn viên),Thanh Hoàng (nghệ sĩ),1.0,1,Những thiên thần áo trắng,actor-actor,False,,False,
Nhã Phương (diễn viên),Huy Khánh,0.5,0,,,True,Trường Đại học Sân khấu – Điện ảnh Thành phố Hồ Chí Minh,False,
Nhã Phương (diễn viên),Quỳnh Lam,0.5,0,,,True,Trường Đại học Sân khấu – Điện ảnh Thành phố Hồ Chí Minh,False,
Nhã Phương (diễn viên),Lê Phương,0.5,0,,,True,Trường Đại học Sân khấu – Điện ảnh Thành phố Hồ Chí Minh,False,
Ngọc Quyên,Huỳnh Anh Tuấn,1.0,1,Gia đình số đỏ,actor-actor,False,,False,
Ngọc Quyên,Thanh Hằng,2.0,2,Mỹ nhân kế (phim)|Tuyết nhiệt đới,actor-actor,False,,False,
Ngọc Quyên,Tăng Thanh Hà,1.0,1,Mỹ nhân kế (phim),actor-actor,False,,False,
Ngọc Quyên,Anh Thư,1.0,1,Tuyết nhiệt đới,actor-actor,False,,False,
Ngọc Quyên,Lương Mạnh Hải,1.0,1,Tuyết nhiệt đới,actor-actor,False,,False,
Ngọc Quyên,Việt Hương,1.0,1,Tuyết nhiệt đới,actor-actor,False,,False,
Ngọc Quyên,Phi Điểu,1.0,1,Tuyết nhiệt đới,actor-actor,False,,False,
Ngọc Quyên,Thiên Kim (diễn viên),1.0,1,Tuyết nhiệt đới,actor-actor,False,,False,
Ngọc Quyên,Võ Thành Tâm,1.0,1,Tuyết nhiệt đới,actor-actor,False,,False,
Ngọc Quyên,Nguyễn Vinh Sơn,1.0,1,Tuyết nhiệt đới,actor-actor,False,,False,
Huỳnh Anh Tuấn,Quang Sự,1.0,1,Để Mai tính 2,actor-actor,False,,False,
Huỳnh Anh Tuấn,Huy Khánh,1.0,1,Để Mai tính 2,actor-actor,False,,False,
Huỳnh Anh Tuấn,Kathy Uyên,1.0,1,Để Mai tính 2,actor-actor,False,,False,
Huỳnh Anh Tuấn,Petey Majik Nguyễn,1.0,1,Để Mai tính 2,actor-actor,False,,False,
Huỳnh Anh Tuấn,Thanh Thủy (diễn viên),1.0,1,Hello cô Ba,actor-actor,False,,False,
Huỳnh Anh Tuấn,Trịnh Kim Chi,1.0,1,Hello cô Ba,actor-actor,False,,False,
Huỳnh Anh Tuấn,Lương Thế Thành,1.0,1,Hello cô Ba,actor-actor,False,,False,
Huỳnh Anh Tuấn,Phi Nhung,1.0,1,Hello cô Ba,actor-actor,False,,False,
Huỳnh Anh Tuấn,Phạm Văn Mách,1.0,1,Hello cô Ba,actor-actor,False,,False,
Huỳnh Anh Tuấn,Nguyễn Phi Hùng (ca sĩ),1.0,1,Khi đàn ông có bầu,actor-actor,False,,False,
Huỳnh Anh Tuấn,Hồng Nga,1.0,1,Khi đàn ông có bầu,actor-actor,False,,False,
Huỳnh Anh Tuấn,Trương Ngọc Ánh,1.0,1,Khi đàn ông có bầu,actor-actor,False,,False,
Huỳnh Anh Tuấn,Bảo Chung,1.0,1,Khi đàn ông có bầu,actor-actor,False,,False,
Huỳnh Anh Tuấn,Phương Thanh,1.0,1,Khi đàn ông có bầu,actor-actor,False,,False,
Huỳnh Anh Tuấn,Thúy Nga (nghệ sĩ),1.0,1,Khi đàn ông có bầu,actor-actor,False,,False,
Huỳnh Anh Tuấn,Hữu Nghĩa,1.0,1,Khi đàn ông có bầu,actor-actor,False,,False,
Huỳnh Anh Tuấn,Kim Khánh (diễn viên),1.0,1,Khi đàn ông có bầu,actor-actor,False,,False,
Huỳnh Anh Tuấn,Việt Hương,1.0,1,Khi đàn ông có bầu,actor-actor,False,,False,
Huỳnh Anh Tuấn,Mỹ Uyên,1.0,1,Khi đàn ông có bầu,actor-actor,False,,False,
Huỳnh Anh Tuấn,Chi Bảo,1.0,1,Khi đàn ông có bầu,actor-actor,False,,False,
Huỳnh Anh Tuấn,quần vợt,1.0,1,Khi đàn ông có bầu,actor-actor,False,,False,
Huỳnh Anh Tuấn,Anh Vũ (nghệ sĩ),1.0,1,Khi đàn ông có bầu,actor-actor,False,,False,
Huỳnh Anh Tuấn,gà,1.0,1,Khi đàn ông có bầu,actor-actor,False,,False,
Huỳnh Anh Tuấn,Hồng Tơ,1.0,1,Khi đàn ông có bầu,actor-actor,False,,False,
Huỳnh Anh Tuấn,Minh Thuận (ca sĩ),1.0,1,Khi đàn ông có bầu,actor-actor,False,,False,
Huỳnh Anh Tuấn,Hữu Lộc,1.0,1,Khi đàn ông có bầu,actor-actor,False,,False,
Huỳnh Anh Tuấn,Nhan Phúc Vinh,1.0,1,Giấc mơ của mẹ,actor-actor,False,,False,
Huỳnh Anh Tuấn,Diễm My (diễn viên),1.0,1,Giấc mơ của mẹ,actor-actor,False,,False,
Huỳnh Anh Tuấn,Hương Giang (diễn viên),1.0,1,Giấc mơ của mẹ,actor-actor,False,,False,
Huỳnh Anh Tuấn,Khánh Huyền,1.0,1,Giấc mơ của mẹ,actor-actor,False,,False,
Huỳnh Anh Tuấn,Võ Thanh Hòa,0.3,0,,,False,,True,"Vĩnh Long, Việt Nam"
Tuấn Cường,Kathleen Lương,1.0,1,Oan hồn (phim 2004),actor-actor,False,,False,
Tuấn Cường,Kathy Uyên,1.0,1,Oan hồn (phim 2004),actor-actor,False,,False,
Kathleen Lương,Kathy Uyên,1.0,1,Oan hồn (phim 2004),actor-actor,False,,False,
Kathy Uyên,Bình Minh (người mẫu),3.0,3,Chuyện tình xa xứ|Để Mai tính|Để mai tính,actor-actor,False,,False,
Kathy Uyên,Huy Khánh,4.0,4,Chuyện tình xa xứ|Để Mai tính 2|Em chưa 18|Hồn papa da con gái,actor-actor,False,,False,
Kathy Uyên,Đinh Ngọc Diệp,1.0,1,Chuyện tình xa xứ,actor-actor,False,,False,
Kathy Uyên,Tăng Bảo Quyên,1.0,1,Chuyện tình xa xứ,actor-actor,False,,False,
Kathy Uyên,Mai Sơn Lâm,1.0,1,Chuyện tình xa xứ,actor-actor,False,,False,
Kathy Uyên,Mạc Anh Thư,1.0,1,Chuyện tình xa xứ,actor-actor,False,,False,
Kathy Uyên,Tấn Thi,1.0,1,Chuyện tình xa xứ,actor-actor,False,,False,
Kathy Uyên,Maryline Tâm Võ,2.0,2,Để Mai tính|Để mai tính,actor-actor,False,,False,
Kathy Uyên,Leon Lê,2.0,2,Để Mai tính|Để mai tính,actor-actor,False,,False,
Kathy Uyên,Trần Trung Lĩnh,2.0,2,Để Mai tính|Để mai tính,actor-actor,False,,False,
Kathy Uyên,Trương Thế Vinh,2.0,2,Để Mai tính|Để mai tính,actor-actor,False,,False,
Kathy Uyên,Dominic Pereira,2.0,2,Để Mai tính|Để mai tính,actor-actor,False,,False,
Kathy Uyên,Quang Sự,1.0,1,Để Mai tính 2,actor-actor,False,,False,
Kathy Uyên,Petey Majik Nguyễn,1.0,1,Để Mai tính 2,actor-actor,False,,False,
Kathy Uyên,Châu Bùi,1.0,1,Em chưa 18,actor-actor,False,,False,
Kathy Uyên,Aaron Toronto,1.0,1,Em chưa 18,actor-actor,False,,False,
Kathy Uyên,Diễn viên Chí Tâm,1.0,1,Em chưa 18,actor-actor,False,,False,
Kathy Uyên,Vân Trang,1.0,1,Hồn papa da con gái,actor-actor,False,,False,
Kathy Uyên,Mỹ Duyên,1.0,1,Hồn papa da con gái,actor-actor,False,,False,
Kathy Uyên,Thanh Hằng,1.0,1,Chị chị em em,director-actor,False,,False,
Kathy Uyên,Chi Pu,1.0,1,Chị chị em em,actor-director,False,,False,
Kathy Uyên,Lãnh Thanh,1.0,1,Chị chị em em,director-actor,False,,False,
Bình Minh (người mẫu),Huy Khánh,1.0,1,Chuyện tình xa xứ,actor-actor,False,,False,
Bình Minh (người mẫu),Đinh Ngọc Diệp,1.0,1,Chuyện tình xa xứ,actor-actor,False,,False,
Bình Minh (người mẫu),Tăng Bảo Quyên,2.0,2,Chuyện tình xa xứ|Giao lộ định mệnh,actor-actor,False,,False,
Bình Minh (người mẫu),Mai Sơn Lâm,1.0,1,Chuyện tình xa xứ,actor-actor,False,,False,
Bình Minh (người mẫu),Mạc Anh Thư,1.0,1,Chuyện tình xa xứ,actor-actor,False,,False,
Bình Minh (người mẫu),Tấn Thi,1.0,1,Chuyện tình xa xứ,actor-actor,False,,False,
Bình Minh (người mẫu),Vũ Thu Phương,1.0,1,Giao lộ định mệnh,actor-actor,False,,False,
Bình Minh (người mẫu),Đại Nghĩa (diễn viên),2.0,2,Giao lộ định mệnh|Cô dâu đại chiến 2,actor-actor,False,,False,
Bình Minh (người mẫu),Vân Trang,1.0,1,Cô dâu đại chiến 2,actor-actor,False,,False,
Bình Minh (người mẫu),Maya (ca sĩ),1.0,1,Cô dâu đại chiến 2,actor-actor,False,,False,
Bình Minh (người mẫu),Hoàng Bách,1.0,1,Cô dâu đại chiến 2,actor-actor,False,,False,
Bình Minh (người mẫu),Minh Thuận (ca sĩ),1.0,1,Cô dâu đại chiến 2,actor-actor,False,,False,
Bình Minh (người mẫu),Maryline Tâm Võ,2.0,2,Để Mai tính|Để mai tính,actor-actor,False,,False,
Bình Minh (người mẫu),Leon Lê,2.0,2,Để Mai tính|Để mai tính,actor-actor,False,,False,
Bình Minh (người mẫu),Trần Trung Lĩnh,2.0,2,Để Mai tính|Để mai tính,actor-actor,False,,False,
Bình Minh (người mẫu),Trương Thế Vinh,2.0,2,Để Mai tính|Để mai tính,actor-actor,False,,False,
Bình Minh (người mẫu),Dominic Pereira,2.0,2,Để Mai tính|Để mai tính,actor-actor,False,,False,
Bình Minh (người mẫu),Trương Ngọc Ánh,1.0,1,Áo lụa Hà Đông (phim),actor-actor,False,,False,
Bình Minh (người mẫu),Quốc Khánh (nghệ sĩ),1.0,1,Áo lụa Hà Đông (phim),actor-actor,False,,False,
Bình Minh (người mẫu),Tú Trinh,1.0,1,Áo lụa Hà Đông (phim),actor-actor,False,,False,
Bình Minh (người mẫu),Tất Bình,1.0,1,Áo lụa Hà Đông (phim),actor-actor,False,,False,
Bình Minh (người mẫu),Như Quỳnh (diễn viên),1.0,1,Áo lụa Hà Đông (phim),actor-actor,False,,False,
Bình Minh (người mẫu),Hà Kiều Anh,1.0,1,Áo lụa Hà Đông (phim),actor-actor,False,,False,
Bình Minh (người mẫu),Chi Pu,1.0,1,Mười: Lời nguyền trở lại,actor-actor,False,,False,
Bình Minh (người mẫu),Anh Thư,1.0,1,Mười: Lời nguyền trở lại,actor-actor,False,,False,
Bình Minh (người mẫu),Đinh Y Nhung,1.0,1,Mười: Lời nguyền trở lại,actor-actor,False,,False,
Huy Khánh,Đinh Ngọc Diệp,1.3,1,Chuyện tình xa xứ,actor-actor,False,,True,"Thành phố Hồ Chí Minh, Việt Nam"
Huy Khánh,Tăng Bảo Quyên,1.0,1,Chuyện tình xa xứ,actor-actor,False,,False,
Huy Khánh,Mai Sơn Lâm,1.0,1,Chuyện tình xa xứ,actor-actor,False,,False,
Huy Khánh,Mạc Anh Thư,1.0,1,Chuyện tình xa xứ,actor-actor,False,,False,
Huy Khánh,Tấn Thi,1.0,1,Chuyện tình xa xứ,actor-actor,False,,False,
Huy Khánh,Ngân Khánh,1.0,1,Cô dâu đại chiến,actor-actor,False,,False,
Huy Khánh,Vân Trang,2.0,2,Cô dâu đại chiến|Hồn papa da con gái,actor-actor,False,,False,
Huy Khánh,Đại Nghĩa (diễn viên),1.3,1,Cô dâu đại chiến,actor-actor,False,,True,"Thành phố Hồ Chí Minh, Việt Nam"
Huy Khánh,Võ Thanh Hòa,1.0,1,Cô dâu đại chiến,actor-actor,False,,False,
Huy Khánh,Đinh Tiến Đạt,1.0,1,Cô dâu đại chiến,actor-actor,False,,False,
Huy Khánh,Minh Thuận (ca sĩ),1.0,1,Cô dâu đại chiến,actor-actor,False,,False,
Huy Khánh,Quang Sự,1.0,1,Để Mai tính 2,actor-actor,False,,False,
Huy Khánh,Petey Majik Nguyễn,1.0,1,Để Mai tính 2,actor-actor,False,,False,
Huy Khánh,Châu Bùi,1.0,1,Em chưa 18,actor-actor,False,,False,
Huy Khánh,Aaron Toronto,1.0,1,Em chưa 18,actor-actor,False,,False,
Huy Khánh,Diễn viên Chí Tâm,1.0,1,Em chưa 18,actor-actor,False,,False,
Huy Khánh,Mỹ Duyên,1.0,1,Hồn papa da con gái,actor-actor,False,,False,
Huy Khánh,Thanh Nam,1.0,1,"Sài Gòn, anh yêu em",actor-actor,False,,False,
Huy Khánh,Đoan Trang,1.0,1,"Sài Gòn, anh yêu em",actor-actor,False,,False,
Huy Khánh,Maya (ca sĩ),1.0,1,"Sài Gòn, anh yêu em",actor-actor,False,,False,
Huy Khánh,Huỳnh Lập,1.0,1,"Sài Gòn, anh yêu em",actor-director,False,,False,
Huy Khánh,Duy Khánh (diễn viên),1.3,1,"Sài Gòn, anh yêu em",actor-actor,False,,True,"Thành phố Hồ Chí Minh, Việt Nam"
Huy Khánh,Bảo Trúc,1.0,1,Cột mốc 23,actor-actor,False,,False,
Huy Khánh,Diễm Châu,1.0,1,Cột mốc 23,actor-actor,False,,False,
Huy Khánh,Võ Thành Tâm,1.3,1,Cột mốc 23,actor-actor,False,,True,"Thành phố Hồ Chí Minh, Việt Nam"
Huy Khánh,Tiết Cương,3.0,3,Cột mốc 23|Lật Mặt 6: Tấm vé định mệnh|Lật mặt 6: Tấm vé định mệnh,actor-actor,False,,False,
Huy Khánh,Mạnh Hùng,1.0,1,Cột mốc 23,actor-actor,False,,False,
Huy Khánh,Quốc Thuận,1.0,1,Cột mốc 23,actor-actor,False,,False,
Huy Khánh,Trung Dũng (diễn viên),2.0,2,Lật Mặt 6: Tấm vé định mệnh|Lật mặt 6: Tấm vé định mệnh,actor-actor,False,,False,
Huy Khánh,Thanh Thức,2.0,2,Lật Mặt 6: Tấm vé định mệnh|Lật mặt 6: Tấm vé định mệnh,actor-actor,False,,False,
Huy Khánh,Diệp Bảo Ngọc,2.0,2,Lật Mặt 6: Tấm vé định mệnh|Lật mặt 6: Tấm vé định mệnh,actor-actor,False,,False,
Huy Khánh,Lý Hải,2.0,2,Lật Mặt 6: Tấm vé định mệnh|Lật mặt 6: Tấm vé định mệnh,actor-director,False,,False,
Huy Khánh,Quách Ngọc Tuyên,2.0,2,Lật Mặt 6: Tấm vé định mệnh|Lật mặt 6: Tấm vé định mệnh,actor-actor,False,,False,
Huy Khánh,Mạnh Dung,2.0,2,Lật Mặt 6: Tấm vé định mệnh|Lật mặt 6: Tấm vé định mệnh,actor-actor,False,,False,
Huy Khánh,Phạm Trưởng,2.0,2,Lật Mặt 6: Tấm vé định mệnh|Lật mặt 6: Tấm vé định mệnh,actor-actor,False,,False,
Huy Khánh,Ốc Thanh Vân,2.0,2,Lật Mặt 6: Tấm vé định mệnh|Lật mặt 6: Tấm vé định mệnh,actor-actor,False,,False,
Huy Khánh,Midu,0.3,0,,,False,,True,"Thành phố Hồ Chí Minh, Việt Nam"
Huy Khánh,Tú Vi,0.3,0,,,False,,True,"Thành phố Hồ Chí Minh, Việt Nam"
Huy Khánh,Ái Phương,0.3,0,,,False,,True,"Thành phố Hồ Chí Minh, Việt Nam"
Huy Khánh,Anh Thư,0.3,0,,,False,,True,"Thành phố Hồ Chí Minh, Việt Nam"
Huy Khánh,Đan Trường,0.3,0,,,False,,True,"Thành phố Hồ Chí Minh, Việt Nam"
Huy Khánh,Wanbi Tuấn Anh,0.3,0,,,False,,True,"Thành phố Hồ Chí Minh, Việt Nam"
Huy Khánh,Elly Trần,0.3,0,,,False,,True,"Thành phố Hồ Chí Minh, Việt Nam"
Huy Khánh,Tim (ca sĩ),0.3,0,,,False,,True,"Thành phố Hồ Chí Minh, Việt Nam"
Huy Khánh,Việt Hương,0.3,0,,,False,,True,"Thành phố Hồ Chí Minh, Việt Nam"
Huy Khánh,Bảo Anh (ca sĩ),0.3,0,,,False,,True,"Thành phố Hồ Chí Minh, Việt Nam"
Huy Khánh,Thanh Trúc,0.3,0,,,False,,True,"Thành phố Hồ Chí Minh, Việt Nam"
Huy Khánh,Khánh Phương,0.3,0,,,False,,True,"Thành phố Hồ Chí Minh, Việt Nam"
Huy Khánh,Minh Hằng,0.3,0,,,False,,True,"Thành phố Hồ Chí Minh, Việt Nam"
Huy Khánh,Chí Thiện (sinh năm 1988),0.3,0,,,False,,True,"Thành phố Hồ Chí Minh, Việt Nam"
Huy Khánh,Tường Vi (diễn viên),0.3,0,,,False,,True,"Thành phố Hồ Chí Minh, Việt Nam"
Huy Khánh,Đàm Phương Linh,0.3,0,,,False,,True,"Thành phố Hồ Chí Minh, Việt Nam"
Huy Khánh,Thảo Trang,0.3,0,,,False,,True,"Thành phố Hồ Chí Minh, Việt Nam"
Huy Khánh,Uyên Linh,0.3,0,,,False,,True,"Thành phố Hồ Chí Minh, Việt Nam"
Huy Khánh,Diễm My (diễn viên),0.3,0,,,False,,True,"Thành phố Hồ Chí Minh, Việt Nam"
Huy Khánh,Quang Tuấn,0.3,0,,,False,,True,"Thành phố Hồ Chí Minh, Việt Nam"
Huy Khánh,Quỳnh Lam,0.5,0,,,True,Trường Đại học Sân khấu – Điện ảnh Thành phố Hồ Chí Minh,False,
Huy Khánh,Lương Bích Hữu,0.3,0,,,False,,True,"Thành phố Hồ Chí Minh, Việt Nam"
Huy Khánh,Lê Công Hoàng (diễn viên),0.3,0,,,False,,True,"Thành phố Hồ Chí Minh, Việt Nam"
Huy Khánh,Lê Phương,0.5,0,,,True,Trường Đại học Sân khấu – Điện ảnh Thành phố Hồ Chí Minh,False,
Huy Khánh,Suboi,0.3,0,,,False,,True,"Thành phố Hồ Chí Minh, Việt Nam"
Huy Khánh,Hồ Vĩnh Khoa,0.3,0,,,False,,True,"Thành phố Hồ Chí Minh, Việt Nam"
Huy Khánh,Thanh Thúy (diễn viên sinh 1982),0.3,0,,,False,,True,"Thành phố Hồ Chí Minh, Việt Nam"
Huy Khánh,Angela Phương Trinh,0.3,0,,,False,,True,"Thành phố Hồ Chí Minh, Việt Nam"
Huy Khánh,Thanh Thúy (sinh 1982),0.3,0,,,False,,True,"Thành phố Hồ Chí Minh, Việt Nam"
Huy Khánh,Rocker Nguyen,0.3,0,,,False,,True,"Thành phố Hồ Chí Minh, Việt Nam"
Đinh Ngọc Diệp,Tăng Bảo Quyên,1.0,1,Chuyện tình xa xứ,actor-actor,False,,False,
Đinh Ngọc Diệp,Mai Sơn Lâm,1.0,1,Chuyện tình xa xứ,actor-actor,False,,False,
Đinh Ngọc Diệp,Mạc Anh Thư,1.0,1,Chuyện tình xa xứ,actor-actor,False,,False,
Đinh Ngọc Diệp,Tấn Thi,1.0,1,Chuyện tình xa xứ,actor-actor,False,,False,
Đinh Ngọc Diệp,Đại Nghĩa (diễn viên),0.3,0,,,False,,True,"Thành phố Hồ Chí Minh, Việt Nam"
Đinh Ngọc Diệp,Midu,0.3,0,,,False,,True,"Thành phố Hồ Chí Minh, Việt Nam"
Đinh Ngọc Diệp,Tú Vi,0.3,0,,,False,,True,"Thành phố Hồ Chí Minh, Việt Nam"
Đinh Ngọc Diệp,Ái Phương,0.3,0,,,False,,True,"Thành phố Hồ Chí Minh, Việt Nam"
Đinh Ngọc Diệp,Anh Thư,0.3,0,,,False,,True,"Thành phố Hồ Chí Minh, Việt Nam"
Đinh Ngọc Diệp,Đan Trường,0.3,0,,,False,,True,"Thành phố Hồ Chí Minh, Việt Nam"
Đinh Ngọc Diệp,Wanbi Tuấn Anh,0.3,0,,,False,,True,"Thành phố Hồ Chí Minh, Việt Nam"
Đinh Ngọc Diệp,Elly Trần,0.3,0,,,False,,True,"Thành phố Hồ Chí Minh, Việt Nam"
Đinh Ngọc Diệp,Tim (ca sĩ),0.3,0,,,False,,True,"Thành phố Hồ Chí Minh, Việt Nam"
Đinh Ngọc Diệp,Việt Hương,0.3,0,,,False,,True,"Thành phố Hồ Chí Minh, Việt Nam"
Đinh Ngọc Diệp,Bảo Anh (ca sĩ),0.3,0,,,False,,True,"Thành phố Hồ Chí Minh, Việt Nam"
Đinh Ngọc Diệp,Thanh Trúc,0.3,0,,,False,,True,"Thành phố Hồ Chí Minh, Việt Nam"
Đinh Ngọc Diệp,Khánh Phương,0.3,0,,,False,,True,"Thành phố Hồ Chí Minh, Việt Nam"
Đinh Ngọc Diệp,Minh Hằng,0.3,0,,,False,,True,"Thành phố Hồ Chí Minh, Việt Nam"
Đinh Ngọc Diệp,Chí Thiện (sinh năm 1988),0.3,0,,,False,,True,"Thành phố Hồ Chí Minh, Việt Nam"
Đinh Ngọc Diệp,Tường Vi (diễn viên),0.3,0,,,False,,True,"Thành phố Hồ Chí Minh, Việt Nam"
Đinh Ngọc Diệp,Duy Khánh (diễn viên),0.3,0,,,False,,True,"Thành phố Hồ Chí Minh, Việt Nam"
Đinh Ngọc Diệp,Đàm Phương Linh,0.3,0,,,False,,True,"Thành phố Hồ Chí Minh, Việt Nam"
Đinh Ngọc Diệp,Thảo Trang,0.3,0,,,False,,True,"Thành phố Hồ Chí Minh, Việt Nam"
Đinh Ngọc Diệp,Uyên Linh,0.3,0,,,False,,True,"Thành phố Hồ Chí Minh, Việt Nam"
Đinh Ngọc Diệp,Võ Thành Tâm,0.3,0,,,False,,True,"Thành phố Hồ Chí Minh, Việt Nam"
Đinh Ngọc Diệp,Diễm My (diễn viên),0.3,0,,,False,,True,"Thành phố Hồ Chí Minh, Việt Nam"
Đinh Ngọc Diệp,Quang Tuấn,0.3,0,,,False,,True,"Thành phố Hồ Chí Minh, Việt Nam"
Đinh Ngọc Diệp,Lương Bích Hữu,0.3,0,,,False,,True,"Thành phố Hồ Chí Minh, Việt Nam"
Đinh Ngọc Diệp,Lê Công Hoàng (diễn viên),0.3,0,,,False,,True,"Thành phố Hồ Chí Minh, Việt Nam"
Đinh Ngọc Diệp,Suboi,0.3,0,,,False,,True,"Thành phố Hồ Chí Minh, Việt Nam"
Đinh Ngọc Diệp,Hồ Vĩnh Khoa,0.3,0,,,False,,True,"Thành phố Hồ Chí Minh, Việt Nam"
Đinh Ngọc Diệp,Thanh Thúy (diễn viên sinh 1982),0.3,0,,,False,,True,"Thành phố Hồ Chí Minh, Việt Nam"
Đinh Ngọc Diệp,Angela Phương Trinh,0.3,0,,,False,,True,"Thành phố Hồ Chí Minh, Việt Nam"
Đinh Ngọc Diệp,Thanh Thúy (sinh 1982),0.3,0,,,False,,True,"Thành phố Hồ Chí Minh, Việt Nam"
Đinh Ngọc Diệp,Rocker Nguyen,0.3,0,,,False,,True,"Thành phố Hồ Chí Minh, Việt Nam"
Tăng Bảo Quyên,Mai Sơn Lâm,1.0,1,Chuyện tình xa xứ,actor-actor,False,,False,
Tăng Bảo Quyên,Mạc Anh Thư,1.0,1,Chuyện tình xa xứ,actor-actor,False,,False,
Tăng Bảo Quyên,Tấn Thi,1.0,1,Chuyện tình xa xứ,actor-actor,False,,False,
Tăng Bảo Quyên,Vũ Thu Phương,1.0,1,Giao lộ định mệnh,actor-actor,False,,False,
Tăng Bảo Quyên,Đại Nghĩa (diễn viên),1.0,1,Giao lộ định mệnh,actor-actor,False,,False,
Tăng Bảo Quyên,Trương Minh Quốc Thái,1.0,1,Những người viết huyền thoại (phim),actor-actor,False,,False,
Tăng Bảo Quyên,Hoàng Hải (diễn viên),1.0,1,Những người viết huyền thoại (phim),actor-actor,False,,False,
Tăng Bảo Quyên,Đinh Đức Thiện,1.0,1,Những người viết huyền thoại (phim),actor-actor,False,,False,
Tăng Bảo Quyên,Bảo Thanh (diễn viên),1.0,1,Những người viết huyền thoại (phim),actor-actor,False,,False,
Mai Sơn Lâm,Mạc Anh Thư,1.0,1,Chuyện tình xa xứ,actor-actor,False,,False,
Mai Sơn Lâm,Tấn Thi,1.0,1,Chuyện tình xa xứ,actor-actor,False,,False,
Mạc Anh Thư,Tấn Thi,1.0,1,Chuyện tình xa xứ,actor-actor,False,,False,
Tấn Thi,Khánh Hiền,1.0,1,Tôi thấy hoa vàng trên cỏ xanh (phim),actor-actor,False,,False,
Tấn Thi,Sơn Tùng M-TP,1.0,1,Chàng trai năm ấy,actor-actor,False,,False,
Tấn Thi,Phạm Quỳnh Anh,1.0,1,Chàng trai năm ấy,actor-actor,False,,False,
Tấn Thi,Khánh Huyền,1.0,1,Chàng trai năm ấy,actor-actor,False,,False,
Tấn Thi,Petey Majik Nguyễn,1.0,1,Chàng trai năm ấy,actor-actor,False,,False,
Tấn Thi,Harry Lu,1.0,1,Chàng trai năm ấy,actor-actor,False,,False,
Tấn Thi,Vân Trang,1.0,1,Sài Gòn Yo!,actor-actor,False,,False,
Tấn Thi,Elly Trần,1.0,1,Sài Gòn Yo!,actor-actor,False,,False,
Tấn Thi,Hồ Bích Trâm,1.0,1,Sài Gòn Yo!,actor-actor,False,,False,
Tấn Thi,Mai Ngô,1.0,1,Sài Gòn Yo!,actor-actor,False,,False,
Tấn Thi,Hoàng Yến Chibi,1.0,1,Thất sơn tâm linh,actor-actor,False,,False,
Tấn Thi,Quang Tuấn,1.0,1,Thất sơn tâm linh,actor-actor,False,,False,
Tấn Thi,Đinh Y Nhung,1.0,1,Thất sơn tâm linh,actor-actor,False,,False,
Tấn Thi,Lê Huỳnh,1.0,1,Thất sơn tâm linh,actor-actor,False,,False,
Vũ Thu Phương,Đại Nghĩa (diễn viên),1.0,1,Giao lộ định mệnh,actor-actor,False,,False,
Vũ Thu Phương,Đan Trường,1.0,1,Võ lâm truyền kỳ (phim),actor-actor,False,,False,
Vũ Thu Phương,Chi Bảo,1.0,1,Võ lâm truyền kỳ (phim),actor-actor,False,,False,
Vũ Thu Phương,Thanh Thảo (ca sĩ),1.0,1,Võ lâm truyền kỳ (phim),actor-actor,False,,False,
Vũ Thu Phương,Cát Phượng,1.0,1,Võ lâm truyền kỳ (phim),actor-actor,False,,False,
Vũ Thu Phương,Marilyn Monroe,1.0,1,Võ lâm truyền kỳ (phim),actor-actor,False,,False,
Vũ Thu Phương,Michael Jackson,1.0,1,Võ lâm truyền kỳ (phim),actor-actor,False,,False,
Vũ Thu Phương,Khánh Nam (diễn viên),1.0,1,Võ lâm truyền kỳ (phim),actor-actor,False,,False,
Vũ Thu Phương,Charlie Chaplin,1.0,1,Võ lâm truyền kỳ (phim),actor-actor,False,,False,
Vũ Thu Phương,Minh Béo,1.0,1,Võ lâm truyền kỳ (phim),actor-actor,False,,False,
Vũ Thu Phương,Hữu Lộc,1.0,1,Võ lâm truyền kỳ (phim),actor-actor,False,,False,
Vũ Thu Phương,đỏ,1.0,1,Võ lâm truyền kỳ (phim),actor-actor,False,,False,
Vũ Thu Phương,Da cam,1.0,1,Võ lâm truyền kỳ (phim),actor-actor,False,,False,
Đại Nghĩa (diễn viên),Ngân Khánh,1.0,1,Cô dâu đại chiến,actor-actor,False,,False,
Đại Nghĩa (diễn viên),Vân Trang,2.0,2,Cô dâu đại chiến|Cô dâu đại chiến 2,actor-actor,False,,False,
Đại Nghĩa (diễn viên),Võ Thanh Hòa,2.0,2,Cô dâu đại chiến|Siêu lừa gặp siêu lầy,director-actor|actor-actor,False,,False,
Đại Nghĩa (diễn viên),Đinh Tiến Đạt,1.0,1,Cô dâu đại chiến,actor-actor,False,,False,
Đại Nghĩa (diễn viên),Minh Thuận (ca sĩ),2.0,2,Cô dâu đại chiến|Cô dâu đại chiến 2,actor-actor,False,,False,
Đại Nghĩa (diễn viên),Maya (ca sĩ),2.0,2,Cô dâu đại chiến 2|Em là của em,actor-actor,False,,False,
Đại Nghĩa (diễn viên),Hoàng Bách,1.0,1,Cô dâu đại chiến 2,actor-actor,False,,False,
Đại Nghĩa (diễn viên),Lê Hạ Anh,1.0,1,Tiệm bánh Hoàng tử bé 2,actor-actor,False,,False,
Đại Nghĩa (diễn viên),Nguyễn Thùy Dương,1.0,1,Tiệm bánh Hoàng tử bé 2,actor-actor,False,,False,
Đại Nghĩa (diễn viên),Công Dương,1.0,1,Tiệm bánh Hoàng tử bé 2,actor-actor,False,,False,
Đại Nghĩa (diễn viên),Tăng Nhật Tuệ,1.0,1,Tiệm bánh Hoàng tử bé 2,actor-actor,False,,False,
Đại Nghĩa (diễn viên),Ngọc Phước,1.0,1,Siêu lừa gặp siêu lầy,actor-actor,False,,False,
Đại Nghĩa (diễn viên),Trung Lùn,1.0,1,Siêu lừa gặp siêu lầy,actor-actor,False,,False,
Đại Nghĩa (diễn viên),Cát Tường (diễn viên),1.0,1,Siêu lừa gặp siêu lầy,actor-actor,False,,False,
Đại Nghĩa (diễn viên),Minh Hằng,1.3,1,Sắc đẹp ngàn cân (phim 2017),actor-actor,False,,True,"Thành phố Hồ Chí Minh, Việt Nam"
Đại Nghĩa (diễn viên),Rocker Nguyen,1.3,1,Sắc đẹp ngàn cân (phim 2017),actor-actor,False,,True,"Thành phố Hồ Chí Minh, Việt Nam"
Đại Nghĩa (diễn viên),Midu,0.3,0,,,False,,True,"Thành phố Hồ Chí Minh, Việt Nam"
Đại Nghĩa (diễn viên),Tú Vi,0.3,0,,,False,,True,"Thành phố Hồ Chí Minh, Việt Nam"
Đại Nghĩa (diễn viên),Ái Phương,0.3,0,,,False,,True,"Thành phố Hồ Chí Minh, Việt Nam"
Đại Nghĩa (diễn viên),Anh Thư,0.3,0,,,False,,True,"Thành phố Hồ Chí Minh, Việt Nam"
Đại Nghĩa (diễn viên),Đan Trường,0.3,0,,,False,,True,"Thành phố Hồ Chí Minh, Việt Nam"
Đại Nghĩa (diễn viên),Wanbi Tuấn Anh,0.3,0,,,False,,True,"Thành phố Hồ Chí Minh, Việt Nam"
Đại Nghĩa (diễn viên),Elly Trần,0.3,0,,,False,,True,"Thành phố Hồ Chí Minh, Việt Nam"
Đại Nghĩa (diễn viên),Tim (ca sĩ),0.3,0,,,False,,True,"Thành phố Hồ Chí Minh, Việt Nam"
Đại Nghĩa (diễn viên),Việt Hương,0.3,0,,,False,,True,"Thành phố Hồ Chí Minh, Việt Nam"
Đại Nghĩa (diễn viên),Bảo Anh (ca sĩ),0.3,0,,,False,,True,"Thành phố Hồ Chí Minh, Việt Nam"
Đại Nghĩa (diễn viên),Thanh Trúc,0.3,0,,,False,,True,"Thành phố Hồ Chí Minh, Việt Nam"
Đại Nghĩa (diễn viên),Khánh Phương,0.3,0,,,False,,True,"Thành phố Hồ Chí Minh, Việt Nam"
Đại Nghĩa (diễn viên),Chí Thiện (sinh năm 1988),0.3,0,,,False,,True,"Thành phố Hồ Chí Minh, Việt Nam"
Đại Nghĩa (diễn viên),Tường Vi (diễn viên),0.3,0,,,False,,True,"Thành phố Hồ Chí Minh, Việt Nam"
Đại Nghĩa (diễn viên),Duy Khánh (diễn viên),0.3,0,,,False,,True,"Thành phố Hồ Chí Minh, Việt Nam"
Đại Nghĩa (diễn viên),Đàm Phương Linh,0.3,0,,,False,,True,"Thành phố Hồ Chí Minh, Việt Nam"
Đại Nghĩa (diễn viên),Thảo Trang,0.3,0,,,False,,True,"Thành phố Hồ Chí Minh, Việt Nam"
Đại Nghĩa (diễn viên),Uyên Linh,0.3,0,,,False,,True,"Thành phố Hồ Chí Minh, Việt Nam"
Đại Nghĩa (diễn viên),Võ Thành Tâm,0.3,0,,,False,,True,"Thành phố Hồ Chí Minh, Việt Nam"
Đại Nghĩa (diễn viên),Diễm My (diễn viên),0.3,0,,,False,,True,"Thành phố Hồ Chí Minh, Việt Nam"
Đại Nghĩa (diễn viên),Quang Tuấn,0.3,0,,,False,,True,"Thành phố Hồ Chí Minh, Việt Nam"
Đại Nghĩa (diễn viên),Lương Bích Hữu,0.3,0,,,False,,True,"Thành phố Hồ Chí Minh, Việt Nam"
Đại Nghĩa (diễn viên),Lê Công Hoàng (diễn viên),0.3,0,,,False,,True,"Thành phố Hồ Chí Minh, Việt Nam"
Đại Nghĩa (diễn viên),Suboi,0.3,0,,,False,,True,"Thành phố Hồ Chí Minh, Việt Nam"
Đại Nghĩa (diễn viên),Hồ Vĩnh Khoa,0.3,0,,,False,,True,"Thành phố Hồ Chí Minh, Việt Nam"
Đại Nghĩa (diễn viên),Thanh Thúy (diễn viên sinh 1982),0.3,0,,,False,,True,"Thành phố Hồ Chí Minh, Việt Nam"
Đại Nghĩa (diễn viên),Angela Phương Trinh,0.3,0,,,False,,True,"Thành phố Hồ Chí Minh, Việt Nam"
Đại Nghĩa (diễn viên),Thanh Thúy (sinh 1982),0.3,0,,,False,,True,"Thành phố Hồ Chí Minh, Việt Nam"
Ngân Khánh,Vân Trang,1.0,1,Cô dâu đại chiến,actor-actor,False,,False,
Ngân Khánh,Võ Thanh Hòa,1.0,1,Cô dâu đại chiến,actor-actor,False,,False,
Ngân Khánh,Đinh Tiến Đạt,1.0,1,Cô dâu đại chiến,actor-actor,False,,False,
Ngân Khánh,Minh Thuận (ca sĩ),1.0,1,Cô dâu đại chiến,actor-actor,False,,False,
Ngân Khánh,Việt Hương,1.0,1,Nhà có 5 nàng tiên,actor-actor,False,,False,
Ngân Khánh,Minh Thảo,1.0,1,Nhà có 5 nàng tiên,actor-actor,False,,False,
Ngân Khánh,Bảo Anh (ca sĩ),1.0,1,Nhà có 5 nàng tiên,actor-actor,False,,False,
Ngân Khánh,Miu Lê,1.0,1,Nhà có 5 nàng tiên,actor-actor,False,,False,
Ngân Khánh,Trương Thế Vinh,1.0,1,Nhà có 5 nàng tiên,actor-actor,False,,False,
Ngân Khánh,Hà Trí Quang,1.0,1,Nhà có 5 nàng tiên,actor-actor,False,,False,
Ngân Khánh,Minh Luân,1.0,1,Nhà có 5 nàng tiên,actor-actor,False,,False,
Ngân Khánh,Quốc Trường (diễn viên),1.0,1,Nhà có 5 nàng tiên,actor-actor,False,,False,
Ngân Khánh,Cát Tường (diễn viên),1.0,1,Nhà có 5 nàng tiên,actor-actor,False,,False,
Ngân Khánh,Phương Thanh,1.0,1,Nhà có 5 nàng tiên,actor-actor,False,,False,
Ngân Khánh,Thanh Bạch,1.0,1,Nhà có 5 nàng tiên,actor-actor,False,,False,
Ngân Khánh,Phi Nhung,1.0,1,Nhà có 5 nàng tiên,actor-actor,False,,False,
Ngân Khánh,Quốc Thuận,1.0,1,Nhà có 5 nàng tiên,actor-actor,False,,False,
Ngân Khánh,Hứa Minh Đạt,1.0,1,Nhà có 5 nàng tiên,actor-actor,False,,False,
Ngân Khánh,Quách Ngọc Tuyên,1.0,1,Nhà có 5 nàng tiên,actor-actor,False,,False,
Ngân Khánh,Nam Thư,1.0,1,Nhà có 5 nàng tiên,actor-actor,False,,False,
Vân Trang,Võ Thanh Hòa,1.0,1,Cô dâu đại chiến,actor-actor,False,,False,
Vân Trang,Đinh Tiến Đạt,1.0,1,Cô dâu đại chiến,actor-actor,False,,False,
Vân Trang,Minh Thuận (ca sĩ),4.0,4,Cô dâu đại chiến|Thiên mệnh anh hùng|Scandal: Bí mật thảm đỏ|Cô dâu đại chiến 2,actor-actor,False,,False,
Vân Trang,Midu,1.0,1,Thiên mệnh anh hùng,actor-actor,False,,False,
Vân Trang,Nguyễn Thị Anh,1.0,1,Thiên mệnh anh hùng,actor-actor,False,,False,
Vân Trang,Kim Hiền (diễn viên),1.0,1,Thiên mệnh anh hùng,actor-actor,False,,False,
Vân Trang,Maya (ca sĩ),2.0,2,Scandal: Bí mật thảm đỏ|Cô dâu đại chiến 2,actor-actor,False,,False,
Vân Trang,Dương Hoàng Anh,1.0,1,Scandal: Bí mật thảm đỏ,actor-actor,False,,False,
Vân Trang,Dương Khắc Linh,1.0,1,Scandal: Bí mật thảm đỏ,actor-actor,False,,False,
Vân Trang,Hoàng Bách,1.0,1,Cô dâu đại chiến 2,actor-actor,False,,False,
Vân Trang,Mỹ Duyên,1.0,1,Hồn papa da con gái,actor-actor,False,,False,
Vân Trang,Quý Bình,2.0,2,Sông dài (phim truyền hình)|Sông dài (phim),actor-actor,False,,False,
Vân Trang,Thanh Nam,2.0,2,Sông dài (phim truyền hình)|Sông dài (phim),actor-actor,False,,False,
Vân Trang,ảo thuật gia,1.0,1,Chuyện ma gần nhà,actor-actor,False,,False,
Vân Trang,nhà ngoại cảm,1.0,1,Chuyện ma gần nhà,actor-actor,False,,False,
Vân Trang,Ngọc Hiệp (diễn viên),1.0,1,Chuyện ma gần nhà,actor-actor,False,,False,
Vân Trang,ảo thuật,1.0,1,Chuyện ma gần nhà,actor-actor,False,,False,
Vân Trang,Elly Trần,1.0,1,Sài Gòn Yo!,actor-actor,False,,False,
Vân Trang,Hồ Bích Trâm,1.0,1,Sài Gòn Yo!,actor-actor,False,,False,
Vân Trang,Mai Ngô,1.0,1,Sài Gòn Yo!,actor-actor,False,,False,
Vân Trang,Minh Béo,0.3,0,,,False,,True,"Tiền Giang, Việt Nam"
Vân Trang,Ốc Thanh Vân,0.5,0,,,True,Trường Đại học Sân khấu - Điện ảnh Thành phố Hồ Chí Minh,False,
Võ Thanh Hòa,Đinh Tiến Đạt,1.0,1,Cô dâu đại chiến,actor-actor,False,,False,
Võ Thanh Hòa,Minh Thuận (ca sĩ),1.0,1,Cô dâu đại chiến,actor-actor,False,,False,
Võ Thanh Hòa,Ngọc Phước,1.0,1,Siêu lừa gặp siêu lầy,actor-director,False,,False,
Võ Thanh Hòa,Trung Lùn,1.0,1,Siêu lừa gặp siêu lầy,actor-director,False,,False,
Võ Thanh Hòa,Cát Tường (diễn viên),1.0,1,Siêu lừa gặp siêu lầy,actor-director,False,,False,
Võ Thanh Hòa,Quang Tuấn,1.0,1,Nghề siêu dễ (phim 2022),actor-director,False,,False,
Đinh Tiến Đạt,Minh Thuận (ca sĩ),1.0,1,Cô dâu đại chiến,actor-actor,False,,False,
Minh Thuận (ca sĩ),Midu,1.0,1,Thiên mệnh anh hùng,actor-actor,False,,False,
Minh Thuận (ca sĩ),Nguyễn Thị Anh,1.0,1,Thiên mệnh anh hùng,actor-actor,False,,False,
Minh Thuận (ca sĩ),Kim Hiền (diễn viên),1.0,1,Thiên mệnh anh hùng,actor-actor,False,,False,
Minh Thuận (ca sĩ),Maya (ca sĩ),2.0,2,Scandal: Bí mật thảm đỏ|Cô dâu đại chiến 2,actor-actor,False,,False,
Minh Thuận (ca sĩ),Dương Hoàng Anh,1.0,1,Scandal: Bí mật thảm đỏ,actor-actor,False,,False,
Minh Thuận (ca sĩ),Dương Khắc Linh,1.0,1,Scandal: Bí mật thảm đỏ,actor-actor,False,,False,
Minh Thuận (ca sĩ),Hoàng Bách,1.0,1,Cô dâu đại chiến 2,actor-actor,False,,False,
Minh Thuận (ca sĩ),Nguyễn Phi Hùng (ca sĩ),1.0,1,Khi đàn ông có bầu,actor-actor,False,,False,
Minh Thuận (ca sĩ),Hồng Nga,1.0,1,Khi đàn ông có bầu,actor-actor,False,,False,
Minh Thuận (ca sĩ),Trương Ngọc Ánh,1.0,1,Khi đàn ông có bầu,actor-actor,False,,False,
Minh Thuận (ca sĩ),Bảo Chung,1.0,1,Khi đàn ông có bầu,actor-actor,False,,False,
Minh Thuận (ca sĩ),Phương Thanh,1.0,1,Khi đàn ông có bầu,actor-actor,False,,False,
Minh Thuận (ca sĩ),Thúy Nga (nghệ sĩ),1.0,1,Khi đàn ông có bầu,actor-actor,False,,False,
Minh Thuận (ca sĩ),Hữu Nghĩa,1.0,1,Khi đàn ông có bầu,actor-actor,False,,False,
Minh Thuận (ca sĩ),Kim Khánh (diễn viên),1.0,1,Khi đàn ông có bầu,actor-actor,False,,False,
Minh Thuận (ca sĩ),Việt Hương,1.0,1,Khi đàn ông có bầu,actor-actor,False,,False,
Minh Thuận (ca sĩ),Mỹ Uyên,1.0,1,Khi đàn ông có bầu,actor-actor,False,,False,
Minh Thuận (ca sĩ),Chi Bảo,1.0,1,Khi đàn ông có bầu,actor-actor,False,,False,
Minh Thuận (ca sĩ),quần vợt,1.0,1,Khi đàn ông có bầu,actor-actor,False,,False,
Minh Thuận (ca sĩ),Anh Vũ (nghệ sĩ),1.0,1,Khi đàn ông có bầu,actor-actor,False,,False,
Minh Thuận (ca sĩ),gà,1.0,1,Khi đàn ông có bầu,actor-actor,False,,False,
Minh Thuận (ca sĩ),Hồng Tơ,1.0,1,Khi đàn ông có bầu,actor-actor,False,,False,
Minh Thuận (ca sĩ),Hữu Lộc,1.0,1,Khi đàn ông có bầu,actor-actor,False,,False,
Midu,Nguyễn Thị Anh,1.0,1,Thiên mệnh anh hùng,actor-actor,False,,False,
Midu,Kim Hiền (diễn viên),1.0,1,Thiên mệnh anh hùng,actor-actor,False,,False,
Midu,Miu Lê,1.0,1,Những thiên thần áo trắng,actor-actor,False,,False,
Midu,Nam Cường (ca sĩ),1.0,1,Những thiên thần áo trắng,actor-actor,False,,False,
Midu,Mai Phương (diễn viên),1.0,1,Những thiên thần áo trắng,actor-actor,False,,False,
Midu,Mỹ Duyên,1.0,1,Những thiên thần áo trắng,actor-actor,False,,False,
Midu,Dương Hoàng Anh,1.0,1,Những thiên thần áo trắng,actor-actor,False,,False,
Midu,Thanh Hoàng (nghệ sĩ),1.0,1,Những thiên thần áo trắng,actor-actor,False,,False,
Midu,Tú Vi,0.3,0,,,False,,True,"Thành phố Hồ Chí Minh, Việt Nam"
Midu,Ái Phương,0.3,0,,,False,,True,"Thành phố Hồ Chí Minh, Việt Nam"
Midu,Anh Thư,0.3,0,,,False,,True,"Thành phố Hồ Chí Minh, Việt Nam"
Midu,Đan Trường,0.3,0,,,False,,True,"Thành phố Hồ Chí Minh, Việt Nam"
Midu,Wanbi Tuấn Anh,0.3,0,,,False,,True,"Thành phố Hồ Chí Minh, Việt Nam"
Midu,Elly Trần,0.3,0,,,False,,True,"Thành phố Hồ Chí Minh, Việt Nam"
Midu,Tim (ca sĩ),0.3,0,,,False,,True,"Thành phố Hồ Chí Minh, Việt Nam"
Midu,Việt Hương,0.3,0,,,False,,True,"Thành phố Hồ Chí Minh, Việt Nam"
Midu,Bảo Anh (ca sĩ),0.3,0,,,False,,True,"Thành phố Hồ Chí Minh, Việt Nam"
Midu,Thanh Trúc,0.3,0,,,False,,True,"Thành phố Hồ Chí Minh, Việt Nam"
Midu,Khánh Phương,0.3,0,,,False,,True,"Thành phố Hồ Chí Minh, Việt Nam"
Midu,Minh Hằng,0.3,0,,,False,,True,"Thành phố Hồ Chí Minh, Việt Nam"
Midu,Chí Thiện (sinh năm 1988),0.3,0,,,False,,True,"Thành phố Hồ Chí Minh, Việt Nam"
Midu,Tường Vi (diễn viên),0.3,0,,,False,,True,"Thành phố Hồ Chí Minh, Việt Nam"
Midu,Duy Khánh (diễn viên),0.3,0,,,False,,True,"Thành phố Hồ Chí Minh, Việt Nam"
Midu,Đàm Phương Linh,0.3,0,,,False,,True,"Thành phố Hồ Chí Minh, Việt Nam"
Midu,Thảo Trang,0.3,0,,,False,,True,"Thành phố Hồ Chí Minh, Việt Nam"
Midu,Uyên Linh,0.3,0,,,False,,True,"Thành phố Hồ Chí Minh, Việt Nam"
Midu,Võ Thành Tâm,0.3,0,,,False,,True,"Thành phố Hồ Chí Minh, Việt Nam"
Midu,Diễm My (diễn viên),0.3,0,,,False,,True,"Thành phố Hồ Chí Minh, Việt Nam"
Midu,Quang Tuấn,0.3,0,,,False,,True,"Thành phố Hồ Chí Minh, Việt Nam"
Midu,Lương Bích Hữu,0.3,0,,,False,,True,"Thành phố Hồ Chí Minh, Việt Nam"
Midu,Lê Công Hoàng (diễn viên),0.3,0,,,False,,True,"Thành phố Hồ Chí Minh, Việt Nam"
Midu,Suboi,0.3,0,,,False,,True,"Thành phố Hồ Chí Minh, Việt Nam"
Midu,Hồ Vĩnh Khoa,0.3,0,,,False,,True,"Thành phố Hồ Chí Minh, Việt Nam"
Midu,Thanh Thúy (diễn viên sinh 1982),0.3,0,,,False,,True,"Thành phố Hồ Chí Minh, Việt Nam"
Midu,Angela Phương Trinh,0.3,0,,,False,,True,"Thành phố Hồ Chí Minh, Việt Nam"
Midu,Thanh Thúy (sinh 1982),0.3,0,,,False,,True,"Thành phố Hồ Chí Minh, Việt Nam"
Midu,Rocker Nguyen,0.3,0,,,False,,True,"Thành phố Hồ Chí Minh, Việt Nam"
Nguyễn Thị Anh,Kim Hiền (diễn viên),1.0,1,Thiên mệnh anh hùng,actor-actor,False,,False,
Maya (ca sĩ),Dương Hoàng Anh,1.0,1,Scandal: Bí mật thảm đỏ,actor-actor,False,,False,
Maya (ca sĩ),Dương Khắc Linh,1.0,1,Scandal: Bí mật thảm đỏ,actor-actor,False,,False,
Maya (ca sĩ),Hoàng Bách,1.0,1,Cô dâu đại chiến 2,actor-actor,False,,False,
Maya (ca sĩ),Thanh Nam,1.0,1,"Sài Gòn, anh yêu em",actor-actor,False,,False,
Maya (ca sĩ),Đoan Trang,1.0,1,"Sài Gòn, anh yêu em",actor-actor,False,,False,
Maya (ca sĩ),Huỳnh Lập,1.0,1,"Sài Gòn, anh yêu em",director-actor,False,,False,
Maya (ca sĩ),Duy Khánh (diễn viên),1.0,1,"Sài Gòn, anh yêu em",actor-actor,False,,False,
Dương Hoàng Anh,Dương Khắc Linh,1.0,1,Scandal: Bí mật thảm đỏ,actor-actor,False,,False,
Dương Hoàng Anh,Miu Lê,1.0,1,Những thiên thần áo trắng,actor-actor,False,,False,
Dương Hoàng Anh,Nam Cường (ca sĩ),1.0,1,Những thiên thần áo trắng,actor-actor,False,,False,
Dương Hoàng Anh,Mai Phương (diễn viên),1.0,1,Những thiên thần áo trắng,actor-actor,False,,False,
Dương Hoàng Anh,Mỹ Duyên,1.0,1,Những thiên thần áo trắng,actor-actor,False,,False,
Dương Hoàng Anh,Thanh Hoàng (nghệ sĩ),1.0,1,Những thiên thần áo trắng,actor-actor,False,,False,
Dương Hoàng Anh,Châu Bùi,0.3,0,,,False,,True,"Hà Nội, Việt Nam"
Dương Hoàng Anh,Hoàng Yến Chibi,0.3,0,,,False,,True,"Hà Nội, Việt Nam"
Dương Hoàng Anh,Hoàng Thùy Linh,0.3,0,,,False,,True,"Hà Nội, Việt Nam"
Dương Hoàng Anh,Phạm Quỳnh Anh,0.3,0,,,False,,True,"Hà Nội, Việt Nam"
Dương Hoàng Anh,Chi Pu,0.3,0,,,False,,True,"Hà Nội, Việt Nam"
Dương Hoàng Anh,Tăng Nhật Tuệ,0.3,0,,,False,,True,"Hà Nội, Việt Nam"
Dương Hoàng Anh,Đức Phúc,0.3,0,,,False,,True,"Hà Nội, Việt Nam"
Dương Hoàng Anh,Công Dương,0.3,0,,,False,,True,"Hà Nội, Việt Nam"
Dương Hoàng Anh,Hoàng Hà (diễn viên),0.3,0,,,False,,True,"Hà Nội, Việt Nam"
Dương Hoàng Anh,Bùi Lan Hương,0.3,0,,,False,,True,"Hà Nội, Việt Nam"
Dương Hoàng Anh,Mai Thu Huyền,0.3,0,,,False,,True,"Hà Nội, Việt Nam"
Dương Hoàng Anh,Thùy Anh,0.3,0,,,False,,True,"Hà Nội, Việt Nam"
Dương Hoàng Anh,Lương Mạnh Hải,0.3,0,,,False,,True,"Hà Nội, Việt Nam"
Dương Hoàng Anh,Kiều Thanh,0.3,0,,,False,,True,"Hà Nội, Việt Nam"
Dương Hoàng Anh,Lã Thanh Huyền,0.3,0,,,False,,True,"Hà Nội, Việt Nam"
Hoàng Bách,Quý Bình,1.0,1,Quả tim máu,actor-actor,False,,False,
Hoàng Bách,Tú Vi,1.0,1,Quả tim máu,actor-actor,False,,False,
Hoàng Bách,Văn Tùng,1.0,1,Quả tim máu,actor-actor,False,,False,
Hoàng Bách,Đoan Trang,0.3,0,,,False,,True,"Nam Định, Việt Nam"
Quý Bình,Tú Vi,1.0,1,Quả tim máu,actor-actor,False,,False,
Quý Bình,Văn Tùng,2.0,2,Quả tim máu|Bao giờ có yêu nhau,actor-actor,False,,False,
Quý Bình,Thanh Thủy (diễn viên),1.0,1,Năm sau con lại về,actor-actor,False,,False,
Quý Bình,Hứa Minh Đạt,1.0,1,Năm sau con lại về,actor-actor,False,,False,
Quý Bình,Nhật Cường,1.0,1,Năm sau con lại về,actor-actor,False,,False,
Quý Bình,Thanh Trúc,1.0,1,Năm sau con lại về,actor-actor,False,,False,
Quý Bình,Trường Giang (nghệ sĩ),1.0,1,Năm sau con lại về,actor-actor,False,,False,
Quý Bình,Quốc Thuận,1.0,1,Năm sau con lại về,actor-actor,False,,False,
Quý Bình,Tiến Luật,1.0,1,Năm sau con lại về,actor-actor,False,,False,
Quý Bình,Thanh Nam,2.0,2,Sông dài (phim truyền hình)|Sông dài (phim),actor-actor,False,,False,
Quý Bình,Minh Hằng,1.0,1,Bao giờ có yêu nhau,actor-actor,False,,False,
Quý Bình,Lê Thiện (nghệ sĩ),1.0,1,Bao giờ có yêu nhau,actor-actor,False,,False,
Tú Vi,Văn Tùng,1.0,1,Quả tim máu,actor-actor,False,,False,
Tú Vi,Ái Phương,0.3,0,,,False,,True,"Thành phố Hồ Chí Minh, Việt Nam"
Tú Vi,Anh Thư,0.3,0,,,False,,True,"Thành phố Hồ Chí Minh, Việt Nam"
Tú Vi,Đan Trường,0.3,0,,,False,,True,"Thành phố Hồ Chí Minh, Việt Nam"
Tú Vi,Wanbi Tuấn Anh,0.3,0,,,False,,True,"Thành phố Hồ Chí Minh, Việt Nam"
Tú Vi,Elly Trần,0.3,0,,,False,,True,"Thành phố Hồ Chí Minh, Việt Nam"
Tú Vi,Tim (ca sĩ),0.3,0,,,False,,True,"Thành phố Hồ Chí Minh, Việt Nam"
Tú Vi,Việt Hương,0.3,0,,,False,,True,"Thành phố Hồ Chí Minh, Việt Nam"
Tú Vi,Bảo Anh (ca sĩ),0.3,0,,,False,,True,"Thành phố Hồ Chí Minh, Việt Nam"
Tú Vi,Thanh Trúc,0.3,0,,,False,,True,"Thành phố Hồ Chí Minh, Việt Nam"
Tú Vi,Khánh Phương,0.3,0,,,False,,True,"Thành phố Hồ Chí Minh, Việt Nam"
Tú Vi,Minh Hằng,0.3,0,,,False,,True,"Thành phố Hồ Chí Minh, Việt Nam"
Tú Vi,Chí Thiện (sinh năm 1988),0.3,0,,,False,,True,"Thành phố Hồ Chí Minh, Việt Nam"
Tú Vi,Tường Vi (diễn viên),0.3,0,,,False,,True,"Thành phố Hồ Chí Minh, Việt Nam"
Tú Vi,Duy Khánh (diễn viên),0.3,0,,,False,,True,"Thành phố Hồ Chí Minh, Việt Nam"
Tú Vi,Đàm Phương Linh,0.3,0,,,False,,True,"Thành phố Hồ Chí Minh, Việt Nam"
Tú Vi,Thảo Trang,0.3,0,,,False,,True,"Thành phố Hồ Chí Minh, Việt Nam"
Tú Vi,Uyên Linh,0.3,0,,,False,,True,"Thành phố Hồ Chí Minh, Việt Nam"
Tú Vi,Võ Thành Tâm,0.3,0,,,False,,True,"Thành phố Hồ Chí Minh, Việt Nam"
Tú Vi,Diễm My (diễn viên),0.3,0,,,False,,True,"Thành phố Hồ Chí Minh, Việt Nam"
Tú Vi,Quang Tuấn,0.3,0,,,False,,True,"Thành phố Hồ Chí Minh, Việt Nam"
Tú Vi,Lương Bích Hữu,0.3,0,,,False,,True,"Thành phố Hồ Chí Minh, Việt Nam"
Tú Vi,Lê Công Hoàng (diễn viên),0.3,0,,,False,,True,"Thành phố Hồ Chí Minh, Việt Nam"
Tú Vi,Suboi,0.3,0,,,False,,True,"Thành phố Hồ Chí Minh, Việt Nam"
Tú Vi,Hồ Vĩnh Khoa,0.3,0,,,False,,True,"Thành phố Hồ Chí Minh, Việt Nam"
Tú Vi,Thanh Thúy (diễn viên sinh 1982),0.3,0,,,False,,True,"Thành phố Hồ Chí Minh, Việt Nam"
Tú Vi,Angela Phương Trinh,0.3,0,,,False,,True,"Thành phố Hồ Chí Minh, Việt Nam"
Tú Vi,Thanh Thúy (sinh 1982),0.3,0,,,False,,True,"Thành phố Hồ Chí Minh, Việt Nam"
Tú Vi,Rocker Nguyen,0.3,0,,,False,,True,"Thành phố Hồ Chí Minh, Việt Nam"
Văn Tùng,Hoàng Yến Chibi,1.0,1,Tháng năm rực rỡ,actor-actor,False,,False,
Văn Tùng,Anh Thư,2.0,2,Tháng năm rực rỡ|Những cô gái chân dài,actor-actor,False,,False,
Văn Tùng,Vai diễn khách mời,1.0,1,Tháng năm rực rỡ,actor-actor,False,,False,
Văn Tùng,Thanh Hằng,2.0,2,Tháng năm rực rỡ|Những cô gái chân dài,actor-actor,False,,False,
Văn Tùng,Mỹ Uyên,1.0,1,Tháng năm rực rỡ,actor-actor,False,,False,
Văn Tùng,Mỹ Duyên,1.0,1,Tháng năm rực rỡ,actor-actor,False,,False,
Văn Tùng,Lan Hương (diễn viên sinh 1961),1.0,1,Tháng năm rực rỡ,actor-actor,False,,False,
Văn Tùng,Đức Khuê,1.0,1,Tháng năm rực rỡ,actor-actor,False,,False,
Văn Tùng,Lê Thiện (nghệ sĩ),2.0,2,Tháng năm rực rỡ|Bao giờ có yêu nhau,actor-actor,False,,False,
Văn Tùng,Khánh Huyền,1.0,1,Tháng năm rực rỡ,actor-actor,False,,False,
Văn Tùng,Trúc Anh,1.0,1,Tháng năm rực rỡ,actor-actor,False,,False,
Văn Tùng,Harry Lu,1.0,1,Thần tượng (phim),actor-actor,False,,False,
Văn Tùng,Hoàng Thùy Linh,1.0,1,Thần tượng (phim),actor-actor,False,,False,
Văn Tùng,Phạm Quỳnh Anh,1.0,1,Thần tượng (phim),actor-actor,False,,False,
Văn Tùng,Chi Pu,1.0,1,Thần tượng (phim),actor-actor,False,,False,
Văn Tùng,Thanh Hiền,1.0,1,Lật mặt 7: Một điều ước,actor-actor,False,,False,
Văn Tùng,Đinh Y Nhung,1.0,1,Lật mặt 7: Một điều ước,actor-actor,False,,False,
Văn Tùng,Lý Hải,1.0,1,Lật mặt 7: Một điều ước,director-actor,False,,False,
Văn Tùng,Thanh Thức,1.0,1,Lật mặt 7: Một điều ước,actor-actor,False,,False,
Văn Tùng,Mạnh Dung,1.0,1,Lật mặt 7: Một điều ước,actor-actor,False,,False,
Văn Tùng,Tiết Cương,1.0,1,Lật mặt 7: Một điều ước,actor-actor,False,,False,
Văn Tùng,Phi Điểu,1.0,1,Lật mặt 7: Một điều ước,actor-actor,False,,False,
Văn Tùng,Trọng Hải,1.0,1,Lật mặt 7: Một điều ước,actor-actor,False,,False,
Văn Tùng,Minh Hằng,1.0,1,Bao giờ có yêu nhau,actor-actor,False,,False,
Văn Tùng,Minh Anh (diễn viên),1.0,1,Những cô gái chân dài,actor-actor,False,,False,
Văn Tùng,Dương Yến Ngọc,1.0,1,Những cô gái chân dài,actor-actor,False,,False,
Văn Tùng,Tống Bạch Thủy,1.0,1,Những cô gái chân dài,actor-actor,False,,False,
Văn Tùng,Ngọc Nga,1.0,1,Những cô gái chân dài,actor-actor,False,,False,
Văn Tùng,Mai Hoa (diễn viên),1.0,1,Những cô gái chân dài,actor-actor,False,,False,
Văn Tùng,Trương Thanh Long,1.0,1,Những cô gái chân dài,actor-actor,False,,False,
Văn Tùng,Hải Đông,1.0,1,Những cô gái chân dài,actor-actor,False,,False,
Văn Tùng,Như Quỳnh (diễn viên),1.0,1,Những cô gái chân dài,actor-actor,False,,False,
Văn Tùng,Thanh Thúy (diễn viên sinh 1982),1.0,1,Những cô gái chân dài,actor-actor,False,,False,
Văn Tùng,Như Cầm,1.0,1,Những cô gái chân dài,actor-actor,False,,False,
Khánh Hiền,Trường Giang (nghệ sĩ),1.0,1,"Taxi, em tên gì?",actor-actor,False,,False,
Khánh Hiền,Angela Phương Trinh,1.0,1,"Taxi, em tên gì?",actor-actor,False,,False,
Khánh Hiền,Nam Thư,1.0,1,"Taxi, em tên gì?",actor-actor,False,,False,
Khánh Hiền,Đỗ Đức Thịnh,1.0,1,"Taxi, em tên gì?",actor-director,False,,False,
Khánh Hiền,Thanh Thúy (sinh 1982),1.0,1,"Taxi, em tên gì?",actor-actor,False,,False,
Trần Nghĩa (diễn viên),Trúc Anh,1.0,1,Mắt biếc (phim),actor-actor,False,,False,
Trần Nghĩa (diễn viên),Khánh Huyền,1.0,1,Mắt biếc (phim),actor-actor,False,,False,
Trần Nghĩa (diễn viên),Thanh Hiền,1.0,1,Mắt biếc (phim),actor-actor,False,,False,
Trúc Anh,Khánh Huyền,2.0,2,Mắt biếc (phim)|Tháng năm rực rỡ,actor-actor,False,,False,
Trúc Anh,Thanh Hiền,1.0,1,Mắt biếc (phim),actor-actor,False,,False,
Trúc Anh,Hoàng Yến Chibi,1.0,1,Tháng năm rực rỡ,actor-actor,False,,False,
Trúc Anh,Anh Thư,1.0,1,Tháng năm rực rỡ,actor-actor,False,,False,
Trúc Anh,Vai diễn khách mời,1.0,1,Tháng năm rực rỡ,actor-actor,False,,False,
Trúc Anh,Thanh Hằng,1.0,1,Tháng năm rực rỡ,actor-actor,False,,False,
Trúc Anh,Mỹ Uyên,1.0,1,Tháng năm rực rỡ,actor-actor,False,,False,
Trúc Anh,Mỹ Duyên,1.0,1,Tháng năm rực rỡ,actor-actor,False,,False,
Trúc Anh,Lan Hương (diễn viên sinh 1961),1.0,1,Tháng năm rực rỡ,actor-actor,False,,False,
Trúc Anh,Đức Khuê,1.0,1,Tháng năm rực rỡ,actor-actor,False,,False,
Trúc Anh,Lê Thiện (nghệ sĩ),1.0,1,Tháng năm rực rỡ,actor-actor,False,,False,
Khánh Huyền,Thanh Hiền,1.0,1,Mắt biếc (phim),actor-actor,False,,False,
Khánh Huyền,Hoàng Yến Chibi,1.0,1,Tháng năm rực rỡ,actor-actor,False,,False,
Khánh Huyền,Anh Thư,1.0,1,Tháng năm rực rỡ,actor-actor,False,,False,
Khánh Huyền,Vai diễn khách mời,1.0,1,Tháng năm rực rỡ,actor-actor,False,,False,
Khánh Huyền,Thanh Hằng,1.0,1,Tháng năm rực rỡ,actor-actor,False,,False,
Khánh Huyền,Mỹ Uyên,1.0,1,Tháng năm rực rỡ,actor-actor,False,,False,
Khánh Huyền,Mỹ Duyên,1.0,1,Tháng năm rực rỡ,actor-actor,False,,False,
Khánh Huyền,Lan Hương (diễn viên sinh 1961),1.0,1,Tháng năm rực rỡ,actor-actor,False,,False,
Khánh Huyền,Đức Khuê,1.0,1,Tháng năm rực rỡ,actor-actor,False,,False,
Khánh Huyền,Lê Thiện (nghệ sĩ),1.0,1,Tháng năm rực rỡ,actor-actor,False,,False,
Khánh Huyền,Sơn Tùng M-TP,1.0,1,Chàng trai năm ấy,actor-actor,False,,False,
Khánh Huyền,Phạm Quỳnh Anh,1.0,1,Chàng trai năm ấy,actor-actor,False,,False,
Khánh Huyền,Petey Majik Nguyễn,1.0,1,Chàng trai năm ấy,actor-actor,False,,False,
Khánh Huyền,Harry Lu,1.0,1,Chàng trai năm ấy,actor-actor,False,,False,
Khánh Huyền,Nhan Phúc Vinh,1.0,1,Giấc mơ của mẹ,actor-actor,False,,False,
Khánh Huyền,Diễm My (diễn viên),1.0,1,Giấc mơ của mẹ,actor-actor,False,,False,
Khánh Huyền,Hương Giang (diễn viên),1.0,1,Giấc mơ của mẹ,actor-actor,False,,False,
Thanh Hiền,Đinh Y Nhung,1.0,1,Lật mặt 7: Một điều ước,actor-actor,False,,False,
Thanh Hiền,Lý Hải,1.0,1,Lật mặt 7: Một điều ước,director-actor,False,,False,
Thanh Hiền,Thanh Thức,1.0,1,Lật mặt 7: Một điều ước,actor-actor,False,,False,
Thanh Hiền,Mạnh Dung,1.0,1,Lật mặt 7: Một điều ước,actor-actor,False,,False,
Thanh Hiền,Tiết Cương,1.0,1,Lật mặt 7: Một điều ước,actor-actor,False,,False,
Thanh Hiền,Phi Điểu,1.0,1,Lật mặt 7: Một điều ước,actor-actor,False,,False,
Thanh Hiền,Trọng Hải,1.0,1,Lật mặt 7: Một điều ước,actor-actor,False,,False,
Cao Thái Hà,Quốc Trường (diễn viên),0.3,0,,,False,,True,"Cần Thơ, Việt Nam"
Cao Thái Hà,Nhan Phúc Vinh,0.3,0,,,False,,True,"Cần Thơ, Việt Nam"
Maryline Tâm Võ,Leon Lê,2.0,2,Để Mai tính|Để mai tính,actor-actor,False,,False,
Maryline Tâm Võ,Trần Trung Lĩnh,2.0,2,Để Mai tính|Để mai tính,actor-actor,False,,False,
Maryline Tâm Võ,Trương Thế Vinh,2.0,2,Để Mai tính|Để mai tính,actor-actor,False,,False,
Maryline Tâm Võ,Dominic Pereira,2.0,2,Để Mai tính|Để mai tính,actor-actor,False,,False,
Leon Lê,Trần Trung Lĩnh,2.0,2,Để Mai tính|Để mai tính,actor-actor,False,,False,
Leon Lê,Trương Thế Vinh,2.0,2,Để Mai tính|Để mai tính,actor-actor,False,,False,
Leon Lê,Dominic Pereira,2.0,2,Để Mai tính|Để mai tính,actor-actor,False,,False,
Trần Trung Lĩnh,Trương Thế Vinh,2.0,2,Để Mai tính|Để mai tính,actor-actor,False,,False,
Trần Trung Lĩnh,Dominic Pereira,2.0,2,Để Mai tính|Để mai tính,actor-actor,False,,False,
Trương Thế Vinh,Dominic Pereira,2.0,2,Để Mai tính|Để mai tính,actor-actor,False,,False,
Trương Thế Vinh,Nhật Cường,1.0,1,Hoán đổi thân xác,actor-actor,False,,False,
Trương Thế Vinh,Ngọc Oanh,1.0,1,Hoán đổi thân xác,actor-actor,False,,False,
Trương Thế Vinh,Long Đẹp Trai,1.0,1,Hoán đổi thân xác,actor-actor,False,,False,
Trương Thế Vinh,Linh Trung (diễn viên),1.0,1,Hoán đổi thân xác,actor-actor,False,,False,
Trương Thế Vinh,Bạch Long (nghệ sĩ cải lương,1.0,1,Hoán đổi thân xác,actor-actor,False,,False,
Trương Thế Vinh,Ba Luân,1.0,1,Hoán đổi thân xác,actor-actor,False,,False,
Trương Thế Vinh,Dung Nhon,1.0,1,Hoán đổi thân xác,actor-actor,False,,False,
Trương Thế Vinh,Hải Triều (diễn viên),1.0,1,Hoán đổi thân xác,actor-actor,False,,False,
Trương Thế Vinh,Chiến,1.0,1,Hoán đổi thân xác,actor-actor,False,,False,
Trương Thế Vinh,Bá Nhân,1.0,1,Hoán đổi thân xác,actor-actor,False,,False,
Trương Thế Vinh,Thanh Khang,1.0,1,Hoán đổi thân xác,actor-actor,False,,False,
Trương Thế Vinh,Thiên Thủy (diễn viên),1.0,1,Hoán đổi thân xác,actor-actor,False,,False,
Trương Thế Vinh,Thành Nam (diễn viên),1.0,1,Hoán đổi thân xác,actor-actor,False,,False,
Trương Thế Vinh,Tân Trực,1.0,1,Hoán đổi thân xác,actor-actor,False,,False,
Trương Thế Vinh,Quang Khang,1.0,1,Hoán đổi thân xác,actor-actor,False,,False,
Trương Thế Vinh,Thanh Tâm (diễn viên),1.0,1,Hoán đổi thân xác,actor-actor,False,,False,
Trương Thế Vinh,Thành Tài,1.0,1,Hoán đổi thân xác,actor-actor,False,,False,
Trương Thế Vinh,Bé Vỹ,1.0,1,Hoán đổi thân xác,actor-actor,False,,False,
Trương Thế Vinh,Tùng Linh,1.0,1,Hoán đổi thân xác,actor-actor,False,,False,
Trương Thế Vinh,Phi Điểu,2.0,2,Hoán đổi thân xác|Án mạng lầu 4,actor-actor,False,,False,
Trương Thế Vinh,Công Huy,1.0,1,Hoán đổi thân xác,actor-actor,False,,False,
Trương Thế Vinh,Long Ho,1.0,1,Hoán đổi thân xác,actor-actor,False,,False,
Trương Thế Vinh,Cát Trắng,1.0,1,Hoán đổi thân xác,actor-actor,False,,False,
Trương Thế Vinh,Việt Hương,1.0,1,Nhà có 5 nàng tiên,actor-actor,False,,False,
Trương Thế Vinh,Minh Thảo,1.0,1,Nhà có 5 nàng tiên,actor-actor,False,,False,
Trương Thế Vinh,Bảo Anh (ca sĩ),1.0,1,Nhà có 5 nàng tiên,actor-actor,False,,False,
Trương Thế Vinh,Miu Lê,1.0,1,Nhà có 5 nàng tiên,actor-actor,False,,False,
Trương Thế Vinh,Hà Trí Quang,1.0,1,Nhà có 5 nàng tiên,actor-actor,False,,False,
Trương Thế Vinh,Minh Luân,1.0,1,Nhà có 5 nàng tiên,actor-actor,False,,False,
Trương Thế Vinh,Quốc Trường (diễn viên),1.0,1,Nhà có 5 nàng tiên,actor-actor,False,,False,
Trương Thế Vinh,Cát Tường (diễn viên),1.0,1,Nhà có 5 nàng tiên,actor-actor,False,,False,
Trương Thế Vinh,Phương Thanh,1.0,1,Nhà có 5 nàng tiên,actor-actor,False,,False,
Trương Thế Vinh,Thanh Bạch,1.0,1,Nhà có 5 nàng tiên,actor-actor,False,,False,
Trương Thế Vinh,Phi Nhung,1.0,1,Nhà có 5 nàng tiên,actor-actor,False,,False,
Trương Thế Vinh,Quốc Thuận,1.0,1,Nhà có 5 nàng tiên,actor-actor,False,,False,
Trương Thế Vinh,Hứa Minh Đạt,1.0,1,Nhà có 5 nàng tiên,actor-actor,False,,False,
Trương Thế Vinh,Quách Ngọc Tuyên,1.0,1,Nhà có 5 nàng tiên,actor-actor,False,,False,
Trương Thế Vinh,Nam Thư,1.0,1,Nhà có 5 nàng tiên,actor-actor,False,,False,
Trương Thế Vinh,Lương Bích Hữu,1.0,1,Án mạng lầu 4,actor-actor,False,,False,
Trương Thế Vinh,Lê Công Hoàng (diễn viên),2.0,2,Án mạng lầu 4|Cha và con và...,actor-actor,False,,False,
Trương Thế Vinh,Nhã Phương,1.0,1,Song song (phim),actor-actor,False,,False,
Trương Thế Vinh,Đỗ Thị Hải Yến,1.0,1,Cha và con và...,actor-actor,False,,False,
Trương Thế Vinh,Nam Cường (ca sĩ),0.3,0,,,False,,True,"Đà Nẵng, Việt Nam"
Quách Ngọc Ngoan,Nguyễn Du,1.0,1,Long thành cầm giả ca (phim),actor-actor,False,,False,
Quách Ngọc Ngoan,Nhật Kim Anh,1.0,1,Long thành cầm giả ca (phim),actor-actor,False,,False,
Quách Ngọc Ngoan,Thanh Hoài (nghệ sĩ chèo),1.0,1,Long thành cầm giả ca (phim),actor-actor,False,,False,
Quách Ngọc Ngoan,Vĩnh Thuyên Kim,0.3,0,,,False,,True,"Cà Mau, Việt Nam"
Quách Ngọc Ngoan,Ngọc Hiệp (diễn viên),0.3,0,,,False,,True,"Cà Mau, Việt Nam"
Thanh Thủy (diễn viên),Minh Đức (diễn viên),1.0,1,Cưới ngay kẻo lỡ,actor-actor,False,,False,
Thanh Thủy (diễn viên),Hữu Luân,1.0,1,Cưới ngay kẻo lỡ,actor-actor,False,,False,
Thanh Thủy (diễn viên),Hồ Kiểng,1.0,1,Cưới ngay kẻo lỡ,actor-actor,False,,False,
Thanh Thủy (diễn viên),Trịnh Kim Chi,1.0,1,Hello cô Ba,actor-actor,False,,False,
Thanh Thủy (diễn viên),Lương Thế Thành,1.0,1,Hello cô Ba,actor-actor,False,,False,
Thanh Thủy (diễn viên),Phi Nhung,1.0,1,Hello cô Ba,actor-actor,False,,False,
Thanh Thủy (diễn viên),Phạm Văn Mách,1.0,1,Hello cô Ba,actor-actor,False,,False,
Thanh Thủy (diễn viên),Hứa Minh Đạt,1.0,1,Năm sau con lại về,actor-actor,False,,False,
Thanh Thủy (diễn viên),Nhật Cường,1.0,1,Năm sau con lại về,actor-actor,False,,False,
Thanh Thủy (diễn viên),Thanh Trúc,1.0,1,Năm sau con lại về,actor-actor,False,,False,
Thanh Thủy (diễn viên),Trường Giang (nghệ sĩ),1.0,1,Năm sau con lại về,actor-actor,False,,False,
Thanh Thủy (diễn viên),Quốc Thuận,1.0,1,Năm sau con lại về,actor-actor,False,,False,
Thanh Thủy (diễn viên),Tiến Luật,1.0,1,Năm sau con lại về,actor-actor,False,,False,
Minh Đức (diễn viên),Hữu Luân,1.0,1,Cưới ngay kẻo lỡ,actor-actor,False,,False,
Minh Đức (diễn viên),Hồ Kiểng,1.0,1,Cưới ngay kẻo lỡ,actor-actor,False,,False,
Minh Đức (diễn viên),Thanh Hằng,2.0,2,Nụ hôn thần chết (phim)|Nụ hôn thần chết,actor-actor,False,,False,
Minh Đức (diễn viên),Phương Thanh,2.0,2,Nụ hôn thần chết (phim)|Nụ hôn thần chết,actor-actor,False,,False,
Minh Đức (diễn viên),Hương Giang (diễn viên),2.0,2,Nụ hôn thần chết (phim)|Nụ hôn thần chết,actor-actor,False,,False,
Minh Đức (diễn viên),Vĩnh Thụy (diễn viên),2.0,2,Nụ hôn thần chết (phim)|Nụ hôn thần chết,actor-actor,False,,False,
Minh Đức (diễn viên),Thủy Tiên (ca sĩ),2.0,2,Nụ hôn thần chết (phim)|Nụ hôn thần chết,actor-actor,False,,False,
Minh Đức (diễn viên),Trinh Hoan,2.0,2,Nụ hôn thần chết (phim)|Nụ hôn thần chết,actor-actor,False,,False,
Minh Đức (diễn viên),Lê Hóa,2.0,2,Nụ hôn thần chết (phim)|Nụ hôn thần chết,actor-actor,False,,False,
Minh Đức (diễn viên),Lê Quốc Nam,2.0,2,Nụ hôn thần chết (phim)|Nụ hôn thần chết,actor-actor,False,,False,
Minh Đức (diễn viên),Nguyễn Quang Dũng (đạo diễn),2.0,2,Nụ hôn thần chết (phim)|Nụ hôn thần chết,actor-actor,False,,False,
Minh Đức (diễn viên),DJ,2.0,2,Nụ hôn thần chết (phim)|Nụ hôn thần chết,actor-actor,False,,False,
Minh Đức (diễn viên),Miu Lê,1.0,1,Em là bà nội của anh,actor-actor,False,,False,
Minh Đức (diễn viên),Thanh Nam,1.0,1,Em là bà nội của anh,actor-actor,False,,False,
Minh Đức (diễn viên),Đức Khuê,1.0,1,Em là bà nội của anh,actor-actor,False,,False,
Minh Đức (diễn viên),Lều Phương Anh,1.0,1,Em là bà nội của anh,actor-actor,False,,False,
Minh Đức (diễn viên),Duy Khánh (diễn viên),1.0,1,Em là bà nội của anh,actor-actor,False,,False,
Minh Đức (diễn viên),Đàm Phương Linh,1.0,1,Em là bà nội của anh,actor-actor,False,,False,
Minh Đức (diễn viên),Harry Lu,1.0,1,Em là bà nội của anh,actor-actor,False,,False,
Minh Đức (diễn viên),Trọng Hiếu,1.0,1,Em là bà nội của anh,actor-actor,False,,False,
Minh Đức (diễn viên),Huỳnh Lập,1.0,1,Em là bà nội của anh,actor-actor,False,,False,
Minh Đức (diễn viên),Thảo Trang,1.0,1,Em là bà nội của anh,actor-actor,False,,False,
Minh Đức (diễn viên),Tăng Nhật Tuệ,1.0,1,Em là bà nội của anh,actor-actor,False,,False,
Minh Đức (diễn viên),Nguyễn Quang Dũng,1.0,1,Em là bà nội của anh,actor-actor,False,,False,
Minh Đức (diễn viên),Nguyễn Hải Phong,1.0,1,Em là bà nội của anh,actor-actor,False,,False,
Minh Đức (diễn viên),Uyên Linh,1.0,1,Em là bà nội của anh,actor-actor,False,,False,
Hữu Luân,Hồ Kiểng,1.0,1,Cưới ngay kẻo lỡ,actor-actor,False,,False,
Hồ Kiểng,Lý Huỳnh,1.0,1,Hai Cũ,actor-actor,False,,False,
Hồ Kiểng,Đơn Dương (diễn viên),1.0,1,Hai Cũ,actor-actor,False,,False,
Hồ Kiểng,Lý Hùng,1.0,1,Hai Cũ,actor-actor,False,,False,
Hồ Kiểng,Thương Tín (diễn viên),1.0,1,Hai Cũ,actor-actor,False,,False,
Hồ Kiểng,Phương Thanh (diễn viên),1.0,1,Hai Cũ,actor-actor,False,,False,
Hồ Kiểng,Thùy Liên,1.0,1,Hai Cũ,actor-actor,False,,False,
Hồ Kiểng,Khương Mễ,1.0,1,Hai Cũ,actor-actor,False,,False,
Quang Sự,Petey Majik Nguyễn,1.0,1,Để Mai tính 2,actor-actor,False,,False,
Quang Sự,Phạm Quỳnh Anh,1.0,1,Người lắng nghe: Lời thì thầm,actor-actor,False,,False,
Quang Sự,Lý Hồng Ân,1.0,1,Người lắng nghe: Lời thì thầm,actor-actor,False,,False,
Quang Sự,Lê Thiện (nghệ sĩ),1.0,1,Người lắng nghe: Lời thì thầm,actor-actor,False,,False,
Quang Sự,Kiều Trinh,1.0,1,Người lắng nghe: Lời thì thầm,actor-actor,False,,False,
Quang Sự,Huy Cường,1.0,1,Người lắng nghe: Lời thì thầm,actor-actor,False,,False,
Quang Sự,Phúc An,1.0,1,Người lắng nghe: Lời thì thầm,actor-actor,False,,False,
Quang Sự,Huy Khang,1.0,1,Người lắng nghe: Lời thì thầm,actor-actor,False,,False,
Petey Majik Nguyễn,Sơn Tùng M-TP,1.0,1,Chàng trai năm ấy,actor-actor,False,,False,
Petey Majik Nguyễn,Phạm Quỳnh Anh,1.0,1,Chàng trai năm ấy,actor-actor,False,,False,
Petey Majik Nguyễn,Harry Lu,1.0,1,Chàng trai năm ấy,actor-actor,False,,False,
Châu Bùi,Aaron Toronto,1.0,1,Em chưa 18,actor-actor,False,,False,
Châu Bùi,Diễn viên Chí Tâm,1.0,1,Em chưa 18,actor-actor,False,,False,
Châu Bùi,Hoàng Yến Chibi,0.3,0,,,False,,True,"Hà Nội, Việt Nam"
Châu Bùi,Hoàng Thùy Linh,0.3,0,,,False,,True,"Hà Nội, Việt Nam"
Châu Bùi,Phạm Quỳnh Anh,0.3,0,,,False,,True,"Hà Nội, Việt Nam"
Châu Bùi,Chi Pu,0.3,0,,,False,,True,"Hà Nội, Việt Nam"
Châu Bùi,Tăng Nhật Tuệ,0.3,0,,,False,,True,"Hà Nội, Việt Nam"
Châu Bùi,Đức Phúc,0.3,0,,,False,,True,"Hà Nội, Việt Nam"
Châu Bùi,Công Dương,0.3,0,,,False,,True,"Hà Nội, Việt Nam"
Châu Bùi,Hoàng Hà (diễn viên),0.3,0,,,False,,True,"Hà Nội, Việt Nam"
Châu Bùi,Bùi Lan Hương,0.3,0,,,False,,True,"Hà Nội, Việt Nam"
Châu Bùi,Mai Thu Huyền,0.3,0,,,False,,True,"Hà Nội, Việt Nam"
Châu Bùi,Thùy Anh,0.3,0,,,False,,True,"Hà Nội, Việt Nam"
Châu Bùi,Lương Mạnh Hải,0.3,0,,,False,,True,"Hà Nội, Việt Nam"
Châu Bùi,Kiều Thanh,0.3,0,,,False,,True,"Hà Nội, Việt Nam"
Châu Bùi,Lã Thanh Huyền,0.3,0,,,False,,True,"Hà Nội, Việt Nam"
Aaron Toronto,Diễn viên Chí Tâm,1.0,1,Em chưa 18,actor-actor,False,,False,
Mỹ Duyên,Hoàng Yến Chibi,1.0,1,Tháng năm rực rỡ,actor-actor,False,,False,
Mỹ Duyên,Anh Thư,1.0,1,Tháng năm rực rỡ,actor-actor,False,,False,
Mỹ Duyên,Vai diễn khách mời,1.0,1,Tháng năm rực rỡ,actor-actor,False,,False,
Mỹ Duyên,Thanh Hằng,1.0,1,Tháng năm rực rỡ,actor-actor,False,,False,
Mỹ Duyên,Mỹ Uyên,1.0,1,Tháng năm rực rỡ,actor-actor,False,,False,
Mỹ Duyên,Lan Hương (diễn viên sinh 1961),1.0,1,Tháng năm rực rỡ,actor-actor,False,,False,
Mỹ Duyên,Đức Khuê,1.0,1,Tháng năm rực rỡ,actor-actor,False,,False,
Mỹ Duyên,Lê Thiện (nghệ sĩ),1.0,1,Tháng năm rực rỡ,actor-actor,False,,False,
Mỹ Duyên,Miu Lê,1.0,1,Những thiên thần áo trắng,actor-actor,False,,False,
Mỹ Duyên,Nam Cường (ca sĩ),1.0,1,Những thiên thần áo trắng,actor-actor,False,,False,
Mỹ Duyên,Mai Phương (diễn viên),1.0,1,Những thiên thần áo trắng,actor-actor,False,,False,
Mỹ Duyên,Thanh Hoàng (nghệ sĩ),1.0,1,Những thiên thần áo trắng,actor-actor,False,,False,
Mỹ Duyên,Đơn Dương (diễn viên),1.0,1,Chuyện tình trong ngõ hẹp,actor-actor,False,,False,
Mỹ Duyên,Thanh Quý,1.0,1,Chuyện tình trong ngõ hẹp,actor-actor,False,,False,
Mỹ Duyên,Vũ Hà (ca sĩ),1.3,1,Chuyện tình trong ngõ hẹp,actor-actor,False,,True,"Sài Gòn, Việt Nam Cộng hòa"
Mỹ Duyên,danh đề,1.0,1,Chuyện tình trong ngõ hẹp,actor-actor,False,,False,
Mỹ Duyên,Hương Giang (diễn viên),0.3,0,,,False,,True,"Sài Gòn, Việt Nam Cộng hòa"
Mỹ Duyên,Trương Minh Quốc Thái,0.3,0,,,False,,True,"Sài Gòn, Việt Nam Cộng hòa"
Mỹ Duyên,Cẩm Ly,0.3,0,,,False,,True,"Sài Gòn, Việt Nam Cộng hòa"
Mỹ Duyên,Kiến An (diễn viên),0.3,0,,,False,,True,"Sài Gòn, Việt Nam Cộng hòa"
Mỹ Duyên,Phạm Thị Ngọc Trinh,0.3,0,,,False,,True,"Sài Gòn, Việt Nam Cộng hòa"
Đức Thịnh (đạo diễn),Lê Thiện (nghệ sĩ),1.0,1,Tiệc trăng máu,actor-actor,False,,False,
Đức Thịnh (đạo diễn),Nguyễn Quang Dũng (đạo diễn),1.0,1,Tiệc trăng máu,director-actor,False,,False,
Đức Thịnh (đạo diễn),Đỗ Đức Thịnh,0.3,0,,,False,,True,"Sài Gòn – Gia Định, Cộng hòa miền Nam Việt Nam"
Lê Thiện (nghệ sĩ),Nguyễn Quang Dũng (đạo diễn),1.0,1,Tiệc trăng máu,actor-director,False,,False,
Lê Thiện (nghệ sĩ),Hoàng Yến Chibi,1.0,1,Tháng năm rực rỡ,actor-actor,False,,False,
Lê Thiện (nghệ sĩ),Anh Thư,1.0,1,Tháng năm rực rỡ,actor-actor,False,,False,
Lê Thiện (nghệ sĩ),Vai diễn khách mời,1.0,1,Tháng năm rực rỡ,actor-actor,False,,False,
Lê Thiện (nghệ sĩ),Thanh Hằng,1.0,1,Tháng năm rực rỡ,actor-actor,False,,False,
Lê Thiện (nghệ sĩ),Mỹ Uyên,1.0,1,Tháng năm rực rỡ,actor-actor,False,,False,
Lê Thiện (nghệ sĩ),Lan Hương (diễn viên sinh 1961),1.0,1,Tháng năm rực rỡ,actor-actor,False,,False,
Lê Thiện (nghệ sĩ),Đức Khuê,1.0,1,Tháng năm rực rỡ,actor-actor,False,,False,
Lê Thiện (nghệ sĩ),Phạm Quỳnh Anh,1.0,1,Người lắng nghe: Lời thì thầm,actor-actor,False,,False,
Lê Thiện (nghệ sĩ),Lý Hồng Ân,1.0,1,Người lắng nghe: Lời thì thầm,actor-actor,False,,False,
Lê Thiện (nghệ sĩ),Kiều Trinh,1.0,1,Người lắng nghe: Lời thì thầm,actor-actor,False,,False,
Lê Thiện (nghệ sĩ),Huy Cường,1.0,1,Người lắng nghe: Lời thì thầm,actor-actor,False,,False,
Lê Thiện (nghệ sĩ),Phúc An,1.0,1,Người lắng nghe: Lời thì thầm,actor-actor,False,,False,
Lê Thiện (nghệ sĩ),Huy Khang,1.0,1,Người lắng nghe: Lời thì thầm,actor-actor,False,,False,
Lê Thiện (nghệ sĩ),Minh Hằng,1.0,1,Bao giờ có yêu nhau,actor-actor,False,,False,
không tặc,tâm lý,1.0,1,Tử chiến trên không,actor-actor,False,,False,
Ái Phương,Việt Hương,1.3,1,Tía tui là cao thủ,actor-actor,False,,True,"Thành phố Hồ Chí Minh, Việt Nam"
Ái Phương,Hoài Lâm,1.0,1,Tía tui là cao thủ,actor-actor,False,,False,
Ái Phương,Cát Tường (diễn viên),1.0,1,Tía tui là cao thủ,actor-actor,False,,False,
Ái Phương,Anh Thư,0.3,0,,,False,,True,"Thành phố Hồ Chí Minh, Việt Nam"
Ái Phương,Đan Trường,0.3,0,,,False,,True,"Thành phố Hồ Chí Minh, Việt Nam"
Ái Phương,Wanbi Tuấn Anh,0.3,0,,,False,,True,"Thành phố Hồ Chí Minh, Việt Nam"
Ái Phương,Elly Trần,0.3,0,,,False,,True,"Thành phố Hồ Chí Minh, Việt Nam"
Ái Phương,Tim (ca sĩ),0.3,0,,,False,,True,"Thành phố Hồ Chí Minh, Việt Nam"
Ái Phương,Bảo Anh (ca sĩ),0.3,0,,,False,,True,"Thành phố Hồ Chí Minh, Việt Nam"
Ái Phương,Thanh Trúc,0.3,0,,,False,,True,"Thành phố Hồ Chí Minh, Việt Nam"
Ái Phương,Khánh Phương,0.3,0,,,False,,True,"Thành phố Hồ Chí Minh, Việt Nam"
Ái Phương,Minh Hằng,0.3,0,,,False,,True,"Thành phố Hồ Chí Minh, Việt Nam"
Ái Phương,Chí Thiện (sinh năm 1988),0.3,0,,,False,,True,"Thành phố Hồ Chí Minh, Việt Nam"
Ái Phương,Tường Vi (diễn viên),0.3,0,,,False,,True,"Thành phố Hồ Chí Minh, Việt Nam"
Ái Phương,Duy Khánh (diễn viên),0.3,0,,,False,,True,"Thành phố Hồ Chí Minh, Việt Nam"
Ái Phương,Đàm Phương Linh,0.3,0,,,False,,True,"Thành phố Hồ Chí Minh, Việt Nam"
Ái Phương,Thảo Trang,0.3,0,,,False,,True,"Thành phố Hồ Chí Minh, Việt Nam"
Ái Phương,Uyên Linh,0.3,0,,,False,,True,"Thành phố Hồ Chí Minh, Việt Nam"
Ái Phương,Võ Thành Tâm,0.3,0,,,False,,True,"Thành phố Hồ Chí Minh, Việt Nam"
Ái Phương,Diễm My (diễn viên),0.3,0,,,False,,True,"Thành phố Hồ Chí Minh, Việt Nam"
Ái Phương,Quang Tuấn,0.3,0,,,False,,True,"Thành phố Hồ Chí Minh, Việt Nam"
Ái Phương,Lương Bích Hữu,0.3,0,,,False,,True,"Thành phố Hồ Chí Minh, Việt Nam"
Ái Phương,Lê Công Hoàng (diễn viên),0.3,0,,,False,,True,"Thành phố Hồ Chí Minh, Việt Nam"
Ái Phương,Suboi,0.3,0,,,False,,True,"Thành phố Hồ Chí Minh, Việt Nam"
Ái Phương,Hồ Vĩnh Khoa,0.3,0,,,False,,True,"Thành phố Hồ Chí Minh, Việt Nam"
Ái Phương,Thanh Thúy (diễn viên sinh 1982),0.3,0,,,False,,True,"Thành phố Hồ Chí Minh, Việt Nam"
Ái Phương,Angela Phương Trinh,0.3,0,,,False,,True,"Thành phố Hồ Chí Minh, Việt Nam"
Ái Phương,Thanh Thúy (sinh 1982),0.3,0,,,False,,True,"Thành phố Hồ Chí Minh, Việt Nam"
Ái Phương,Rocker Nguyen,0.3,0,,,False,,True,"Thành phố Hồ Chí Minh, Việt Nam"
Hoàng Yến Chibi,Anh Thư,1.0,1,Tháng năm rực rỡ,actor-actor,False,,False,
Hoàng Yến Chibi,Vai diễn khách mời,1.0,1,Tháng năm rực rỡ,actor-actor,False,,False,
Hoàng Yến Chibi,Thanh Hằng,1.0,1,Tháng năm rực rỡ,actor-actor,False,,False,
Hoàng Yến Chibi,Mỹ Uyên,1.0,1,Tháng năm rực rỡ,actor-actor,False,,False,
Hoàng Yến Chibi,Lan Hương (diễn viên sinh 1961),1.0,1,Tháng năm rực rỡ,actor-actor,False,,False,
Hoàng Yến Chibi,Đức Khuê,1.0,1,Tháng năm rực rỡ,actor-actor,False,,False,
Hoàng Yến Chibi,Quang Tuấn,1.0,1,Thất sơn tâm linh,actor-actor,False,,False,
Hoàng Yến Chibi,Đinh Y Nhung,1.0,1,Thất sơn tâm linh,actor-actor,False,,False,
Hoàng Yến Chibi,Lê Huỳnh,1.0,1,Thất sơn tâm linh,actor-actor,False,,False,
Hoàng Yến Chibi,Hoàng Thùy Linh,0.3,0,,,False,,True,"Hà Nội, Việt Nam"
Hoàng Yến Chibi,Phạm Quỳnh Anh,0.3,0,,,False,,True,"Hà Nội, Việt Nam"
Hoàng Yến Chibi,Chi Pu,0.3,0,,,False,,True,"Hà Nội, Việt Nam"
Hoàng Yến Chibi,Tăng Nhật Tuệ,0.3,0,,,False,,True,"Hà Nội, Việt Nam"
Hoàng Yến Chibi,Đức Phúc,0.3,0,,,False,,True,"Hà Nội, Việt Nam"
Hoàng Yến Chibi,Công Dương,0.3,0,,,False,,True,"Hà Nội, Việt Nam"
Hoàng Yến Chibi,Hoàng Hà (diễn viên),0.3,0,,,False,,True,"Hà Nội, Việt Nam"
Hoàng Yến Chibi,Bùi Lan Hương,0.3,0,,,False,,True,"Hà Nội, Việt Nam"
Hoàng Yến Chibi,Mai Thu Huyền,0.3,0,,,False,,True,"Hà Nội, Việt Nam"
Hoàng Yến Chibi,Thùy Anh,0.3,0,,,False,,True,"Hà Nội, Việt Nam"
Hoàng Yến Chibi,Lương Mạnh Hải,0.3,0,,,False,,True,"Hà Nội, Việt Nam"
Hoàng Yến Chibi,Kiều Thanh,0.3,0,,,False,,True,"Hà Nội, Việt Nam"
Hoàng Yến Chibi,Lã Thanh Huyền,0.3,0,,,False,,True,"Hà Nội, Việt Nam"
Anh Thư,Vai diễn khách mời,1.0,1,Tháng năm rực rỡ,actor-actor,False,,False,
Anh Thư,Thanh Hằng,3.0,3,Tháng năm rực rỡ|Những cô gái chân dài|Tuyết nhiệt đới,actor-actor,False,,False,
Anh Thư,Mỹ Uyên,1.0,1,Tháng năm rực rỡ,actor-actor,False,,False,
Anh Thư,Lan Hương (diễn viên sinh 1961),1.0,1,Tháng năm rực rỡ,actor-actor,False,,False,
Anh Thư,Đức Khuê,1.0,1,Tháng năm rực rỡ,actor-actor,False,,False,
Anh Thư,Chi Pu,1.0,1,Mười: Lời nguyền trở lại,actor-actor,False,,False,
Anh Thư,Đinh Y Nhung,1.0,1,Mười: Lời nguyền trở lại,actor-actor,False,,False,
Anh Thư,Minh Anh (diễn viên),1.0,1,Những cô gái chân dài,actor-actor,False,,False,
Anh Thư,Dương Yến Ngọc,1.0,1,Những cô gái chân dài,actor-actor,False,,False,
Anh Thư,Tống Bạch Thủy,1.0,1,Những cô gái chân dài,actor-actor,False,,False,
Anh Thư,Ngọc Nga,1.0,1,Những cô gái chân dài,actor-actor,False,,False,
Anh Thư,Mai Hoa (diễn viên),1.0,1,Những cô gái chân dài,actor-actor,False,,False,
Anh Thư,Trương Thanh Long,1.0,1,Những cô gái chân dài,actor-actor,False,,False,
Anh Thư,Hải Đông,1.0,1,Những cô gái chân dài,actor-actor,False,,False,
Anh Thư,Như Quỳnh (diễn viên),1.0,1,Những cô gái chân dài,actor-actor,False,,False,
Anh Thư,Thanh Thúy (diễn viên sinh 1982),1.3,1,Những cô gái chân dài,actor-actor,False,,True,"Thành phố Hồ Chí Minh, Việt Nam"
Anh Thư,Như Cầm,1.0,1,Những cô gái chân dài,actor-actor,False,,False,
Anh Thư,Lương Mạnh Hải,1.0,1,Tuyết nhiệt đới,actor-actor,False,,False,
Anh Thư,Việt Hương,1.3,1,Tuyết nhiệt đới,actor-actor,False,,True,"Thành phố Hồ Chí Minh, Việt Nam"
Anh Thư,Phi Điểu,1.0,1,Tuyết nhiệt đới,actor-actor,False,,False,
Anh Thư,Thiên Kim (diễn viên),1.0,1,Tuyết nhiệt đới,actor-actor,False,,False,
Anh Thư,Võ Thành Tâm,1.3,1,Tuyết nhiệt đới,actor-actor,False,,True,"Thành phố Hồ Chí Minh, Việt Nam"
Anh Thư,Nguyễn Vinh Sơn,1.0,1,Tuyết nhiệt đới,actor-actor,False,,False,
Anh Thư,Đan Trường,0.3,0,,,False,,True,"Thành phố Hồ Chí Minh, Việt Nam"
Anh Thư,Wanbi Tuấn Anh,0.3,0,,,False,,True,"Thành phố Hồ Chí Minh, Việt Nam"
Anh Thư,Elly Trần,0.3,0,,,False,,True,"Thành phố Hồ Chí Minh, Việt Nam"
Anh Thư,Tim (ca sĩ),0.3,0,,,False,,True,"Thành phố Hồ Chí Minh, Việt Nam"
Anh Thư,Bảo Anh (ca sĩ),0.3,0,,,False,,True,"Thành phố Hồ Chí Minh, Việt Nam"
Anh Thư,Thanh Trúc,0.3,0,,,False,,True,"Thành phố Hồ Chí Minh, Việt Nam"
Anh Thư,Khánh Phương,0.3,0,,,False,,True,"Thành phố Hồ Chí Minh, Việt Nam"
Anh Thư,Minh Hằng,0.3,0,,,False,,True,"Thành phố Hồ Chí Minh, Việt Nam"
Anh Thư,Chí Thiện (sinh năm 1988),0.3,0,,,False,,True,"Thành phố Hồ Chí Minh, Việt Nam"
Anh Thư,Tường Vi (diễn viên),0.3,0,,,False,,True,"Thành phố Hồ Chí Minh, Việt Nam"
Anh Thư,Duy Khánh (diễn viên),0.3,0,,,False,,True,"Thành phố Hồ Chí Minh, Việt Nam"
Anh Thư,Đàm Phương Linh,0.3,0,,,False,,True,"Thành phố Hồ Chí Minh, Việt Nam"
Anh Thư,Thảo Trang,0.3,0,,,False,,True,"Thành phố Hồ Chí Minh, Việt Nam"
Anh Thư,Uyên Linh,0.3,0,,,False,,True,"Thành phố Hồ Chí Minh, Việt Nam"
Anh Thư,Diễm My (diễn viên),0.3,0,,,False,,True,"Thành phố Hồ Chí Minh, Việt Nam"
Anh Thư,Quang Tuấn,0.3,0,,,False,,True,"Thành phố Hồ Chí Minh, Việt Nam"
Anh Thư,Lương Bích Hữu,0.3,0,,,False,,True,"Thành phố Hồ Chí Minh, Việt Nam"
Anh Thư,Lê Công Hoàng (diễn viên),0.3,0,,,False,,True,"Thành phố Hồ Chí Minh, Việt Nam"
Anh Thư,Suboi,0.3,0,,,False,,True,"Thành phố Hồ Chí Minh, Việt Nam"
Anh Thư,Hồ Vĩnh Khoa,0.3,0,,,False,,True,"Thành phố Hồ Chí Minh, Việt Nam"
Anh Thư,Angela Phương Trinh,0.3,0,,,False,,True,"Thành phố Hồ Chí Minh, Việt Nam"
Anh Thư,Thanh Thúy (sinh 1982),0.3,0,,,False,,True,"Thành phố Hồ Chí Minh, Việt Nam"
Anh Thư,Rocker Nguyen,0.3,0,,,False,,True,"Thành phố Hồ Chí Minh, Việt Nam"
Vai diễn khách mời,Thanh Hằng,1.0,1,Tháng năm rực rỡ,actor-actor,False,,False,
Vai diễn khách mời,Mỹ Uyên,1.0,1,Tháng năm rực rỡ,actor-actor,False,,False,
Vai diễn khách mời,Lan Hương (diễn viên sinh 1961),1.0,1,Tháng năm rực rỡ,actor-actor,False,,False,
Vai diễn khách mời,Đức Khuê,1.0,1,Tháng năm rực rỡ,actor-actor,False,,False,
Thanh Hằng,Mỹ Uyên,1.0,1,Tháng năm rực rỡ,actor-actor,False,,False,
Thanh Hằng,Lan Hương (diễn viên sinh 1961),1.0,1,Tháng năm rực rỡ,actor-actor,False,,False,
Thanh Hằng,Đức Khuê,1.0,1,Tháng năm rực rỡ,actor-actor,False,,False,
Thanh Hằng,Phương Thanh,2.0,2,Nụ hôn thần chết (phim)|Nụ hôn thần chết,actor-actor,False,,False,
Thanh Hằng,Hương Giang (diễn viên),2.0,2,Nụ hôn thần chết (phim)|Nụ hôn thần chết,actor-actor,False,,False,
Thanh Hằng,Vĩnh Thụy (diễn viên),2.0,2,Nụ hôn thần chết (phim)|Nụ hôn thần chết,actor-actor,False,,False,
Thanh Hằng,Thủy Tiên (ca sĩ),2.0,2,Nụ hôn thần chết (phim)|Nụ hôn thần chết,actor-actor,False,,False,
Thanh Hằng,Trinh Hoan,2.0,2,Nụ hôn thần chết (phim)|Nụ hôn thần chết,actor-actor,False,,False,
Thanh Hằng,Lê Hóa,2.0,2,Nụ hôn thần chết (phim)|Nụ hôn thần chết,actor-actor,False,,False,
Thanh Hằng,Lê Quốc Nam,2.0,2,Nụ hôn thần chết (phim)|Nụ hôn thần chết,actor-actor,False,,False,
Thanh Hằng,Nguyễn Quang Dũng (đạo diễn),2.0,2,Nụ hôn thần chết (phim)|Nụ hôn thần chết,actor-actor,False,,False,
Thanh Hằng,DJ,2.0,2,Nụ hôn thần chết (phim)|Nụ hôn thần chết,actor-actor,False,,False,
Thanh Hằng,Tăng Thanh Hà,1.0,1,Mỹ nhân kế (phim),actor-actor,False,,False,
Thanh Hằng,Minh Anh (diễn viên),1.0,1,Những cô gái chân dài,actor-actor,False,,False,
Thanh Hằng,Dương Yến Ngọc,1.0,1,Những cô gái chân dài,actor-actor,False,,False,
Thanh Hằng,Tống Bạch Thủy,1.0,1,Những cô gái chân dài,actor-actor,False,,False,
Thanh Hằng,Ngọc Nga,1.0,1,Những cô gái chân dài,actor-actor,False,,False,
Thanh Hằng,Mai Hoa (diễn viên),1.0,1,Những cô gái chân dài,actor-actor,False,,False,
Thanh Hằng,Trương Thanh Long,1.0,1,Những cô gái chân dài,actor-actor,False,,False,
Thanh Hằng,Hải Đông,1.0,1,Những cô gái chân dài,actor-actor,False,,False,
Thanh Hằng,Như Quỳnh (diễn viên),1.0,1,Những cô gái chân dài,actor-actor,False,,False,
Thanh Hằng,Thanh Thúy (diễn viên sinh 1982),1.0,1,Những cô gái chân dài,actor-actor,False,,False,
Thanh Hằng,Như Cầm,1.0,1,Những cô gái chân dài,actor-actor,False,,False,
Thanh Hằng,Chi Pu,1.0,1,Chị chị em em,actor-actor,False,,False,
Thanh Hằng,Lãnh Thanh,1.0,1,Chị chị em em,actor-actor,False,,False,
Thanh Hằng,Lương Mạnh Hải,1.0,1,Tuyết nhiệt đới,actor-actor,False,,False,
Thanh Hằng,Việt Hương,1.0,1,Tuyết nhiệt đới,actor-actor,False,,False,
Thanh Hằng,Phi Điểu,1.0,1,Tuyết nhiệt đới,actor-actor,False,,False,
Thanh Hằng,Thiên Kim (diễn viên),1.0,1,Tuyết nhiệt đới,actor-actor,False,,False,
Thanh Hằng,Võ Thành Tâm,1.0,1,Tuyết nhiệt đới,actor-actor,False,,False,
Thanh Hằng,Nguyễn Vinh Sơn,1.0,1,Tuyết nhiệt đới,actor-actor,False,,False,
Mỹ Uyên,Lan Hương (diễn viên sinh 1961),1.0,1,Tháng năm rực rỡ,actor-actor,False,,False,
Mỹ Uyên,Đức Khuê,1.0,1,Tháng năm rực rỡ,actor-actor,False,,False,
Mỹ Uyên,Nguyễn Phi Hùng (ca sĩ),1.0,1,Khi đàn ông có bầu,actor-actor,False,,False,
Mỹ Uyên,Hồng Nga,1.0,1,Khi đàn ông có bầu,actor-actor,False,,False,
Mỹ Uyên,Trương Ngọc Ánh,1.0,1,Khi đàn ông có bầu,actor-actor,False,,False,
Mỹ Uyên,Bảo Chung,1.0,1,Khi đàn ông có bầu,actor-actor,False,,False,
Mỹ Uyên,Phương Thanh,1.0,1,Khi đàn ông có bầu,actor-actor,False,,False,
Mỹ Uyên,Thúy Nga (nghệ sĩ),1.0,1,Khi đàn ông có bầu,actor-actor,False,,False,
Mỹ Uyên,Hữu Nghĩa,1.0,1,Khi đàn ông có bầu,actor-actor,False,,False,
Mỹ Uyên,Kim Khánh (diễn viên),1.0,1,Khi đàn ông có bầu,actor-actor,False,,False,
Mỹ Uyên,Việt Hương,1.0,1,Khi đàn ông có bầu,actor-actor,False,,False,
Mỹ Uyên,Chi Bảo,1.0,1,Khi đàn ông có bầu,actor-actor,False,,False,
Mỹ Uyên,quần vợt,1.0,1,Khi đàn ông có bầu,actor-actor,False,,False,
Mỹ Uyên,Anh Vũ (nghệ sĩ),1.0,1,Khi đàn ông có bầu,actor-actor,False,,False,
Mỹ Uyên,gà,1.0,1,Khi đàn ông có bầu,actor-actor,False,,False,
Mỹ Uyên,Hồng Tơ,1.0,1,Khi đàn ông có bầu,actor-actor,False,,False,
Mỹ Uyên,Hữu Lộc,1.0,1,Khi đàn ông có bầu,actor-actor,False,,False,
Lan Hương (diễn viên sinh 1961),Đức Khuê,1.3,1,Tháng năm rực rỡ,actor-actor,False,,True,"Hà Nội, Việt Nam Dân chủ Cộng hòa"
Lan Hương (diễn viên sinh 1961),Bảo Thanh (diễn viên),1.0,1,Sống chung với mẹ chồng,actor-actor,False,,False,
Lan Hương (diễn viên sinh 1961),Bùi Bài Bình,1.0,1,Mùa ổi,actor-actor,False,,False,
Lan Hương (diễn viên sinh 1961),Chiều Xuân,1.0,1,Mùa ổi,actor-actor,False,,False,
Lan Hương (diễn viên sinh 1961),Trần Lực,1.3,1,Mùa ổi,actor-actor,False,,True,"Hà Nội, Việt Nam Dân chủ Cộng hòa"
Lan Hương (diễn viên sinh 1961),Hoàng Yến (diễn viên),1.0,1,Mùa ổi,actor-actor,False,,False,
Lan Hương (diễn viên sinh 1961),Nguyễn Thị Thu An,1.0,1,Mùa ổi,actor-actor,False,,False,
Lan Hương (diễn viên sinh 1961),Tuấn Dương,1.0,1,Mùa ổi,actor-actor,False,,False,
Lan Hương (diễn viên sinh 1961),Hoàng Hải (diễn viên),0.3,0,,,False,,True,"Hà Nội, Việt Nam Dân chủ Cộng hòa"
Lan Hương (diễn viên sinh 1961),Hiền Mai,0.3,0,,,False,,True,"Hà Nội, Việt Nam Dân chủ Cộng hòa"
Lan Hương (diễn viên sinh 1961),Hồng Nhung,0.3,0,,,False,,True,"Hà Nội, Việt Nam Dân chủ Cộng hòa"
Lan Hương (diễn viên sinh 1961),Trọng Hải,0.3,0,,,False,,True,"Hà Nội, Việt Nam Dân chủ Cộng hòa"
Lan Hương (diễn viên sinh 1961),Phú Đôn,0.3,0,,,False,,True,"Hà Nội, Việt Nam Dân chủ Cộng hòa"
Lan Hương (diễn viên sinh 1961),Trần Nữ Yên Khê,0.3,0,,,False,,True,"Hà Nội, Việt Nam Dân chủ Cộng hòa"
Lan Hương (diễn viên sinh 1961),Việt Thắng (diễn viên),0.3,0,,,False,,True,"Hà Nội, Việt Nam Dân chủ Cộng hòa"
Lan Hương (diễn viên sinh 1961),Thanh Lam,0.3,0,,,False,,True,"Hà Nội, Việt Nam Dân chủ Cộng hòa"
Lan Hương (diễn viên sinh 1961),Chu Hùng,0.3,0,,,False,,True,"Hà Nội, Việt Nam Dân chủ Cộng hòa"
Lan Hương (diễn viên sinh 1961),Mạnh Cường,0.3,0,,,False,,True,"Hà Nội, Việt Nam Dân chủ Cộng hòa"
Lan Hương (diễn viên sinh 1961),Công Lý (diễn viên),0.3,0,,,False,,True,"Hà Nội, Việt Nam Dân chủ Cộng hòa"
Lan Hương (diễn viên sinh 1961),Nguyễn Minh Trang,0.3,0,,,False,,True,"Hà Nội, Việt Nam Dân chủ Cộng hòa"
Lan Hương (diễn viên sinh 1961),Quốc Khánh (nghệ sĩ),0.3,0,,,False,,True,"Hà Nội, Việt Nam Dân chủ Cộng hòa"
Lan Hương (diễn viên sinh 1961),Tất Bình,0.3,0,,,False,,True,"Hà Nội, Việt Nam Dân chủ Cộng hòa"
Lan Hương (diễn viên sinh 1961),Dũng Nhi,0.3,0,,,False,,True,"Hà Nội, Việt Nam Dân chủ Cộng hòa"
Lan Hương (diễn viên sinh 1961),Nguyễn Vĩnh Xương,0.3,0,,,False,,True,"Hà Nội, Việt Nam Dân chủ Cộng hòa"
Đức Khuê,Miu Lê,1.0,1,Em là bà nội của anh,actor-actor,False,,False,
Đức Khuê,Thanh Nam,1.0,1,Em là bà nội của anh,actor-actor,False,,False,
Đức Khuê,Lều Phương Anh,1.0,1,Em là bà nội của anh,actor-actor,False,,False,
Đức Khuê,Duy Khánh (diễn viên),1.0,1,Em là bà nội của anh,actor-actor,False,,False,
Đức Khuê,Đàm Phương Linh,1.0,1,Em là bà nội của anh,actor-actor,False,,False,
Đức Khuê,Harry Lu,1.0,1,Em là bà nội của anh,actor-actor,False,,False,
Đức Khuê,Trọng Hiếu,1.0,1,Em là bà nội của anh,actor-actor,False,,False,
Đức Khuê,Huỳnh Lập,1.0,1,Em là bà nội của anh,actor-actor,False,,False,
Đức Khuê,Thảo Trang,1.0,1,Em là bà nội của anh,actor-actor,False,,False,
Đức Khuê,Tăng Nhật Tuệ,1.0,1,Em là bà nội của anh,actor-actor,False,,False,
Đức Khuê,Nguyễn Quang Dũng,1.0,1,Em là bà nội của anh,actor-actor,False,,False,
Đức Khuê,Nguyễn Hải Phong,1.0,1,Em là bà nội của anh,actor-actor,False,,False,
Đức Khuê,Uyên Linh,1.0,1,Em là bà nội của anh,actor-actor,False,,False,
Đức Khuê,Chiều Xuân,1.0,1,Hàng xóm (phim),actor-actor,False,,False,
Đức Khuê,Nguyệt Hằng,1.0,1,Hàng xóm (phim),actor-actor,False,,False,
Đức Khuê,Diệu Thuần,1.0,1,Hàng xóm (phim),actor-actor,False,,False,
Đức Khuê,Hoàng Hải (diễn viên),0.3,0,,,False,,True,"Hà Nội, Việt Nam Dân chủ Cộng hòa"
Đức Khuê,Hiền Mai,0.3,0,,,False,,True,"Hà Nội, Việt Nam Dân chủ Cộng hòa"
Đức Khuê,Hồng Nhung,0.3,0,,,False,,True,"Hà Nội, Việt Nam Dân chủ Cộng hòa"
Đức Khuê,Trọng Hải,0.3,0,,,False,,True,"Hà Nội, Việt Nam Dân chủ Cộng hòa"
Đức Khuê,Phú Đôn,0.3,0,,,False,,True,"Hà Nội, Việt Nam Dân chủ Cộng hòa"
Đức Khuê,Trần Lực,0.3,0,,,False,,True,"Hà Nội, Việt Nam Dân chủ Cộng hòa"
Đức Khuê,Trần Nữ Yên Khê,0.3,0,,,False,,True,"Hà Nội, Việt Nam Dân chủ Cộng hòa"
Đức Khuê,Việt Thắng (diễn viên),0.3,0,,,False,,True,"Hà Nội, Việt Nam Dân chủ Cộng hòa"
Đức Khuê,Thanh Lam,0.3,0,,,False,,True,"Hà Nội, Việt Nam Dân chủ Cộng hòa"
Đức Khuê,Chu Hùng,0.3,0,,,False,,True,"Hà Nội, Việt Nam Dân chủ Cộng hòa"
Đức Khuê,Mạnh Cường,0.3,0,,,False,,True,"Hà Nội, Việt Nam Dân chủ Cộng hòa"
Đức Khuê,Công Lý (diễn viên),0.3,0,,,False,,True,"Hà Nội, Việt Nam Dân chủ Cộng hòa"
Đức Khuê,Nguyễn Minh Trang,0.3,0,,,False,,True,"Hà Nội, Việt Nam Dân chủ Cộng hòa"
Đức Khuê,Quốc Khánh (nghệ sĩ),0.3,0,,,False,,True,"Hà Nội, Việt Nam Dân chủ Cộng hòa"
Đức Khuê,Tất Bình,0.3,0,,,False,,True,"Hà Nội, Việt Nam Dân chủ Cộng hòa"
Đức Khuê,Dũng Nhi,0.3,0,,,False,,True,"Hà Nội, Việt Nam Dân chủ Cộng hòa"
Đức Khuê,Nguyễn Vĩnh Xương,0.3,0,,,False,,True,"Hà Nội, Việt Nam Dân chủ Cộng hòa"
Hoàng Hải (diễn viên),Trương Minh Quốc Thái,1.0,1,Những người viết huyền thoại (phim),actor-actor,False,,False,
Hoàng Hải (diễn viên),Đinh Đức Thiện,1.0,1,Những người viết huyền thoại (phim),actor-actor,False,,False,
Hoàng Hải (diễn viên),Bảo Thanh (diễn viên),1.0,1,Những người viết huyền thoại (phim),actor-actor,False,,False,
Hoàng Hải (diễn viên),Hiền Mai,0.3,0,,,False,,True,"Hà Nội, Việt Nam Dân chủ Cộng hòa"
Hoàng Hải (diễn viên),Hồng Nhung,0.3,0,,,False,,True,"Hà Nội, Việt Nam Dân chủ Cộng hòa"
Hoàng Hải (diễn viên),Trọng Hải,0.3,0,,,False,,True,"Hà Nội, Việt Nam Dân chủ Cộng hòa"
Hoàng Hải (diễn viên),Phú Đôn,0.3,0,,,False,,True,"Hà Nội, Việt Nam Dân chủ Cộng hòa"
Hoàng Hải (diễn viên),Trần Lực,0.3,0,,,False,,True,"Hà Nội, Việt Nam Dân chủ Cộng hòa"
Hoàng Hải (diễn viên),Trần Nữ Yên Khê,0.3,0,,,False,,True,"Hà Nội, Việt Nam Dân chủ Cộng hòa"
Hoàng Hải (diễn viên),Việt Thắng (diễn viên),0.3,0,,,False,,True,"Hà Nội, Việt Nam Dân chủ Cộng hòa"
Hoàng Hải (diễn viên),Thanh Lam,0.3,0,,,False,,True,"Hà Nội, Việt Nam Dân chủ Cộng hòa"
Hoàng Hải (diễn viên),Chu Hùng,0.3,0,,,False,,True,"Hà Nội, Việt Nam Dân chủ Cộng hòa"
Hoàng Hải (diễn viên),Mạnh Cường,0.3,0,,,False,,True,"Hà Nội, Việt Nam Dân chủ Cộng hòa"
Hoàng Hải (diễn viên),Công Lý (diễn viên),0.3,0,,,False,,True,"Hà Nội, Việt Nam Dân chủ Cộng hòa"
Hoàng Hải (diễn viên),Nguyễn Minh Trang,0.3,0,,,False,,True,"Hà Nội, Việt Nam Dân chủ Cộng hòa"
Hoàng Hải (diễn viên),Quốc Khánh (nghệ sĩ),0.3,0,,,False,,True,"Hà Nội, Việt Nam Dân chủ Cộng hòa"
Hoàng Hải (diễn viên),Tất Bình,0.3,0,,,False,,True,"Hà Nội, Việt Nam Dân chủ Cộng hòa"
Hoàng Hải (diễn viên),Dũng Nhi,0.3,0,,,False,,True,"Hà Nội, Việt Nam Dân chủ Cộng hòa"
Hoàng Hải (diễn viên),Nguyễn Vĩnh Xương,0.3,0,,,False,,True,"Hà Nội, Việt Nam Dân chủ Cộng hòa"
Đan Trường,Chi Bảo,1.0,1,Võ lâm truyền kỳ (phim),actor-actor,False,,False,
Đan Trường,Thanh Thảo (ca sĩ),1.0,1,Võ lâm truyền kỳ (phim),actor-actor,False,,False,
Đan Trường,Cát Phượng,1.0,1,Võ lâm truyền kỳ (phim),actor-actor,False,,False,
Đan Trường,Marilyn Monroe,1.0,1,Võ lâm truyền kỳ (phim),actor-actor,False,,False,
Đan Trường,Michael Jackson,1.0,1,Võ lâm truyền kỳ (phim),actor-actor,False,,False,
Đan Trường,Khánh Nam (diễn viên),1.0,1,Võ lâm truyền kỳ (phim),actor-actor,False,,False,
Đan Trường,Charlie Chaplin,1.0,1,Võ lâm truyền kỳ (phim),actor-actor,False,,False,
Đan Trường,Minh Béo,1.0,1,Võ lâm truyền kỳ (phim),actor-actor,False,,False,
Đan Trường,Hữu Lộc,1.0,1,Võ lâm truyền kỳ (phim),actor-actor,False,,False,
Đan Trường,đỏ,1.0,1,Võ lâm truyền kỳ (phim),actor-actor,False,,False,
Đan Trường,Da cam,1.0,1,Võ lâm truyền kỳ (phim),actor-actor,False,,False,
Đan Trường,Wanbi Tuấn Anh,0.3,0,,,False,,True,"Thành phố Hồ Chí Minh, Việt Nam"
Đan Trường,Elly Trần,0.3,0,,,False,,True,"Thành phố Hồ Chí Minh, Việt Nam"
Đan Trường,Tim (ca sĩ),0.3,0,,,False,,True,"Thành phố Hồ Chí Minh, Việt Nam"
Đan Trường,Việt Hương,0.3,0,,,False,,True,"Thành phố Hồ Chí Minh, Việt Nam"
Đan Trường,Bảo Anh (ca sĩ),0.3,0,,,False,,True,"Thành phố Hồ Chí Minh, Việt Nam"
Đan Trường,Thanh Trúc,0.3,0,,,False,,True,"Thành phố Hồ Chí Minh, Việt Nam"
Đan Trường,Khánh Phương,0.3,0,,,False,,True,"Thành phố Hồ Chí Minh, Việt Nam"
Đan Trường,Minh Hằng,0.3,0,,,False,,True,"Thành phố Hồ Chí Minh, Việt Nam"
Đan Trường,Chí Thiện (sinh năm 1988),0.3,0,,,False,,True,"Thành phố Hồ Chí Minh, Việt Nam"
Đan Trường,Tường Vi (diễn viên),0.3,0,,,False,,True,"Thành phố Hồ Chí Minh, Việt Nam"
Đan Trường,Duy Khánh (diễn viên),0.3,0,,,False,,True,"Thành phố Hồ Chí Minh, Việt Nam"
Đan Trường,Đàm Phương Linh,0.3,0,,,False,,True,"Thành phố Hồ Chí Minh, Việt Nam"
Đan Trường,Thảo Trang,0.3,0,,,False,,True,"Thành phố Hồ Chí Minh, Việt Nam"
Đan Trường,Uyên Linh,0.3,0,,,False,,True,"Thành phố Hồ Chí Minh, Việt Nam"
Đan Trường,Võ Thành Tâm,0.3,0,,,False,,True,"Thành phố Hồ Chí Minh, Việt Nam"
Đan Trường,Diễm My (diễn viên),0.3,0,,,False,,True,"Thành phố Hồ Chí Minh, Việt Nam"
Đan Trường,Quang Tuấn,0.3,0,,,False,,True,"Thành phố Hồ Chí Minh, Việt Nam"
Đan Trường,Lương Bích Hữu,0.3,0,,,False,,True,"Thành phố Hồ Chí Minh, Việt Nam"
Đan Trường,Lê Công Hoàng (diễn viên),0.3,0,,,False,,True,"Thành phố Hồ Chí Minh, Việt Nam"
Đan Trường,Suboi,0.3,0,,,False,,True,"Thành phố Hồ Chí Minh, Việt Nam"
Đan Trường,Hồ Vĩnh Khoa,0.3,0,,,False,,True,"Thành phố Hồ Chí Minh, Việt Nam"
Đan Trường,Thanh Thúy (diễn viên sinh 1982),0.3,0,,,False,,True,"Thành phố Hồ Chí Minh, Việt Nam"
Đan Trường,Angela Phương Trinh,0.3,0,,,False,,True,"Thành phố Hồ Chí Minh, Việt Nam"
Đan Trường,Thanh Thúy (sinh 1982),0.3,0,,,False,,True,"Thành phố Hồ Chí Minh, Việt Nam"
Đan Trường,Rocker Nguyen,0.3,0,,,False,,True,"Thành phố Hồ Chí Minh, Việt Nam"
Chi Bảo,Thanh Thảo (ca sĩ),1.0,1,Võ lâm truyền kỳ (phim),actor-actor,False,,False,
Chi Bảo,Cát Phượng,1.0,1,Võ lâm truyền kỳ (phim),actor-actor,False,,False,
Chi Bảo,Marilyn Monroe,1.0,1,Võ lâm truyền kỳ (phim),actor-actor,False,,False,
Chi Bảo,Michael Jackson,1.0,1,Võ lâm truyền kỳ (phim),actor-actor,False,,False,
Chi Bảo,Khánh Nam (diễn viên),1.0,1,Võ lâm truyền kỳ (phim),actor-actor,False,,False,
Chi Bảo,Charlie Chaplin,1.0,1,Võ lâm truyền kỳ (phim),actor-actor,False,,False,
Chi Bảo,Minh Béo,1.0,1,Võ lâm truyền kỳ (phim),actor-actor,False,,False,
Chi Bảo,Hữu Lộc,2.0,2,Võ lâm truyền kỳ (phim)|Khi đàn ông có bầu,actor-actor,False,,False,
Chi Bảo,đỏ,1.0,1,Võ lâm truyền kỳ (phim),actor-actor,False,,False,
Chi Bảo,Da cam,1.0,1,Võ lâm truyền kỳ (phim),actor-actor,False,,False,
Chi Bảo,Nguyễn Phi Hùng (ca sĩ),1.0,1,Khi đàn ông có bầu,actor-actor,False,,False,
Chi Bảo,Hồng Nga,1.0,1,Khi đàn ông có bầu,actor-actor,False,,False,
Chi Bảo,Trương Ngọc Ánh,1.0,1,Khi đàn ông có bầu,actor-actor,False,,False,
Chi Bảo,Bảo Chung,1.0,1,Khi đàn ông có bầu,actor-actor,False,,False,
Chi Bảo,Phương Thanh,1.0,1,Khi đàn ông có bầu,actor-actor,False,,False,
Chi Bảo,Thúy Nga (nghệ sĩ),1.0,1,Khi đàn ông có bầu,actor-actor,False,,False,
Chi Bảo,Hữu Nghĩa,1.0,1,Khi đàn ông có bầu,actor-actor,False,,False,
Chi Bảo,Kim Khánh (diễn viên),1.0,1,Khi đàn ông có bầu,actor-actor,False,,False,
Chi Bảo,Việt Hương,1.0,1,Khi đàn ông có bầu,actor-actor,False,,False,
Chi Bảo,quần vợt,1.0,1,Khi đàn ông có bầu,actor-actor,False,,False,
Chi Bảo,Anh Vũ (nghệ sĩ),1.0,1,Khi đàn ông có bầu,actor-actor,False,,False,
Chi Bảo,gà,1.0,1,Khi đàn ông có bầu,actor-actor,False,,False,
Chi Bảo,Hồng Tơ,1.0,1,Khi đàn ông có bầu,actor-actor,False,,False,
Thanh Thảo (ca sĩ),Cát Phượng,1.0,1,Võ lâm truyền kỳ (phim),actor-actor,False,,False,
Thanh Thảo (ca sĩ),Marilyn Monroe,1.0,1,Võ lâm truyền kỳ (phim),actor-actor,False,,False,
Thanh Thảo (ca sĩ),Michael Jackson,1.0,1,Võ lâm truyền kỳ (phim),actor-actor,False,,False,
Thanh Thảo (ca sĩ),Khánh Nam (diễn viên),1.0,1,Võ lâm truyền kỳ (phim),actor-actor,False,,False,
Thanh Thảo (ca sĩ),Charlie Chaplin,1.0,1,Võ lâm truyền kỳ (phim),actor-actor,False,,False,
Thanh Thảo (ca sĩ),Minh Béo,1.0,1,Võ lâm truyền kỳ (phim),actor-actor,False,,False,
Thanh Thảo (ca sĩ),Hữu Lộc,1.0,1,Võ lâm truyền kỳ (phim),actor-actor,False,,False,
Thanh Thảo (ca sĩ),đỏ,1.0,1,Võ lâm truyền kỳ (phim),actor-actor,False,,False,
Thanh Thảo (ca sĩ),Da cam,1.0,1,Võ lâm truyền kỳ (phim),actor-actor,False,,False,
Cát Phượng,Marilyn Monroe,1.0,1,Võ lâm truyền kỳ (phim),actor-actor,False,,False,
Cát Phượng,Michael Jackson,1.0,1,Võ lâm truyền kỳ (phim),actor-actor,False,,False,
Cát Phượng,Khánh Nam (diễn viên),1.0,1,Võ lâm truyền kỳ (phim),actor-actor,False,,False,
Cát Phượng,Charlie Chaplin,1.0,1,Võ lâm truyền kỳ (phim),actor-actor,False,,False,
Cát Phượng,Minh Béo,1.0,1,Võ lâm truyền kỳ (phim),actor-actor,False,,False,
Cát Phượng,Hữu Lộc,1.0,1,Võ lâm truyền kỳ (phim),actor-actor,False,,False,
Cát Phượng,đỏ,1.0,1,Võ lâm truyền kỳ (phim),actor-actor,False,,False,
Cát Phượng,Da cam,1.0,1,Võ lâm truyền kỳ (phim),actor-actor,False,,False,
Marilyn Monroe,Michael Jackson,1.0,1,Võ lâm truyền kỳ (phim),actor-actor,False,,False,
Marilyn Monroe,Khánh Nam (diễn viên),1.0,1,Võ lâm truyền kỳ (phim),actor-actor,False,,False,
Marilyn Monroe,Charlie Chaplin,1.0,1,Võ lâm truyền kỳ (phim),actor-actor,False,,False,
Marilyn Monroe,Minh Béo,1.0,1,Võ lâm truyền kỳ (phim),actor-actor,False,,False,
Marilyn Monroe,Hữu Lộc,1.0,1,Võ lâm truyền kỳ (phim),actor-actor,False,,False,
Marilyn Monroe,đỏ,1.0,1,Võ lâm truyền kỳ (phim),actor-actor,False,,False,
Marilyn Monroe,Da cam,1.0,1,Võ lâm truyền kỳ (phim),actor-actor,False,,False,
Marilyn Monroe,Madeleine Stowe,0.3,0,,,False,,True,"Los Angeles, California, Hoa Kỳ"
Michael Jackson,Khánh Nam (diễn viên),1.0,1,Võ lâm truyền kỳ (phim),actor-actor,False,,False,
Michael Jackson,Charlie Chaplin,1.0,1,Võ lâm truyền kỳ (phim),actor-actor,False,,False,
Michael Jackson,Minh Béo,1.0,1,Võ lâm truyền kỳ (phim),actor-actor,False,,False,
Michael Jackson,Hữu Lộc,1.0,1,Võ lâm truyền kỳ (phim),actor-actor,False,,False,
Michael Jackson,đỏ,1.0,1,Võ lâm truyền kỳ (phim),actor-actor,False,,False,
Michael Jackson,Da cam,1.0,1,Võ lâm truyền kỳ (phim),actor-actor,False,,False,
Khánh Nam (diễn viên),Charlie Chaplin,1.0,1,Võ lâm truyền kỳ (phim),actor-actor,False,,False,
Khánh Nam (diễn viên),Minh Béo,1.0,1,Võ lâm truyền kỳ (phim),actor-actor,False,,False,
Khánh Nam (diễn viên),Hữu Lộc,1.0,1,Võ lâm truyền kỳ (phim),actor-actor,False,,False,
Khánh Nam (diễn viên),đỏ,1.0,1,Võ lâm truyền kỳ (phim),actor-actor,False,,False,
Khánh Nam (diễn viên),Da cam,1.0,1,Võ lâm truyền kỳ (phim),actor-actor,False,,False,
Charlie Chaplin,Minh Béo,1.0,1,Võ lâm truyền kỳ (phim),actor-actor,False,,False,
Charlie Chaplin,Hữu Lộc,1.0,1,Võ lâm truyền kỳ (phim),actor-actor,False,,False,
Charlie Chaplin,đỏ,1.0,1,Võ lâm truyền kỳ (phim),actor-actor,False,,False,
Charlie Chaplin,Da cam,1.0,1,Võ lâm truyền kỳ (phim),actor-actor,False,,False,
Minh Béo,Hữu Lộc,1.0,1,Võ lâm truyền kỳ (phim),actor-actor,False,,False,
Minh Béo,đỏ,1.0,1,Võ lâm truyền kỳ (phim),actor-actor,False,,False,
Minh Béo,Da cam,1.0,1,Võ lâm truyền kỳ (phim),actor-actor,False,,False,
Hữu Lộc,đỏ,1.0,1,Võ lâm truyền kỳ (phim),actor-actor,False,,False,
Hữu Lộc,Da cam,1.0,1,Võ lâm truyền kỳ (phim),actor-actor,False,,False,
Hữu Lộc,Nguyễn Phi Hùng (ca sĩ),1.0,1,Khi đàn ông có bầu,actor-actor,False,,False,
Hữu Lộc,Hồng Nga,1.0,1,Khi đàn ông có bầu,actor-actor,False,,False,
Hữu Lộc,Trương Ngọc Ánh,1.0,1,Khi đàn ông có bầu,actor-actor,False,,False,
Hữu Lộc,Bảo Chung,1.0,1,Khi đàn ông có bầu,actor-actor,False,,False,
Hữu Lộc,Phương Thanh,1.0,1,Khi đàn ông có bầu,actor-actor,False,,False,
Hữu Lộc,Thúy Nga (nghệ sĩ),1.0,1,Khi đàn ông có bầu,actor-actor,False,,False,
Hữu Lộc,Hữu Nghĩa,1.0,1,Khi đàn ông có bầu,actor-actor,False,,False,
Hữu Lộc,Kim Khánh (diễn viên),1.0,1,Khi đàn ông có bầu,actor-actor,False,,False,
Hữu Lộc,Việt Hương,1.0,1,Khi đàn ông có bầu,actor-actor,False,,False,
Hữu Lộc,quần vợt,1.0,1,Khi đàn ông có bầu,actor-actor,False,,False,
Hữu Lộc,Anh Vũ (nghệ sĩ),1.0,1,Khi đàn ông có bầu,actor-actor,False,,False,
Hữu Lộc,gà,1.0,1,Khi đàn ông có bầu,actor-actor,False,,False,
Hữu Lộc,Hồng Tơ,1.0,1,Khi đàn ông có bầu,actor-actor,False,,False,
đỏ,Da cam,1.0,1,Võ lâm truyền kỳ (phim),actor-actor,False,,False,
Phương Thanh,Hương Giang (diễn viên),3.0,3,Nụ hôn thần chết (phim)|Giải cứu thần chết|Nụ hôn thần chết,actor-actor,False,,False,
Phương Thanh,Vĩnh Thụy (diễn viên),2.0,2,Nụ hôn thần chết (phim)|Nụ hôn thần chết,actor-actor,False,,False,
Phương Thanh,Thủy Tiên (ca sĩ),3.0,3,Nụ hôn thần chết (phim)|Nụ hôn thần chết|Đẹp từng centimet,actor-actor,False,,False,
Phương Thanh,Trinh Hoan,3.0,3,Nụ hôn thần chết (phim)|Giải cứu thần chết|Nụ hôn thần chết,actor-actor,False,,False,
Phương Thanh,Lê Hóa,2.0,2,Nụ hôn thần chết (phim)|Nụ hôn thần chết,actor-actor,False,,False,
Phương Thanh,Lê Quốc Nam,2.0,2,Nụ hôn thần chết (phim)|Nụ hôn thần chết,actor-actor,False,,False,
Phương Thanh,Nguyễn Quang Dũng (đạo diễn),3.0,3,Nụ hôn thần chết (phim)|Nụ hôn thần chết|Đẹp từng centimet,actor-actor,False,,False,
Phương Thanh,DJ,2.0,2,Nụ hôn thần chết (phim)|Nụ hôn thần chết,actor-actor,False,,False,
Phương Thanh,Việt Hương,2.0,2,Nhà có 5 nàng tiên|Khi đàn ông có bầu,actor-actor,False,,False,
Phương Thanh,Minh Thảo,1.0,1,Nhà có 5 nàng tiên,actor-actor,False,,False,
Phương Thanh,Bảo Anh (ca sĩ),1.0,1,Nhà có 5 nàng tiên,actor-actor,False,,False,
Phương Thanh,Miu Lê,1.0,1,Nhà có 5 nàng tiên,actor-actor,False,,False,
Phương Thanh,Hà Trí Quang,1.0,1,Nhà có 5 nàng tiên,actor-actor,False,,False,
Phương Thanh,Minh Luân,1.0,1,Nhà có 5 nàng tiên,actor-actor,False,,False,
Phương Thanh,Quốc Trường (diễn viên),1.0,1,Nhà có 5 nàng tiên,actor-actor,False,,False,
Phương Thanh,Cát Tường (diễn viên),1.0,1,Nhà có 5 nàng tiên,actor-actor,False,,False,
Phương Thanh,Thanh Bạch,1.0,1,Nhà có 5 nàng tiên,actor-actor,False,,False,
Phương Thanh,Phi Nhung,1.0,1,Nhà có 5 nàng tiên,actor-actor,False,,False,
Phương Thanh,Quốc Thuận,1.0,1,Nhà có 5 nàng tiên,actor-actor,False,,False,
Phương Thanh,Hứa Minh Đạt,1.0,1,Nhà có 5 nàng tiên,actor-actor,False,,False,
Phương Thanh,Quách Ngọc Tuyên,1.0,1,Nhà có 5 nàng tiên,actor-actor,False,,False,
Phương Thanh,Nam Thư,1.0,1,Nhà có 5 nàng tiên,actor-actor,False,,False,
Phương Thanh,Nguyễn Phi Hùng (ca sĩ),1.0,1,Khi đàn ông có bầu,actor-actor,False,,False,
Phương Thanh,Hồng Nga,1.0,1,Khi đàn ông có bầu,actor-actor,False,,False,
Phương Thanh,Trương Ngọc Ánh,1.0,1,Khi đàn ông có bầu,actor-actor,False,,False,
Phương Thanh,Bảo Chung,1.0,1,Khi đàn ông có bầu,actor-actor,False,,False,
Phương Thanh,Thúy Nga (nghệ sĩ),1.0,1,Khi đàn ông có bầu,actor-actor,False,,False,
Phương Thanh,Hữu Nghĩa,1.0,1,Khi đàn ông có bầu,actor-actor,False,,False,
Phương Thanh,Kim Khánh (diễn viên),1.0,1,Khi đàn ông có bầu,actor-actor,False,,False,
Phương Thanh,quần vợt,1.0,1,Khi đàn ông có bầu,actor-actor,False,,False,
Phương Thanh,Anh Vũ (nghệ sĩ),1.0,1,Khi đàn ông có bầu,actor-actor,False,,False,
Phương Thanh,gà,1.0,1,Khi đàn ông có bầu,actor-actor,False,,False,
Phương Thanh,Hồng Tơ,1.0,1,Khi đàn ông có bầu,actor-actor,False,,False,
Phương Thanh,Minh Hằng,1.0,1,Giải cứu thần chết,actor-actor,False,,False,
Phương Thanh,Chí Thiện (sinh năm 1988),1.0,1,Giải cứu thần chết,actor-actor,False,,False,
Phương Thanh,Tường Vi (diễn viên),1.0,1,Giải cứu thần chết,actor-actor,False,,False,
Phương Thanh,Hồng Nhung,1.0,1,Giải cứu thần chết,actor-actor,False,,False,
Phương Thanh,Siu Black,1.0,1,Giải cứu thần chết,actor-actor,False,,False,
Phương Thanh,Nhan Phúc Vinh,1.0,1,Giải cứu thần chết,actor-actor,False,,False,
Phương Thanh,Mỹ Tâm,1.0,1,Chị trợ lý của anh,director-actor,False,,False,
Phương Thanh,Đức Phúc,1.0,1,Chị trợ lý của anh,actor-actor,False,,False,
Phương Thanh,Phan Mạnh Quỳnh,1.0,1,Chị trợ lý của anh,actor-actor,False,,False,
Phương Thanh,Lương Mạnh Hải,3.0,3,"Hot boy nổi loạn và câu chuyện về thằng Cười, cô gái điếm và con vịt|Đẹp từng centimet|Hot boy nổi loạn",actor-actor,False,,False,
Phương Thanh,Hồ Vĩnh Khoa,2.0,2,"Hot boy nổi loạn và câu chuyện về thằng Cười, cô gái điếm và con vịt|Hot boy nổi loạn",actor-actor,False,,False,
Phương Thanh,Thiên Kim (diễn viên),2.0,2,"Hot boy nổi loạn và câu chuyện về thằng Cười, cô gái điếm và con vịt|Hot boy nổi loạn",actor-actor,False,,False,
Phương Thanh,Huy Cường,2.0,2,"Hot boy nổi loạn và câu chuyện về thằng Cười, cô gái điếm và con vịt|Hot boy nổi loạn",actor-actor,False,,False,
Phương Thanh,Tăng Thanh Hà,1.0,1,Đẹp từng centimet,actor-actor,False,,False,
Hương Giang (diễn viên),Vĩnh Thụy (diễn viên),2.0,2,Nụ hôn thần chết (phim)|Nụ hôn thần chết,actor-actor,False,,False,
Hương Giang (diễn viên),Thủy Tiên (ca sĩ),2.0,2,Nụ hôn thần chết (phim)|Nụ hôn thần chết,actor-actor,False,,False,
Hương Giang (diễn viên),Trinh Hoan,3.0,3,Nụ hôn thần chết (phim)|Giải cứu thần chết|Nụ hôn thần chết,actor-actor,False,,False,
Hương Giang (diễn viên),Lê Hóa,2.0,2,Nụ hôn thần chết (phim)|Nụ hôn thần chết,actor-actor,False,,False,
Hương Giang (diễn viên),Lê Quốc Nam,2.0,2,Nụ hôn thần chết (phim)|Nụ hôn thần chết,actor-actor,False,,False,
Hương Giang (diễn viên),Nguyễn Quang Dũng (đạo diễn),2.0,2,Nụ hôn thần chết (phim)|Nụ hôn thần chết,actor-actor,False,,False,
Hương Giang (diễn viên),DJ,2.0,2,Nụ hôn thần chết (phim)|Nụ hôn thần chết,actor-actor,False,,False,
Hương Giang (diễn viên),Minh Hằng,1.0,1,Giải cứu thần chết,actor-actor,False,,False,
Hương Giang (diễn viên),Chí Thiện (sinh năm 1988),1.0,1,Giải cứu thần chết,actor-actor,False,,False,
Hương Giang (diễn viên),Tường Vi (diễn viên),1.0,1,Giải cứu thần chết,actor-actor,False,,False,
Hương Giang (diễn viên),Hồng Nhung,1.0,1,Giải cứu thần chết,actor-actor,False,,False,
Hương Giang (diễn viên),Siu Black,1.0,1,Giải cứu thần chết,actor-actor,False,,False,
Hương Giang (diễn viên),Nhan Phúc Vinh,2.0,2,Giải cứu thần chết|Giấc mơ của mẹ,actor-actor,False,,False,
Hương Giang (diễn viên),Diễm My (diễn viên),1.0,1,Giấc mơ của mẹ,actor-actor,False,,False,
Hương Giang (diễn viên),Trương Minh Quốc Thái,0.3,0,,,False,,True,"Sài Gòn, Việt Nam Cộng hòa"
Hương Giang (diễn viên),Cẩm Ly,0.3,0,,,False,,True,"Sài Gòn, Việt Nam Cộng hòa"
Hương Giang (diễn viên),Kiến An (diễn viên),0.3,0,,,False,,True,"Sài Gòn, Việt Nam Cộng hòa"
Hương Giang (diễn viên),Vũ Hà (ca sĩ),0.3,0,,,False,,True,"Sài Gòn, Việt Nam Cộng hòa"
Hương Giang (diễn viên),Phạm Thị Ngọc Trinh,0.3,0,,,False,,True,"Sài Gòn, Việt Nam Cộng hòa"
Vĩnh Thụy (diễn viên),Thủy Tiên (ca sĩ),2.0,2,Nụ hôn thần chết (phim)|Nụ hôn thần chết,actor-actor,False,,False,
Vĩnh Thụy (diễn viên),Trinh Hoan,2.0,2,Nụ hôn thần chết (phim)|Nụ hôn thần chết,actor-actor,False,,False,
Vĩnh Thụy (diễn viên),Lê Hóa,2.0,2,Nụ hôn thần chết (phim)|Nụ hôn thần chết,actor-actor,False,,False,
Vĩnh Thụy (diễn viên),Lê Quốc Nam,2.0,2,Nụ hôn thần chết (phim)|Nụ hôn thần chết,actor-actor,False,,False,
Vĩnh Thụy (diễn viên),Nguyễn Quang Dũng (đạo diễn),2.0,2,Nụ hôn thần chết (phim)|Nụ hôn thần chết,actor-actor,False,,False,
Vĩnh Thụy (diễn viên),DJ,2.0,2,Nụ hôn thần chết (phim)|Nụ hôn thần chết,actor-actor,False,,False,
Thủy Tiên (ca sĩ),Trinh Hoan,2.0,2,Nụ hôn thần chết (phim)|Nụ hôn thần chết,actor-actor,False,,False,
Thủy Tiên (ca sĩ),Lê Hóa,2.0,2,Nụ hôn thần chết (phim)|Nụ hôn thần chết,actor-actor,False,,False,
Thủy Tiên (ca sĩ),Lê Quốc Nam,2.0,2,Nụ hôn thần chết (phim)|Nụ hôn thần chết,actor-actor,False,,False,
Thủy Tiên (ca sĩ),Nguyễn Quang Dũng (đạo diễn),3.0,3,Nụ hôn thần chết (phim)|Nụ hôn thần chết|Đẹp từng centimet,actor-actor,False,,False,
Thủy Tiên (ca sĩ),DJ,2.0,2,Nụ hôn thần chết (phim)|Nụ hôn thần chết,actor-actor,False,,False,
Thủy Tiên (ca sĩ),Lương Mạnh Hải,1.0,1,Đẹp từng centimet,actor-actor,False,,False,
Thủy Tiên (ca sĩ),Tăng Thanh Hà,1.0,1,Đẹp từng centimet,actor-actor,False,,False,
Trinh Hoan,Lê Hóa,2.0,2,Nụ hôn thần chết (phim)|Nụ hôn thần chết,actor-actor,False,,False,
Trinh Hoan,Lê Quốc Nam,2.0,2,Nụ hôn thần chết (phim)|Nụ hôn thần chết,actor-actor,False,,False,
Trinh Hoan,Nguyễn Quang Dũng (đạo diễn),2.0,2,Nụ hôn thần chết (phim)|Nụ hôn thần chết,actor-actor,False,,False,
Trinh Hoan,DJ,2.0,2,Nụ hôn thần chết (phim)|Nụ hôn thần chết,actor-actor,False,,False,
Trinh Hoan,Minh Hằng,1.0,1,Giải cứu thần chết,actor-actor,False,,False,
Trinh Hoan,Chí Thiện (sinh năm 1988),1.0,1,Giải cứu thần chết,actor-actor,False,,False,
Trinh Hoan,Tường Vi (diễn viên),1.0,1,Giải cứu thần chết,actor-actor,False,,False,
Trinh Hoan,Hồng Nhung,1.0,1,Giải cứu thần chết,actor-actor,False,,False,
Trinh Hoan,Siu Black,1.0,1,Giải cứu thần chết,actor-actor,False,,False,
Trinh Hoan,Nhan Phúc Vinh,1.0,1,Giải cứu thần chết,actor-actor,False,,False,
Lê Hóa,Lê Quốc Nam,2.0,2,Nụ hôn thần chết (phim)|Nụ hôn thần chết,actor-actor,False,,False,
Lê Hóa,Nguyễn Quang Dũng (đạo diễn),2.0,2,Nụ hôn thần chết (phim)|Nụ hôn thần chết,actor-actor,False,,False,
Lê Hóa,DJ,2.0,2,Nụ hôn thần chết (phim)|Nụ hôn thần chết,actor-actor,False,,False,
Lê Quốc Nam,Nguyễn Quang Dũng (đạo diễn),2.0,2,Nụ hôn thần chết (phim)|Nụ hôn thần chết,actor-actor,False,,False,
Lê Quốc Nam,DJ,2.0,2,Nụ hôn thần chết (phim)|Nụ hôn thần chết,actor-actor,False,,False,
Nguyễn Quang Dũng (đạo diễn),DJ,2.0,2,Nụ hôn thần chết (phim)|Nụ hôn thần chết,actor-actor,False,,False,
Nguyễn Quang Dũng (đạo diễn),Lương Mạnh Hải,1.0,1,Đẹp từng centimet,actor-actor,False,,False,
Nguyễn Quang Dũng (đạo diễn),Tăng Thanh Hà,1.0,1,Đẹp từng centimet,actor-actor,False,,False,
Wanbi Tuấn Anh,Trương Quỳnh Anh,1.0,1,Bóng ma học đường,actor-actor,False,,False,
Wanbi Tuấn Anh,Elly Trần,1.3,1,Bóng ma học đường,actor-actor,False,,True,"Thành phố Hồ Chí Minh, Việt Nam"
Wanbi Tuấn Anh,Tim (ca sĩ),1.3,1,Bóng ma học đường,actor-actor,False,,True,"Thành phố Hồ Chí Minh, Việt Nam"
Wanbi Tuấn Anh,Hiền Mai,1.0,1,Bóng ma học đường,actor-actor,False,,False,
Wanbi Tuấn Anh,Việt Hương,0.3,0,,,False,,True,"Thành phố Hồ Chí Minh, Việt Nam"
Wanbi Tuấn Anh,Bảo Anh (ca sĩ),0.3,0,,,False,,True,"Thành phố Hồ Chí Minh, Việt Nam"
Wanbi Tuấn Anh,Thanh Trúc,0.3,0,,,False,,True,"Thành phố Hồ Chí Minh, Việt Nam"
Wanbi Tuấn Anh,Khánh Phương,0.3,0,,,False,,True,"Thành phố Hồ Chí Minh, Việt Nam"
Wanbi Tuấn Anh,Minh Hằng,0.3,0,,,False,,True,"Thành phố Hồ Chí Minh, Việt Nam"
Wanbi Tuấn Anh,Chí Thiện (sinh năm 1988),0.3,0,,,False,,True,"Thành phố Hồ Chí Minh, Việt Nam"
Wanbi Tuấn Anh,Tường Vi (diễn viên),0.3,0,,,False,,True,"Thành phố Hồ Chí Minh, Việt Nam"
Wanbi Tuấn Anh,Duy Khánh (diễn viên),0.3,0,,,False,,True,"Thành phố Hồ Chí Minh, Việt Nam"
Wanbi Tuấn Anh,Đàm Phương Linh,0.3,0,,,False,,True,"Thành phố Hồ Chí Minh, Việt Nam"
Wanbi Tuấn Anh,Thảo Trang,0.3,0,,,False,,True,"Thành phố Hồ Chí Minh, Việt Nam"
Wanbi Tuấn Anh,Uyên Linh,0.3,0,,,False,,True,"Thành phố Hồ Chí Minh, Việt Nam"
Wanbi Tuấn Anh,Võ Thành Tâm,0.3,0,,,False,,True,"Thành phố Hồ Chí Minh, Việt Nam"
Wanbi Tuấn Anh,Diễm My (diễn viên),0.3,0,,,False,,True,"Thành phố Hồ Chí Minh, Việt Nam"
Wanbi Tuấn Anh,Quang Tuấn,0.3,0,,,False,,True,"Thành phố Hồ Chí Minh, Việt Nam"
Wanbi Tuấn Anh,Lương Bích Hữu,0.3,0,,,False,,True,"Thành phố Hồ Chí Minh, Việt Nam"
Wanbi Tuấn Anh,Lê Công Hoàng (diễn viên),0.3,0,,,False,,True,"Thành phố Hồ Chí Minh, Việt Nam"
Wanbi Tuấn Anh,Suboi,0.3,0,,,False,,True,"Thành phố Hồ Chí Minh, Việt Nam"
Wanbi Tuấn Anh,Hồ Vĩnh Khoa,0.3,0,,,False,,True,"Thành phố Hồ Chí Minh, Việt Nam"
Wanbi Tuấn Anh,Thanh Thúy (diễn viên sinh 1982),0.3,0,,,False,,True,"Thành phố Hồ Chí Minh, Việt Nam"
Wanbi Tuấn Anh,Angela Phương Trinh,0.3,0,,,False,,True,"Thành phố Hồ Chí Minh, Việt Nam"
Wanbi Tuấn Anh,Thanh Thúy (sinh 1982),0.3,0,,,False,,True,"Thành phố Hồ Chí Minh, Việt Nam"
Wanbi Tuấn Anh,Rocker Nguyen,0.3,0,,,False,,True,"Thành phố Hồ Chí Minh, Việt Nam"
Trương Quỳnh Anh,Elly Trần,1.0,1,Bóng ma học đường,actor-actor,False,,False,
Trương Quỳnh Anh,Tim (ca sĩ),1.0,1,Bóng ma học đường,actor-actor,False,,False,
Trương Quỳnh Anh,Hiền Mai,1.0,1,Bóng ma học đường,actor-actor,False,,False,
Trương Quỳnh Anh,Thúy Nga (nghệ sĩ),0.3,0,,,False,,True,"Nha Trang, Khánh Hòa, Việt Nam"
Trương Quỳnh Anh,Ngọc Thanh Tâm,0.3,0,,,False,,True,"Nha Trang, Khánh Hòa, Việt Nam"
Elly Trần,Tim (ca sĩ),1.3,1,Bóng ma học đường,actor-actor,False,,True,"Thành phố Hồ Chí Minh, Việt Nam"
Elly Trần,Hiền Mai,1.0,1,Bóng ma học đường,actor-actor,False,,False,
Elly Trần,Hồ Bích Trâm,1.0,1,Sài Gòn Yo!,actor-actor,False,,False,
Elly Trần,Mai Ngô,1.0,1,Sài Gòn Yo!,actor-actor,False,,False,
Elly Trần,Việt Hương,0.3,0,,,False,,True,"Thành phố Hồ Chí Minh, Việt Nam"
Elly Trần,Bảo Anh (ca sĩ),0.3,0,,,False,,True,"Thành phố Hồ Chí Minh, Việt Nam"
Elly Trần,Thanh Trúc,0.3,0,,,False,,True,"Thành phố Hồ Chí Minh, Việt Nam"
Elly Trần,Khánh Phương,0.3,0,,,False,,True,"Thành phố Hồ Chí Minh, Việt Nam"
Elly Trần,Minh Hằng,0.3,0,,,False,,True,"Thành phố Hồ Chí Minh, Việt Nam"
Elly Trần,Chí Thiện (sinh năm 1988),0.3,0,,,False,,True,"Thành phố Hồ Chí Minh, Việt Nam"
Elly Trần,Tường Vi (diễn viên),0.3,0,,,False,,True,"Thành phố Hồ Chí Minh, Việt Nam"
Elly Trần,Duy Khánh (diễn viên),0.3,0,,,False,,True,"Thành phố Hồ Chí Minh, Việt Nam"
Elly Trần,Đàm Phương Linh,0.3,0,,,False,,True,"Thành phố Hồ Chí Minh, Việt Nam"
Elly Trần,Thảo Trang,0.3,0,,,False,,True,"Thành phố Hồ Chí Minh, Việt Nam"
Elly Trần,Uyên Linh,0.3,0,,,False,,True,"Thành phố Hồ Chí Minh, Việt Nam"
Elly Trần,Võ Thành Tâm,0.3,0,,,False,,True,"Thành phố Hồ Chí Minh, Việt Nam"
Elly Trần,Diễm My (diễn viên),0.3,0,,,False,,True,"Thành phố Hồ Chí Minh, Việt Nam"
Elly Trần,Quang Tuấn,0.3,0,,,False,,True,"Thành phố Hồ Chí Minh, Việt Nam"
Elly Trần,Lương Bích Hữu,0.3,0,,,False,,True,"Thành phố Hồ Chí Minh, Việt Nam"
Elly Trần,Lê Công Hoàng (diễn viên),0.3,0,,,False,,True,"Thành phố Hồ Chí Minh, Việt Nam"
Elly Trần,Suboi,0.3,0,,,False,,True,"Thành phố Hồ Chí Minh, Việt Nam"
Elly Trần,Hồ Vĩnh Khoa,0.3,0,,,False,,True,"Thành phố Hồ Chí Minh, Việt Nam"
Elly Trần,Thanh Thúy (diễn viên sinh 1982),0.3,0,,,False,,True,"Thành phố Hồ Chí Minh, Việt Nam"
Elly Trần,Angela Phương Trinh,0.3,0,,,False,,True,"Thành phố Hồ Chí Minh, Việt Nam"
Elly Trần,Thanh Thúy (sinh 1982),0.3,0,,,False,,True,"Thành phố Hồ Chí Minh, Việt Nam"
Elly Trần,Rocker Nguyen,0.3,0,,,False,,True,"Thành phố Hồ Chí Minh, Việt Nam"
Tim (ca sĩ),Hiền Mai,1.0,1,Bóng ma học đường,actor-actor,False,,False,
Tim (ca sĩ),Việt Hương,0.3,0,,,False,,True,"Thành phố Hồ Chí Minh, Việt Nam"
Tim (ca sĩ),Bảo Anh (ca sĩ),0.3,0,,,False,,True,"Thành phố Hồ Chí Minh, Việt Nam"
Tim (ca sĩ),Thanh Trúc,0.3,0,,,False,,True,"Thành phố Hồ Chí Minh, Việt Nam"
Tim (ca sĩ),Khánh Phương,0.3,0,,,False,,True,"Thành phố Hồ Chí Minh, Việt Nam"
Tim (ca sĩ),Minh Hằng,0.3,0,,,False,,True,"Thành phố Hồ Chí Minh, Việt Nam"
Tim (ca sĩ),Chí Thiện (sinh năm 1988),0.3,0,,,False,,True,"Thành phố Hồ Chí Minh, Việt Nam"
Tim (ca sĩ),Tường Vi (diễn viên),0.3,0,,,False,,True,"Thành phố Hồ Chí Minh, Việt Nam"
Tim (ca sĩ),Duy Khánh (diễn viên),0.3,0,,,False,,True,"Thành phố Hồ Chí Minh, Việt Nam"
Tim (ca sĩ),Đàm Phương Linh,0.3,0,,,False,,True,"Thành phố Hồ Chí Minh, Việt Nam"
Tim (ca sĩ),Thảo Trang,0.3,0,,,False,,True,"Thành phố Hồ Chí Minh, Việt Nam"
Tim (ca sĩ),Uyên Linh,0.3,0,,,False,,True,"Thành phố Hồ Chí Minh, Việt Nam"
Tim (ca sĩ),Võ Thành Tâm,0.3,0,,,False,,True,"Thành phố Hồ Chí Minh, Việt Nam"
Tim (ca sĩ),Diễm My (diễn viên),0.3,0,,,False,,True,"Thành phố Hồ Chí Minh, Việt Nam"
Tim (ca sĩ),Quang Tuấn,0.3,0,,,False,,True,"Thành phố Hồ Chí Minh, Việt Nam"
Tim (ca sĩ),Lương Bích Hữu,0.3,0,,,False,,True,"Thành phố Hồ Chí Minh, Việt Nam"
Tim (ca sĩ),Lê Công Hoàng (diễn viên),0.3,0,,,False,,True,"Thành phố Hồ Chí Minh, Việt Nam"
Tim (ca sĩ),Suboi,0.3,0,,,False,,True,"Thành phố Hồ Chí Minh, Việt Nam"
Tim (ca sĩ),Hồ Vĩnh Khoa,0.3,0,,,False,,True,"Thành phố Hồ Chí Minh, Việt Nam"
Tim (ca sĩ),Thanh Thúy (diễn viên sinh 1982),0.3,0,,,False,,True,"Thành phố Hồ Chí Minh, Việt Nam"
Tim (ca sĩ),Angela Phương Trinh,0.3,0,,,False,,True,"Thành phố Hồ Chí Minh, Việt Nam"
Tim (ca sĩ),Thanh Thúy (sinh 1982),0.3,0,,,False,,True,"Thành phố Hồ Chí Minh, Việt Nam"
Tim (ca sĩ),Rocker Nguyen,0.3,0,,,False,,True,"Thành phố Hồ Chí Minh, Việt Nam"
Hiền Mai,Hồng Nhung,0.3,0,,,False,,True,"Hà Nội, Việt Nam Dân chủ Cộng hòa"
Hiền Mai,Trọng Hải,0.3,0,,,False,,True,"Hà Nội, Việt Nam Dân chủ Cộng hòa"
Hiền Mai,Phú Đôn,0.3,0,,,False,,True,"Hà Nội, Việt Nam Dân chủ Cộng hòa"
Hiền Mai,Trần Lực,0.3,0,,,False,,True,"Hà Nội, Việt Nam Dân chủ Cộng hòa"
Hiền Mai,Trần Nữ Yên Khê,0.3,0,,,False,,True,"Hà Nội, Việt Nam Dân chủ Cộng hòa"
Hiền Mai,Việt Thắng (diễn viên),0.3,0,,,False,,True,"Hà Nội, Việt Nam Dân chủ Cộng hòa"
Hiền Mai,Thanh Lam,0.3,0,,,False,,True,"Hà Nội, Việt Nam Dân chủ Cộng hòa"
Hiền Mai,Chu Hùng,0.3,0,,,False,,True,"Hà Nội, Việt Nam Dân chủ Cộng hòa"
Hiền Mai,Mạnh Cường,0.3,0,,,False,,True,"Hà Nội, Việt Nam Dân chủ Cộng hòa"
Hiền Mai,Công Lý (diễn viên),0.3,0,,,False,,True,"Hà Nội, Việt Nam Dân chủ Cộng hòa"
Hiền Mai,Nguyễn Minh Trang,0.3,0,,,False,,True,"Hà Nội, Việt Nam Dân chủ Cộng hòa"
Hiền Mai,Quốc Khánh (nghệ sĩ),0.3,0,,,False,,True,"Hà Nội, Việt Nam Dân chủ Cộng hòa"
Hiền Mai,Tất Bình,0.3,0,,,False,,True,"Hà Nội, Việt Nam Dân chủ Cộng hòa"
Hiền Mai,Dũng Nhi,0.3,0,,,False,,True,"Hà Nội, Việt Nam Dân chủ Cộng hòa"
Hiền Mai,Nguyễn Vĩnh Xương,0.3,0,,,False,,True,"Hà Nội, Việt Nam Dân chủ Cộng hòa"
Nhật Cường,Ngọc Oanh,1.0,1,Hoán đổi thân xác,actor-actor,False,,False,
Nhật Cường,Long Đẹp Trai,1.0,1,Hoán đổi thân xác,actor-actor,False,,False,
Nhật Cường,Linh Trung (diễn viên),1.0,1,Hoán đổi thân xác,actor-actor,False,,False,
Nhật Cường,Bạch Long (nghệ sĩ cải lương,1.0,1,Hoán đổi thân xác,actor-actor,False,,False,
Nhật Cường,Ba Luân,1.0,1,Hoán đổi thân xác,actor-actor,False,,False,
Nhật Cường,Dung Nhon,1.0,1,Hoán đổi thân xác,actor-actor,False,,False,
Nhật Cường,Hải Triều (diễn viên),1.0,1,Hoán đổi thân xác,actor-actor,False,,False,
Nhật Cường,Chiến,1.0,1,Hoán đổi thân xác,actor-actor,False,,False,
Nhật Cường,Bá Nhân,1.0,1,Hoán đổi thân xác,actor-actor,False,,False,
Nhật Cường,Thanh Khang,1.0,1,Hoán đổi thân xác,actor-actor,False,,False,
Nhật Cường,Thiên Thủy (diễn viên),1.0,1,Hoán đổi thân xác,actor-actor,False,,False,
Nhật Cường,Thành Nam (diễn viên),1.0,1,Hoán đổi thân xác,actor-actor,False,,False,
Nhật Cường,Tân Trực,1.0,1,Hoán đổi thân xác,actor-actor,False,,False,
Nhật Cường,Quang Khang,1.0,1,Hoán đổi thân xác,actor-actor,False,,False,
Nhật Cường,Thanh Tâm (diễn viên),1.0,1,Hoán đổi thân xác,actor-actor,False,,False,
Nhật Cường,Thành Tài,1.0,1,Hoán đổi thân xác,actor-actor,False,,False,
Nhật Cường,Bé Vỹ,1.0,1,Hoán đổi thân xác,actor-actor,False,,False,
Nhật Cường,Tùng Linh,1.0,1,Hoán đổi thân xác,actor-actor,False,,False,
Nhật Cường,Phi Điểu,1.0,1,Hoán đổi thân xác,actor-actor,False,,False,
Nhật Cường,Công Huy,1.0,1,Hoán đổi thân xác,actor-actor,False,,False,
Nhật Cường,Long Ho,1.0,1,Hoán đổi thân xác,actor-actor,False,,False,
Nhật Cường,Cát Trắng,1.0,1,Hoán đổi thân xác,actor-actor,False,,False,
Nhật Cường,Hứa Minh Đạt,1.0,1,Năm sau con lại về,actor-actor,False,,False,
Nhật Cường,Thanh Trúc,1.0,1,Năm sau con lại về,actor-actor,False,,False,
Nhật Cường,Trường Giang (nghệ sĩ),1.0,1,Năm sau con lại về,actor-actor,False,,False,
Nhật Cường,Quốc Thuận,1.0,1,Năm sau con lại về,actor-actor,False,,False,
Nhật Cường,Tiến Luật,1.0,1,Năm sau con lại về,actor-actor,False,,False,
Ngọc Oanh,Long Đẹp Trai,1.0,1,Hoán đổi thân xác,actor-actor,False,,False,
Ngọc Oanh,Linh Trung (diễn viên),1.0,1,Hoán đổi thân xác,actor-actor,False,,False,
Ngọc Oanh,Bạch Long (nghệ sĩ cải lương,1.0,1,Hoán đổi thân xác,actor-actor,False,,False,
Ngọc Oanh,Ba Luân,1.0,1,Hoán đổi thân xác,actor-actor,False,,False,
Ngọc Oanh,Dung Nhon,1.0,1,Hoán đổi thân xác,actor-actor,False,,False,
Ngọc Oanh,Hải Triều (diễn viên),1.0,1,Hoán đổi thân xác,actor-actor,False,,False,
Ngọc Oanh,Chiến,1.0,1,Hoán đổi thân xác,actor-actor,False,,False,
Ngọc Oanh,Bá Nhân,1.0,1,Hoán đổi thân xác,actor-actor,False,,False,
Ngọc Oanh,Thanh Khang,1.0,1,Hoán đổi thân xác,actor-actor,False,,False,
Ngọc Oanh,Thiên Thủy (diễn viên),1.0,1,Hoán đổi thân xác,actor-actor,False,,False,
Ngọc Oanh,Thành Nam (diễn viên),1.0,1,Hoán đổi thân xác,actor-actor,False,,False,
Ngọc Oanh,Tân Trực,1.0,1,Hoán đổi thân xác,actor-actor,False,,False,
Ngọc Oanh,Quang Khang,1.0,1,Hoán đổi thân xác,actor-actor,False,,False,
Ngọc Oanh,Thanh Tâm (diễn viên),1.0,1,Hoán đổi thân xác,actor-actor,False,,False,
Ngọc Oanh,Thành Tài,1.0,1,Hoán đổi thân xác,actor-actor,False,,False,
Ngọc Oanh,Bé Vỹ,1.0,1,Hoán đổi thân xác,actor-actor,False,,False,
Ngọc Oanh,Tùng Linh,1.0,1,Hoán đổi thân xác,actor-actor,False,,False,
Ngọc Oanh,Phi Điểu,1.0,1,Hoán đổi thân xác,actor-actor,False,,False,
Ngọc Oanh,Công Huy,1.0,1,Hoán đổi thân xác,actor-actor,False,,False,
Ngọc Oanh,Long Ho,1.0,1,Hoán đổi thân xác,actor-actor,False,,False,
Ngọc Oanh,Cát Trắng,1.0,1,Hoán đổi thân xác,actor-actor,False,,False,
Long Đẹp Trai,Linh Trung (diễn viên),1.0,1,Hoán đổi thân xác,actor-actor,False,,False,
Long Đẹp Trai,Bạch Long (nghệ sĩ cải lương,1.0,1,Hoán đổi thân xác,actor-actor,False,,False,
Long Đẹp Trai,Ba Luân,1.0,1,Hoán đổi thân xác,actor-actor,False,,False,
Long Đẹp Trai,Dung Nhon,1.0,1,Hoán đổi thân xác,actor-actor,False,,False,
Long Đẹp Trai,Hải Triều (diễn viên),1.0,1,Hoán đổi thân xác,actor-actor,False,,False,
Long Đẹp Trai,Chiến,1.0,1,Hoán đổi thân xác,actor-actor,False,,False,
Long Đẹp Trai,Bá Nhân,1.0,1,Hoán đổi thân xác,actor-actor,False,,False,
Long Đẹp Trai,Thanh Khang,1.0,1,Hoán đổi thân xác,actor-actor,False,,False,
Long Đẹp Trai,Thiên Thủy (diễn viên),1.0,1,Hoán đổi thân xác,actor-actor,False,,False,
Long Đẹp Trai,Thành Nam (diễn viên),1.0,1,Hoán đổi thân xác,actor-actor,False,,False,
Long Đẹp Trai,Tân Trực,1.0,1,Hoán đổi thân xác,actor-actor,False,,False,
Long Đẹp Trai,Quang Khang,1.0,1,Hoán đổi thân xác,actor-actor,False,,False,
Long Đẹp Trai,Thanh Tâm (diễn viên),1.0,1,Hoán đổi thân xác,actor-actor,False,,False,
Long Đẹp Trai,Thành Tài,1.0,1,Hoán đổi thân xác,actor-actor,False,,False,
Long Đẹp Trai,Bé Vỹ,1.0,1,Hoán đổi thân xác,actor-actor,False,,False,
Long Đẹp Trai,Tùng Linh,1.0,1,Hoán đổi thân xác,actor-actor,False,,False,
Long Đẹp Trai,Phi Điểu,1.0,1,Hoán đổi thân xác,actor-actor,False,,False,
Long Đẹp Trai,Công Huy,1.0,1,Hoán đổi thân xác,actor-actor,False,,False,
Long Đẹp Trai,Long Ho,1.0,1,Hoán đổi thân xác,actor-actor,False,,False,
Long Đẹp Trai,Cát Trắng,1.0,1,Hoán đổi thân xác,actor-actor,False,,False,
Linh Trung (diễn viên),Bạch Long (nghệ sĩ cải lương,1.0,1,Hoán đổi thân xác,actor-actor,False,,False,
Linh Trung (diễn viên),Ba Luân,1.0,1,Hoán đổi thân xác,actor-actor,False,,False,
Linh Trung (diễn viên),Dung Nhon,1.0,1,Hoán đổi thân xác,actor-actor,False,,False,
Linh Trung (diễn viên),Hải Triều (diễn viên),1.0,1,Hoán đổi thân xác,actor-actor,False,,False,
Linh Trung (diễn viên),Chiến,1.0,1,Hoán đổi thân xác,actor-actor,False,,False,
Linh Trung (diễn viên),Bá Nhân,1.0,1,Hoán đổi thân xác,actor-actor,False,,False,
Linh Trung (diễn viên),Thanh Khang,1.0,1,Hoán đổi thân xác,actor-actor,False,,False,
Linh Trung (diễn viên),Thiên Thủy (diễn viên),1.0,1,Hoán đổi thân xác,actor-actor,False,,False,
Linh Trung (diễn viên),Thành Nam (diễn viên),1.0,1,Hoán đổi thân xác,actor-actor,False,,False,
Linh Trung (diễn viên),Tân Trực,1.0,1,Hoán đổi thân xác,actor-actor,False,,False,
Linh Trung (diễn viên),Quang Khang,1.0,1,Hoán đổi thân xác,actor-actor,False,,False,
Linh Trung (diễn viên),Thanh Tâm (diễn viên),1.0,1,Hoán đổi thân xác,actor-actor,False,,False,
Linh Trung (diễn viên),Thành Tài,1.0,1,Hoán đổi thân xác,actor-actor,False,,False,
Linh Trung (diễn viên),Bé Vỹ,1.0,1,Hoán đổi thân xác,actor-actor,False,,False,
Linh Trung (diễn viên),Tùng Linh,1.0,1,Hoán đổi thân xác,actor-actor,False,,False,
Linh Trung (diễn viên),Phi Điểu,1.0,1,Hoán đổi thân xác,actor-actor,False,,False,
Linh Trung (diễn viên),Công Huy,1.0,1,Hoán đổi thân xác,actor-actor,False,,False,
Linh Trung (diễn viên),Long Ho,1.0,1,Hoán đổi thân xác,actor-actor,False,,False,
Linh Trung (diễn viên),Cát Trắng,1.0,1,Hoán đổi thân xác,actor-actor,False,,False,
Bạch Long (nghệ sĩ cải lương,Ba Luân,1.0,1,Hoán đổi thân xác,actor-actor,False,,False,
Bạch Long (nghệ sĩ cải lương,Dung Nhon,1.0,1,Hoán đổi thân xác,actor-actor,False,,False,
Bạch Long (nghệ sĩ cải lương,Hải Triều (diễn viên),1.0,1,Hoán đổi thân xác,actor-actor,False,,False,
Bạch Long (nghệ sĩ cải lương,Chiến,1.0,1,Hoán đổi thân xác,actor-actor,False,,False,
Bạch Long (nghệ sĩ cải lương,Bá Nhân,1.0,1,Hoán đổi thân xác,actor-actor,False,,False,
Bạch Long (nghệ sĩ cải lương,Thanh Khang,1.0,1,Hoán đổi thân xác,actor-actor,False,,False,
Bạch Long (nghệ sĩ cải lương,Thiên Thủy (diễn viên),1.0,1,Hoán đổi thân xác,actor-actor,False,,False,
Bạch Long (nghệ sĩ cải lương,Thành Nam (diễn viên),1.0,1,Hoán đổi thân xác,actor-actor,False,,False,
Bạch Long (nghệ sĩ cải lương,Tân Trực,1.0,1,Hoán đổi thân xác,actor-actor,False,,False,
Bạch Long (nghệ sĩ cải lương,Quang Khang,1.0,1,Hoán đổi thân xác,actor-actor,False,,False,
Bạch Long (nghệ sĩ cải lương,Thanh Tâm (diễn viên),1.0,1,Hoán đổi thân xác,actor-actor,False,,False,
Bạch Long (nghệ sĩ cải lương,Thành Tài,1.0,1,Hoán đổi thân xác,actor-actor,False,,False,
Bạch Long (nghệ sĩ cải lương,Bé Vỹ,1.0,1,Hoán đổi thân xác,actor-actor,False,,False,
Bạch Long (nghệ sĩ cải lương,Tùng Linh,1.0,1,Hoán đổi thân xác,actor-actor,False,,False,
Bạch Long (nghệ sĩ cải lương,Phi Điểu,1.0,1,Hoán đổi thân xác,actor-actor,False,,False,
Bạch Long (nghệ sĩ cải lương,Công Huy,1.0,1,Hoán đổi thân xác,actor-actor,False,,False,
Bạch Long (nghệ sĩ cải lương,Long Ho,1.0,1,Hoán đổi thân xác,actor-actor,False,,False,
Bạch Long (nghệ sĩ cải lương,Cát Trắng,1.0,1,Hoán đổi thân xác,actor-actor,False,,False,
Ba Luân,Dung Nhon,1.0,1,Hoán đổi thân xác,actor-actor,False,,False,
Ba Luân,Hải Triều (diễn viên),1.0,1,Hoán đổi thân xác,actor-actor,False,,False,
Ba Luân,Chiến,1.0,1,Hoán đổi thân xác,actor-actor,False,,False,
Ba Luân,Bá Nhân,1.0,1,Hoán đổi thân xác,actor-actor,False,,False,
Ba Luân,Thanh Khang,1.0,1,Hoán đổi thân xác,actor-actor,False,,False,
Ba Luân,Thiên Thủy (diễn viên),1.0,1,Hoán đổi thân xác,actor-actor,False,,False,
Ba Luân,Thành Nam (diễn viên),1.0,1,Hoán đổi thân xác,actor-actor,False,,False,
Ba Luân,Tân Trực,1.0,1,Hoán đổi thân xác,actor-actor,False,,False,
Ba Luân,Quang Khang,1.0,1,Hoán đổi thân xác,actor-actor,False,,False,
Ba Luân,Thanh Tâm (diễn viên),1.0,1,Hoán đổi thân xác,actor-actor,False,,False,
Ba Luân,Thành Tài,1.0,1,Hoán đổi thân xác,actor-actor,False,,False,
Ba Luân,Bé Vỹ,1.0,1,Hoán đổi thân xác,actor-actor,False,,False,
Ba Luân,Tùng Linh,1.0,1,Hoán đổi thân xác,actor-actor,False,,False,
Ba Luân,Phi Điểu,1.0,1,Hoán đổi thân xác,actor-actor,False,,False,
Ba Luân,Công Huy,1.0,1,Hoán đổi thân xác,actor-actor,False,,False,
Ba Luân,Long Ho,1.0,1,Hoán đổi thân xác,actor-actor,False,,False,
Ba Luân,Cát Trắng,1.0,1,Hoán đổi thân xác,actor-actor,False,,False,
Dung Nhon,Hải Triều (diễn viên),1.0,1,Hoán đổi thân xác,actor-actor,False,,False,
Dung Nhon,Chiến,1.0,1,Hoán đổi thân xác,actor-actor,False,,False,
Dung Nhon,Bá Nhân,1.0,1,Hoán đổi thân xác,actor-actor,False,,False,
Dung Nhon,Thanh Khang,1.0,1,Hoán đổi thân xác,actor-actor,False,,False,
Dung Nhon,Thiên Thủy (diễn viên),1.0,1,Hoán đổi thân xác,actor-actor,False,,False,
Dung Nhon,Thành Nam (diễn viên),1.0,1,Hoán đổi thân xác,actor-actor,False,,False,
Dung Nhon,Tân Trực,1.0,1,Hoán đổi thân xác,actor-actor,False,,False,
Dung Nhon,Quang Khang,1.0,1,Hoán đổi thân xác,actor-actor,False,,False,
Dung Nhon,Thanh Tâm (diễn viên),1.0,1,Hoán đổi thân xác,actor-actor,False,,False,
Dung Nhon,Thành Tài,1.0,1,Hoán đổi thân xác,actor-actor,False,,False,
Dung Nhon,Bé Vỹ,1.0,1,Hoán đổi thân xác,actor-actor,False,,False,
Dung Nhon,Tùng Linh,1.0,1,Hoán đổi thân xác,actor-actor,False,,False,
Dung Nhon,Phi Điểu,1.0,1,Hoán đổi thân xác,actor-actor,False,,False,
Dung Nhon,Công Huy,1.0,1,Hoán đổi thân xác,actor-actor,False,,False,
Dung Nhon,Long Ho,1.0,1,Hoán đổi thân xác,actor-actor,False,,False,
Dung Nhon,Cát Trắng,1.0,1,Hoán đổi thân xác,actor-actor,False,,False,
Hải Triều (diễn viên),Chiến,1.0,1,Hoán đổi thân xác,actor-actor,False,,False,
Hải Triều (diễn viên),Bá Nhân,1.0,1,Hoán đổi thân xác,actor-actor,False,,False,
Hải Triều (diễn viên),Thanh Khang,1.0,1,Hoán đổi thân xác,actor-actor,False,,False,
Hải Triều (diễn viên),Thiên Thủy (diễn viên),1.0,1,Hoán đổi thân xác,actor-actor,False,,False,
Hải Triều (diễn viên),Thành Nam (diễn viên),1.0,1,Hoán đổi thân xác,actor-actor,False,,False,
Hải Triều (diễn viên),Tân Trực,1.0,1,Hoán đổi thân xác,actor-actor,False,,False,
Hải Triều (diễn viên),Quang Khang,1.0,1,Hoán đổi thân xác,actor-actor,False,,False,
Hải Triều (diễn viên),Thanh Tâm (diễn viên),1.0,1,Hoán đổi thân xác,actor-actor,False,,False,
Hải Triều (diễn viên),Thành Tài,1.0,1,Hoán đổi thân xác,actor-actor,False,,False,
Hải Triều (diễn viên),Bé Vỹ,1.0,1,Hoán đổi thân xác,actor-actor,False,,False,
Hải Triều (diễn viên),Tùng Linh,1.0,1,Hoán đổi thân xác,actor-actor,False,,False,
Hải Triều (diễn viên),Phi Điểu,1.0,1,Hoán đổi thân xác,actor-actor,False,,False,
Hải Triều (diễn viên),Công Huy,1.0,1,Hoán đổi thân xác,actor-actor,False,,False,
Hải Triều (diễn viên),Long Ho,1.0,1,Hoán đổi thân xác,actor-actor,False,,False,
Hải Triều (diễn viên),Cát Trắng,1.0,1,Hoán đổi thân xác,actor-actor,False,,False,
Chiến,Bá Nhân,1.0,1,Hoán đổi thân xác,actor-actor,False,,False,
Chiến,Thanh Khang,1.0,1,Hoán đổi thân xác,actor-actor,False,,False,
Chiến,Thiên Thủy (diễn viên),1.0,1,Hoán đổi thân xác,actor-actor,False,,False,
Chiến,Thành Nam (diễn viên),1.0,1,Hoán đổi thân xác,actor-actor,False,,False,
Chiến,Tân Trực,1.0,1,Hoán đổi thân xác,actor-actor,False,,False,
Chiến,Quang Khang,1.0,1,Hoán đổi thân xác,actor-actor,False,,False,
Chiến,Thanh Tâm (diễn viên),1.0,1,Hoán đổi thân xác,actor-actor,False,,False,
Chiến,Thành Tài,1.0,1,Hoán đổi thân xác,actor-actor,False,,False,
Chiến,Bé Vỹ,1.0,1,Hoán đổi thân xác,actor-actor,False,,False,
Chiến,Tùng Linh,1.0,1,Hoán đổi thân xác,actor-actor,False,,False,
Chiến,Phi Điểu,1.0,1,Hoán đổi thân xác,actor-actor,False,,False,
Chiến,Công Huy,1.0,1,Hoán đổi thân xác,actor-actor,False,,False,
Chiến,Long Ho,1.0,1,Hoán đổi thân xác,actor-actor,False,,False,
Chiến,Cát Trắng,1.0,1,Hoán đổi thân xác,actor-actor,False,,False,
Bá Nhân,Thanh Khang,1.0,1,Hoán đổi thân xác,actor-actor,False,,False,
Bá Nhân,Thiên Thủy (diễn viên),1.0,1,Hoán đổi thân xác,actor-actor,False,,False,
Bá Nhân,Thành Nam (diễn viên),1.0,1,Hoán đổi thân xác,actor-actor,False,,False,
Bá Nhân,Tân Trực,1.0,1,Hoán đổi thân xác,actor-actor,False,,False,
Bá Nhân,Quang Khang,1.0,1,Hoán đổi thân xác,actor-actor,False,,False,
Bá Nhân,Thanh Tâm (diễn viên),1.0,1,Hoán đổi thân xác,actor-actor,False,,False,
Bá Nhân,Thành Tài,1.0,1,Hoán đổi thân xác,actor-actor,False,,False,
Bá Nhân,Bé Vỹ,1.0,1,Hoán đổi thân xác,actor-actor,False,,False,
Bá Nhân,Tùng Linh,1.0,1,Hoán đổi thân xác,actor-actor,False,,False,
Bá Nhân,Phi Điểu,1.0,1,Hoán đổi thân xác,actor-actor,False,,False,
Bá Nhân,Công Huy,1.0,1,Hoán đổi thân xác,actor-actor,False,,False,
Bá Nhân,Long Ho,1.0,1,Hoán đổi thân xác,actor-actor,False,,False,
Bá Nhân,Cát Trắng,1.0,1,Hoán đổi thân xác,actor-actor,False,,False,
Thanh Khang,Thiên Thủy (diễn viên),1.0,1,Hoán đổi thân xác,actor-actor,False,,False,
Thanh Khang,Thành Nam (diễn viên),1.0,1,Hoán đổi thân xác,actor-actor,False,,False,
Thanh Khang,Tân Trực,1.0,1,Hoán đổi thân xác,actor-actor,False,,False,
Thanh Khang,Quang Khang,1.0,1,Hoán đổi thân xác,actor-actor,False,,False,
Thanh Khang,Thanh Tâm (diễn viên),1.0,1,Hoán đổi thân xác,actor-actor,False,,False,
Thanh Khang,Thành Tài,1.0,1,Hoán đổi thân xác,actor-actor,False,,False,
Thanh Khang,Bé Vỹ,1.0,1,Hoán đổi thân xác,actor-actor,False,,False,
Thanh Khang,Tùng Linh,1.0,1,Hoán đổi thân xác,actor-actor,False,,False,
Thanh Khang,Phi Điểu,1.0,1,Hoán đổi thân xác,actor-actor,False,,False,
Thanh Khang,Công Huy,1.0,1,Hoán đổi thân xác,actor-actor,False,,False,
Thanh Khang,Long Ho,1.0,1,Hoán đổi thân xác,actor-actor,False,,False,
Thanh Khang,Cát Trắng,1.0,1,Hoán đổi thân xác,actor-actor,False,,False,
Thiên Thủy (diễn viên),Thành Nam (diễn viên),1.0,1,Hoán đổi thân xác,actor-actor,False,,False,
Thiên Thủy (diễn viên),Tân Trực,1.0,1,Hoán đổi thân xác,actor-actor,False,,False,
Thiên Thủy (diễn viên),Quang Khang,1.0,1,Hoán đổi thân xác,actor-actor,False,,False,
Thiên Thủy (diễn viên),Thanh Tâm (diễn viên),1.0,1,Hoán đổi thân xác,actor-actor,False,,False,
Thiên Thủy (diễn viên),Thành Tài,1.0,1,Hoán đổi thân xác,actor-actor,False,,False,
Thiên Thủy (diễn viên),Bé Vỹ,1.0,1,Hoán đổi thân xác,actor-actor,False,,False,
Thiên Thủy (diễn viên),Tùng Linh,1.0,1,Hoán đổi thân xác,actor-actor,False,,False,
Thiên Thủy (diễn viên),Phi Điểu,1.0,1,Hoán đổi thân xác,actor-actor,False,,False,
Thiên Thủy (diễn viên),Công Huy,1.0,1,Hoán đổi thân xác,actor-actor,False,,False,
Thiên Thủy (diễn viên),Long Ho,1.0,1,Hoán đổi thân xác,actor-actor,False,,False,
Thiên Thủy (diễn viên),Cát Trắng,1.0,1,Hoán đổi thân xác,actor-actor,False,,False,
Thành Nam (diễn viên),Tân Trực,1.0,1,Hoán đổi thân xác,actor-actor,False,,False,
Thành Nam (diễn viên),Quang Khang,1.0,1,Hoán đổi thân xác,actor-actor,False,,False,
Thành Nam (diễn viên),Thanh Tâm (diễn viên),1.0,1,Hoán đổi thân xác,actor-actor,False,,False,
Thành Nam (diễn viên),Thành Tài,1.0,1,Hoán đổi thân xác,actor-actor,False,,False,
Thành Nam (diễn viên),Bé Vỹ,1.0,1,Hoán đổi thân xác,actor-actor,False,,False,
Thành Nam (diễn viên),Tùng Linh,1.0,1,Hoán đổi thân xác,actor-actor,False,,False,
Thành Nam (diễn viên),Phi Điểu,1.0,1,Hoán đổi thân xác,actor-actor,False,,False,
Thành Nam (diễn viên),Công Huy,1.0,1,Hoán đổi thân xác,actor-actor,False,,False,
Thành Nam (diễn viên),Long Ho,1.0,1,Hoán đổi thân xác,actor-actor,False,,False,
Thành Nam (diễn viên),Cát Trắng,1.0,1,Hoán đổi thân xác,actor-actor,False,,False,
Tân Trực,Quang Khang,1.0,1,Hoán đổi thân xác,actor-actor,False,,False,
Tân Trực,Thanh Tâm (diễn viên),1.0,1,Hoán đổi thân xác,actor-actor,False,,False,
Tân Trực,Thành Tài,1.0,1,Hoán đổi thân xác,actor-actor,False,,False,
Tân Trực,Bé Vỹ,1.0,1,Hoán đổi thân xác,actor-actor,False,,False,
Tân Trực,Tùng Linh,1.0,1,Hoán đổi thân xác,actor-actor,False,,False,
Tân Trực,Phi Điểu,1.0,1,Hoán đổi thân xác,actor-actor,False,,False,
Tân Trực,Công Huy,1.0,1,Hoán đổi thân xác,actor-actor,False,,False,
Tân Trực,Long Ho,1.0,1,Hoán đổi thân xác,actor-actor,False,,False,
Tân Trực,Cát Trắng,1.0,1,Hoán đổi thân xác,actor-actor,False,,False,
Quang Khang,Thanh Tâm (diễn viên),1.0,1,Hoán đổi thân xác,actor-actor,False,,False,
Quang Khang,Thành Tài,1.0,1,Hoán đổi thân xác,actor-actor,False,,False,
Quang Khang,Bé Vỹ,1.0,1,Hoán đổi thân xác,actor-actor,False,,False,
Quang Khang,Tùng Linh,1.0,1,Hoán đổi thân xác,actor-actor,False,,False,
Quang Khang,Phi Điểu,1.0,1,Hoán đổi thân xác,actor-actor,False,,False,
Quang Khang,Công Huy,1.0,1,Hoán đổi thân xác,actor-actor,False,,False,
Quang Khang,Long Ho,1.0,1,Hoán đổi thân xác,actor-actor,False,,False,
Quang Khang,Cát Trắng,1.0,1,Hoán đổi thân xác,actor-actor,False,,False,
Thanh Tâm (diễn viên),Thành Tài,1.0,1,Hoán đổi thân xác,actor-actor,False,,False,
Thanh Tâm (diễn viên),Bé Vỹ,1.0,1,Hoán đổi thân xác,actor-actor,False,,False,
Thanh Tâm (diễn viên),Tùng Linh,1.0,1,Hoán đổi thân xác,actor-actor,False,,False,
Thanh Tâm (diễn viên),Phi Điểu,1.0,1,Hoán đổi thân xác,actor-actor,False,,False,
Thanh Tâm (diễn viên),Công Huy,1.0,1,Hoán đổi thân xác,actor-actor,False,,False,
Thanh Tâm (diễn viên),Long Ho,1.0,1,Hoán đổi thân xác,actor-actor,False,,False,
Thanh Tâm (diễn viên),Cát Trắng,1.0,1,Hoán đổi thân xác,actor-actor,False,,False,
Thành Tài,Bé Vỹ,1.0,1,Hoán đổi thân xác,actor-actor,False,,False,
Thành Tài,Tùng Linh,1.0,1,Hoán đổi thân xác,actor-actor,False,,False,
Thành Tài,Phi Điểu,1.0,1,Hoán đổi thân xác,actor-actor,False,,False,
Thành Tài,Công Huy,1.0,1,Hoán đổi thân xác,actor-actor,False,,False,
Thành Tài,Long Ho,1.0,1,Hoán đổi thân xác,actor-actor,False,,False,
Thành Tài,Cát Trắng,1.0,1,Hoán đổi thân xác,actor-actor,False,,False,
Bé Vỹ,Tùng Linh,1.0,1,Hoán đổi thân xác,actor-actor,False,,False,
Bé Vỹ,Phi Điểu,1.0,1,Hoán đổi thân xác,actor-actor,False,,False,
Bé Vỹ,Công Huy,1.0,1,Hoán đổi thân xác,actor-actor,False,,False,
Bé Vỹ,Long Ho,1.0,1,Hoán đổi thân xác,actor-actor,False,,False,
Bé Vỹ,Cát Trắng,1.0,1,Hoán đổi thân xác,actor-actor,False,,False,
Tùng Linh,Phi Điểu,1.0,1,Hoán đổi thân xác,actor-actor,False,,False,
Tùng Linh,Công Huy,1.0,1,Hoán đổi thân xác,actor-actor,False,,False,
Tùng Linh,Long Ho,1.0,1,Hoán đổi thân xác,actor-actor,False,,False,
Tùng Linh,Cát Trắng,1.0,1,Hoán đổi thân xác,actor-actor,False,,False,
Phi Điểu,Công Huy,1.0,1,Hoán đổi thân xác,actor-actor,False,,False,
Phi Điểu,Long Ho,1.0,1,Hoán đổi thân xác,actor-actor,False,,False,
Phi Điểu,Cát Trắng,1.0,1,Hoán đổi thân xác,actor-actor,False,,False,
Phi Điểu,Đinh Y Nhung,1.0,1,Lật mặt 7: Một điều ước,actor-actor,False,,False,
Phi Điểu,Lý Hải,1.0,1,Lật mặt 7: Một điều ước,director-actor,False,,False,
Phi Điểu,Thanh Thức,1.0,1,Lật mặt 7: Một điều ước,actor-actor,False,,False,
Phi Điểu,Mạnh Dung,1.0,1,Lật mặt 7: Một điều ước,actor-actor,False,,False,
Phi Điểu,Tiết Cương,1.0,1,Lật mặt 7: Một điều ước,actor-actor,False,,False,
Phi Điểu,Trọng Hải,1.0,1,Lật mặt 7: Một điều ước,actor-actor,False,,False,
Phi Điểu,Lương Bích Hữu,1.0,1,Án mạng lầu 4,actor-actor,False,,False,
Phi Điểu,Lê Công Hoàng (diễn viên),1.0,1,Án mạng lầu 4,actor-actor,False,,False,
Phi Điểu,Lương Mạnh Hải,1.0,1,Tuyết nhiệt đới,actor-actor,False,,False,
Phi Điểu,Việt Hương,1.0,1,Tuyết nhiệt đới,actor-actor,False,,False,
Phi Điểu,Thiên Kim (diễn viên),1.0,1,Tuyết nhiệt đới,actor-actor,False,,False,
Phi Điểu,Võ Thành Tâm,1.0,1,Tuyết nhiệt đới,actor-actor,False,,False,
Phi Điểu,Nguyễn Vinh Sơn,1.0,1,Tuyết nhiệt đới,actor-actor,False,,False,
Công Huy,Long Ho,1.0,1,Hoán đổi thân xác,actor-actor,False,,False,
Công Huy,Cát Trắng,1.0,1,Hoán đổi thân xác,actor-actor,False,,False,
Long Ho,Cát Trắng,1.0,1,Hoán đổi thân xác,actor-actor,False,,False,
Trịnh Kim Chi,Lương Thế Thành,1.0,1,Hello cô Ba,actor-actor,False,,False,
Trịnh Kim Chi,Phi Nhung,1.0,1,Hello cô Ba,actor-actor,False,,False,
Trịnh Kim Chi,Phạm Văn Mách,1.0,1,Hello cô Ba,actor-actor,False,,False,
Lương Thế Thành,Phi Nhung,1.0,1,Hello cô Ba,actor-actor,False,,False,
Lương Thế Thành,Phạm Văn Mách,1.0,1,Hello cô Ba,actor-actor,False,,False,
Lương Thế Thành,Vĩnh Thuyên Kim,1.0,1,Bay vào cõi mộng,actor-actor,False,,False,
Lương Thế Thành,Nikki Dương Nhật Vi,1.0,1,Bay vào cõi mộng,actor-actor,False,,False,
Lương Thế Thành,Kiều Oanh,1.0,1,Bay vào cõi mộng,actor-actor,False,,False,
Lương Thế Thành,Lê Huỳnh,1.0,1,Bay vào cõi mộng,actor-actor,False,,False,
Lương Thế Thành,Tommy Ngô,1.0,1,Bay vào cõi mộng,actor-actor,False,,False,
Lương Thế Thành,Lynda Trang Đài,1.0,1,Bay vào cõi mộng,actor-actor,False,,False,
Lương Thế Thành,Khánh Phương,1.0,1,Bay vào cõi mộng,actor-actor,False,,False,
Lương Thế Thành,Hải Băng,1.0,1,Bay vào cõi mộng,actor-actor,False,,False,
Lương Thế Thành,Thu Tuyết,1.0,1,Bay vào cõi mộng,actor-actor,False,,False,
Lương Thế Thành,Bùi Tấn Trường,1.0,1,Bay vào cõi mộng,actor-actor,False,,False,
Phi Nhung,Phạm Văn Mách,1.0,1,Hello cô Ba,actor-actor,False,,False,
Phi Nhung,Việt Hương,1.0,1,Nhà có 5 nàng tiên,actor-actor,False,,False,
Phi Nhung,Minh Thảo,1.0,1,Nhà có 5 nàng tiên,actor-actor,False,,False,
Phi Nhung,Bảo Anh (ca sĩ),1.0,1,Nhà có 5 nàng tiên,actor-actor,False,,False,
Phi Nhung,Miu Lê,1.0,1,Nhà có 5 nàng tiên,actor-actor,False,,False,
Phi Nhung,Hà Trí Quang,1.0,1,Nhà có 5 nàng tiên,actor-actor,False,,False,
Phi Nhung,Minh Luân,1.0,1,Nhà có 5 nàng tiên,actor-actor,False,,False,
Phi Nhung,Quốc Trường (diễn viên),1.0,1,Nhà có 5 nàng tiên,actor-actor,False,,False,
Phi Nhung,Cát Tường (diễn viên),1.0,1,Nhà có 5 nàng tiên,actor-actor,False,,False,
Phi Nhung,Thanh Bạch,1.0,1,Nhà có 5 nàng tiên,actor-actor,False,,False,
Phi Nhung,Quốc Thuận,1.0,1,Nhà có 5 nàng tiên,actor-actor,False,,False,
Phi Nhung,Hứa Minh Đạt,1.0,1,Nhà có 5 nàng tiên,actor-actor,False,,False,
Phi Nhung,Quách Ngọc Tuyên,1.0,1,Nhà có 5 nàng tiên,actor-actor,False,,False,
Phi Nhung,Nam Thư,1.0,1,Nhà có 5 nàng tiên,actor-actor,False,,False,
Việt Hương,Minh Thảo,1.0,1,Nhà có 5 nàng tiên,actor-actor,False,,False,
Việt Hương,Bảo Anh (ca sĩ),1.3,1,Nhà có 5 nàng tiên,actor-actor,False,,True,"Thành phố Hồ Chí Minh, Việt Nam"
Việt Hương,Miu Lê,1.0,1,Nhà có 5 nàng tiên,actor-actor,False,,False,
Việt Hương,Hà Trí Quang,1.0,1,Nhà có 5 nàng tiên,actor-actor,False,,False,
Việt Hương,Minh Luân,1.0,1,Nhà có 5 nàng tiên,actor-actor,False,,False,
Việt Hương,Quốc Trường (diễn viên),1.0,1,Nhà có 5 nàng tiên,actor-actor,False,,False,
Việt Hương,Cát Tường (diễn viên),2.0,2,Nhà có 5 nàng tiên|Tía tui là cao thủ,actor-actor,False,,False,
Việt Hương,Thanh Bạch,1.0,1,Nhà có 5 nàng tiên,actor-actor,False,,False,
Việt Hương,Quốc Thuận,1.0,1,Nhà có 5 nàng tiên,actor-actor,False,,False,
Việt Hương,Hứa Minh Đạt,1.0,1,Nhà có 5 nàng tiên,actor-actor,False,,False,
Việt Hương,Quách Ngọc Tuyên,1.0,1,Nhà có 5 nàng tiên,actor-actor,False,,False,
Việt Hương,Nam Thư,1.0,1,Nhà có 5 nàng tiên,actor-actor,False,,False,
Việt Hương,Hoài Lâm,1.0,1,Tía tui là cao thủ,actor-actor,False,,False,
Việt Hương,Nguyễn Phi Hùng (ca sĩ),1.0,1,Khi đàn ông có bầu,actor-actor,False,,False,
Việt Hương,Hồng Nga,1.0,1,Khi đàn ông có bầu,actor-actor,False,,False,
Việt Hương,Trương Ngọc Ánh,1.0,1,Khi đàn ông có bầu,actor-actor,False,,False,
Việt Hương,Bảo Chung,1.0,1,Khi đàn ông có bầu,actor-actor,False,,False,
Việt Hương,Thúy Nga (nghệ sĩ),1.0,1,Khi đàn ông có bầu,actor-actor,False,,False,
Việt Hương,Hữu Nghĩa,1.0,1,Khi đàn ông có bầu,actor-actor,False,,False,
Việt Hương,Kim Khánh (diễn viên),1.0,1,Khi đàn ông có bầu,actor-actor,False,,False,
Việt Hương,quần vợt,1.0,1,Khi đàn ông có bầu,actor-actor,False,,False,
Việt Hương,Anh Vũ (nghệ sĩ),1.0,1,Khi đàn ông có bầu,actor-actor,False,,False,
Việt Hương,gà,1.0,1,Khi đàn ông có bầu,actor-actor,False,,False,
Việt Hương,Hồng Tơ,1.0,1,Khi đàn ông có bầu,actor-actor,False,,False,
Việt Hương,Cẩm Ly,1.0,1,Ma da (phim),actor-actor,False,,False,
Việt Hương,Lương Mạnh Hải,1.0,1,Tuyết nhiệt đới,actor-actor,False,,False,
Việt Hương,Thiên Kim (diễn viên),1.0,1,Tuyết nhiệt đới,actor-actor,False,,False,
Việt Hương,Võ Thành Tâm,1.3,1,Tuyết nhiệt đới,actor-actor,False,,True,"Thành phố Hồ Chí Minh, Việt Nam"
Việt Hương,Nguyễn Vinh Sơn,1.0,1,Tuyết nhiệt đới,actor-actor,False,,False,
Việt Hương,Thanh Trúc,0.3,0,,,False,,True,"Thành phố Hồ Chí Minh, Việt Nam"
Việt Hương,Khánh Phương,0.3,0,,,False,,True,"Thành phố Hồ Chí Minh, Việt Nam"
Việt Hương,Minh Hằng,0.3,0,,,False,,True,"Thành phố Hồ Chí Minh, Việt Nam"
Việt Hương,Chí Thiện (sinh năm 1988),0.3,0,,,False,,True,"Thành phố Hồ Chí Minh, Việt Nam"
Việt Hương,Tường Vi (diễn viên),0.3,0,,,False,,True,"Thành phố Hồ Chí Minh, Việt Nam"
Việt Hương,Duy Khánh (diễn viên),0.3,0,,,False,,True,"Thành phố Hồ Chí Minh, Việt Nam"
Việt Hương,Đàm Phương Linh,0.3,0,,,False,,True,"Thành phố Hồ Chí Minh, Việt Nam"
Việt Hương,Thảo Trang,0.3,0,,,False,,True,"Thành phố Hồ Chí Minh, Việt Nam"
Việt Hương,Uyên Linh,0.3,0,,,False,,True,"Thành phố Hồ Chí Minh, Việt Nam"
Việt Hương,Diễm My (diễn viên),0.3,0,,,False,,True,"Thành phố Hồ Chí Minh, Việt Nam"
Việt Hương,Quang Tuấn,0.3,0,,,False,,True,"Thành phố Hồ Chí Minh, Việt Nam"
Việt Hương,Lương Bích Hữu,0.3,0,,,False,,True,"Thành phố Hồ Chí Minh, Việt Nam"
Việt Hương,Lê Công Hoàng (diễn viên),0.3,0,,,False,,True,"Thành phố Hồ Chí Minh, Việt Nam"
Việt Hương,Suboi,0.3,0,,,False,,True,"Thành phố Hồ Chí Minh, Việt Nam"
Việt Hương,Hồ Vĩnh Khoa,0.3,0,,,False,,True,"Thành phố Hồ Chí Minh, Việt Nam"
Việt Hương,Thanh Thúy (diễn viên sinh 1982),0.3,0,,,False,,True,"Thành phố Hồ Chí Minh, Việt Nam"
Việt Hương,Angela Phương Trinh,0.3,0,,,False,,True,"Thành phố Hồ Chí Minh, Việt Nam"
Việt Hương,Thanh Thúy (sinh 1982),0.3,0,,,False,,True,"Thành phố Hồ Chí Minh, Việt Nam"
Việt Hương,Rocker Nguyen,0.3,0,,,False,,True,"Thành phố Hồ Chí Minh, Việt Nam"
Minh Thảo,Bảo Anh (ca sĩ),1.0,1,Nhà có 5 nàng tiên,actor-actor,False,,False,
Minh Thảo,Miu Lê,1.0,1,Nhà có 5 nàng tiên,actor-actor,False,,False,
Minh Thảo,Hà Trí Quang,1.0,1,Nhà có 5 nàng tiên,actor-actor,False,,False,
Minh Thảo,Minh Luân,1.0,1,Nhà có 5 nàng tiên,actor-actor,False,,False,
Minh Thảo,Quốc Trường (diễn viên),1.0,1,Nhà có 5 nàng tiên,actor-actor,False,,False,
Minh Thảo,Cát Tường (diễn viên),1.0,1,Nhà có 5 nàng tiên,actor-actor,False,,False,
Minh Thảo,Thanh Bạch,1.0,1,Nhà có 5 nàng tiên,actor-actor,False,,False,
Minh Thảo,Quốc Thuận,1.0,1,Nhà có 5 nàng tiên,actor-actor,False,,False,
Minh Thảo,Hứa Minh Đạt,1.0,1,Nhà có 5 nàng tiên,actor-actor,False,,False,
Minh Thảo,Quách Ngọc Tuyên,1.0,1,Nhà có 5 nàng tiên,actor-actor,False,,False,
Minh Thảo,Nam Thư,1.0,1,Nhà có 5 nàng tiên,actor-actor,False,,False,
Bảo Anh (ca sĩ),Miu Lê,1.0,1,Nhà có 5 nàng tiên,actor-actor,False,,False,
Bảo Anh (ca sĩ),Hà Trí Quang,1.0,1,Nhà có 5 nàng tiên,actor-actor,False,,False,
Bảo Anh (ca sĩ),Minh Luân,1.0,1,Nhà có 5 nàng tiên,actor-actor,False,,False,
Bảo Anh (ca sĩ),Quốc Trường (diễn viên),1.0,1,Nhà có 5 nàng tiên,actor-actor,False,,False,
Bảo Anh (ca sĩ),Cát Tường (diễn viên),1.0,1,Nhà có 5 nàng tiên,actor-actor,False,,False,
Bảo Anh (ca sĩ),Thanh Bạch,1.0,1,Nhà có 5 nàng tiên,actor-actor,False,,False,
Bảo Anh (ca sĩ),Quốc Thuận,1.0,1,Nhà có 5 nàng tiên,actor-actor,False,,False,
Bảo Anh (ca sĩ),Hứa Minh Đạt,1.0,1,Nhà có 5 nàng tiên,actor-actor,False,,False,
Bảo Anh (ca sĩ),Quách Ngọc Tuyên,1.0,1,Nhà có 5 nàng tiên,actor-actor,False,,False,
Bảo Anh (ca sĩ),Nam Thư,1.0,1,Nhà có 5 nàng tiên,actor-actor,False,,False,
Bảo Anh (ca sĩ),Thanh Trúc,0.3,0,,,False,,True,"Thành phố Hồ Chí Minh, Việt Nam"
Bảo Anh (ca sĩ),Khánh Phương,0.3,0,,,False,,True,"Thành phố Hồ Chí Minh, Việt Nam"
Bảo Anh (ca sĩ),Minh Hằng,0.3,0,,,False,,True,"Thành phố Hồ Chí Minh, Việt Nam"
Bảo Anh (ca sĩ),Chí Thiện (sinh năm 1988),0.3,0,,,False,,True,"Thành phố Hồ Chí Minh, Việt Nam"
Bảo Anh (ca sĩ),Tường Vi (diễn viên),0.3,0,,,False,,True,"Thành phố Hồ Chí Minh, Việt Nam"
Bảo Anh (ca sĩ),Duy Khánh (diễn viên),0.3,0,,,False,,True,"Thành phố Hồ Chí Minh, Việt Nam"
Bảo Anh (ca sĩ),Đàm Phương Linh,0.3,0,,,False,,True,"Thành phố Hồ Chí Minh, Việt Nam"
Bảo Anh (ca sĩ),Thảo Trang,0.3,0,,,False,,True,"Thành phố Hồ Chí Minh, Việt Nam"
Bảo Anh (ca sĩ),Uyên Linh,0.3,0,,,False,,True,"Thành phố Hồ Chí Minh, Việt Nam"
Bảo Anh (ca sĩ),Võ Thành Tâm,0.3,0,,,False,,True,"Thành phố Hồ Chí Minh, Việt Nam"
Bảo Anh (ca sĩ),Diễm My (diễn viên),0.3,0,,,False,,True,"Thành phố Hồ Chí Minh, Việt Nam"
Bảo Anh (ca sĩ),Quang Tuấn,0.3,0,,,False,,True,"Thành phố Hồ Chí Minh, Việt Nam"
Bảo Anh (ca sĩ),Lương Bích Hữu,0.3,0,,,False,,True,"Thành phố Hồ Chí Minh, Việt Nam"
Bảo Anh (ca sĩ),Lê Công Hoàng (diễn viên),0.3,0,,,False,,True,"Thành phố Hồ Chí Minh, Việt Nam"
Bảo Anh (ca sĩ),Suboi,0.3,0,,,False,,True,"Thành phố Hồ Chí Minh, Việt Nam"
Bảo Anh (ca sĩ),Hồ Vĩnh Khoa,0.3,0,,,False,,True,"Thành phố Hồ Chí Minh, Việt Nam"
Bảo Anh (ca sĩ),Thanh Thúy (diễn viên sinh 1982),0.3,0,,,False,,True,"Thành phố Hồ Chí Minh, Việt Nam"
Bảo Anh (ca sĩ),Angela Phương Trinh,0.3,0,,,False,,True,"Thành phố Hồ Chí Minh, Việt Nam"
Bảo Anh (ca sĩ),Thanh Thúy (sinh 1982),0.3,0,,,False,,True,"Thành phố Hồ Chí Minh, Việt Nam"
Bảo Anh (ca sĩ),Rocker Nguyen,0.3,0,,,False,,True,"Thành phố Hồ Chí Minh, Việt Nam"
Miu Lê,Hà Trí Quang,1.0,1,Nhà có 5 nàng tiên,actor-actor,False,,False,
Miu Lê,Minh Luân,1.0,1,Nhà có 5 nàng tiên,actor-actor,False,,False,
Miu Lê,Quốc Trường (diễn viên),1.0,1,Nhà có 5 nàng tiên,actor-actor,False,,False,
Miu Lê,Cát Tường (diễn viên),1.0,1,Nhà có 5 nàng tiên,actor-actor,False,,False,
Miu Lê,Thanh Bạch,1.0,1,Nhà có 5 nàng tiên,actor-actor,False,,False,
Miu Lê,Quốc Thuận,1.0,1,Nhà có 5 nàng tiên,actor-actor,False,,False,
Miu Lê,Hứa Minh Đạt,1.0,1,Nhà có 5 nàng tiên,actor-actor,False,,False,
Miu Lê,Quách Ngọc Tuyên,1.0,1,Nhà có 5 nàng tiên,actor-actor,False,,False,
Miu Lê,Nam Thư,1.0,1,Nhà có 5 nàng tiên,actor-actor,False,,False,
Miu Lê,Thanh Nam,1.0,1,Em là bà nội của anh,actor-actor,False,,False,
Miu Lê,Lều Phương Anh,1.0,1,Em là bà nội của anh,actor-actor,False,,False,
Miu Lê,Duy Khánh (diễn viên),1.0,1,Em là bà nội của anh,actor-actor,False,,False,
Miu Lê,Đàm Phương Linh,1.0,1,Em là bà nội của anh,actor-actor,False,,False,
Miu Lê,Harry Lu,1.0,1,Em là bà nội của anh,actor-actor,False,,False,
Miu Lê,Trọng Hiếu,1.0,1,Em là bà nội của anh,actor-actor,False,,False,
Miu Lê,Huỳnh Lập,1.0,1,Em là bà nội của anh,actor-actor,False,,False,
Miu Lê,Thảo Trang,1.0,1,Em là bà nội của anh,actor-actor,False,,False,
Miu Lê,Tăng Nhật Tuệ,1.0,1,Em là bà nội của anh,actor-actor,False,,False,
Miu Lê,Nguyễn Quang Dũng,1.0,1,Em là bà nội của anh,actor-actor,False,,False,
Miu Lê,Nguyễn Hải Phong,1.0,1,Em là bà nội của anh,actor-actor,False,,False,
Miu Lê,Uyên Linh,1.0,1,Em là bà nội của anh,actor-actor,False,,False,
Miu Lê,Nam Cường (ca sĩ),1.0,1,Những thiên thần áo trắng,actor-actor,False,,False,
Miu Lê,Mai Phương (diễn viên),1.0,1,Những thiên thần áo trắng,actor-actor,False,,False,
Miu Lê,Thanh Hoàng (nghệ sĩ),1.0,1,Những thiên thần áo trắng,actor-actor,False,,False,
Hà Trí Quang,Minh Luân,1.0,1,Nhà có 5 nàng tiên,actor-actor,False,,False,
Hà Trí Quang,Quốc Trường (diễn viên),1.0,1,Nhà có 5 nàng tiên,actor-actor,False,,False,
Hà Trí Quang,Cát Tường (diễn viên),1.0,1,Nhà có 5 nàng tiên,actor-actor,False,,False,
Hà Trí Quang,Thanh Bạch,1.0,1,Nhà có 5 nàng tiên,actor-actor,False,,False,
Hà Trí Quang,Quốc Thuận,1.0,1,Nhà có 5 nàng tiên,actor-actor,False,,False,
Hà Trí Quang,Hứa Minh Đạt,1.0,1,Nhà có 5 nàng tiên,actor-actor,False,,False,
Hà Trí Quang,Quách Ngọc Tuyên,1.0,1,Nhà có 5 nàng tiên,actor-actor,False,,False,
Hà Trí Quang,Nam Thư,1.0,1,Nhà có 5 nàng tiên,actor-actor,False,,False,
Minh Luân,Quốc Trường (diễn viên),1.0,1,Nhà có 5 nàng tiên,actor-actor,False,,False,
Minh Luân,Cát Tường (diễn viên),1.0,1,Nhà có 5 nàng tiên,actor-actor,False,,False,
Minh Luân,Thanh Bạch,1.0,1,Nhà có 5 nàng tiên,actor-actor,False,,False,
Minh Luân,Quốc Thuận,1.0,1,Nhà có 5 nàng tiên,actor-actor,False,,False,
Minh Luân,Hứa Minh Đạt,1.0,1,Nhà có 5 nàng tiên,actor-actor,False,,False,
Minh Luân,Quách Ngọc Tuyên,1.0,1,Nhà có 5 nàng tiên,actor-actor,False,,False,
Minh Luân,Nam Thư,1.0,1,Nhà có 5 nàng tiên,actor-actor,False,,False,
Quốc Trường (diễn viên),Cát Tường (diễn viên),1.0,1,Nhà có 5 nàng tiên,actor-actor,False,,False,
Quốc Trường (diễn viên),Thanh Bạch,1.0,1,Nhà có 5 nàng tiên,actor-actor,False,,False,
Quốc Trường (diễn viên),Quốc Thuận,1.0,1,Nhà có 5 nàng tiên,actor-actor,False,,False,
Quốc Trường (diễn viên),Hứa Minh Đạt,1.0,1,Nhà có 5 nàng tiên,actor-actor,False,,False,
Quốc Trường (diễn viên),Quách Ngọc Tuyên,1.0,1,Nhà có 5 nàng tiên,actor-actor,False,,False,
Quốc Trường (diễn viên),Nam Thư,1.0,1,Nhà có 5 nàng tiên,actor-actor,False,,False,
Quốc Trường (diễn viên),Nhan Phúc Vinh,0.3,0,,,False,,True,"Cần Thơ, Việt Nam"
Cát Tường (diễn viên),Thanh Bạch,1.0,1,Nhà có 5 nàng tiên,actor-actor,False,,False,
Cát Tường (diễn viên),Quốc Thuận,1.0,1,Nhà có 5 nàng tiên,actor-actor,False,,False,
Cát Tường (diễn viên),Hứa Minh Đạt,1.0,1,Nhà có 5 nàng tiên,actor-actor,False,,False,
Cát Tường (diễn viên),Quách Ngọc Tuyên,1.0,1,Nhà có 5 nàng tiên,actor-actor,False,,False,
Cát Tường (diễn viên),Nam Thư,1.0,1,Nhà có 5 nàng tiên,actor-actor,False,,False,
Cát Tường (diễn viên),Hoài Lâm,1.0,1,Tía tui là cao thủ,actor-actor,False,,False,
Cát Tường (diễn viên),Ngọc Phước,1.0,1,Siêu lừa gặp siêu lầy,actor-actor,False,,False,
Cát Tường (diễn viên),Trung Lùn,1.0,1,Siêu lừa gặp siêu lầy,actor-actor,False,,False,
Thanh Bạch,Quốc Thuận,1.0,1,Nhà có 5 nàng tiên,actor-actor,False,,False,
Thanh Bạch,Hứa Minh Đạt,1.0,1,Nhà có 5 nàng tiên,actor-actor,False,,False,
Thanh Bạch,Quách Ngọc Tuyên,1.0,1,Nhà có 5 nàng tiên,actor-actor,False,,False,
Thanh Bạch,Nam Thư,1.0,1,Nhà có 5 nàng tiên,actor-actor,False,,False,
Quốc Thuận,Hứa Minh Đạt,2.0,2,Nhà có 5 nàng tiên|Năm sau con lại về,actor-actor,False,,False,
Quốc Thuận,Quách Ngọc Tuyên,1.0,1,Nhà có 5 nàng tiên,actor-actor,False,,False,
Quốc Thuận,Nam Thư,1.0,1,Nhà có 5 nàng tiên,actor-actor,False,,False,
Quốc Thuận,Thanh Trúc,1.0,1,Năm sau con lại về,actor-actor,False,,False,
Quốc Thuận,Trường Giang (nghệ sĩ),1.0,1,Năm sau con lại về,actor-actor,False,,False,
Quốc Thuận,Tiến Luật,1.0,1,Năm sau con lại về,actor-actor,False,,False,
Quốc Thuận,Bảo Trúc,1.0,1,Cột mốc 23,actor-actor,False,,False,
Quốc Thuận,Diễm Châu,1.0,1,Cột mốc 23,actor-actor,False,,False,
Quốc Thuận,Võ Thành Tâm,1.0,1,Cột mốc 23,actor-actor,False,,False,
Quốc Thuận,Tiết Cương,1.0,1,Cột mốc 23,actor-actor,False,,False,
Quốc Thuận,Mạnh Hùng,1.0,1,Cột mốc 23,actor-actor,False,,False,
Hứa Minh Đạt,Quách Ngọc Tuyên,1.0,1,Nhà có 5 nàng tiên,actor-actor,False,,False,
Hứa Minh Đạt,Nam Thư,1.0,1,Nhà có 5 nàng tiên,actor-actor,False,,False,
Hứa Minh Đạt,Thanh Trúc,1.0,1,Năm sau con lại về,actor-actor,False,,False,
Hứa Minh Đạt,Trường Giang (nghệ sĩ),1.0,1,Năm sau con lại về,actor-actor,False,,False,
Hứa Minh Đạt,Tiến Luật,1.0,1,Năm sau con lại về,actor-actor,False,,False,
Quách Ngọc Tuyên,Nam Thư,1.0,1,Nhà có 5 nàng tiên,actor-actor,False,,False,
Quách Ngọc Tuyên,Trung Dũng (diễn viên),2.0,2,Lật Mặt 6: Tấm vé định mệnh|Lật mặt 6: Tấm vé định mệnh,actor-actor,False,,False,
Quách Ngọc Tuyên,Thanh Thức,2.0,2,Lật Mặt 6: Tấm vé định mệnh|Lật mặt 6: Tấm vé định mệnh,actor-actor,False,,False,
Quách Ngọc Tuyên,Diệp Bảo Ngọc,2.0,2,Lật Mặt 6: Tấm vé định mệnh|Lật mặt 6: Tấm vé định mệnh,actor-actor,False,,False,
Quách Ngọc Tuyên,Lý Hải,3.0,3,Lật Mặt 6: Tấm vé định mệnh|Lật mặt: 48h|Lật mặt 6: Tấm vé định mệnh,director-actor,False,,False,
Quách Ngọc Tuyên,Mạnh Dung,2.0,2,Lật Mặt 6: Tấm vé định mệnh|Lật mặt 6: Tấm vé định mệnh,actor-actor,False,,False,
Quách Ngọc Tuyên,Tiết Cương,3.0,3,Lật Mặt 6: Tấm vé định mệnh|Lật mặt: 48h|Lật mặt 6: Tấm vé định mệnh,actor-actor,False,,False,
Quách Ngọc Tuyên,Phạm Trưởng,2.0,2,Lật Mặt 6: Tấm vé định mệnh|Lật mặt 6: Tấm vé định mệnh,actor-actor,False,,False,
Quách Ngọc Tuyên,Ốc Thanh Vân,3.0,3,Lật Mặt 6: Tấm vé định mệnh|Lật mặt: 48h|Lật mặt 6: Tấm vé định mệnh,actor-actor,False,,False,
Quách Ngọc Tuyên,Võ Thành Tâm,1.0,1,Lật mặt: 48h,actor-actor,False,,False,
Quách Ngọc Tuyên,Lê Hạ Anh,1.0,1,Lật mặt: 48h,actor-actor,False,,False,
Quách Ngọc Tuyên,Kiến An (diễn viên),1.0,1,Lật mặt: 48h,actor-actor,False,,False,
Nam Thư,Lý Hải,2.0,2,Lật mặt (phim)|Lật mặt,director-actor,False,,False,
Nam Thư,Trường Giang (nghệ sĩ),3.0,3,"Lật mặt (phim)|Taxi, em tên gì?|Lật mặt",actor-actor,False,,False,
Nam Thư,Võ Thành Tâm,2.0,2,Lật mặt (phim)|Lật mặt,actor-actor,False,,False,
Nam Thư,Trọng Hải,2.0,2,Lật mặt (phim)|Lật mặt,actor-actor,False,,False,
Nam Thư,Tiết Cương,2.0,2,Lật mặt (phim)|Lật mặt,actor-actor,False,,False,
Nam Thư,Angela Phương Trinh,1.0,1,"Taxi, em tên gì?",actor-actor,False,,False,
Nam Thư,Đỗ Đức Thịnh,1.0,1,"Taxi, em tên gì?",actor-director,False,,False,
Nam Thư,Thanh Thúy (sinh 1982),1.0,1,"Taxi, em tên gì?",actor-actor,False,,False,
Thanh Trúc,Trường Giang (nghệ sĩ),1.0,1,Năm sau con lại về,actor-actor,False,,False,
Thanh Trúc,Tiến Luật,1.0,1,Năm sau con lại về,actor-actor,False,,False,
Thanh Trúc,Khánh Phương,0.3,0,,,False,,True,"Thành phố Hồ Chí Minh, Việt Nam"
Thanh Trúc,Minh Hằng,0.3,0,,,False,,True,"Thành phố Hồ Chí Minh, Việt Nam"
Thanh Trúc,Chí Thiện (sinh năm 1988),0.3,0,,,False,,True,"Thành phố Hồ Chí Minh, Việt Nam"
Thanh Trúc,Tường Vi (diễn viên),0.3,0,,,False,,True,"Thành phố Hồ Chí Minh, Việt Nam"
Thanh Trúc,Duy Khánh (diễn viên),0.3,0,,,False,,True,"Thành phố Hồ Chí Minh, Việt Nam"
Thanh Trúc,Đàm Phương Linh,0.3,0,,,False,,True,"Thành phố Hồ Chí Minh, Việt Nam"
Thanh Trúc,Thảo Trang,0.3,0,,,False,,True,"Thành phố Hồ Chí Minh, Việt Nam"
Thanh Trúc,Uyên Linh,0.3,0,,,False,,True,"Thành phố Hồ Chí Minh, Việt Nam"
Thanh Trúc,Võ Thành Tâm,0.3,0,,,False,,True,"Thành phố Hồ Chí Minh, Việt Nam"
Thanh Trúc,Diễm My (diễn viên),0.3,0,,,False,,True,"Thành phố Hồ Chí Minh, Việt Nam"
Thanh Trúc,Quang Tuấn,0.3,0,,,False,,True,"Thành phố Hồ Chí Minh, Việt Nam"
Thanh Trúc,Lương Bích Hữu,0.3,0,,,False,,True,"Thành phố Hồ Chí Minh, Việt Nam"
Thanh Trúc,Lê Công Hoàng (diễn viên),0.3,0,,,False,,True,"Thành phố Hồ Chí Minh, Việt Nam"
Thanh Trúc,Suboi,0.3,0,,,False,,True,"Thành phố Hồ Chí Minh, Việt Nam"
Thanh Trúc,Hồ Vĩnh Khoa,0.3,0,,,False,,True,"Thành phố Hồ Chí Minh, Việt Nam"
Thanh Trúc,Thanh Thúy (diễn viên sinh 1982),0.3,0,,,False,,True,"Thành phố Hồ Chí Minh, Việt Nam"
Thanh Trúc,Angela Phương Trinh,0.3,0,,,False,,True,"Thành phố Hồ Chí Minh, Việt Nam"
Thanh Trúc,Thanh Thúy (sinh 1982),0.3,0,,,False,,True,"Thành phố Hồ Chí Minh, Việt Nam"
Thanh Trúc,Rocker Nguyen,0.3,0,,,False,,True,"Thành phố Hồ Chí Minh, Việt Nam"
Trường Giang (nghệ sĩ),Tiến Luật,1.0,1,Năm sau con lại về,actor-actor,False,,False,
Trường Giang (nghệ sĩ),Lý Hải,3.0,3,Lật mặt (phim)|Lật mặt|Lật mặt 2: Phim trường,director-actor,False,,False,
Trường Giang (nghệ sĩ),Võ Thành Tâm,2.0,2,Lật mặt (phim)|Lật mặt,actor-actor,False,,False,
Trường Giang (nghệ sĩ),Trọng Hải,2.0,2,Lật mặt (phim)|Lật mặt,actor-actor,False,,False,
Trường Giang (nghệ sĩ),Tiết Cương,3.0,3,Lật mặt (phim)|Lật mặt|Lật mặt 2: Phim trường,actor-actor,False,,False,
Trường Giang (nghệ sĩ),Angela Phương Trinh,1.0,1,"Taxi, em tên gì?",actor-actor,False,,False,
Trường Giang (nghệ sĩ),Đỗ Đức Thịnh,1.0,1,"Taxi, em tên gì?",actor-director,False,,False,
Trường Giang (nghệ sĩ),Thanh Thúy (sinh 1982),1.0,1,"Taxi, em tên gì?",actor-actor,False,,False,
Nguyễn Phi Hùng (ca sĩ),Hồng Nga,1.0,1,Khi đàn ông có bầu,actor-actor,False,,False,
Nguyễn Phi Hùng (ca sĩ),Trương Ngọc Ánh,1.0,1,Khi đàn ông có bầu,actor-actor,False,,False,
Nguyễn Phi Hùng (ca sĩ),Bảo Chung,1.0,1,Khi đàn ông có bầu,actor-actor,False,,False,
Nguyễn Phi Hùng (ca sĩ),Thúy Nga (nghệ sĩ),1.0,1,Khi đàn ông có bầu,actor-actor,False,,False,
Nguyễn Phi Hùng (ca sĩ),Hữu Nghĩa,1.0,1,Khi đàn ông có bầu,actor-actor,False,,False,
Nguyễn Phi Hùng (ca sĩ),Kim Khánh (diễn viên),1.0,1,Khi đàn ông có bầu,actor-actor,False,,False,
Nguyễn Phi Hùng (ca sĩ),quần vợt,1.0,1,Khi đàn ông có bầu,actor-actor,False,,False,
Nguyễn Phi Hùng (ca sĩ),Anh Vũ (nghệ sĩ),1.0,1,Khi đàn ông có bầu,actor-actor,False,,False,
Nguyễn Phi Hùng (ca sĩ),gà,1.0,1,Khi đàn ông có bầu,actor-actor,False,,False,
Nguyễn Phi Hùng (ca sĩ),Hồng Tơ,1.0,1,Khi đàn ông có bầu,actor-actor,False,,False,
Hồng Nga,Trương Ngọc Ánh,1.0,1,Khi đàn ông có bầu,actor-actor,False,,False,
Hồng Nga,Bảo Chung,1.0,1,Khi đàn ông có bầu,actor-actor,False,,False,
Hồng Nga,Thúy Nga (nghệ sĩ),1.0,1,Khi đàn ông có bầu,actor-actor,False,,False,
Hồng Nga,Hữu Nghĩa,1.0,1,Khi đàn ông có bầu,actor-actor,False,,False,
Hồng Nga,Kim Khánh (diễn viên),1.0,1,Khi đàn ông có bầu,actor-actor,False,,False,
Hồng Nga,quần vợt,1.0,1,Khi đàn ông có bầu,actor-actor,False,,False,
Hồng Nga,Anh Vũ (nghệ sĩ),1.0,1,Khi đàn ông có bầu,actor-actor,False,,False,
Hồng Nga,gà,1.0,1,Khi đàn ông có bầu,actor-actor,False,,False,
Hồng Nga,Hồng Tơ,1.0,1,Khi đàn ông có bầu,actor-actor,False,,False,
Trương Ngọc Ánh,Bảo Chung,1.0,1,Khi đàn ông có bầu,actor-actor,False,,False,
Trương Ngọc Ánh,Thúy Nga (nghệ sĩ),1.0,1,Khi đàn ông có bầu,actor-actor,False,,False,
Trương Ngọc Ánh,Hữu Nghĩa,1.0,1,Khi đàn ông có bầu,actor-actor,False,,False,
Trương Ngọc Ánh,Kim Khánh (diễn viên),1.0,1,Khi đàn ông có bầu,actor-actor,False,,False,
Trương Ngọc Ánh,quần vợt,1.0,1,Khi đàn ông có bầu,actor-actor,False,,False,
Trương Ngọc Ánh,Anh Vũ (nghệ sĩ),1.0,1,Khi đàn ông có bầu,actor-actor,False,,False,
Trương Ngọc Ánh,gà,1.0,1,Khi đàn ông có bầu,actor-actor,False,,False,
Trương Ngọc Ánh,Hồng Tơ,1.0,1,Khi đàn ông có bầu,actor-actor,False,,False,
Trương Ngọc Ánh,Quốc Khánh (nghệ sĩ),1.0,1,Áo lụa Hà Đông (phim),actor-actor,False,,False,
Trương Ngọc Ánh,Tú Trinh,1.0,1,Áo lụa Hà Đông (phim),actor-actor,False,,False,
Trương Ngọc Ánh,Tất Bình,1.0,1,Áo lụa Hà Đông (phim),actor-actor,False,,False,
Trương Ngọc Ánh,Như Quỳnh (diễn viên),1.0,1,Áo lụa Hà Đông (phim),actor-actor,False,,False,
Trương Ngọc Ánh,Hà Kiều Anh,1.0,1,Áo lụa Hà Đông (phim),actor-actor,False,,False,
Bảo Chung,Thúy Nga (nghệ sĩ),1.0,1,Khi đàn ông có bầu,actor-actor,False,,False,
Bảo Chung,Hữu Nghĩa,1.0,1,Khi đàn ông có bầu,actor-actor,False,,False,
Bảo Chung,Kim Khánh (diễn viên),1.0,1,Khi đàn ông có bầu,actor-actor,False,,False,
Bảo Chung,quần vợt,1.0,1,Khi đàn ông có bầu,actor-actor,False,,False,
Bảo Chung,Anh Vũ (nghệ sĩ),1.0,1,Khi đàn ông có bầu,actor-actor,False,,False,
Bảo Chung,gà,1.0,1,Khi đàn ông có bầu,actor-actor,False,,False,
Bảo Chung,Hồng Tơ,1.0,1,Khi đàn ông có bầu,actor-actor,False,,False,
Thúy Nga (nghệ sĩ),Hữu Nghĩa,1.0,1,Khi đàn ông có bầu,actor-actor,False,,False,
Thúy Nga (nghệ sĩ),Kim Khánh (diễn viên),1.0,1,Khi đàn ông có bầu,actor-actor,False,,False,
Thúy Nga (nghệ sĩ),quần vợt,1.0,1,Khi đàn ông có bầu,actor-actor,False,,False,
Thúy Nga (nghệ sĩ),Anh Vũ (nghệ sĩ),1.0,1,Khi đàn ông có bầu,actor-actor,False,,False,
Thúy Nga (nghệ sĩ),gà,1.0,1,Khi đàn ông có bầu,actor-actor,False,,False,
Thúy Nga (nghệ sĩ),Hồng Tơ,1.0,1,Khi đàn ông có bầu,actor-actor,False,,False,
Thúy Nga (nghệ sĩ),Ngọc Thanh Tâm,0.3,0,,,False,,True,"Nha Trang, Khánh Hòa, Việt Nam"
Hữu Nghĩa,Kim Khánh (diễn viên),1.0,1,Khi đàn ông có bầu,actor-actor,False,,False,
Hữu Nghĩa,quần vợt,1.0,1,Khi đàn ông có bầu,actor-actor,False,,False,
Hữu Nghĩa,Anh Vũ (nghệ sĩ),1.0,1,Khi đàn ông có bầu,actor-actor,False,,False,
Hữu Nghĩa,gà,1.0,1,Khi đàn ông có bầu,actor-actor,False,,False,
Hữu Nghĩa,Hồng Tơ,1.0,1,Khi đàn ông có bầu,actor-actor,False,,False,
Kim Khánh (diễn viên),quần vợt,1.0,1,Khi đàn ông có bầu,actor-actor,False,,False,
Kim Khánh (diễn viên),Anh Vũ (nghệ sĩ),1.0,1,Khi đàn ông có bầu,actor-actor,False,,False,
Kim Khánh (diễn viên),gà,1.0,1,Khi đàn ông có bầu,actor-actor,False,,False,
Kim Khánh (diễn viên),Hồng Tơ,1.0,1,Khi đàn ông có bầu,actor-actor,False,,False,
quần vợt,Anh Vũ (nghệ sĩ),1.0,1,Khi đàn ông có bầu,actor-actor,False,,False,
quần vợt,gà,1.0,1,Khi đàn ông có bầu,actor-actor,False,,False,
quần vợt,Hồng Tơ,1.0,1,Khi đàn ông có bầu,actor-actor,False,,False,
Anh Vũ (nghệ sĩ),gà,1.0,1,Khi đàn ông có bầu,actor-actor,False,,False,
Anh Vũ (nghệ sĩ),Hồng Tơ,1.0,1,Khi đàn ông có bầu,actor-actor,False,,False,
gà,Hồng Tơ,1.0,1,Khi đàn ông có bầu,actor-actor,False,,False,
Lý Hùng,Nguyễn Huệ,1.0,1,Tây Sơn hào kiệt,actor-actor,False,,False,
Lý Hùng,Thùy Lâm,1.0,1,Tây Sơn hào kiệt,actor-actor,False,,False,
Lý Hùng,Lý Huỳnh,1.0,1,Hai Cũ,actor-actor,False,,False,
Lý Hùng,Đơn Dương (diễn viên),1.0,1,Hai Cũ,actor-actor,False,,False,
Lý Hùng,Thương Tín (diễn viên),1.0,1,Hai Cũ,actor-actor,False,,False,
Lý Hùng,Phương Thanh (diễn viên),1.0,1,Hai Cũ,actor-actor,False,,False,
Lý Hùng,Thùy Liên,1.0,1,Hai Cũ,actor-actor,False,,False,
Lý Hùng,Khương Mễ,1.0,1,Hai Cũ,actor-actor,False,,False,
Nguyễn Huệ,Thùy Lâm,1.0,1,Tây Sơn hào kiệt,actor-actor,False,,False,
Vĩnh Thuyên Kim,Nikki Dương Nhật Vi,1.0,1,Bay vào cõi mộng,actor-actor,False,,False,
Vĩnh Thuyên Kim,Kiều Oanh,1.0,1,Bay vào cõi mộng,actor-actor,False,,False,
Vĩnh Thuyên Kim,Lê Huỳnh,1.0,1,Bay vào cõi mộng,actor-actor,False,,False,
Vĩnh Thuyên Kim,Tommy Ngô,1.0,1,Bay vào cõi mộng,actor-actor,False,,False,
Vĩnh Thuyên Kim,Lynda Trang Đài,1.0,1,Bay vào cõi mộng,actor-actor,False,,False,
Vĩnh Thuyên Kim,Khánh Phương,1.0,1,Bay vào cõi mộng,actor-actor,False,,False,
Vĩnh Thuyên Kim,Hải Băng,1.0,1,Bay vào cõi mộng,actor-actor,False,,False,
Vĩnh Thuyên Kim,Thu Tuyết,1.0,1,Bay vào cõi mộng,actor-actor,False,,False,
Vĩnh Thuyên Kim,Bùi Tấn Trường,1.0,1,Bay vào cõi mộng,actor-actor,False,,False,
Vĩnh Thuyên Kim,Ngọc Hiệp (diễn viên),0.3,0,,,False,,True,"Cà Mau, Việt Nam"
Nikki Dương Nhật Vi,Kiều Oanh,1.0,1,Bay vào cõi mộng,actor-actor,False,,False,
Nikki Dương Nhật Vi,Lê Huỳnh,1.0,1,Bay vào cõi mộng,actor-actor,False,,False,
Nikki Dương Nhật Vi,Tommy Ngô,1.0,1,Bay vào cõi mộng,actor-actor,False,,False,
Nikki Dương Nhật Vi,Lynda Trang Đài,1.0,1,Bay vào cõi mộng,actor-actor,False,,False,
Nikki Dương Nhật Vi,Khánh Phương,1.0,1,Bay vào cõi mộng,actor-actor,False,,False,
Nikki Dương Nhật Vi,Hải Băng,1.0,1,Bay vào cõi mộng,actor-actor,False,,False,
Nikki Dương Nhật Vi,Thu Tuyết,1.0,1,Bay vào cõi mộng,actor-actor,False,,False,
Nikki Dương Nhật Vi,Bùi Tấn Trường,1.0,1,Bay vào cõi mộng,actor-actor,False,,False,
Kiều Oanh,Lê Huỳnh,1.0,1,Bay vào cõi mộng,actor-actor,False,,False,
Kiều Oanh,Tommy Ngô,1.0,1,Bay vào cõi mộng,actor-actor,False,,False,
Kiều Oanh,Lynda Trang Đài,1.0,1,Bay vào cõi mộng,actor-actor,False,,False,
Kiều Oanh,Khánh Phương,1.0,1,Bay vào cõi mộng,actor-actor,False,,False,
Kiều Oanh,Hải Băng,1.0,1,Bay vào cõi mộng,actor-actor,False,,False,
Kiều Oanh,Thu Tuyết,1.0,1,Bay vào cõi mộng,actor-actor,False,,False,
Kiều Oanh,Bùi Tấn Trường,1.0,1,Bay vào cõi mộng,actor-actor,False,,False,
Lê Huỳnh,Tommy Ngô,1.0,1,Bay vào cõi mộng,actor-actor,False,,False,
Lê Huỳnh,Lynda Trang Đài,1.0,1,Bay vào cõi mộng,actor-actor,False,,False,
Lê Huỳnh,Khánh Phương,1.0,1,Bay vào cõi mộng,actor-actor,False,,False,
Lê Huỳnh,Hải Băng,1.0,1,Bay vào cõi mộng,actor-actor,False,,False,
Lê Huỳnh,Thu Tuyết,1.0,1,Bay vào cõi mộng,actor-actor,False,,False,
Lê Huỳnh,Bùi Tấn Trường,1.0,1,Bay vào cõi mộng,actor-actor,False,,False,
Lê Huỳnh,Quang Tuấn,1.0,1,Thất sơn tâm linh,actor-actor,False,,False,
Lê Huỳnh,Đinh Y Nhung,1.0,1,Thất sơn tâm linh,actor-actor,False,,False,
Tommy Ngô,Lynda Trang Đài,1.0,1,Bay vào cõi mộng,actor-actor,False,,False,
Tommy Ngô,Khánh Phương,1.0,1,Bay vào cõi mộng,actor-actor,False,,False,
Tommy Ngô,Hải Băng,1.0,1,Bay vào cõi mộng,actor-actor,False,,False,
Tommy Ngô,Thu Tuyết,1.0,1,Bay vào cõi mộng,actor-actor,False,,False,
Tommy Ngô,Bùi Tấn Trường,1.0,1,Bay vào cõi mộng,actor-actor,False,,False,
Lynda Trang Đài,Khánh Phương,1.0,1,Bay vào cõi mộng,actor-actor,False,,False,
Lynda Trang Đài,Hải Băng,1.0,1,Bay vào cõi mộng,actor-actor,False,,False,
Lynda Trang Đài,Thu Tuyết,1.0,1,Bay vào cõi mộng,actor-actor,False,,False,
Lynda Trang Đài,Bùi Tấn Trường,1.0,1,Bay vào cõi mộng,actor-actor,False,,False,
Khánh Phương,Hải Băng,1.0,1,Bay vào cõi mộng,actor-actor,False,,False,
Khánh Phương,Thu Tuyết,1.0,1,Bay vào cõi mộng,actor-actor,False,,False,
Khánh Phương,Bùi Tấn Trường,1.0,1,Bay vào cõi mộng,actor-actor,False,,False,
Khánh Phương,Minh Hằng,0.3,0,,,False,,True,"Thành phố Hồ Chí Minh, Việt Nam"
Khánh Phương,Chí Thiện (sinh năm 1988),0.3,0,,,False,,True,"Thành phố Hồ Chí Minh, Việt Nam"
Khánh Phương,Tường Vi (diễn viên),0.3,0,,,False,,True,"Thành phố Hồ Chí Minh, Việt Nam"
Khánh Phương,Duy Khánh (diễn viên),0.3,0,,,False,,True,"Thành phố Hồ Chí Minh, Việt Nam"
Khánh Phương,Đàm Phương Linh,0.3,0,,,False,,True,"Thành phố Hồ Chí Minh, Việt Nam"
Khánh Phương,Thảo Trang,0.3,0,,,False,,True,"Thành phố Hồ Chí Minh, Việt Nam"
Khánh Phương,Uyên Linh,0.3,0,,,False,,True,"Thành phố Hồ Chí Minh, Việt Nam"
Khánh Phương,Võ Thành Tâm,0.3,0,,,False,,True,"Thành phố Hồ Chí Minh, Việt Nam"
Khánh Phương,Diễm My (diễn viên),0.3,0,,,False,,True,"Thành phố Hồ Chí Minh, Việt Nam"
Khánh Phương,Quang Tuấn,0.3,0,,,False,,True,"Thành phố Hồ Chí Minh, Việt Nam"
Khánh Phương,Lương Bích Hữu,0.3,0,,,False,,True,"Thành phố Hồ Chí Minh, Việt Nam"
Khánh Phương,Lê Công Hoàng (diễn viên),0.3,0,,,False,,True,"Thành phố Hồ Chí Minh, Việt Nam"
Khánh Phương,Suboi,0.3,0,,,False,,True,"Thành phố Hồ Chí Minh, Việt Nam"
Khánh Phương,Hồ Vĩnh Khoa,0.3,0,,,False,,True,"Thành phố Hồ Chí Minh, Việt Nam"
Khánh Phương,Thanh Thúy (diễn viên sinh 1982),0.3,0,,,False,,True,"Thành phố Hồ Chí Minh, Việt Nam"
Khánh Phương,Angela Phương Trinh,0.3,0,,,False,,True,"Thành phố Hồ Chí Minh, Việt Nam"
Khánh Phương,Thanh Thúy (sinh 1982),0.3,0,,,False,,True,"Thành phố Hồ Chí Minh, Việt Nam"
Khánh Phương,Rocker Nguyen,0.3,0,,,False,,True,"Thành phố Hồ Chí Minh, Việt Nam"
Hải Băng,Thu Tuyết,1.0,1,Bay vào cõi mộng,actor-actor,False,,False,
Hải Băng,Bùi Tấn Trường,1.0,1,Bay vào cõi mộng,actor-actor,False,,False,
Thu Tuyết,Bùi Tấn Trường,1.0,1,Bay vào cõi mộng,actor-actor,False,,False,
Harry Lu,Hoàng Thùy Linh,1.0,1,Thần tượng (phim),actor-actor,False,,False,
Harry Lu,Phạm Quỳnh Anh,2.0,2,Thần tượng (phim)|Chàng trai năm ấy,actor-actor,False,,False,
Harry Lu,Chi Pu,1.0,1,Thần tượng (phim),actor-actor,False,,False,
Harry Lu,Sơn Tùng M-TP,1.0,1,Chàng trai năm ấy,actor-actor,False,,False,
Harry Lu,Thanh Nam,1.0,1,Em là bà nội của anh,actor-actor,False,,False,
Harry Lu,Lều Phương Anh,1.0,1,Em là bà nội của anh,actor-actor,False,,False,
Harry Lu,Duy Khánh (diễn viên),1.0,1,Em là bà nội của anh,actor-actor,False,,False,
Harry Lu,Đàm Phương Linh,1.0,1,Em là bà nội của anh,actor-actor,False,,False,
Harry Lu,Trọng Hiếu,1.0,1,Em là bà nội của anh,actor-actor,False,,False,
Harry Lu,Huỳnh Lập,1.0,1,Em là bà nội của anh,actor-actor,False,,False,
Harry Lu,Thảo Trang,1.0,1,Em là bà nội của anh,actor-actor,False,,False,
Harry Lu,Tăng Nhật Tuệ,1.0,1,Em là bà nội của anh,actor-actor,False,,False,
Harry Lu,Nguyễn Quang Dũng,1.0,1,Em là bà nội của anh,actor-actor,False,,False,
Harry Lu,Nguyễn Hải Phong,1.0,1,Em là bà nội của anh,actor-actor,False,,False,
Harry Lu,Uyên Linh,1.0,1,Em là bà nội của anh,actor-actor,False,,False,
Hoàng Thùy Linh,Phạm Quỳnh Anh,1.3,1,Thần tượng (phim),actor-actor,False,,True,"Hà Nội, Việt Nam"
Hoàng Thùy Linh,Chi Pu,1.3,1,Thần tượng (phim),actor-actor,False,,True,"Hà Nội, Việt Nam"
Hoàng Thùy Linh,Tăng Nhật Tuệ,0.3,0,,,False,,True,"Hà Nội, Việt Nam"
Hoàng Thùy Linh,Đức Phúc,0.3,0,,,False,,True,"Hà Nội, Việt Nam"
Hoàng Thùy Linh,Công Dương,0.3,0,,,False,,True,"Hà Nội, Việt Nam"
Hoàng Thùy Linh,Hoàng Hà (diễn viên),0.3,0,,,False,,True,"Hà Nội, Việt Nam"
Hoàng Thùy Linh,Bùi Lan Hương,0.3,0,,,False,,True,"Hà Nội, Việt Nam"
Hoàng Thùy Linh,Mai Thu Huyền,0.3,0,,,False,,True,"Hà Nội, Việt Nam"
Hoàng Thùy Linh,Thùy Anh,0.3,0,,,False,,True,"Hà Nội, Việt Nam"
Hoàng Thùy Linh,Lương Mạnh Hải,0.3,0,,,False,,True,"Hà Nội, Việt Nam"
Hoàng Thùy Linh,Kiều Thanh,0.3,0,,,False,,True,"Hà Nội, Việt Nam"
Hoàng Thùy Linh,Lã Thanh Huyền,0.3,0,,,False,,True,"Hà Nội, Việt Nam"
Phạm Quỳnh Anh,Chi Pu,1.3,1,Thần tượng (phim),actor-actor,False,,True,"Hà Nội, Việt Nam"
Phạm Quỳnh Anh,Sơn Tùng M-TP,1.0,1,Chàng trai năm ấy,actor-actor,False,,False,
Phạm Quỳnh Anh,Lý Hồng Ân,1.0,1,Người lắng nghe: Lời thì thầm,actor-actor,False,,False,
Phạm Quỳnh Anh,Kiều Trinh,1.0,1,Người lắng nghe: Lời thì thầm,actor-actor,False,,False,
Phạm Quỳnh Anh,Huy Cường,1.0,1,Người lắng nghe: Lời thì thầm,actor-actor,False,,False,
Phạm Quỳnh Anh,Phúc An,1.0,1,Người lắng nghe: Lời thì thầm,actor-actor,False,,False,
Phạm Quỳnh Anh,Huy Khang,1.0,1,Người lắng nghe: Lời thì thầm,actor-actor,False,,False,
Phạm Quỳnh Anh,Trần Lực,1.0,1,Em và Trịnh,actor-actor,False,,False,
Phạm Quỳnh Anh,Hoàng Hà (diễn viên),1.3,1,Em và Trịnh,actor-actor,False,,True,"Hà Nội, Việt Nam"
Phạm Quỳnh Anh,Thanh Thúy (ca sĩ sinh 1943),1.0,1,Em và Trịnh,actor-actor,False,,False,
Phạm Quỳnh Anh,Bùi Lan Hương,1.3,1,Em và Trịnh,actor-actor,False,,True,"Hà Nội, Việt Nam"
Phạm Quỳnh Anh,Khánh Ly,1.0,1,Em và Trịnh,actor-actor,False,,False,
Phạm Quỳnh Anh,Tăng Nhật Tuệ,0.3,0,,,False,,True,"Hà Nội, Việt Nam"
Phạm Quỳnh Anh,Đức Phúc,0.3,0,,,False,,True,"Hà Nội, Việt Nam"
Phạm Quỳnh Anh,Công Dương,0.3,0,,,False,,True,"Hà Nội, Việt Nam"
Phạm Quỳnh Anh,Mai Thu Huyền,0.3,0,,,False,,True,"Hà Nội, Việt Nam"
Phạm Quỳnh Anh,Thùy Anh,0.3,0,,,False,,True,"Hà Nội, Việt Nam"
Phạm Quỳnh Anh,Lương Mạnh Hải,0.3,0,,,False,,True,"Hà Nội, Việt Nam"
Phạm Quỳnh Anh,Kiều Thanh,0.3,0,,,False,,True,"Hà Nội, Việt Nam"
Phạm Quỳnh Anh,Lã Thanh Huyền,0.3,0,,,False,,True,"Hà Nội, Việt Nam"
Chi Pu,Đinh Y Nhung,1.0,1,Mười: Lời nguyền trở lại,actor-actor,False,,False,
Chi Pu,Lãnh Thanh,1.0,1,Chị chị em em,actor-actor,False,,False,
Chi Pu,Tăng Nhật Tuệ,0.3,0,,,False,,True,"Hà Nội, Việt Nam"
Chi Pu,Đức Phúc,0.3,0,,,False,,True,"Hà Nội, Việt Nam"
Chi Pu,Công Dương,0.3,0,,,False,,True,"Hà Nội, Việt Nam"
Chi Pu,Hoàng Hà (diễn viên),0.3,0,,,False,,True,"Hà Nội, Việt Nam"
Chi Pu,Bùi Lan Hương,0.3,0,,,False,,True,"Hà Nội, Việt Nam"
Chi Pu,Mai Thu Huyền,0.3,0,,,False,,True,"Hà Nội, Việt Nam"
Chi Pu,Thùy Anh,0.3,0,,,False,,True,"Hà Nội, Việt Nam"
Chi Pu,Lương Mạnh Hải,0.3,0,,,False,,True,"Hà Nội, Việt Nam"
Chi Pu,Kiều Thanh,0.3,0,,,False,,True,"Hà Nội, Việt Nam"
Chi Pu,Lã Thanh Huyền,0.3,0,,,False,,True,"Hà Nội, Việt Nam"
Minh Hằng,Chí Thiện (sinh năm 1988),1.3,1,Giải cứu thần chết,actor-actor,False,,True,"Thành phố Hồ Chí Minh, Việt Nam"
Minh Hằng,Tường Vi (diễn viên),1.3,1,Giải cứu thần chết,actor-actor,False,,True,"Thành phố Hồ Chí Minh, Việt Nam"
Minh Hằng,Hồng Nhung,1.0,1,Giải cứu thần chết,actor-actor,False,,False,
Minh Hằng,Siu Black,1.0,1,Giải cứu thần chết,actor-actor,False,,False,
Minh Hằng,Nhan Phúc Vinh,1.0,1,Giải cứu thần chết,actor-actor,False,,False,
Minh Hằng,Trần Ngọc Trà,1.0,1,Chị chị em em 2,actor-actor,False,,False,
Minh Hằng,Ngọc Trinh (người mẫu),1.0,1,Chị chị em em 2,actor-actor,False,,False,
Minh Hằng,Lê Thị Nhị,1.0,1,Chị chị em em 2,actor-actor,False,,False,
Minh Hằng,Rocker Nguyen,1.3,1,Sắc đẹp ngàn cân (phim 2017),actor-actor,False,,True,"Thành phố Hồ Chí Minh, Việt Nam"
Minh Hằng,Duy Khánh (diễn viên),0.3,0,,,False,,True,"Thành phố Hồ Chí Minh, Việt Nam"
Minh Hằng,Đàm Phương Linh,0.3,0,,,False,,True,"Thành phố Hồ Chí Minh, Việt Nam"
Minh Hằng,Thảo Trang,0.3,0,,,False,,True,"Thành phố Hồ Chí Minh, Việt Nam"
Minh Hằng,Uyên Linh,0.3,0,,,False,,True,"Thành phố Hồ Chí Minh, Việt Nam"
Minh Hằng,Võ Thành Tâm,0.3,0,,,False,,True,"Thành phố Hồ Chí Minh, Việt Nam"
Minh Hằng,Diễm My (diễn viên),0.3,0,,,False,,True,"Thành phố Hồ Chí Minh, Việt Nam"
Minh Hằng,Quang Tuấn,0.3,0,,,False,,True,"Thành phố Hồ Chí Minh, Việt Nam"
Minh Hằng,Lương Bích Hữu,0.3,0,,,False,,True,"Thành phố Hồ Chí Minh, Việt Nam"
Minh Hằng,Lê Công Hoàng (diễn viên),0.3,0,,,False,,True,"Thành phố Hồ Chí Minh, Việt Nam"
Minh Hằng,Suboi,0.3,0,,,False,,True,"Thành phố Hồ Chí Minh, Việt Nam"
Minh Hằng,Hồ Vĩnh Khoa,0.3,0,,,False,,True,"Thành phố Hồ Chí Minh, Việt Nam"
Minh Hằng,Thanh Thúy (diễn viên sinh 1982),0.3,0,,,False,,True,"Thành phố Hồ Chí Minh, Việt Nam"
Minh Hằng,Angela Phương Trinh,0.3,0,,,False,,True,"Thành phố Hồ Chí Minh, Việt Nam"
Minh Hằng,Thanh Thúy (sinh 1982),0.3,0,,,False,,True,"Thành phố Hồ Chí Minh, Việt Nam"
Chí Thiện (sinh năm 1988),Tường Vi (diễn viên),1.3,1,Giải cứu thần chết,actor-actor,False,,True,"Thành phố Hồ Chí Minh, Việt Nam"
Chí Thiện (sinh năm 1988),Hồng Nhung,1.0,1,Giải cứu thần chết,actor-actor,False,,False,
Chí Thiện (sinh năm 1988),Siu Black,1.0,1,Giải cứu thần chết,actor-actor,False,,False,
Chí Thiện (sinh năm 1988),Nhan Phúc Vinh,1.0,1,Giải cứu thần chết,actor-actor,False,,False,
Chí Thiện (sinh năm 1988),Duy Khánh (diễn viên),0.3,0,,,False,,True,"Thành phố Hồ Chí Minh, Việt Nam"
Chí Thiện (sinh năm 1988),Đàm Phương Linh,0.3,0,,,False,,True,"Thành phố Hồ Chí Minh, Việt Nam"
Chí Thiện (sinh năm 1988),Thảo Trang,0.3,0,,,False,,True,"Thành phố Hồ Chí Minh, Việt Nam"
Chí Thiện (sinh năm 1988),Uyên Linh,0.3,0,,,False,,True,"Thành phố Hồ Chí Minh, Việt Nam"
Chí Thiện (sinh năm 1988),Võ Thành Tâm,0.3,0,,,False,,True,"Thành phố Hồ Chí Minh, Việt Nam"
Chí Thiện (sinh năm 1988),Diễm My (diễn viên),0.3,0,,,False,,True,"Thành phố Hồ Chí Minh, Việt Nam"
Chí Thiện (sinh năm 1988),Quang Tuấn,0.3,0,,,False,,True,"Thành phố Hồ Chí Minh, Việt Nam"
Chí Thiện (sinh năm 1988),Lương Bích Hữu,0.3,0,,,False,,True,"Thành phố Hồ Chí Minh, Việt Nam"
Chí Thiện (sinh năm 1988),Lê Công Hoàng (diễn viên),0.3,0,,,False,,True,"Thành phố Hồ Chí Minh, Việt Nam"
Chí Thiện (sinh năm 1988),Suboi,0.3,0,,,False,,True,"Thành phố Hồ Chí Minh, Việt Nam"
Chí Thiện (sinh năm 1988),Hồ Vĩnh Khoa,0.3,0,,,False,,True,"Thành phố Hồ Chí Minh, Việt Nam"
Chí Thiện (sinh năm 1988),Thanh Thúy (diễn viên sinh 1982),0.3,0,,,False,,True,"Thành phố Hồ Chí Minh, Việt Nam"
Chí Thiện (sinh năm 1988),Angela Phương Trinh,0.3,0,,,False,,True,"Thành phố Hồ Chí Minh, Việt Nam"
Chí Thiện (sinh năm 1988),Thanh Thúy (sinh 1982),0.3,0,,,False,,True,"Thành phố Hồ Chí Minh, Việt Nam"
Chí Thiện (sinh năm 1988),Rocker Nguyen,0.3,0,,,False,,True,"Thành phố Hồ Chí Minh, Việt Nam"
Tường Vi (diễn viên),Hồng Nhung,1.0,1,Giải cứu thần chết,actor-actor,False,,False,
Tường Vi (diễn viên),Siu Black,1.0,1,Giải cứu thần chết,actor-actor,False,,False,
Tường Vi (diễn viên),Nhan Phúc Vinh,1.0,1,Giải cứu thần chết,actor-actor,False,,False,
Tường Vi (diễn viên),Duy Khánh (diễn viên),0.3,0,,,False,,True,"Thành phố Hồ Chí Minh, Việt Nam"
Tường Vi (diễn viên),Đàm Phương Linh,0.3,0,,,False,,True,"Thành phố Hồ Chí Minh, Việt Nam"
Tường Vi (diễn viên),Thảo Trang,0.3,0,,,False,,True,"Thành phố Hồ Chí Minh, Việt Nam"
Tường Vi (diễn viên),Uyên Linh,0.3,0,,,False,,True,"Thành phố Hồ Chí Minh, Việt Nam"
Tường Vi (diễn viên),Võ Thành Tâm,0.3,0,,,False,,True,"Thành phố Hồ Chí Minh, Việt Nam"
Tường Vi (diễn viên),Diễm My (diễn viên),0.3,0,,,False,,True,"Thành phố Hồ Chí Minh, Việt Nam"
Tường Vi (diễn viên),Quang Tuấn,0.3,0,,,False,,True,"Thành phố Hồ Chí Minh, Việt Nam"
Tường Vi (diễn viên),Lương Bích Hữu,0.3,0,,,False,,True,"Thành phố Hồ Chí Minh, Việt Nam"
Tường Vi (diễn viên),Lê Công Hoàng (diễn viên),0.3,0,,,False,,True,"Thành phố Hồ Chí Minh, Việt Nam"
Tường Vi (diễn viên),Suboi,0.3,0,,,False,,True,"Thành phố Hồ Chí Minh, Việt Nam"
Tường Vi (diễn viên),Hồ Vĩnh Khoa,0.3,0,,,False,,True,"Thành phố Hồ Chí Minh, Việt Nam"
Tường Vi (diễn viên),Thanh Thúy (diễn viên sinh 1982),0.3,0,,,False,,True,"Thành phố Hồ Chí Minh, Việt Nam"
Tường Vi (diễn viên),Angela Phương Trinh,0.3,0,,,False,,True,"Thành phố Hồ Chí Minh, Việt Nam"
Tường Vi (diễn viên),Thanh Thúy (sinh 1982),0.3,0,,,False,,True,"Thành phố Hồ Chí Minh, Việt Nam"
Tường Vi (diễn viên),Rocker Nguyen,0.3,0,,,False,,True,"Thành phố Hồ Chí Minh, Việt Nam"
Hồng Nhung,Siu Black,1.0,1,Giải cứu thần chết,actor-actor,False,,False,
Hồng Nhung,Nhan Phúc Vinh,1.0,1,Giải cứu thần chết,actor-actor,False,,False,
Hồng Nhung,Michael Caine,1.0,1,Người Mỹ trầm lặng (phim 2002),actor-actor,False,,False,
Hồng Nhung,Brendan Fraser,1.0,1,Người Mỹ trầm lặng (phim 2002),actor-actor,False,,False,
Hồng Nhung,Đỗ Thị Hải Yến,1.0,1,Người Mỹ trầm lặng (phim 2002),actor-actor,False,,False,
Hồng Nhung,Mai Hoa (diễn viên),1.0,1,Người Mỹ trầm lặng (phim 2002),actor-actor,False,,False,
Hồng Nhung,Rade Šerbedžija,1.0,1,Người Mỹ trầm lặng (phim 2002),actor-actor,False,,False,
Hồng Nhung,Ngô Quang Hải,1.0,1,Người Mỹ trầm lặng (phim 2002),actor-actor,False,,False,
Hồng Nhung,Công Lý (diễn viên),1.3,1,Người Mỹ trầm lặng (phim 2002),actor-actor,False,,True,"Hà Nội, Việt Nam Dân chủ Cộng hòa"
Hồng Nhung,Tiết Cương,1.0,1,Người Mỹ trầm lặng (phim 2002),actor-actor,False,,False,
Hồng Nhung,Trọng Hải,0.3,0,,,False,,True,"Hà Nội, Việt Nam Dân chủ Cộng hòa"
Hồng Nhung,Phú Đôn,0.3,0,,,False,,True,"Hà Nội, Việt Nam Dân chủ Cộng hòa"
Hồng Nhung,Trần Lực,0.3,0,,,False,,True,"Hà Nội, Việt Nam Dân chủ Cộng hòa"
Hồng Nhung,Trần Nữ Yên Khê,0.3,0,,,False,,True,"Hà Nội, Việt Nam Dân chủ Cộng hòa"
Hồng Nhung,Việt Thắng (diễn viên),0.3,0,,,False,,True,"Hà Nội, Việt Nam Dân chủ Cộng hòa"
Hồng Nhung,Thanh Lam,0.3,0,,,False,,True,"Hà Nội, Việt Nam Dân chủ Cộng hòa"
Hồng Nhung,Chu Hùng,0.3,0,,,False,,True,"Hà Nội, Việt Nam Dân chủ Cộng hòa"
Hồng Nhung,Mạnh Cường,0.3,0,,,False,,True,"Hà Nội, Việt Nam Dân chủ Cộng hòa"
Hồng Nhung,Nguyễn Minh Trang,0.3,0,,,False,,True,"Hà Nội, Việt Nam Dân chủ Cộng hòa"
Hồng Nhung,Quốc Khánh (nghệ sĩ),0.3,0,,,False,,True,"Hà Nội, Việt Nam Dân chủ Cộng hòa"
Hồng Nhung,Tất Bình,0.3,0,,,False,,True,"Hà Nội, Việt Nam Dân chủ Cộng hòa"
Hồng Nhung,Dũng Nhi,0.3,0,,,False,,True,"Hà Nội, Việt Nam Dân chủ Cộng hòa"
Hồng Nhung,Nguyễn Vĩnh Xương,0.3,0,,,False,,True,"Hà Nội, Việt Nam Dân chủ Cộng hòa"
Siu Black,Nhan Phúc Vinh,1.0,1,Giải cứu thần chết,actor-actor,False,,False,
Nhan Phúc Vinh,Diễm My (diễn viên),1.0,1,Giấc mơ của mẹ,actor-actor,False,,False,
Nhan Phúc Vinh,Phạm Hồng Phước,1.0,1,Đảo của dân ngụ cư,actor-actor,False,,False,
Nhan Phúc Vinh,Ngọc Thanh Tâm,1.0,1,Đảo của dân ngụ cư,actor-actor,False,,False,
Nhan Phúc Vinh,Ngọc Hiệp (diễn viên),1.0,1,Đảo của dân ngụ cư,actor-actor,False,,False,
Nhan Phúc Vinh,Hoàng Phúc,1.0,1,Đảo của dân ngụ cư,actor-actor,False,,False,
Nhan Phúc Vinh,Hoàng Nhân,1.0,1,Đảo của dân ngụ cư,actor-actor,False,,False,
Thanh Nam,Lều Phương Anh,1.0,1,Em là bà nội của anh,actor-actor,False,,False,
Thanh Nam,Duy Khánh (diễn viên),2.0,2,"Em là bà nội của anh|Sài Gòn, anh yêu em",actor-actor,False,,False,
Thanh Nam,Đàm Phương Linh,1.0,1,Em là bà nội của anh,actor-actor,False,,False,
Thanh Nam,Trọng Hiếu,1.0,1,Em là bà nội của anh,actor-actor,False,,False,
Thanh Nam,Huỳnh Lập,2.0,2,"Em là bà nội của anh|Sài Gòn, anh yêu em",director-actor|actor-actor,False,,False,
Thanh Nam,Thảo Trang,1.0,1,Em là bà nội của anh,actor-actor,False,,False,
Thanh Nam,Tăng Nhật Tuệ,1.0,1,Em là bà nội của anh,actor-actor,False,,False,
Thanh Nam,Nguyễn Quang Dũng,1.0,1,Em là bà nội của anh,actor-actor,False,,False,
Thanh Nam,Nguyễn Hải Phong,1.0,1,Em là bà nội của anh,actor-actor,False,,False,
Thanh Nam,Uyên Linh,1.0,1,Em là bà nội của anh,actor-actor,False,,False,
Thanh Nam,Đoan Trang,1.0,1,"Sài Gòn, anh yêu em",actor-actor,False,,False,
Lều Phương Anh,Duy Khánh (diễn viên),1.0,1,Em là bà nội của anh,actor-actor,False,,False,
Lều Phương Anh,Đàm Phương Linh,1.0,1,Em là bà nội của anh,actor-actor,False,,False,
Lều Phương Anh,Trọng Hiếu,1.0,1,Em là bà nội của anh,actor-actor,False,,False,
Lều Phương Anh,Huỳnh Lập,1.0,1,Em là bà nội của anh,actor-actor,False,,False,
Lều Phương Anh,Thảo Trang,1.0,1,Em là bà nội của anh,actor-actor,False,,False,
Lều Phương Anh,Tăng Nhật Tuệ,1.0,1,Em là bà nội của anh,actor-actor,False,,False,
Lều Phương Anh,Nguyễn Quang Dũng,1.0,1,Em là bà nội của anh,actor-actor,False,,False,
Lều Phương Anh,Nguyễn Hải Phong,1.0,1,Em là bà nội của anh,actor-actor,False,,False,
Lều Phương Anh,Uyên Linh,1.0,1,Em là bà nội của anh,actor-actor,False,,False,
Duy Khánh (diễn viên),Đàm Phương Linh,1.3,1,Em là bà nội của anh,actor-actor,False,,True,"Thành phố Hồ Chí Minh, Việt Nam"
Duy Khánh (diễn viên),Trọng Hiếu,1.0,1,Em là bà nội của anh,actor-actor,False,,False,
Duy Khánh (diễn viên),Huỳnh Lập,2.0,2,"Em là bà nội của anh|Sài Gòn, anh yêu em",actor-actor|actor-director,False,,False,
Duy Khánh (diễn viên),Thảo Trang,1.3,1,Em là bà nội của anh,actor-actor,False,,True,"Thành phố Hồ Chí Minh, Việt Nam"
Duy Khánh (diễn viên),Tăng Nhật Tuệ,1.0,1,Em là bà nội của anh,actor-actor,False,,False,
Duy Khánh (diễn viên),Nguyễn Quang Dũng,1.0,1,Em là bà nội của anh,actor-actor,False,,False,
Duy Khánh (diễn viên),Nguyễn Hải Phong,1.0,1,Em là bà nội của anh,actor-actor,False,,False,
Duy Khánh (diễn viên),Uyên Linh,1.3,1,Em là bà nội của anh,actor-actor,False,,True,"Thành phố Hồ Chí Minh, Việt Nam"
Duy Khánh (diễn viên),Đoan Trang,1.0,1,"Sài Gòn, anh yêu em",actor-actor,False,,False,
Duy Khánh (diễn viên),Võ Thành Tâm,0.3,0,,,False,,True,"Thành phố Hồ Chí Minh, Việt Nam"
Duy Khánh (diễn viên),Diễm My (diễn viên),0.3,0,,,False,,True,"Thành phố Hồ Chí Minh, Việt Nam"
Duy Khánh (diễn viên),Quang Tuấn,0.3,0,,,False,,True,"Thành phố Hồ Chí Minh, Việt Nam"
Duy Khánh (diễn viên),Lương Bích Hữu,0.3,0,,,False,,True,"Thành phố Hồ Chí Minh, Việt Nam"
Duy Khánh (diễn viên),Lê Công Hoàng (diễn viên),0.3,0,,,False,,True,"Thành phố Hồ Chí Minh, Việt Nam"
Duy Khánh (diễn viên),Suboi,0.3,0,,,False,,True,"Thành phố Hồ Chí Minh, Việt Nam"
Duy Khánh (diễn viên),Hồ Vĩnh Khoa,0.3,0,,,False,,True,"Thành phố Hồ Chí Minh, Việt Nam"
Duy Khánh (diễn viên),Thanh Thúy (diễn viên sinh 1982),0.3,0,,,False,,True,"Thành phố Hồ Chí Minh, Việt Nam"
Duy Khánh (diễn viên),Angela Phương Trinh,0.3,0,,,False,,True,"Thành phố Hồ Chí Minh, Việt Nam"
Duy Khánh (diễn viên),Thanh Thúy (sinh 1982),0.3,0,,,False,,True,"Thành phố Hồ Chí Minh, Việt Nam"
Duy Khánh (diễn viên),Rocker Nguyen,0.3,0,,,False,,True,"Thành phố Hồ Chí Minh, Việt Nam"
Đàm Phương Linh,Trọng Hiếu,1.0,1,Em là bà nội của anh,actor-actor,False,,False,
Đàm Phương Linh,Huỳnh Lập,1.0,1,Em là bà nội của anh,actor-actor,False,,False,
Đàm Phương Linh,Thảo Trang,1.3,1,Em là bà nội của anh,actor-actor,False,,True,"Thành phố Hồ Chí Minh, Việt Nam"
Đàm Phương Linh,Tăng Nhật Tuệ,1.0,1,Em là bà nội của anh,actor-actor,False,,False,
Đàm Phương Linh,Nguyễn Quang Dũng,1.0,1,Em là bà nội của anh,actor-actor,False,,False,
Đàm Phương Linh,Nguyễn Hải Phong,1.0,1,Em là bà nội của anh,actor-actor,False,,False,
Đàm Phương Linh,Uyên Linh,1.3,1,Em là bà nội của anh,actor-actor,False,,True,"Thành phố Hồ Chí Minh, Việt Nam"
Đàm Phương Linh,Võ Thành Tâm,0.3,0,,,False,,True,"Thành phố Hồ Chí Minh, Việt Nam"
Đàm Phương Linh,Diễm My (diễn viên),0.3,0,,,False,,True,"Thành phố Hồ Chí Minh, Việt Nam"
Đàm Phương Linh,Quang Tuấn,0.3,0,,,False,,True,"Thành phố Hồ Chí Minh, Việt Nam"
Đàm Phương Linh,Lương Bích Hữu,0.3,0,,,False,,True,"Thành phố Hồ Chí Minh, Việt Nam"
Đàm Phương Linh,Lê Công Hoàng (diễn viên),0.3,0,,,False,,True,"Thành phố Hồ Chí Minh, Việt Nam"
Đàm Phương Linh,Suboi,0.3,0,,,False,,True,"Thành phố Hồ Chí Minh, Việt Nam"
Đàm Phương Linh,Hồ Vĩnh Khoa,0.3,0,,,False,,True,"Thành phố Hồ Chí Minh, Việt Nam"
Đàm Phương Linh,Thanh Thúy (diễn viên sinh 1982),0.3,0,,,False,,True,"Thành phố Hồ Chí Minh, Việt Nam"
Đàm Phương Linh,Angela Phương Trinh,0.3,0,,,False,,True,"Thành phố Hồ Chí Minh, Việt Nam"
Đàm Phương Linh,Thanh Thúy (sinh 1982),0.3,0,,,False,,True,"Thành phố Hồ Chí Minh, Việt Nam"
Đàm Phương Linh,Rocker Nguyen,0.3,0,,,False,,True,"Thành phố Hồ Chí Minh, Việt Nam"
Trọng Hiếu,Huỳnh Lập,1.0,1,Em là bà nội của anh,actor-actor,False,,False,
Trọng Hiếu,Thảo Trang,1.0,1,Em là bà nội của anh,actor-actor,False,,False,
Trọng Hiếu,Tăng Nhật Tuệ,1.0,1,Em là bà nội của anh,actor-actor,False,,False,
Trọng Hiếu,Nguyễn Quang Dũng,1.0,1,Em là bà nội của anh,actor-actor,False,,False,
Trọng Hiếu,Nguyễn Hải Phong,1.0,1,Em là bà nội của anh,actor-actor,False,,False,
Trọng Hiếu,Uyên Linh,1.0,1,Em là bà nội của anh,actor-actor,False,,False,
Huỳnh Lập,Thảo Trang,1.0,1,Em là bà nội của anh,actor-actor,False,,False,
Huỳnh Lập,Tăng Nhật Tuệ,1.0,1,Em là bà nội của anh,actor-actor,False,,False,
Huỳnh Lập,Nguyễn Quang Dũng,1.0,1,Em là bà nội của anh,actor-actor,False,,False,
Huỳnh Lập,Nguyễn Hải Phong,1.0,1,Em là bà nội của anh,actor-actor,False,,False,
Huỳnh Lập,Uyên Linh,1.0,1,Em là bà nội của anh,actor-actor,False,,False,
Huỳnh Lập,Đoan Trang,1.0,1,"Sài Gòn, anh yêu em",director-actor,False,,False,
Thảo Trang,Tăng Nhật Tuệ,1.0,1,Em là bà nội của anh,actor-actor,False,,False,
Thảo Trang,Nguyễn Quang Dũng,1.0,1,Em là bà nội của anh,actor-actor,False,,False,
Thảo Trang,Nguyễn Hải Phong,1.0,1,Em là bà nội của anh,actor-actor,False,,False,
Thảo Trang,Uyên Linh,1.3,1,Em là bà nội của anh,actor-actor,False,,True,"Thành phố Hồ Chí Minh, Việt Nam"
Thảo Trang,Võ Thành Tâm,0.3,0,,,False,,True,"Thành phố Hồ Chí Minh, Việt Nam"
Thảo Trang,Diễm My (diễn viên),0.3,0,,,False,,True,"Thành phố Hồ Chí Minh, Việt Nam"
Thảo Trang,Quang Tuấn,0.3,0,,,False,,True,"Thành phố Hồ Chí Minh, Việt Nam"
Thảo Trang,Lương Bích Hữu,0.3,0,,,False,,True,"Thành phố Hồ Chí Minh, Việt Nam"
Thảo Trang,Lê Công Hoàng (diễn viên),0.3,0,,,False,,True,"Thành phố Hồ Chí Minh, Việt Nam"
Thảo Trang,Suboi,0.3,0,,,False,,True,"Thành phố Hồ Chí Minh, Việt Nam"
Thảo Trang,Hồ Vĩnh Khoa,0.3,0,,,False,,True,"Thành phố Hồ Chí Minh, Việt Nam"
Thảo Trang,Thanh Thúy (diễn viên sinh 1982),0.3,0,,,False,,True,"Thành phố Hồ Chí Minh, Việt Nam"
Thảo Trang,Angela Phương Trinh,0.3,0,,,False,,True,"Thành phố Hồ Chí Minh, Việt Nam"
Thảo Trang,Thanh Thúy (sinh 1982),0.3,0,,,False,,True,"Thành phố Hồ Chí Minh, Việt Nam"
Thảo Trang,Rocker Nguyen,0.3,0,,,False,,True,"Thành phố Hồ Chí Minh, Việt Nam"
Tăng Nhật Tuệ,Nguyễn Quang Dũng,1.0,1,Em là bà nội của anh,actor-actor,False,,False,
Tăng Nhật Tuệ,Nguyễn Hải Phong,1.0,1,Em là bà nội của anh,actor-actor,False,,False,
Tăng Nhật Tuệ,Uyên Linh,1.0,1,Em là bà nội của anh,actor-actor,False,,False,
Tăng Nhật Tuệ,Lê Hạ Anh,1.0,1,Tiệm bánh Hoàng tử bé 2,actor-actor,False,,False,
Tăng Nhật Tuệ,Nguyễn Thùy Dương,1.0,1,Tiệm bánh Hoàng tử bé 2,actor-actor,False,,False,
Tăng Nhật Tuệ,Công Dương,1.3,1,Tiệm bánh Hoàng tử bé 2,actor-actor,False,,True,"Hà Nội, Việt Nam"
Tăng Nhật Tuệ,Đức Phúc,0.3,0,,,False,,True,"Hà Nội, Việt Nam"
Tăng Nhật Tuệ,Hoàng Hà (diễn viên),0.3,0,,,False,,True,"Hà Nội, Việt Nam"
Tăng Nhật Tuệ,Bùi Lan Hương,0.3,0,,,False,,True,"Hà Nội, Việt Nam"
Tăng Nhật Tuệ,Mai Thu Huyền,0.3,0,,,False,,True,"Hà Nội, Việt Nam"
Tăng Nhật Tuệ,Thùy Anh,0.3,0,,,False,,True,"Hà Nội, Việt Nam"
Tăng Nhật Tuệ,Lương Mạnh Hải,0.3,0,,,False,,True,"Hà Nội, Việt Nam"
Tăng Nhật Tuệ,Kiều Thanh,0.3,0,,,False,,True,"Hà Nội, Việt Nam"
Tăng Nhật Tuệ,Lã Thanh Huyền,0.3,0,,,False,,True,"Hà Nội, Việt Nam"
Nguyễn Quang Dũng,Nguyễn Hải Phong,1.0,1,Em là bà nội của anh,actor-actor,False,,False,
Nguyễn Quang Dũng,Uyên Linh,1.0,1,Em là bà nội của anh,actor-actor,False,,False,
Nguyễn Hải Phong,Uyên Linh,1.0,1,Em là bà nội của anh,actor-actor,False,,False,
Uyên Linh,Võ Thành Tâm,0.3,0,,,False,,True,"Thành phố Hồ Chí Minh, Việt Nam"
Uyên Linh,Diễm My (diễn viên),0.3,0,,,False,,True,"Thành phố Hồ Chí Minh, Việt Nam"
Uyên Linh,Quang Tuấn,0.3,0,,,False,,True,"Thành phố Hồ Chí Minh, Việt Nam"
Uyên Linh,Lương Bích Hữu,0.3,0,,,False,,True,"Thành phố Hồ Chí Minh, Việt Nam"
Uyên Linh,Lê Công Hoàng (diễn viên),0.3,0,,,False,,True,"Thành phố Hồ Chí Minh, Việt Nam"
Uyên Linh,Suboi,0.3,0,,,False,,True,"Thành phố Hồ Chí Minh, Việt Nam"
Uyên Linh,Hồ Vĩnh Khoa,0.3,0,,,False,,True,"Thành phố Hồ Chí Minh, Việt Nam"
Uyên Linh,Thanh Thúy (diễn viên sinh 1982),0.3,0,,,False,,True,"Thành phố Hồ Chí Minh, Việt Nam"
Uyên Linh,Angela Phương Trinh,0.3,0,,,False,,True,"Thành phố Hồ Chí Minh, Việt Nam"
Uyên Linh,Thanh Thúy (sinh 1982),0.3,0,,,False,,True,"Thành phố Hồ Chí Minh, Việt Nam"
Uyên Linh,Rocker Nguyen,0.3,0,,,False,,True,"Thành phố Hồ Chí Minh, Việt Nam"
Mỹ Tâm,Đức Phúc,1.0,1,Chị trợ lý của anh,director-actor,False,,False,
Mỹ Tâm,Phan Mạnh Quỳnh,1.0,1,Chị trợ lý của anh,director-actor,False,,False,
Đức Phúc,Phan Mạnh Quỳnh,1.0,1,Chị trợ lý của anh,actor-actor,False,,False,
Đức Phúc,Công Dương,0.3,0,,,False,,True,"Hà Nội, Việt Nam"
Đức Phúc,Hoàng Hà (diễn viên),0.3,0,,,False,,True,"Hà Nội, Việt Nam"
Đức Phúc,Bùi Lan Hương,0.3,0,,,False,,True,"Hà Nội, Việt Nam"
Đức Phúc,Mai Thu Huyền,0.3,0,,,False,,True,"Hà Nội, Việt Nam"
Đức Phúc,Thùy Anh,0.3,0,,,False,,True,"Hà Nội, Việt Nam"
Đức Phúc,Lương Mạnh Hải,0.3,0,,,False,,True,"Hà Nội, Việt Nam"
Đức Phúc,Kiều Thanh,0.3,0,,,False,,True,"Hà Nội, Việt Nam"
Đức Phúc,Lã Thanh Huyền,0.3,0,,,False,,True,"Hà Nội, Việt Nam"
Lý Hải,Võ Thành Tâm,3.0,3,Lật mặt (phim)|Lật mặt|Lật mặt: 48h,director-actor,False,,False,
Lý Hải,Trọng Hải,3.0,3,Lật mặt (phim)|Lật mặt 7: Một điều ước|Lật mặt,director-actor,False,,False,
Lý Hải,Tiết Cương,7.0,7,Lật mặt (phim)|Lật mặt 7: Một điều ước|Lật Mặt 6: Tấm vé định mệnh|Lật mặt|Lật mặt 2: Phim trường|Lật mặt: 48h|Lật mặt 6: Tấm vé định mệnh,director-actor,False,,False,
Lý Hải,Đinh Y Nhung,1.0,1,Lật mặt 7: Một điều ước,director-actor,False,,False,
Lý Hải,Thanh Thức,3.0,3,Lật mặt 7: Một điều ước|Lật Mặt 6: Tấm vé định mệnh|Lật mặt 6: Tấm vé định mệnh,director-actor,False,,False,
Lý Hải,Mạnh Dung,3.0,3,Lật mặt 7: Một điều ước|Lật Mặt 6: Tấm vé định mệnh|Lật mặt 6: Tấm vé định mệnh,director-actor,False,,False,
Lý Hải,Trung Dũng (diễn viên),2.0,2,Lật Mặt 6: Tấm vé định mệnh|Lật mặt 6: Tấm vé định mệnh,director-actor,False,,False,
Lý Hải,Diệp Bảo Ngọc,2.0,2,Lật Mặt 6: Tấm vé định mệnh|Lật mặt 6: Tấm vé định mệnh,actor-director,False,,False,
Lý Hải,Phạm Trưởng,2.0,2,Lật Mặt 6: Tấm vé định mệnh|Lật mặt 6: Tấm vé định mệnh,director-actor,False,,False,
Lý Hải,Ốc Thanh Vân,3.0,3,Lật Mặt 6: Tấm vé định mệnh|Lật mặt: 48h|Lật mặt 6: Tấm vé định mệnh,director-actor,False,,False,
Lý Hải,Lê Hạ Anh,1.0,1,Lật mặt: 48h,actor-director,False,,False,
Lý Hải,Kiến An (diễn viên),1.0,1,Lật mặt: 48h,actor-director,False,,False,
Võ Thành Tâm,Trọng Hải,2.0,2,Lật mặt (phim)|Lật mặt,actor-actor,False,,False,
Võ Thành Tâm,Tiết Cương,4.0,4,Lật mặt (phim)|Cột mốc 23|Lật mặt|Lật mặt: 48h,actor-actor,False,,False,
Võ Thành Tâm,Bảo Trúc,1.0,1,Cột mốc 23,actor-actor,False,,False,
Võ Thành Tâm,Diễm Châu,1.0,1,Cột mốc 23,actor-actor,False,,False,
Võ Thành Tâm,Mạnh Hùng,1.0,1,Cột mốc 23,actor-actor,False,,False,
Võ Thành Tâm,Lương Mạnh Hải,1.0,1,Tuyết nhiệt đới,actor-actor,False,,False,
Võ Thành Tâm,Thiên Kim (diễn viên),1.0,1,Tuyết nhiệt đới,actor-actor,False,,False,
Võ Thành Tâm,Nguyễn Vinh Sơn,1.0,1,Tuyết nhiệt đới,actor-actor,False,,False,
Võ Thành Tâm,Kiều Thanh,1.0,1,Sinh mệnh (phim),actor-actor,False,,False,
Võ Thành Tâm,Nguyễn Kim Trang,1.0,1,Sinh mệnh (phim),actor-actor,False,,False,
Võ Thành Tâm,Thanh Thủy (diễn viên sinh năm 1937),1.0,1,Sinh mệnh (phim),actor-actor,False,,False,
Võ Thành Tâm,Ốc Thanh Vân,1.0,1,Lật mặt: 48h,actor-actor,False,,False,
Võ Thành Tâm,Lê Hạ Anh,1.0,1,Lật mặt: 48h,actor-actor,False,,False,
Võ Thành Tâm,Kiến An (diễn viên),1.0,1,Lật mặt: 48h,actor-actor,False,,False,
Võ Thành Tâm,Diễm My (diễn viên),0.3,0,,,False,,True,"Thành phố Hồ Chí Minh, Việt Nam"
Võ Thành Tâm,Quang Tuấn,0.3,0,,,False,,True,"Thành phố Hồ Chí Minh, Việt Nam"
Võ Thành Tâm,Lương Bích Hữu,0.3,0,,,False,,True,"Thành phố Hồ Chí Minh, Việt Nam"
Võ Thành Tâm,Lê Công Hoàng (diễn viên),0.3,0,,,False,,True,"Thành phố Hồ Chí Minh, Việt Nam"
Võ Thành Tâm,Suboi,0.3,0,,,False,,True,"Thành phố Hồ Chí Minh, Việt Nam"
Võ Thành Tâm,Hồ Vĩnh Khoa,0.3,0,,,False,,True,"Thành phố Hồ Chí Minh, Việt Nam"
Võ Thành Tâm,Thanh Thúy (diễn viên sinh 1982),0.3,0,,,False,,True,"Thành phố Hồ Chí Minh, Việt Nam"
Võ Thành Tâm,Angela Phương Trinh,0.3,0,,,False,,True,"Thành phố Hồ Chí Minh, Việt Nam"
Võ Thành Tâm,Thanh Thúy (sinh 1982),0.3,0,,,False,,True,"Thành phố Hồ Chí Minh, Việt Nam"
Võ Thành Tâm,Rocker Nguyen,0.3,0,,,False,,True,"Thành phố Hồ Chí Minh, Việt Nam"
Trọng Hải,Tiết Cương,3.0,3,Lật mặt (phim)|Lật mặt 7: Một điều ước|Lật mặt,actor-actor,False,,False,
Trọng Hải,Đinh Y Nhung,1.0,1,Lật mặt 7: Một điều ước,actor-actor,False,,False,
Trọng Hải,Thanh Thức,1.0,1,Lật mặt 7: Một điều ước,actor-actor,False,,False,
Trọng Hải,Mạnh Dung,1.0,1,Lật mặt 7: Một điều ước,actor-actor,False,,False,
Trọng Hải,Phú Đôn,0.3,0,,,False,,True,"Hà Nội, Việt Nam Dân chủ Cộng hòa"
Trọng Hải,Trần Lực,0.3,0,,,False,,True,"Hà Nội, Việt Nam Dân chủ Cộng hòa"
Trọng Hải,Trần Nữ Yên Khê,0.3,0,,,False,,True,"Hà Nội, Việt Nam Dân chủ Cộng hòa"
Trọng Hải,Việt Thắng (diễn viên),0.3,0,,,False,,True,"Hà Nội, Việt Nam Dân chủ Cộng hòa"
Trọng Hải,Thanh Lam,0.3,0,,,False,,True,"Hà Nội, Việt Nam Dân chủ Cộng hòa"
Trọng Hải,Chu Hùng,0.3,0,,,False,,True,"Hà Nội, Việt Nam Dân chủ Cộng hòa"
Trọng Hải,Mạnh Cường,0.3,0,,,False,,True,"Hà Nội, Việt Nam Dân chủ Cộng hòa"
Trọng Hải,Công Lý (diễn viên),0.3,0,,,False,,True,"Hà Nội, Việt Nam Dân chủ Cộng hòa"
Trọng Hải,Nguyễn Minh Trang,0.3,0,,,False,,True,"Hà Nội, Việt Nam Dân chủ Cộng hòa"
Trọng Hải,Quốc Khánh (nghệ sĩ),0.3,0,,,False,,True,"Hà Nội, Việt Nam Dân chủ Cộng hòa"
Trọng Hải,Tất Bình,0.3,0,,,False,,True,"Hà Nội, Việt Nam Dân chủ Cộng hòa"
Trọng Hải,Dũng Nhi,0.3,0,,,False,,True,"Hà Nội, Việt Nam Dân chủ Cộng hòa"
Trọng Hải,Nguyễn Vĩnh Xương,0.3,0,,,False,,True,"Hà Nội, Việt Nam Dân chủ Cộng hòa"
Tiết Cương,Đinh Y Nhung,1.0,1,Lật mặt 7: Một điều ước,actor-actor,False,,False,
Tiết Cương,Thanh Thức,3.0,3,Lật mặt 7: Một điều ước|Lật Mặt 6: Tấm vé định mệnh|Lật mặt 6: Tấm vé định mệnh,actor-actor,False,,False,
Tiết Cương,Mạnh Dung,3.0,3,Lật mặt 7: Một điều ước|Lật Mặt 6: Tấm vé định mệnh|Lật mặt 6: Tấm vé định mệnh,actor-actor,False,,False,
Tiết Cương,Michael Caine,1.0,1,Người Mỹ trầm lặng (phim 2002),actor-actor,False,,False,
Tiết Cương,Brendan Fraser,1.0,1,Người Mỹ trầm lặng (phim 2002),actor-actor,False,,False,
Tiết Cương,Đỗ Thị Hải Yến,1.0,1,Người Mỹ trầm lặng (phim 2002),actor-actor,False,,False,
Tiết Cương,Mai Hoa (diễn viên),1.0,1,Người Mỹ trầm lặng (phim 2002),actor-actor,False,,False,
Tiết Cương,Rade Šerbedžija,1.0,1,Người Mỹ trầm lặng (phim 2002),actor-actor,False,,False,
Tiết Cương,Ngô Quang Hải,1.0,1,Người Mỹ trầm lặng (phim 2002),actor-actor,False,,False,
Tiết Cương,Công Lý (diễn viên),1.0,1,Người Mỹ trầm lặng (phim 2002),actor-actor,False,,False,
Tiết Cương,Bảo Trúc,1.0,1,Cột mốc 23,actor-actor,False,,False,
Tiết Cương,Diễm Châu,1.0,1,Cột mốc 23,actor-actor,False,,False,
Tiết Cương,Mạnh Hùng,1.0,1,Cột mốc 23,actor-actor,False,,False,
Tiết Cương,Trung Dũng (diễn viên),2.0,2,Lật Mặt 6: Tấm vé định mệnh|Lật mặt 6: Tấm vé định mệnh,actor-actor,False,,False,
Tiết Cương,Diệp Bảo Ngọc,2.0,2,Lật Mặt 6: Tấm vé định mệnh|Lật mặt 6: Tấm vé định mệnh,actor-actor,False,,False,
Tiết Cương,Phạm Trưởng,2.0,2,Lật Mặt 6: Tấm vé định mệnh|Lật mặt 6: Tấm vé định mệnh,actor-actor,False,,False,
Tiết Cương,Ốc Thanh Vân,3.0,3,Lật Mặt 6: Tấm vé định mệnh|Lật mặt: 48h|Lật mặt 6: Tấm vé định mệnh,actor-actor,False,,False,
Tiết Cương,Lê Hạ Anh,1.0,1,Lật mặt: 48h,actor-actor,False,,False,
Tiết Cương,Kiến An (diễn viên),1.0,1,Lật mặt: 48h,actor-actor,False,,False,
Nhung Kate,Mai Phương (diễn viên),0.3,0,,,False,,True,"Hải Phòng, Việt Nam"
Nhung Kate,Ốc Thanh Vân,0.3,0,,,False,,True,"Hải Phòng, Việt Nam"
Lê Hạ Anh,Nguyễn Thùy Dương,1.0,1,Tiệm bánh Hoàng tử bé 2,actor-actor,False,,False,
Lê Hạ Anh,Công Dương,1.0,1,Tiệm bánh Hoàng tử bé 2,actor-actor,False,,False,
Lê Hạ Anh,Ốc Thanh Vân,1.0,1,Lật mặt: 48h,actor-actor,False,,False,
Lê Hạ Anh,Kiến An (diễn viên),1.0,1,Lật mặt: 48h,actor-actor,False,,False,
Nguyễn Thùy Dương,Công Dương,1.0,1,Tiệm bánh Hoàng tử bé 2,actor-actor,False,,False,
Công Dương,Hoàng Hà (diễn viên),0.3,0,,,False,,True,"Hà Nội, Việt Nam"
Công Dương,Bùi Lan Hương,0.3,0,,,False,,True,"Hà Nội, Việt Nam"
Công Dương,Mai Thu Huyền,0.3,0,,,False,,True,"Hà Nội, Việt Nam"
Công Dương,Thùy Anh,0.3,0,,,False,,True,"Hà Nội, Việt Nam"
Công Dương,Lương Mạnh Hải,0.3,0,,,False,,True,"Hà Nội, Việt Nam"
Công Dương,Kiều Thanh,0.3,0,,,False,,True,"Hà Nội, Việt Nam"
Công Dương,Lã Thanh Huyền,0.3,0,,,False,,True,"Hà Nội, Việt Nam"
Diễm My (diễn viên),Quang Tuấn,0.3,0,,,False,,True,"Thành phố Hồ Chí Minh, Việt Nam"
Diễm My (diễn viên),Lương Bích Hữu,0.3,0,,,False,,True,"Thành phố Hồ Chí Minh, Việt Nam"
Diễm My (diễn viên),Lê Công Hoàng (diễn viên),0.3,0,,,False,,True,"Thành phố Hồ Chí Minh, Việt Nam"
Diễm My (diễn viên),Suboi,0.3,0,,,False,,True,"Thành phố Hồ Chí Minh, Việt Nam"
Diễm My (diễn viên),Hồ Vĩnh Khoa,0.3,0,,,False,,True,"Thành phố Hồ Chí Minh, Việt Nam"
Diễm My (diễn viên),Thanh Thúy (diễn viên sinh 1982),0.3,0,,,False,,True,"Thành phố Hồ Chí Minh, Việt Nam"
Diễm My (diễn viên),Angela Phương Trinh,0.3,0,,,False,,True,"Thành phố Hồ Chí Minh, Việt Nam"
Diễm My (diễn viên),Thanh Thúy (sinh 1982),0.3,0,,,False,,True,"Thành phố Hồ Chí Minh, Việt Nam"
Diễm My (diễn viên),Rocker Nguyen,0.3,0,,,False,,True,"Thành phố Hồ Chí Minh, Việt Nam"
Ngọc Phước,Trung Lùn,1.0,1,Siêu lừa gặp siêu lầy,actor-actor,False,,False,
ảo thuật gia,nhà ngoại cảm,1.0,1,Chuyện ma gần nhà,actor-actor,False,,False,
ảo thuật gia,Ngọc Hiệp (diễn viên),1.0,1,Chuyện ma gần nhà,actor-actor,False,,False,
ảo thuật gia,ảo thuật,1.0,1,Chuyện ma gần nhà,actor-actor,False,,False,
nhà ngoại cảm,Ngọc Hiệp (diễn viên),1.0,1,Chuyện ma gần nhà,actor-actor,False,,False,
nhà ngoại cảm,ảo thuật,1.0,1,Chuyện ma gần nhà,actor-actor,False,,False,
Ngọc Hiệp (diễn viên),ảo thuật,1.0,1,Chuyện ma gần nhà,actor-actor,False,,False,
Ngọc Hiệp (diễn viên),Phạm Hồng Phước,1.0,1,Đảo của dân ngụ cư,actor-actor,False,,False,
Ngọc Hiệp (diễn viên),Ngọc Thanh Tâm,1.0,1,Đảo của dân ngụ cư,actor-actor,False,,False,
Ngọc Hiệp (diễn viên),Hoàng Phúc,1.0,1,Đảo của dân ngụ cư,actor-actor,False,,False,
Ngọc Hiệp (diễn viên),Hoàng Nhân,1.0,1,Đảo của dân ngụ cư,actor-actor,False,,False,
Ngọc Hiệp (diễn viên),Lê Công Hoàng (diễn viên),1.0,1,Tro tàn rực rỡ,actor-actor,False,,False,
Ngọc Hiệp (diễn viên),Quang Tuấn,1.0,1,Tro tàn rực rỡ,actor-actor,False,,False,
Ngọc Hiệp (diễn viên),Kiều Chinh,1.0,1,Đoạt hồn,actor-actor,False,,False,
Ngọc Hiệp (diễn viên),Nguyễn Minh Trang,1.0,1,Đoạt hồn,actor-actor,False,,False,
Ngọc Hiệp (diễn viên),Thương Tín (diễn viên),1.0,1,Đoạt hồn,actor-actor,False,,False,
Ngọc Hiệp (diễn viên),Nhung Kate (diễn viên),1.0,1,Đoạt hồn,actor-actor,False,,False,
Ngọc Hiệp (diễn viên),Suboi,1.0,1,Đoạt hồn,actor-actor,False,,False,
Trần Ngọc Trà,Ngọc Trinh (người mẫu),1.0,1,Chị chị em em 2,actor-actor,False,,False,
Trần Ngọc Trà,Lê Thị Nhị,1.0,1,Chị chị em em 2,actor-actor,False,,False,
Ngọc Trinh (người mẫu),Lê Thị Nhị,1.0,1,Chị chị em em 2,actor-actor,False,,False,
Đinh Y Nhung,Thanh Thức,1.0,1,Lật mặt 7: Một điều ước,actor-actor,False,,False,
Đinh Y Nhung,Mạnh Dung,1.0,1,Lật mặt 7: Một điều ước,actor-actor,False,,False,
Đinh Y Nhung,Quang Tuấn,1.0,1,Thất sơn tâm linh,actor-actor,False,,False,
Thanh Thức,Mạnh Dung,3.0,3,Lật mặt 7: Một điều ước|Lật Mặt 6: Tấm vé định mệnh|Lật mặt 6: Tấm vé định mệnh,actor-actor,False,,False,
Thanh Thức,Trung Dũng (diễn viên),2.0,2,Lật Mặt 6: Tấm vé định mệnh|Lật mặt 6: Tấm vé định mệnh,actor-actor,False,,False,
Thanh Thức,Diệp Bảo Ngọc,2.0,2,Lật Mặt 6: Tấm vé định mệnh|Lật mặt 6: Tấm vé định mệnh,actor-actor,False,,False,
Thanh Thức,Phạm Trưởng,2.0,2,Lật Mặt 6: Tấm vé định mệnh|Lật mặt 6: Tấm vé định mệnh,actor-actor,False,,False,
Thanh Thức,Ốc Thanh Vân,2.0,2,Lật Mặt 6: Tấm vé định mệnh|Lật mặt 6: Tấm vé định mệnh,actor-actor,False,,False,
Thanh Thức,Lê Phương,0.3,0,,,False,,True,"Trà Vinh, Việt Nam"
Thanh Thức,Thanh Duy,0.3,0,,,False,,True,"Trà Vinh, Việt Nam"
Mạnh Dung,Trung Dũng (diễn viên),2.0,2,Lật Mặt 6: Tấm vé định mệnh|Lật mặt 6: Tấm vé định mệnh,actor-actor,False,,False,
Mạnh Dung,Diệp Bảo Ngọc,2.0,2,Lật Mặt 6: Tấm vé định mệnh|Lật mặt 6: Tấm vé định mệnh,actor-actor,False,,False,
Mạnh Dung,Phạm Trưởng,2.0,2,Lật Mặt 6: Tấm vé định mệnh|Lật mặt 6: Tấm vé định mệnh,actor-actor,False,,False,
Mạnh Dung,Ốc Thanh Vân,2.0,2,Lật Mặt 6: Tấm vé định mệnh|Lật mặt 6: Tấm vé định mệnh,actor-actor,False,,False,
Nam Cường (ca sĩ),Mai Phương (diễn viên),1.0,1,Những thiên thần áo trắng,actor-actor,False,,False,
Nam Cường (ca sĩ),Thanh Hoàng (nghệ sĩ),1.0,1,Những thiên thần áo trắng,actor-actor,False,,False,
Mai Phương (diễn viên),Thanh Hoàng (nghệ sĩ),1.0,1,Những thiên thần áo trắng,actor-actor,False,,False,
Mai Phương (diễn viên),Ốc Thanh Vân,0.3,0,,,False,,True,"Hải Phòng, Việt Nam"
Thanh Hoàng (nghệ sĩ),Lê Minh Thu,1.0,1,Như một huyền thoại,actor-actor,False,,False,
Thanh Hoàng (nghệ sĩ),Võ Thị Sáu,1.0,1,Như một huyền thoại,actor-actor,False,,False,
Thanh Hoàng (nghệ sĩ),Robert Hải,1.0,1,Như một huyền thoại,actor-actor,False,,False,
Quang Tuấn,Phú Đôn,1.0,1,Tết ở làng địa ngục,actor-actor,False,,False,
Quang Tuấn,Chiều Xuân,1.0,1,Tết ở làng địa ngục,actor-actor,False,,False,
Quang Tuấn,Võ Tấn Phát,1.0,1,Tết ở làng địa ngục,actor-actor,False,,False,
Quang Tuấn,Ngọc Thư,1.0,1,Tết ở làng địa ngục,actor-actor,False,,False,
Quang Tuấn,Lê Công Hoàng (diễn viên),1.3,1,Tro tàn rực rỡ,actor-actor,False,,True,"Thành phố Hồ Chí Minh, Việt Nam"
Quang Tuấn,Tô Văn Đực,1.0,1,Địa đạo: Mặt trời trong bóng tối,actor-actor,False,,False,
Quang Tuấn,Lương Bích Hữu,0.3,0,,,False,,True,"Thành phố Hồ Chí Minh, Việt Nam"
Quang Tuấn,Suboi,0.3,0,,,False,,True,"Thành phố Hồ Chí Minh, Việt Nam"
Quang Tuấn,Hồ Vĩnh Khoa,0.3,0,,,False,,True,"Thành phố Hồ Chí Minh, Việt Nam"
Quang Tuấn,Thanh Thúy (diễn viên sinh 1982),0.3,0,,,False,,True,"Thành phố Hồ Chí Minh, Việt Nam"
Quang Tuấn,Angela Phương Trinh,0.3,0,,,False,,True,"Thành phố Hồ Chí Minh, Việt Nam"
Quang Tuấn,Thanh Thúy (sinh 1982),0.3,0,,,False,,True,"Thành phố Hồ Chí Minh, Việt Nam"
Quang Tuấn,Rocker Nguyen,0.3,0,,,False,,True,"Thành phố Hồ Chí Minh, Việt Nam"
Phú Đôn,Chiều Xuân,1.0,1,Tết ở làng địa ngục,actor-actor,False,,False,
Phú Đôn,Võ Tấn Phát,1.0,1,Tết ở làng địa ngục,actor-actor,False,,False,
Phú Đôn,Ngọc Thư,1.0,1,Tết ở làng địa ngục,actor-actor,False,,False,
Phú Đôn,Trần Lực,0.3,0,,,False,,True,"Hà Nội, Việt Nam Dân chủ Cộng hòa"
Phú Đôn,Trần Nữ Yên Khê,0.3,0,,,False,,True,"Hà Nội, Việt Nam Dân chủ Cộng hòa"
Phú Đôn,Việt Thắng (diễn viên),0.3,0,,,False,,True,"Hà Nội, Việt Nam Dân chủ Cộng hòa"
Phú Đôn,Thanh Lam,0.3,0,,,False,,True,"Hà Nội, Việt Nam Dân chủ Cộng hòa"
Phú Đôn,Chu Hùng,0.3,0,,,False,,True,"Hà Nội, Việt Nam Dân chủ Cộng hòa"
Phú Đôn,Mạnh Cường,0.3,0,,,False,,True,"Hà Nội, Việt Nam Dân chủ Cộng hòa"
Phú Đôn,Công Lý (diễn viên),0.3,0,,,False,,True,"Hà Nội, Việt Nam Dân chủ Cộng hòa"
Phú Đôn,Nguyễn Minh Trang,0.3,0,,,False,,True,"Hà Nội, Việt Nam Dân chủ Cộng hòa"
Phú Đôn,Quốc Khánh (nghệ sĩ),0.3,0,,,False,,True,"Hà Nội, Việt Nam Dân chủ Cộng hòa"
Phú Đôn,Tất Bình,0.3,0,,,False,,True,"Hà Nội, Việt Nam Dân chủ Cộng hòa"
Phú Đôn,Dũng Nhi,0.3,0,,,False,,True,"Hà Nội, Việt Nam Dân chủ Cộng hòa"
Phú Đôn,Nguyễn Vĩnh Xương,0.3,0,,,False,,True,"Hà Nội, Việt Nam Dân chủ Cộng hòa"
Chiều Xuân,Võ Tấn Phát,2.0,2,Tết ở làng địa ngục|Kẻ ăn hồn,actor-actor,False,,False,
Chiều Xuân,Ngọc Thư,2.0,2,Tết ở làng địa ngục|Kẻ ăn hồn,actor-actor,False,,False,
Chiều Xuân,Hoàng Hà (diễn viên),1.0,1,Kẻ ăn hồn,actor-actor,False,,False,
Chiều Xuân,Bùi Bài Bình,1.0,1,Mùa ổi,actor-actor,False,,False,
Chiều Xuân,Trần Lực,1.0,1,Mùa ổi,actor-actor,False,,False,
Chiều Xuân,Hoàng Yến (diễn viên),1.0,1,Mùa ổi,actor-actor,False,,False,
Chiều Xuân,Nguyễn Thị Thu An,1.0,1,Mùa ổi,actor-actor,False,,False,
Chiều Xuân,Tuấn Dương,1.0,1,Mùa ổi,actor-actor,False,,False,
Chiều Xuân,Nguyệt Hằng,1.0,1,Hàng xóm (phim),actor-actor,False,,False,
Chiều Xuân,Diệu Thuần,1.0,1,Hàng xóm (phim),actor-actor,False,,False,
Chiều Xuân,Quang Tèo,1.0,1,Đèn âm hồn,actor-actor,False,,False,
Chiều Xuân,Thu Hương,1.0,1,Đèn âm hồn,actor-actor,False,,False,
Võ Tấn Phát,Ngọc Thư,2.0,2,Tết ở làng địa ngục|Kẻ ăn hồn,actor-actor,False,,False,
Võ Tấn Phát,Hoàng Hà (diễn viên),1.0,1,Kẻ ăn hồn,actor-actor,False,,False,
Ngọc Thư,Hoàng Hà (diễn viên),1.0,1,Kẻ ăn hồn,actor-actor,False,,False,
Hoàng Hà (diễn viên),Trần Lực,1.0,1,Em và Trịnh,actor-actor,False,,False,
Hoàng Hà (diễn viên),Thanh Thúy (ca sĩ sinh 1943),1.0,1,Em và Trịnh,actor-actor,False,,False,
Hoàng Hà (diễn viên),Bùi Lan Hương,1.3,1,Em và Trịnh,actor-actor,False,,True,"Hà Nội, Việt Nam"
Hoàng Hà (diễn viên),Khánh Ly,1.0,1,Em và Trịnh,actor-actor,False,,False,
Hoàng Hà (diễn viên),Mai Thu Huyền,0.3,0,,,False,,True,"Hà Nội, Việt Nam"
Hoàng Hà (diễn viên),Thùy Anh,0.3,0,,,False,,True,"Hà Nội, Việt Nam"
Hoàng Hà (diễn viên),Lương Mạnh Hải,0.3,0,,,False,,True,"Hà Nội, Việt Nam"
Hoàng Hà (diễn viên),Kiều Thanh,0.3,0,,,False,,True,"Hà Nội, Việt Nam"
Hoàng Hà (diễn viên),Lã Thanh Huyền,0.3,0,,,False,,True,"Hà Nội, Việt Nam"
Đơn Dương (diễn viên),Mai Hoa (diễn viên),1.0,1,Đời cát,actor-actor,False,,False,
Đơn Dương (diễn viên),Đỗ Nguyễn Lan Hà,1.0,1,Đời cát,actor-actor,False,,False,
Đơn Dương (diễn viên),Lý Huỳnh,1.0,1,Hai Cũ,actor-actor,False,,False,
Đơn Dương (diễn viên),Thương Tín (diễn viên),1.0,1,Hai Cũ,actor-actor,False,,False,
Đơn Dương (diễn viên),Phương Thanh (diễn viên),1.0,1,Hai Cũ,actor-actor,False,,False,
Đơn Dương (diễn viên),Thùy Liên,1.0,1,Hai Cũ,actor-actor,False,,False,
Đơn Dương (diễn viên),Khương Mễ,1.0,1,Hai Cũ,actor-actor,False,,False,
Đơn Dương (diễn viên),Thanh Quý,1.0,1,Chuyện tình trong ngõ hẹp,actor-actor,False,,False,
Đơn Dương (diễn viên),Vũ Hà (ca sĩ),1.0,1,Chuyện tình trong ngõ hẹp,actor-actor,False,,False,
Đơn Dương (diễn viên),danh đề,1.0,1,Chuyện tình trong ngõ hẹp,actor-actor,False,,False,
Đơn Dương (diễn viên),Mel Gibson,1.0,1,Chúng tôi từng là lính,actor-actor,False,,False,
Đơn Dương (diễn viên),Harold G. Moore,1.0,1,Chúng tôi từng là lính,actor-actor,False,,False,
Đơn Dương (diễn viên),Madeleine Stowe,1.0,1,Chúng tôi từng là lính,actor-actor,False,,False,
Đơn Dương (diễn viên),Nguyễn Hữu An,1.0,1,Chúng tôi từng là lính,actor-actor,False,,False,
Đơn Dương (diễn viên),Sam Elliott,1.0,1,Chúng tôi từng là lính,actor-actor,False,,False,
Đơn Dương (diễn viên),Greg Kinnear,1.0,1,Chúng tôi từng là lính,actor-actor,False,,False,
Đơn Dương (diễn viên),Chris Klein,1.0,1,Chúng tôi từng là lính,actor-actor,False,,False,
Đơn Dương (diễn viên),Keri Russell,1.0,1,Chúng tôi từng là lính,actor-actor,False,,False,
Đơn Dương (diễn viên),Barry Pepper,1.0,1,Chúng tôi từng là lính,actor-actor,False,,False,
Đơn Dương (diễn viên),Marc Blucas,1.0,1,Chúng tôi từng là lính,actor-actor,False,,False,
Đơn Dương (diễn viên),Ryan Hurst,1.0,1,Chúng tôi từng là lính,actor-actor,False,,False,
Đơn Dương (diễn viên),Jsu Garcia,1.0,1,Chúng tôi từng là lính,actor-actor,False,,False,
Đơn Dương (diễn viên),Jon Hamm,1.0,1,Chúng tôi từng là lính,actor-actor,False,,False,
Đơn Dương (diễn viên),Clark Gregg,1.0,1,Chúng tôi từng là lính,actor-actor,False,,False,
Mai Hoa (diễn viên),Đỗ Nguyễn Lan Hà,1.0,1,Đời cát,actor-actor,False,,False,
Mai Hoa (diễn viên),Michael Caine,1.0,1,Người Mỹ trầm lặng (phim 2002),actor-actor,False,,False,
Mai Hoa (diễn viên),Brendan Fraser,1.0,1,Người Mỹ trầm lặng (phim 2002),actor-actor,False,,False,
Mai Hoa (diễn viên),Đỗ Thị Hải Yến,1.0,1,Người Mỹ trầm lặng (phim 2002),actor-actor,False,,False,
Mai Hoa (diễn viên),Rade Šerbedžija,1.0,1,Người Mỹ trầm lặng (phim 2002),actor-actor,False,,False,
Mai Hoa (diễn viên),Ngô Quang Hải,1.0,1,Người Mỹ trầm lặng (phim 2002),actor-actor,False,,False,
Mai Hoa (diễn viên),Công Lý (diễn viên),1.0,1,Người Mỹ trầm lặng (phim 2002),actor-actor,False,,False,
Mai Hoa (diễn viên),Minh Anh (diễn viên),1.0,1,Những cô gái chân dài,actor-actor,False,,False,
Mai Hoa (diễn viên),Dương Yến Ngọc,1.0,1,Những cô gái chân dài,actor-actor,False,,False,
Mai Hoa (diễn viên),Tống Bạch Thủy,1.0,1,Những cô gái chân dài,actor-actor,False,,False,
Mai Hoa (diễn viên),Ngọc Nga,1.0,1,Những cô gái chân dài,actor-actor,False,,False,
Mai Hoa (diễn viên),Trương Thanh Long,1.0,1,Những cô gái chân dài,actor-actor,False,,False,
Mai Hoa (diễn viên),Hải Đông,1.0,1,Những cô gái chân dài,actor-actor,False,,False,
Mai Hoa (diễn viên),Như Quỳnh (diễn viên),1.0,1,Những cô gái chân dài,actor-actor,False,,False,
Mai Hoa (diễn viên),Thanh Thúy (diễn viên sinh 1982),1.0,1,Những cô gái chân dài,actor-actor,False,,False,
Mai Hoa (diễn viên),Như Cầm,1.0,1,Những cô gái chân dài,actor-actor,False,,False,
Lý Hồng Ân,Kiều Trinh,1.0,1,Người lắng nghe: Lời thì thầm,actor-actor,False,,False,
Lý Hồng Ân,Huy Cường,1.0,1,Người lắng nghe: Lời thì thầm,actor-actor,False,,False,
Lý Hồng Ân,Phúc An,1.0,1,Người lắng nghe: Lời thì thầm,actor-actor,False,,False,
Lý Hồng Ân,Huy Khang,1.0,1,Người lắng nghe: Lời thì thầm,actor-actor,False,,False,
Kiều Trinh,Huy Cường,1.0,1,Người lắng nghe: Lời thì thầm,actor-actor,False,,False,
Kiều Trinh,Phúc An,1.0,1,Người lắng nghe: Lời thì thầm,actor-actor,False,,False,
Kiều Trinh,Huy Khang,1.0,1,Người lắng nghe: Lời thì thầm,actor-actor,False,,False,
Huy Cường,Phúc An,1.0,1,Người lắng nghe: Lời thì thầm,actor-actor,False,,False,
Huy Cường,Huy Khang,1.0,1,Người lắng nghe: Lời thì thầm,actor-actor,False,,False,
Huy Cường,Lương Mạnh Hải,2.0,2,"Hot boy nổi loạn và câu chuyện về thằng Cười, cô gái điếm và con vịt|Hot boy nổi loạn",actor-actor,False,,False,
Huy Cường,Hồ Vĩnh Khoa,2.0,2,"Hot boy nổi loạn và câu chuyện về thằng Cười, cô gái điếm và con vịt|Hot boy nổi loạn",actor-actor,False,,False,
Huy Cường,Thiên Kim (diễn viên),2.0,2,"Hot boy nổi loạn và câu chuyện về thằng Cười, cô gái điếm và con vịt|Hot boy nổi loạn",actor-actor,False,,False,
Phúc An,Huy Khang,1.0,1,Người lắng nghe: Lời thì thầm,actor-actor,False,,False,
Trần Lực,Thanh Thúy (ca sĩ sinh 1943),1.0,1,Em và Trịnh,actor-actor,False,,False,
Trần Lực,Bùi Lan Hương,1.0,1,Em và Trịnh,actor-actor,False,,False,
Trần Lực,Khánh Ly,1.0,1,Em và Trịnh,actor-actor,False,,False,
Trần Lực,Bùi Bài Bình,1.0,1,Mùa ổi,actor-actor,False,,False,
Trần Lực,Hoàng Yến (diễn viên),1.0,1,Mùa ổi,actor-actor,False,,False,
Trần Lực,Nguyễn Thị Thu An,1.0,1,Mùa ổi,actor-actor,False,,False,
Trần Lực,Tuấn Dương,1.0,1,Mùa ổi,actor-actor,False,,False,
Trần Lực,Trần Nữ Yên Khê,0.3,0,,,False,,True,"Hà Nội, Việt Nam Dân chủ Cộng hòa"
Trần Lực,Việt Thắng (diễn viên),0.3,0,,,False,,True,"Hà Nội, Việt Nam Dân chủ Cộng hòa"
Trần Lực,Thanh Lam,0.3,0,,,False,,True,"Hà Nội, Việt Nam Dân chủ Cộng hòa"
Trần Lực,Chu Hùng,0.3,0,,,False,,True,"Hà Nội, Việt Nam Dân chủ Cộng hòa"
Trần Lực,Mạnh Cường,0.3,0,,,False,,True,"Hà Nội, Việt Nam Dân chủ Cộng hòa"
Trần Lực,Công Lý (diễn viên),0.3,0,,,False,,True,"Hà Nội, Việt Nam Dân chủ Cộng hòa"
Trần Lực,Nguyễn Minh Trang,0.3,0,,,False,,True,"Hà Nội, Việt Nam Dân chủ Cộng hòa"
Trần Lực,Quốc Khánh (nghệ sĩ),0.3,0,,,False,,True,"Hà Nội, Việt Nam Dân chủ Cộng hòa"
Trần Lực,Tất Bình,0.3,0,,,False,,True,"Hà Nội, Việt Nam Dân chủ Cộng hòa"
Trần Lực,Dũng Nhi,0.3,0,,,False,,True,"Hà Nội, Việt Nam Dân chủ Cộng hòa"
Trần Lực,Nguyễn Vĩnh Xương,0.3,0,,,False,,True,"Hà Nội, Việt Nam Dân chủ Cộng hòa"
Thanh Thúy (ca sĩ sinh 1943),Bùi Lan Hương,1.0,1,Em và Trịnh,actor-actor,False,,False,
Thanh Thúy (ca sĩ sinh 1943),Khánh Ly,1.0,1,Em và Trịnh,actor-actor,False,,False,
Bùi Lan Hương,Khánh Ly,1.0,1,Em và Trịnh,actor-actor,False,,False,
Bùi Lan Hương,Mai Thu Huyền,0.3,0,,,False,,True,"Hà Nội, Việt Nam"
Bùi Lan Hương,Thùy Anh,0.3,0,,,False,,True,"Hà Nội, Việt Nam"
Bùi Lan Hương,Lương Mạnh Hải,0.3,0,,,False,,True,"Hà Nội, Việt Nam"
Bùi Lan Hương,Kiều Thanh,0.3,0,,,False,,True,"Hà Nội, Việt Nam"
Bùi Lan Hương,Lã Thanh Huyền,0.3,0,,,False,,True,"Hà Nội, Việt Nam"
Quỳnh Lam,Lê Phương,0.5,0,,,True,Trường Đại học Sân khấu – Điện ảnh Thành phố Hồ Chí Minh,False,
Lương Bích Hữu,Lê Công Hoàng (diễn viên),1.3,1,Án mạng lầu 4,actor-actor,False,,True,"Thành phố Hồ Chí Minh, Việt Nam"
Lương Bích Hữu,Suboi,0.3,0,,,False,,True,"Thành phố Hồ Chí Minh, Việt Nam"
Lương Bích Hữu,Hồ Vĩnh Khoa,0.3,0,,,False,,True,"Thành phố Hồ Chí Minh, Việt Nam"
Lương Bích Hữu,Thanh Thúy (diễn viên sinh 1982),0.3,0,,,False,,True,"Thành phố Hồ Chí Minh, Việt Nam"
Lương Bích Hữu,Angela Phương Trinh,0.3,0,,,False,,True,"Thành phố Hồ Chí Minh, Việt Nam"
Lương Bích Hữu,Thanh Thúy (sinh 1982),0.3,0,,,False,,True,"Thành phố Hồ Chí Minh, Việt Nam"
Lương Bích Hữu,Rocker Nguyen,0.3,0,,,False,,True,"Thành phố Hồ Chí Minh, Việt Nam"
Lê Công Hoàng (diễn viên),Đỗ Thị Hải Yến,1.0,1,Cha và con và...,actor-actor,False,,False,
Lê Công Hoàng (diễn viên),Suboi,0.3,0,,,False,,True,"Thành phố Hồ Chí Minh, Việt Nam"
Lê Công Hoàng (diễn viên),Hồ Vĩnh Khoa,0.3,0,,,False,,True,"Thành phố Hồ Chí Minh, Việt Nam"
Lê Công Hoàng (diễn viên),Thanh Thúy (diễn viên sinh 1982),0.3,0,,,False,,True,"Thành phố Hồ Chí Minh, Việt Nam"
Lê Công Hoàng (diễn viên),Angela Phương Trinh,0.3,0,,,False,,True,"Thành phố Hồ Chí Minh, Việt Nam"
Lê Công Hoàng (diễn viên),Thanh Thúy (sinh 1982),0.3,0,,,False,,True,"Thành phố Hồ Chí Minh, Việt Nam"
Lê Công Hoàng (diễn viên),Rocker Nguyen,0.3,0,,,False,,True,"Thành phố Hồ Chí Minh, Việt Nam"
Phạm Hồng Phước,Ngọc Thanh Tâm,1.0,1,Đảo của dân ngụ cư,actor-actor,False,,False,
Phạm Hồng Phước,Hoàng Phúc,1.0,1,Đảo của dân ngụ cư,actor-actor,False,,False,
Phạm Hồng Phước,Hoàng Nhân,1.0,1,Đảo của dân ngụ cư,actor-actor,False,,False,
Ngọc Thanh Tâm,Hoàng Phúc,1.0,1,Đảo của dân ngụ cư,actor-actor,False,,False,
Ngọc Thanh Tâm,Hoàng Nhân,1.0,1,Đảo của dân ngụ cư,actor-actor,False,,False,
Hoàng Phúc,Hoàng Nhân,1.0,1,Đảo của dân ngụ cư,actor-actor,False,,False,
Lý Huỳnh,Thương Tín (diễn viên),1.0,1,Hai Cũ,actor-actor,False,,False,
Lý Huỳnh,Phương Thanh (diễn viên),1.0,1,Hai Cũ,actor-actor,False,,False,
Lý Huỳnh,Thùy Liên,1.0,1,Hai Cũ,actor-actor,False,,False,
Lý Huỳnh,Khương Mễ,1.0,1,Hai Cũ,actor-actor,False,,False,
Thương Tín (diễn viên),Phương Thanh (diễn viên),1.0,1,Hai Cũ,actor-actor,False,,False,
Thương Tín (diễn viên),Thùy Liên,1.0,1,Hai Cũ,actor-actor,False,,False,
Thương Tín (diễn viên),Khương Mễ,1.0,1,Hai Cũ,actor-actor,False,,False,
Thương Tín (diễn viên),Kiều Chinh,1.0,1,Đoạt hồn,actor-actor,False,,False,
Thương Tín (diễn viên),Nguyễn Minh Trang,1.0,1,Đoạt hồn,actor-actor,False,,False,
Thương Tín (diễn viên),Nhung Kate (diễn viên),1.0,1,Đoạt hồn,actor-actor,False,,False,
Thương Tín (diễn viên),Suboi,1.0,1,Đoạt hồn,actor-actor,False,,False,
Thương Tín (diễn viên),Minh Châu (diễn viên),1.0,1,Cu li không bao giờ khóc,actor-actor,False,,False,
Thương Tín (diễn viên),Quốc Tuấn (diễn viên),1.0,1,Cu li không bao giờ khóc,actor-actor,False,,False,
Phương Thanh (diễn viên),Thùy Liên,1.0,1,Hai Cũ,actor-actor,False,,False,
Phương Thanh (diễn viên),Khương Mễ,1.0,1,Hai Cũ,actor-actor,False,,False,
Thùy Liên,Khương Mễ,1.0,1,Hai Cũ,actor-actor,False,,False,
Lê Văn Lộc (diễn viên),Lương Triều Vĩ,1.0,1,Xích lô (phim),actor-actor,False,,False,
Lê Văn Lộc (diễn viên),Trần Nữ Yên Khê,1.0,1,Xích lô (phim),actor-actor,False,,False,
Lê Văn Lộc (diễn viên),Như Quỳnh (diễn viên),1.0,1,Xích lô (phim),actor-actor,False,,False,
Lê Văn Lộc (diễn viên),Ngô Vũ Quang Hải,1.0,1,Xích lô (phim),actor-actor,False,,False,
Lê Văn Lộc (diễn viên),Nguyễn Tuyết Ngân,1.0,1,Xích lô (phim),actor-actor,False,,False,
Lê Văn Lộc (diễn viên),Đoàn Việt Hà,1.0,1,Xích lô (phim),actor-actor,False,,False,
Lê Văn Lộc (diễn viên),Bùi Hoàng Huy,1.0,1,Xích lô (phim),actor-actor,False,,False,
Lê Văn Lộc (diễn viên),Võ Vĩnh Phúc,1.0,1,Xích lô (phim),actor-actor,False,,False,
Lê Văn Lộc (diễn viên),Lê Đình Huy,1.0,1,Xích lô (phim),actor-actor,False,,False,
Lê Văn Lộc (diễn viên),Phạm Ngọc Liễu,1.0,1,Xích lô (phim),actor-actor,False,,False,
Lê Văn Lộc (diễn viên),Lê Tuấn Anh (diễn viên),1.0,1,Xích lô (phim),actor-actor,False,,False,
Lê Văn Lộc (diễn viên),Bùi Thị Minh Đức,1.0,1,Xích lô (phim),actor-actor,False,,False,
Lê Văn Lộc (diễn viên),Trịnh Thịnh,1.0,1,Xích lô (phim),actor-actor,False,,False,
Lê Văn Lộc (diễn viên),Nguyễn Đình Thơ,1.0,1,Xích lô (phim),actor-actor,False,,False,
Lê Văn Lộc (diễn viên),Việt Thắng (diễn viên),1.0,1,Xích lô (phim),actor-actor,False,,False,
Lê Văn Lộc (diễn viên),Thanh Lam,1.0,1,Xích lô (phim),actor-actor,False,,False,
Lê Văn Lộc (diễn viên),Gia Khoan,1.0,1,Xích lô (phim),actor-actor,False,,False,
Lê Văn Lộc (diễn viên),Huang Kiem,1.0,1,Xích lô (phim),actor-actor,False,,False,
Lê Văn Lộc (diễn viên),Chu Hùng,1.0,1,Xích lô (phim),actor-actor,False,,False,
Lê Văn Lộc (diễn viên),Mạnh Cường,1.0,1,Xích lô (phim),actor-actor,False,,False,
Lê Văn Lộc (diễn viên),Trần Quốc Hùng,1.0,1,Xích lô (phim),actor-actor,False,,False,
Lê Văn Lộc (diễn viên),Võ Thế Vỹ,1.0,1,Xích lô (phim),actor-actor,False,,False,
Lê Văn Lộc (diễn viên),Trương Thanh Nghi,1.0,1,Xích lô (phim),actor-actor,False,,False,
Lê Văn Lộc (diễn viên),Phạm Hải Trường,1.0,1,Xích lô (phim),actor-actor,False,,False,
Lê Văn Lộc (diễn viên),Ánh Hoa,1.0,1,Xích lô (phim),actor-actor,False,,False,
Lê Văn Lộc (diễn viên),Trần Lộc,1.0,1,Xích lô (phim),actor-actor,False,,False,
Lê Văn Lộc (diễn viên),Trần Minh Tuấn (diễn viên),1.0,1,Xích lô (phim),actor-actor,False,,False,
Lê Văn Lộc (diễn viên),Nguyễn Văn Tùng (diễn viên),1.0,1,Xích lô (phim),actor-actor,False,,False,
Lê Văn Lộc (diễn viên),Phạm Duy Hương,1.0,1,Xích lô (phim),actor-actor,False,,False,
Lê Văn Lộc (diễn viên),Lê Thái Ngọc Hoan,1.0,1,Xích lô (phim),actor-actor,False,,False,
Lê Văn Lộc (diễn viên),Bá Phan Châu Toàn,1.0,1,Xích lô (phim),actor-actor,False,,False,
Lê Văn Lộc (diễn viên),Đặng Minh Châu (diễn viên),1.0,1,Xích lô (phim),actor-actor,False,,False,
Lê Văn Lộc (diễn viên),Trần Văn Lợi,1.0,1,Xích lô (phim),actor-actor,False,,False,
Lê Văn Lộc (diễn viên),Lê Anh Sơn,1.0,1,Xích lô (phim),actor-actor,False,,False,
Lê Văn Lộc (diễn viên),Phạm Văn Nhân (diễn viên),1.0,1,Xích lô (phim),actor-actor,False,,False,
Lê Văn Lộc (diễn viên),Đặng Văn Đức,1.0,1,Xích lô (phim),actor-actor,False,,False,
Lê Văn Lộc (diễn viên),Trần Nhật Vũ,1.0,1,Xích lô (phim),actor-actor,False,,False,
Lê Văn Lộc (diễn viên),Nguyễn Hữu Châu (quần chúng),1.0,1,Xích lô (phim),actor-actor,False,,False,
Lương Triều Vĩ,Trần Nữ Yên Khê,1.0,1,Xích lô (phim),actor-actor,False,,False,
Lương Triều Vĩ,Như Quỳnh (diễn viên),1.0,1,Xích lô (phim),actor-actor,False,,False,
Lương Triều Vĩ,Ngô Vũ Quang Hải,1.0,1,Xích lô (phim),actor-actor,False,,False,
Lương Triều Vĩ,Nguyễn Tuyết Ngân,1.0,1,Xích lô (phim),actor-actor,False,,False,
Lương Triều Vĩ,Đoàn Việt Hà,1.0,1,Xích lô (phim),actor-actor,False,,False,
Lương Triều Vĩ,Bùi Hoàng Huy,1.0,1,Xích lô (phim),actor-actor,False,,False,
Lương Triều Vĩ,Võ Vĩnh Phúc,1.0,1,Xích lô (phim),actor-actor,False,,False,
Lương Triều Vĩ,Lê Đình Huy,1.0,1,Xích lô (phim),actor-actor,False,,False,
Lương Triều Vĩ,Phạm Ngọc Liễu,1.0,1,Xích lô (phim),actor-actor,False,,False,
Lương Triều Vĩ,Lê Tuấn Anh (diễn viên),1.0,1,Xích lô (phim),actor-actor,False,,False,
Lương Triều Vĩ,Bùi Thị Minh Đức,1.0,1,Xích lô (phim),actor-actor,False,,False,
Lương Triều Vĩ,Trịnh Thịnh,1.0,1,Xích lô (phim),actor-actor,False,,False,
Lương Triều Vĩ,Nguyễn Đình Thơ,1.0,1,Xích lô (phim),actor-actor,False,,False,
Lương Triều Vĩ,Việt Thắng (diễn viên),1.0,1,Xích lô (phim),actor-actor,False,,False,
Lương Triều Vĩ,Thanh Lam,1.0,1,Xích lô (phim),actor-actor,False,,False,
Lương Triều Vĩ,Gia Khoan,1.0,1,Xích lô (phim),actor-actor,False,,False,
Lương Triều Vĩ,Huang Kiem,1.0,1,Xích lô (phim),actor-actor,False,,False,
Lương Triều Vĩ,Chu Hùng,1.0,1,Xích lô (phim),actor-actor,False,,False,
Lương Triều Vĩ,Mạnh Cường,1.0,1,Xích lô (phim),actor-actor,False,,False,
Lương Triều Vĩ,Trần Quốc Hùng,1.0,1,Xích lô (phim),actor-actor,False,,False,
Lương Triều Vĩ,Võ Thế Vỹ,1.0,1,Xích lô (phim),actor-actor,False,,False,
Lương Triều Vĩ,Trương Thanh Nghi,1.0,1,Xích lô (phim),actor-actor,False,,False,
Lương Triều Vĩ,Phạm Hải Trường,1.0,1,Xích lô (phim),actor-actor,False,,False,
Lương Triều Vĩ,Ánh Hoa,1.0,1,Xích lô (phim),actor-actor,False,,False,
Lương Triều Vĩ,Trần Lộc,1.0,1,Xích lô (phim),actor-actor,False,,False,
Lương Triều Vĩ,Trần Minh Tuấn (diễn viên),1.0,1,Xích lô (phim),actor-actor,False,,False,
Lương Triều Vĩ,Nguyễn Văn Tùng (diễn viên),1.0,1,Xích lô (phim),actor-actor,False,,False,
Lương Triều Vĩ,Phạm Duy Hương,1.0,1,Xích lô (phim),actor-actor,False,,False,
Lương Triều Vĩ,Lê Thái Ngọc Hoan,1.0,1,Xích lô (phim),actor-actor,False,,False,
Lương Triều Vĩ,Bá Phan Châu Toàn,1.0,1,Xích lô (phim),actor-actor,False,,False,
Lương Triều Vĩ,Đặng Minh Châu (diễn viên),1.0,1,Xích lô (phim),actor-actor,False,,False,
Lương Triều Vĩ,Trần Văn Lợi,1.0,1,Xích lô (phim),actor-actor,False,,False,
Lương Triều Vĩ,Lê Anh Sơn,1.0,1,Xích lô (phim),actor-actor,False,,False,
Lương Triều Vĩ,Phạm Văn Nhân (diễn viên),1.0,1,Xích lô (phim),actor-actor,False,,False,
Lương Triều Vĩ,Đặng Văn Đức,1.0,1,Xích lô (phim),actor-actor,False,,False,
Lương Triều Vĩ,Trần Nhật Vũ,1.0,1,Xích lô (phim),actor-actor,False,,False,
Lương Triều Vĩ,Nguyễn Hữu Châu (quần chúng),1.0,1,Xích lô (phim),actor-actor,False,,False,
Trần Nữ Yên Khê,Như Quỳnh (diễn viên),1.0,1,Xích lô (phim),actor-actor,False,,False,
Trần Nữ Yên Khê,Ngô Vũ Quang Hải,1.0,1,Xích lô (phim),actor-actor,False,,False,
Trần Nữ Yên Khê,Nguyễn Tuyết Ngân,1.0,1,Xích lô (phim),actor-actor,False,,False,
Trần Nữ Yên Khê,Đoàn Việt Hà,1.0,1,Xích lô (phim),actor-actor,False,,False,
Trần Nữ Yên Khê,Bùi Hoàng Huy,1.0,1,Xích lô (phim),actor-actor,False,,False,
Trần Nữ Yên Khê,Võ Vĩnh Phúc,1.0,1,Xích lô (phim),actor-actor,False,,False,
Trần Nữ Yên Khê,Lê Đình Huy,1.0,1,Xích lô (phim),actor-actor,False,,False,
Trần Nữ Yên Khê,Phạm Ngọc Liễu,1.0,1,Xích lô (phim),actor-actor,False,,False,
Trần Nữ Yên Khê,Lê Tuấn Anh (diễn viên),1.0,1,Xích lô (phim),actor-actor,False,,False,
Trần Nữ Yên Khê,Bùi Thị Minh Đức,1.0,1,Xích lô (phim),actor-actor,False,,False,
Trần Nữ Yên Khê,Trịnh Thịnh,1.0,1,Xích lô (phim),actor-actor,False,,False,
Trần Nữ Yên Khê,Nguyễn Đình Thơ,1.0,1,Xích lô (phim),actor-actor,False,,False,
Trần Nữ Yên Khê,Việt Thắng (diễn viên),1.3,1,Xích lô (phim),actor-actor,False,,True,"Hà Nội, Việt Nam Dân chủ Cộng hòa"
Trần Nữ Yên Khê,Thanh Lam,1.3,1,Xích lô (phim),actor-actor,False,,True,"Hà Nội, Việt Nam Dân chủ Cộng hòa"
Trần Nữ Yên Khê,Gia Khoan,1.0,1,Xích lô (phim),actor-actor,False,,False,
Trần Nữ Yên Khê,Huang Kiem,1.0,1,Xích lô (phim),actor-actor,False,,False,
Trần Nữ Yên Khê,Chu Hùng,1.3,1,Xích lô (phim),actor-actor,False,,True,"Hà Nội, Việt Nam Dân chủ Cộng hòa"
Trần Nữ Yên Khê,Mạnh Cường,1.3,1,Xích lô (phim),actor-actor,False,,True,"Hà Nội, Việt Nam Dân chủ Cộng hòa"
Trần Nữ Yên Khê,Trần Quốc Hùng,1.0,1,Xích lô (phim),actor-actor,False,,False,
Trần Nữ Yên Khê,Võ Thế Vỹ,1.0,1,Xích lô (phim),actor-actor,False,,False,
Trần Nữ Yên Khê,Trương Thanh Nghi,1.0,1,Xích lô (phim),actor-actor,False,,False,
Trần Nữ Yên Khê,Phạm Hải Trường,1.0,1,Xích lô (phim),actor-actor,False,,False,
Trần Nữ Yên Khê,Ánh Hoa,1.0,1,Xích lô (phim),actor-actor,False,,False,
Trần Nữ Yên Khê,Trần Lộc,1.0,1,Xích lô (phim),actor-actor,False,,False,
Trần Nữ Yên Khê,Trần Minh Tuấn (diễn viên),1.0,1,Xích lô (phim),actor-actor,False,,False,
Trần Nữ Yên Khê,Nguyễn Văn Tùng (diễn viên),1.0,1,Xích lô (phim),actor-actor,False,,False,
Trần Nữ Yên Khê,Phạm Duy Hương,1.0,1,Xích lô (phim),actor-actor,False,,False,
Trần Nữ Yên Khê,Lê Thái Ngọc Hoan,1.0,1,Xích lô (phim),actor-actor,False,,False,
Trần Nữ Yên Khê,Bá Phan Châu Toàn,1.0,1,Xích lô (phim),actor-actor,False,,False,
Trần Nữ Yên Khê,Đặng Minh Châu (diễn viên),1.0,1,Xích lô (phim),actor-actor,False,,False,
Trần Nữ Yên Khê,Trần Văn Lợi,1.0,1,Xích lô (phim),actor-actor,False,,False,
Trần Nữ Yên Khê,Lê Anh Sơn,1.0,1,Xích lô (phim),actor-actor,False,,False,
Trần Nữ Yên Khê,Phạm Văn Nhân (diễn viên),1.0,1,Xích lô (phim),actor-actor,False,,False,
Trần Nữ Yên Khê,Đặng Văn Đức,1.0,1,Xích lô (phim),actor-actor,False,,False,
Trần Nữ Yên Khê,Trần Nhật Vũ,1.0,1,Xích lô (phim),actor-actor,False,,False,
Trần Nữ Yên Khê,Nguyễn Hữu Châu (quần chúng),1.0,1,Xích lô (phim),actor-actor,False,,False,
Trần Nữ Yên Khê,Công Lý (diễn viên),0.3,0,,,False,,True,"Hà Nội, Việt Nam Dân chủ Cộng hòa"
Trần Nữ Yên Khê,Nguyễn Minh Trang,0.3,0,,,False,,True,"Hà Nội, Việt Nam Dân chủ Cộng hòa"
Trần Nữ Yên Khê,Quốc Khánh (nghệ sĩ),0.3,0,,,False,,True,"Hà Nội, Việt Nam Dân chủ Cộng hòa"
Trần Nữ Yên Khê,Tất Bình,0.3,0,,,False,,True,"Hà Nội, Việt Nam Dân chủ Cộng hòa"
Trần Nữ Yên Khê,Dũng Nhi,0.3,0,,,False,,True,"Hà Nội, Việt Nam Dân chủ Cộng hòa"
Trần Nữ Yên Khê,Nguyễn Vĩnh Xương,0.3,0,,,False,,True,"Hà Nội, Việt Nam Dân chủ Cộng hòa"
Như Quỳnh (diễn viên),Ngô Vũ Quang Hải,1.0,1,Xích lô (phim),actor-actor,False,,False,
Như Quỳnh (diễn viên),Nguyễn Tuyết Ngân,1.0,1,Xích lô (phim),actor-actor,False,,False,
Như Quỳnh (diễn viên),Đoàn Việt Hà,1.0,1,Xích lô (phim),actor-actor,False,,False,
Như Quỳnh (diễn viên),Bùi Hoàng Huy,1.0,1,Xích lô (phim),actor-actor,False,,False,
Như Quỳnh (diễn viên),Võ Vĩnh Phúc,1.0,1,Xích lô (phim),actor-actor,False,,False,
Như Quỳnh (diễn viên),Lê Đình Huy,1.0,1,Xích lô (phim),actor-actor,False,,False,
Như Quỳnh (diễn viên),Phạm Ngọc Liễu,1.0,1,Xích lô (phim),actor-actor,False,,False,
Như Quỳnh (diễn viên),Lê Tuấn Anh (diễn viên),1.0,1,Xích lô (phim),actor-actor,False,,False,
Như Quỳnh (diễn viên),Bùi Thị Minh Đức,1.0,1,Xích lô (phim),actor-actor,False,,False,
Như Quỳnh (diễn viên),Trịnh Thịnh,1.0,1,Xích lô (phim),actor-actor,False,,False,
Như Quỳnh (diễn viên),Nguyễn Đình Thơ,1.0,1,Xích lô (phim),actor-actor,False,,False,
Như Quỳnh (diễn viên),Việt Thắng (diễn viên),1.0,1,Xích lô (phim),actor-actor,False,,False,
Như Quỳnh (diễn viên),Thanh Lam,1.0,1,Xích lô (phim),actor-actor,False,,False,
Như Quỳnh (diễn viên),Gia Khoan,1.0,1,Xích lô (phim),actor-actor,False,,False,
Như Quỳnh (diễn viên),Huang Kiem,1.0,1,Xích lô (phim),actor-actor,False,,False,
Như Quỳnh (diễn viên),Chu Hùng,1.0,1,Xích lô (phim),actor-actor,False,,False,
Như Quỳnh (diễn viên),Mạnh Cường,1.0,1,Xích lô (phim),actor-actor,False,,False,
Như Quỳnh (diễn viên),Trần Quốc Hùng,1.0,1,Xích lô (phim),actor-actor,False,,False,
Như Quỳnh (diễn viên),Võ Thế Vỹ,1.0,1,Xích lô (phim),actor-actor,False,,False,
Như Quỳnh (diễn viên),Trương Thanh Nghi,1.0,1,Xích lô (phim),actor-actor,False,,False,
Như Quỳnh (diễn viên),Phạm Hải Trường,1.0,1,Xích lô (phim),actor-actor,False,,False,
Như Quỳnh (diễn viên),Ánh Hoa,1.0,1,Xích lô (phim),actor-actor,False,,False,
Như Quỳnh (diễn viên),Trần Lộc,1.0,1,Xích lô (phim),actor-actor,False,,False,
Như Quỳnh (diễn viên),Trần Minh Tuấn (diễn viên),1.0,1,Xích lô (phim),actor-actor,False,,False,
Như Quỳnh (diễn viên),Nguyễn Văn Tùng (diễn viên),1.0,1,Xích lô (phim),actor-actor,False,,False,
Như Quỳnh (diễn viên),Phạm Duy Hương,1.0,1,Xích lô (phim),actor-actor,False,,False,
Như Quỳnh (diễn viên),Lê Thái Ngọc Hoan,1.0,1,Xích lô (phim),actor-actor,False,,False,
Như Quỳnh (diễn viên),Bá Phan Châu Toàn,1.0,1,Xích lô (phim),actor-actor,False,,False,
Như Quỳnh (diễn viên),Đặng Minh Châu (diễn viên),1.0,1,Xích lô (phim),actor-actor,False,,False,
Như Quỳnh (diễn viên),Trần Văn Lợi,1.0,1,Xích lô (phim),actor-actor,False,,False,
Như Quỳnh (diễn viên),Lê Anh Sơn,1.0,1,Xích lô (phim),actor-actor,False,,False,
Như Quỳnh (diễn viên),Phạm Văn Nhân (diễn viên),1.0,1,Xích lô (phim),actor-actor,False,,False,
Như Quỳnh (diễn viên),Đặng Văn Đức,1.0,1,Xích lô (phim),actor-actor,False,,False,
Như Quỳnh (diễn viên),Trần Nhật Vũ,1.0,1,Xích lô (phim),actor-actor,False,,False,
Như Quỳnh (diễn viên),Nguyễn Hữu Châu (quần chúng),1.0,1,Xích lô (phim),actor-actor,False,,False,
Như Quỳnh (diễn viên),Quốc Khánh (nghệ sĩ),1.0,1,Áo lụa Hà Đông (phim),actor-actor,False,,False,
Như Quỳnh (diễn viên),Tú Trinh,1.0,1,Áo lụa Hà Đông (phim),actor-actor,False,,False,
Như Quỳnh (diễn viên),Tất Bình,1.0,1,Áo lụa Hà Đông (phim),actor-actor,False,,False,
Như Quỳnh (diễn viên),Hà Kiều Anh,1.0,1,Áo lụa Hà Đông (phim),actor-actor,False,,False,
Như Quỳnh (diễn viên),Minh Anh (diễn viên),1.0,1,Những cô gái chân dài,actor-actor,False,,False,
Như Quỳnh (diễn viên),Dương Yến Ngọc,1.0,1,Những cô gái chân dài,actor-actor,False,,False,
Như Quỳnh (diễn viên),Tống Bạch Thủy,1.0,1,Những cô gái chân dài,actor-actor,False,,False,
Như Quỳnh (diễn viên),Ngọc Nga,1.0,1,Những cô gái chân dài,actor-actor,False,,False,
Như Quỳnh (diễn viên),Trương Thanh Long,1.0,1,Những cô gái chân dài,actor-actor,False,,False,
Như Quỳnh (diễn viên),Hải Đông,1.0,1,Những cô gái chân dài,actor-actor,False,,False,
Như Quỳnh (diễn viên),Thanh Thúy (diễn viên sinh 1982),1.0,1,Những cô gái chân dài,actor-actor,False,,False,
Như Quỳnh (diễn viên),Như Cầm,1.0,1,Những cô gái chân dài,actor-actor,False,,False,
Như Quỳnh (diễn viên),Lã Thanh Huyền,1.0,1,Người trở về,actor-actor,False,,False,
Như Quỳnh (diễn viên),Trương Minh Quốc Thái,1.0,1,Người trở về,actor-actor,False,,False,
Như Quỳnh (diễn viên),Tiến Lộc (diễn viên),1.0,1,Người trở về,actor-actor,False,,False,
Như Quỳnh (diễn viên),Dũng Nhi,1.0,1,Người trở về,actor-actor,False,,False,
Như Quỳnh (diễn viên),Thiện Tùng,1.0,1,Người trở về,actor-actor,False,,False,
Như Quỳnh (diễn viên),Đỗ Thị Hải Yến,1.0,1,Chuyện của Pao,actor-actor,False,,False,
Như Quỳnh (diễn viên),Hoa Thúy,1.0,1,Chuyện của Pao,actor-actor,False,,False,
Như Quỳnh (diễn viên),Ngô Quang Hải,1.0,1,Chuyện của Pao,director-actor,False,,False,
Ngô Vũ Quang Hải,Nguyễn Tuyết Ngân,1.0,1,Xích lô (phim),actor-actor,False,,False,
Ngô Vũ Quang Hải,Đoàn Việt Hà,1.0,1,Xích lô (phim),actor-actor,False,,False,
Ngô Vũ Quang Hải,Bùi Hoàng Huy,1.0,1,Xích lô (phim),actor-actor,False,,False,
Ngô Vũ Quang Hải,Võ Vĩnh Phúc,1.0,1,Xích lô (phim),actor-actor,False,,False,
Ngô Vũ Quang Hải,Lê Đình Huy,1.0,1,Xích lô (phim),actor-actor,False,,False,
Ngô Vũ Quang Hải,Phạm Ngọc Liễu,1.0,1,Xích lô (phim),actor-actor,False,,False,
Ngô Vũ Quang Hải,Lê Tuấn Anh (diễn viên),1.0,1,Xích lô (phim),actor-actor,False,,False,
Ngô Vũ Quang Hải,Bùi Thị Minh Đức,1.0,1,Xích lô (phim),actor-actor,False,,False,
Ngô Vũ Quang Hải,Trịnh Thịnh,1.0,1,Xích lô (phim),actor-actor,False,,False,
Ngô Vũ Quang Hải,Nguyễn Đình Thơ,1.0,1,Xích lô (phim),actor-actor,False,,False,
Ngô Vũ Quang Hải,Việt Thắng (diễn viên),1.0,1,Xích lô (phim),actor-actor,False,,False,
Ngô Vũ Quang Hải,Thanh Lam,1.0,1,Xích lô (phim),actor-actor,False,,False,
Ngô Vũ Quang Hải,Gia Khoan,1.0,1,Xích lô (phim),actor-actor,False,,False,
Ngô Vũ Quang Hải,Huang Kiem,1.0,1,Xích lô (phim),actor-actor,False,,False,
Ngô Vũ Quang Hải,Chu Hùng,1.0,1,Xích lô (phim),actor-actor,False,,False,
Ngô Vũ Quang Hải,Mạnh Cường,1.0,1,Xích lô (phim),actor-actor,False,,False,
Ngô Vũ Quang Hải,Trần Quốc Hùng,1.0,1,Xích lô (phim),actor-actor,False,,False,
Ngô Vũ Quang Hải,Võ Thế Vỹ,1.0,1,Xích lô (phim),actor-actor,False,,False,
Ngô Vũ Quang Hải,Trương Thanh Nghi,1.0,1,Xích lô (phim),actor-actor,False,,False,
Ngô Vũ Quang Hải,Phạm Hải Trường,1.0,1,Xích lô (phim),actor-actor,False,,False,
Ngô Vũ Quang Hải,Ánh Hoa,1.0,1,Xích lô (phim),actor-actor,False,,False,
Ngô Vũ Quang Hải,Trần Lộc,1.0,1,Xích lô (phim),actor-actor,False,,False,
Ngô Vũ Quang Hải,Trần Minh Tuấn (diễn viên),1.0,1,Xích lô (phim),actor-actor,False,,False,
Ngô Vũ Quang Hải,Nguyễn Văn Tùng (diễn viên),1.0,1,Xích lô (phim),actor-actor,False,,False,
Ngô Vũ Quang Hải,Phạm Duy Hương,1.0,1,Xích lô (phim),actor-actor,False,,False,
Ngô Vũ Quang Hải,Lê Thái Ngọc Hoan,1.0,1,Xích lô (phim),actor-actor,False,,False,
Ngô Vũ Quang Hải,Bá Phan Châu Toàn,1.0,1,Xích lô (phim),actor-actor,False,,False,
Ngô Vũ Quang Hải,Đặng Minh Châu (diễn viên),1.0,1,Xích lô (phim),actor-actor,False,,False,
Ngô Vũ Quang Hải,Trần Văn Lợi,1.0,1,Xích lô (phim),actor-actor,False,,False,
Ngô Vũ Quang Hải,Lê Anh Sơn,1.0,1,Xích lô (phim),actor-actor,False,,False,
Ngô Vũ Quang Hải,Phạm Văn Nhân (diễn viên),1.0,1,Xích lô (phim),actor-actor,False,,False,
Ngô Vũ Quang Hải,Đặng Văn Đức,1.0,1,Xích lô (phim),actor-actor,False,,False,
Ngô Vũ Quang Hải,Trần Nhật Vũ,1.0,1,Xích lô (phim),actor-actor,False,,False,
Ngô Vũ Quang Hải,Nguyễn Hữu Châu (quần chúng),1.0,1,Xích lô (phim),actor-actor,False,,False,
Nguyễn Tuyết Ngân,Đoàn Việt Hà,1.0,1,Xích lô (phim),actor-actor,False,,False,
Nguyễn Tuyết Ngân,Bùi Hoàng Huy,1.0,1,Xích lô (phim),actor-actor,False,,False,
Nguyễn Tuyết Ngân,Võ Vĩnh Phúc,1.0,1,Xích lô (phim),actor-actor,False,,False,
Nguyễn Tuyết Ngân,Lê Đình Huy,1.0,1,Xích lô (phim),actor-actor,False,,False,
Nguyễn Tuyết Ngân,Phạm Ngọc Liễu,1.0,1,Xích lô (phim),actor-actor,False,,False,
Nguyễn Tuyết Ngân,Lê Tuấn Anh (diễn viên),1.0,1,Xích lô (phim),actor-actor,False,,False,
Nguyễn Tuyết Ngân,Bùi Thị Minh Đức,1.0,1,Xích lô (phim),actor-actor,False,,False,
Nguyễn Tuyết Ngân,Trịnh Thịnh,1.0,1,Xích lô (phim),actor-actor,False,,False,
Nguyễn Tuyết Ngân,Nguyễn Đình Thơ,1.0,1,Xích lô (phim),actor-actor,False,,False,
Nguyễn Tuyết Ngân,Việt Thắng (diễn viên),1.0,1,Xích lô (phim),actor-actor,False,,False,
Nguyễn Tuyết Ngân,Thanh Lam,1.0,1,Xích lô (phim),actor-actor,False,,False,
Nguyễn Tuyết Ngân,Gia Khoan,1.0,1,Xích lô (phim),actor-actor,False,,False,
Nguyễn Tuyết Ngân,Huang Kiem,1.0,1,Xích lô (phim),actor-actor,False,,False,
Nguyễn Tuyết Ngân,Chu Hùng,1.0,1,Xích lô (phim),actor-actor,False,,False,
Nguyễn Tuyết Ngân,Mạnh Cường,1.0,1,Xích lô (phim),actor-actor,False,,False,
Nguyễn Tuyết Ngân,Trần Quốc Hùng,1.0,1,Xích lô (phim),actor-actor,False,,False,
Nguyễn Tuyết Ngân,Võ Thế Vỹ,1.0,1,Xích lô (phim),actor-actor,False,,False,
Nguyễn Tuyết Ngân,Trương Thanh Nghi,1.0,1,Xích lô (phim),actor-actor,False,,False,
Nguyễn Tuyết Ngân,Phạm Hải Trường,1.0,1,Xích lô (phim),actor-actor,False,,False,
Nguyễn Tuyết Ngân,Ánh Hoa,1.0,1,Xích lô (phim),actor-actor,False,,False,
Nguyễn Tuyết Ngân,Trần Lộc,1.0,1,Xích lô (phim),actor-actor,False,,False,
Nguyễn Tuyết Ngân,Trần Minh Tuấn (diễn viên),1.0,1,Xích lô (phim),actor-actor,False,,False,
Nguyễn Tuyết Ngân,Nguyễn Văn Tùng (diễn viên),1.0,1,Xích lô (phim),actor-actor,False,,False,
Nguyễn Tuyết Ngân,Phạm Duy Hương,1.0,1,Xích lô (phim),actor-actor,False,,False,
Nguyễn Tuyết Ngân,Lê Thái Ngọc Hoan,1.0,1,Xích lô (phim),actor-actor,False,,False,
Nguyễn Tuyết Ngân,Bá Phan Châu Toàn,1.0,1,Xích lô (phim),actor-actor,False,,False,
Nguyễn Tuyết Ngân,Đặng Minh Châu (diễn viên),1.0,1,Xích lô (phim),actor-actor,False,,False,
Nguyễn Tuyết Ngân,Trần Văn Lợi,1.0,1,Xích lô (phim),actor-actor,False,,False,
Nguyễn Tuyết Ngân,Lê Anh Sơn,1.0,1,Xích lô (phim),actor-actor,False,,False,
Nguyễn Tuyết Ngân,Phạm Văn Nhân (diễn viên),1.0,1,Xích lô (phim),actor-actor,False,,False,
Nguyễn Tuyết Ngân,Đặng Văn Đức,1.0,1,Xích lô (phim),actor-actor,False,,False,
Nguyễn Tuyết Ngân,Trần Nhật Vũ,1.0,1,Xích lô (phim),actor-actor,False,,False,
Nguyễn Tuyết Ngân,Nguyễn Hữu Châu (quần chúng),1.0,1,Xích lô (phim),actor-actor,False,,False,
Đoàn Việt Hà,Bùi Hoàng Huy,1.0,1,Xích lô (phim),actor-actor,False,,False,
Đoàn Việt Hà,Võ Vĩnh Phúc,1.0,1,Xích lô (phim),actor-actor,False,,False,
Đoàn Việt Hà,Lê Đình Huy,1.0,1,Xích lô (phim),actor-actor,False,,False,
Đoàn Việt Hà,Phạm Ngọc Liễu,1.0,1,Xích lô (phim),actor-actor,False,,False,
Đoàn Việt Hà,Lê Tuấn Anh (diễn viên),1.0,1,Xích lô (phim),actor-actor,False,,False,
Đoàn Việt Hà,Bùi Thị Minh Đức,1.0,1,Xích lô (phim),actor-actor,False,,False,
Đoàn Việt Hà,Trịnh Thịnh,1.0,1,Xích lô (phim),actor-actor,False,,False,
Đoàn Việt Hà,Nguyễn Đình Thơ,1.0,1,Xích lô (phim),actor-actor,False,,False,
Đoàn Việt Hà,Việt Thắng (diễn viên),1.0,1,Xích lô (phim),actor-actor,False,,False,
Đoàn Việt Hà,Thanh Lam,1.0,1,Xích lô (phim),actor-actor,False,,False,
Đoàn Việt Hà,Gia Khoan,1.0,1,Xích lô (phim),actor-actor,False,,False,
Đoàn Việt Hà,Huang Kiem,1.0,1,Xích lô (phim),actor-actor,False,,False,
Đoàn Việt Hà,Chu Hùng,1.0,1,Xích lô (phim),actor-actor,False,,False,
Đoàn Việt Hà,Mạnh Cường,1.0,1,Xích lô (phim),actor-actor,False,,False,
Đoàn Việt Hà,Trần Quốc Hùng,1.0,1,Xích lô (phim),actor-actor,False,,False,
Đoàn Việt Hà,Võ Thế Vỹ,1.0,1,Xích lô (phim),actor-actor,False,,False,
Đoàn Việt Hà,Trương Thanh Nghi,1.0,1,Xích lô (phim),actor-actor,False,,False,
Đoàn Việt Hà,Phạm Hải Trường,1.0,1,Xích lô (phim),actor-actor,False,,False,
Đoàn Việt Hà,Ánh Hoa,1.0,1,Xích lô (phim),actor-actor,False,,False,
Đoàn Việt Hà,Trần Lộc,1.0,1,Xích lô (phim),actor-actor,False,,False,
Đoàn Việt Hà,Trần Minh Tuấn (diễn viên),1.0,1,Xích lô (phim),actor-actor,False,,False,
Đoàn Việt Hà,Nguyễn Văn Tùng (diễn viên),1.0,1,Xích lô (phim),actor-actor,False,,False,
Đoàn Việt Hà,Phạm Duy Hương,1.0,1,Xích lô (phim),actor-actor,False,,False,
Đoàn Việt Hà,Lê Thái Ngọc Hoan,1.0,1,Xích lô (phim),actor-actor,False,,False,
Đoàn Việt Hà,Bá Phan Châu Toàn,1.0,1,Xích lô (phim),actor-actor,False,,False,
Đoàn Việt Hà,Đặng Minh Châu (diễn viên),1.0,1,Xích lô (phim),actor-actor,False,,False,
Đoàn Việt Hà,Trần Văn Lợi,1.0,1,Xích lô (phim),actor-actor,False,,False,
Đoàn Việt Hà,Lê Anh Sơn,1.0,1,Xích lô (phim),actor-actor,False,,False,
Đoàn Việt Hà,Phạm Văn Nhân (diễn viên),1.0,1,Xích lô (phim),actor-actor,False,,False,
Đoàn Việt Hà,Đặng Văn Đức,1.0,1,Xích lô (phim),actor-actor,False,,False,
Đoàn Việt Hà,Trần Nhật Vũ,1.0,1,Xích lô (phim),actor-actor,False,,False,
Đoàn Việt Hà,Nguyễn Hữu Châu (quần chúng),1.0,1,Xích lô (phim),actor-actor,False,,False,
Bùi Hoàng Huy,Võ Vĩnh Phúc,1.0,1,Xích lô (phim),actor-actor,False,,False,
Bùi Hoàng Huy,Lê Đình Huy,1.0,1,Xích lô (phim),actor-actor,False,,False,
Bùi Hoàng Huy,Phạm Ngọc Liễu,1.0,1,Xích lô (phim),actor-actor,False,,False,
Bùi Hoàng Huy,Lê Tuấn Anh (diễn viên),1.0,1,Xích lô (phim),actor-actor,False,,False,
Bùi Hoàng Huy,Bùi Thị Minh Đức,1.0,1,Xích lô (phim),actor-actor,False,,False,
Bùi Hoàng Huy,Trịnh Thịnh,1.0,1,Xích lô (phim),actor-actor,False,,False,
Bùi Hoàng Huy,Nguyễn Đình Thơ,1.0,1,Xích lô (phim),actor-actor,False,,False,
Bùi Hoàng Huy,Việt Thắng (diễn viên),1.0,1,Xích lô (phim),actor-actor,False,,False,
Bùi Hoàng Huy,Thanh Lam,1.0,1,Xích lô (phim),actor-actor,False,,False,
Bùi Hoàng Huy,Gia Khoan,1.0,1,Xích lô (phim),actor-actor,False,,False,
Bùi Hoàng Huy,Huang Kiem,1.0,1,Xích lô (phim),actor-actor,False,,False,
Bùi Hoàng Huy,Chu Hùng,1.0,1,Xích lô (phim),actor-actor,False,,False,
Bùi Hoàng Huy,Mạnh Cường,1.0,1,Xích lô (phim),actor-actor,False,,False,
Bùi Hoàng Huy,Trần Quốc Hùng,1.0,1,Xích lô (phim),actor-actor,False,,False,
Bùi Hoàng Huy,Võ Thế Vỹ,1.0,1,Xích lô (phim),actor-actor,False,,False,
Bùi Hoàng Huy,Trương Thanh Nghi,1.0,1,Xích lô (phim),actor-actor,False,,False,
Bùi Hoàng Huy,Phạm Hải Trường,1.0,1,Xích lô (phim),actor-actor,False,,False,
Bùi Hoàng Huy,Ánh Hoa,1.0,1,Xích lô (phim),actor-actor,False,,False,
Bùi Hoàng Huy,Trần Lộc,1.0,1,Xích lô (phim),actor-actor,False,,False,
Bùi Hoàng Huy,Trần Minh Tuấn (diễn viên),1.0,1,Xích lô (phim),actor-actor,False,,False,
Bùi Hoàng Huy,Nguyễn Văn Tùng (diễn viên),1.0,1,Xích lô (phim),actor-actor,False,,False,
Bùi Hoàng Huy,Phạm Duy Hương,1.0,1,Xích lô (phim),actor-actor,False,,False,
Bùi Hoàng Huy,Lê Thái Ngọc Hoan,1.0,1,Xích lô (phim),actor-actor,False,,False,
Bùi Hoàng Huy,Bá Phan Châu Toàn,1.0,1,Xích lô (phim),actor-actor,False,,False,
Bùi Hoàng Huy,Đặng Minh Châu (diễn viên),1.0,1,Xích lô (phim),actor-actor,False,,False,
Bùi Hoàng Huy,Trần Văn Lợi,1.0,1,Xích lô (phim),actor-actor,False,,False,
Bùi Hoàng Huy,Lê Anh Sơn,1.0,1,Xích lô (phim),actor-actor,False,,False,
Bùi Hoàng Huy,Phạm Văn Nhân (diễn viên),1.0,1,Xích lô (phim),actor-actor,False,,False,
Bùi Hoàng Huy,Đặng Văn Đức,1.0,1,Xích lô (phim),actor-actor,False,,False,
Bùi Hoàng Huy,Trần Nhật Vũ,1.0,1,Xích lô (phim),actor-actor,False,,False,
Bùi Hoàng Huy,Nguyễn Hữu Châu (quần chúng),1.0,1,Xích lô (phim),actor-actor,False,,False,
Võ Vĩnh Phúc,Lê Đình Huy,1.0,1,Xích lô (phim),actor-actor,False,,False,
Võ Vĩnh Phúc,Phạm Ngọc Liễu,1.0,1,Xích lô (phim),actor-actor,False,,False,
Võ Vĩnh Phúc,Lê Tuấn Anh (diễn viên),1.0,1,Xích lô (phim),actor-actor,False,,False,
Võ Vĩnh Phúc,Bùi Thị Minh Đức,1.0,1,Xích lô (phim),actor-actor,False,,False,
Võ Vĩnh Phúc,Trịnh Thịnh,1.0,1,Xích lô (phim),actor-actor,False,,False,
Võ Vĩnh Phúc,Nguyễn Đình Thơ,1.0,1,Xích lô (phim),actor-actor,False,,False,
Võ Vĩnh Phúc,Việt Thắng (diễn viên),1.0,1,Xích lô (phim),actor-actor,False,,False,
Võ Vĩnh Phúc,Thanh Lam,1.0,1,Xích lô (phim),actor-actor,False,,False,
Võ Vĩnh Phúc,Gia Khoan,1.0,1,Xích lô (phim),actor-actor,False,,False,
Võ Vĩnh Phúc,Huang Kiem,1.0,1,Xích lô (phim),actor-actor,False,,False,
Võ Vĩnh Phúc,Chu Hùng,1.0,1,Xích lô (phim),actor-actor,False,,False,
Võ Vĩnh Phúc,Mạnh Cường,1.0,1,Xích lô (phim),actor-actor,False,,False,
Võ Vĩnh Phúc,Trần Quốc Hùng,1.0,1,Xích lô (phim),actor-actor,False,,False,
Võ Vĩnh Phúc,Võ Thế Vỹ,1.0,1,Xích lô (phim),actor-actor,False,,False,
Võ Vĩnh Phúc,Trương Thanh Nghi,1.0,1,Xích lô (phim),actor-actor,False,,False,
Võ Vĩnh Phúc,Phạm Hải Trường,1.0,1,Xích lô (phim),actor-actor,False,,False,
Võ Vĩnh Phúc,Ánh Hoa,1.0,1,Xích lô (phim),actor-actor,False,,False,
Võ Vĩnh Phúc,Trần Lộc,1.0,1,Xích lô (phim),actor-actor,False,,False,
Võ Vĩnh Phúc,Trần Minh Tuấn (diễn viên),1.0,1,Xích lô (phim),actor-actor,False,,False,
Võ Vĩnh Phúc,Nguyễn Văn Tùng (diễn viên),1.0,1,Xích lô (phim),actor-actor,False,,False,
Võ Vĩnh Phúc,Phạm Duy Hương,1.0,1,Xích lô (phim),actor-actor,False,,False,
Võ Vĩnh Phúc,Lê Thái Ngọc Hoan,1.0,1,Xích lô (phim),actor-actor,False,,False,
Võ Vĩnh Phúc,Bá Phan Châu Toàn,1.0,1,Xích lô (phim),actor-actor,False,,False,
Võ Vĩnh Phúc,Đặng Minh Châu (diễn viên),1.0,1,Xích lô (phim),actor-actor,False,,False,
Võ Vĩnh Phúc,Trần Văn Lợi,1.0,1,Xích lô (phim),actor-actor,False,,False,
Võ Vĩnh Phúc,Lê Anh Sơn,1.0,1,Xích lô (phim),actor-actor,False,,False,
Võ Vĩnh Phúc,Phạm Văn Nhân (diễn viên),1.0,1,Xích lô (phim),actor-actor,False,,False,
Võ Vĩnh Phúc,Đặng Văn Đức,1.0,1,Xích lô (phim),actor-actor,False,,False,
Võ Vĩnh Phúc,Trần Nhật Vũ,1.0,1,Xích lô (phim),actor-actor,False,,False,
Võ Vĩnh Phúc,Nguyễn Hữu Châu (quần chúng),1.0,1,Xích lô (phim),actor-actor,False,,False,
Lê Đình Huy,Phạm Ngọc Liễu,1.0,1,Xích lô (phim),actor-actor,False,,False,
Lê Đình Huy,Lê Tuấn Anh (diễn viên),1.0,1,Xích lô (phim),actor-actor,False,,False,
Lê Đình Huy,Bùi Thị Minh Đức,1.0,1,Xích lô (phim),actor-actor,False,,False,
Lê Đình Huy,Trịnh Thịnh,1.0,1,Xích lô (phim),actor-actor,False,,False,
Lê Đình Huy,Nguyễn Đình Thơ,1.0,1,Xích lô (phim),actor-actor,False,,False,
Lê Đình Huy,Việt Thắng (diễn viên),1.0,1,Xích lô (phim),actor-actor,False,,False,
Lê Đình Huy,Thanh Lam,1.0,1,Xích lô (phim),actor-actor,False,,False,
Lê Đình Huy,Gia Khoan,1.0,1,Xích lô (phim),actor-actor,False,,False,
Lê Đình Huy,Huang Kiem,1.0,1,Xích lô (phim),actor-actor,False,,False,
Lê Đình Huy,Chu Hùng,1.0,1,Xích lô (phim),actor-actor,False,,False,
Lê Đình Huy,Mạnh Cường,1.0,1,Xích lô (phim),actor-actor,False,,False,
Lê Đình Huy,Trần Quốc Hùng,1.0,1,Xích lô (phim),actor-actor,False,,False,
Lê Đình Huy,Võ Thế Vỹ,1.0,1,Xích lô (phim),actor-actor,False,,False,
Lê Đình Huy,Trương Thanh Nghi,1.0,1,Xích lô (phim),actor-actor,False,,False,
Lê Đình Huy,Phạm Hải Trường,1.0,1,Xích lô (phim),actor-actor,False,,False,
Lê Đình Huy,Ánh Hoa,1.0,1,Xích lô (phim),actor-actor,False,,False,
Lê Đình Huy,Trần Lộc,1.0,1,Xích lô (phim),actor-actor,False,,False,
Lê Đình Huy,Trần Minh Tuấn (diễn viên),1.0,1,Xích lô (phim),actor-actor,False,,False,
Lê Đình Huy,Nguyễn Văn Tùng (diễn viên),1.0,1,Xích lô (phim),actor-actor,False,,False,
Lê Đình Huy,Phạm Duy Hương,1.0,1,Xích lô (phim),actor-actor,False,,False,
Lê Đình Huy,Lê Thái Ngọc Hoan,1.0,1,Xích lô (phim),actor-actor,False,,False,
Lê Đình Huy,Bá Phan Châu Toàn,1.0,1,Xích lô (phim),actor-actor,False,,False,
Lê Đình Huy,Đặng Minh Châu (diễn viên),1.0,1,Xích lô (phim),actor-actor,False,,False,
Lê Đình Huy,Trần Văn Lợi,1.0,1,Xích lô (phim),actor-actor,False,,False,
Lê Đình Huy,Lê Anh Sơn,1.0,1,Xích lô (phim),actor-actor,False,,False,
Lê Đình Huy,Phạm Văn Nhân (diễn viên),1.0,1,Xích lô (phim),actor-actor,False,,False,
Lê Đình Huy,Đặng Văn Đức,1.0,1,Xích lô (phim),actor-actor,False,,False,
Lê Đình Huy,Trần Nhật Vũ,1.0,1,Xích lô (phim),actor-actor,False,,False,
Lê Đình Huy,Nguyễn Hữu Châu (quần chúng),1.0,1,Xích lô (phim),actor-actor,False,,False,
Phạm Ngọc Liễu,Lê Tuấn Anh (diễn viên),1.0,1,Xích lô (phim),actor-actor,False,,False,
Phạm Ngọc Liễu,Bùi Thị Minh Đức,1.0,1,Xích lô (phim),actor-actor,False,,False,
Phạm Ngọc Liễu,Trịnh Thịnh,1.0,1,Xích lô (phim),actor-actor,False,,False,
Phạm Ngọc Liễu,Nguyễn Đình Thơ,1.0,1,Xích lô (phim),actor-actor,False,,False,
Phạm Ngọc Liễu,Việt Thắng (diễn viên),1.0,1,Xích lô (phim),actor-actor,False,,False,
Phạm Ngọc Liễu,Thanh Lam,1.0,1,Xích lô (phim),actor-actor,False,,False,
Phạm Ngọc Liễu,Gia Khoan,1.0,1,Xích lô (phim),actor-actor,False,,False,
Phạm Ngọc Liễu,Huang Kiem,1.0,1,Xích lô (phim),actor-actor,False,,False,
Phạm Ngọc Liễu,Chu Hùng,1.0,1,Xích lô (phim),actor-actor,False,,False,
Phạm Ngọc Liễu,Mạnh Cường,1.0,1,Xích lô (phim),actor-actor,False,,False,
Phạm Ngọc Liễu,Trần Quốc Hùng,1.0,1,Xích lô (phim),actor-actor,False,,False,
Phạm Ngọc Liễu,Võ Thế Vỹ,1.0,1,Xích lô (phim),actor-actor,False,,False,
Phạm Ngọc Liễu,Trương Thanh Nghi,1.0,1,Xích lô (phim),actor-actor,False,,False,
Phạm Ngọc Liễu,Phạm Hải Trường,1.0,1,Xích lô (phim),actor-actor,False,,False,
Phạm Ngọc Liễu,Ánh Hoa,1.0,1,Xích lô (phim),actor-actor,False,,False,
Phạm Ngọc Liễu,Trần Lộc,1.0,1,Xích lô (phim),actor-actor,False,,False,
Phạm Ngọc Liễu,Trần Minh Tuấn (diễn viên),1.0,1,Xích lô (phim),actor-actor,False,,False,
Phạm Ngọc Liễu,Nguyễn Văn Tùng (diễn viên),1.0,1,Xích lô (phim),actor-actor,False,,False,
Phạm Ngọc Liễu,Phạm Duy Hương,1.0,1,Xích lô (phim),actor-actor,False,,False,
Phạm Ngọc Liễu,Lê Thái Ngọc Hoan,1.0,1,Xích lô (phim),actor-actor,False,,False,
Phạm Ngọc Liễu,Bá Phan Châu Toàn,1.0,1,Xích lô (phim),actor-actor,False,,False,
Phạm Ngọc Liễu,Đặng Minh Châu (diễn viên),1.0,1,Xích lô (phim),actor-actor,False,,False,
Phạm Ngọc Liễu,Trần Văn Lợi,1.0,1,Xích lô (phim),actor-actor,False,,False,
Phạm Ngọc Liễu,Lê Anh Sơn,1.0,1,Xích lô (phim),actor-actor,False,,False,
Phạm Ngọc Liễu,Phạm Văn Nhân (diễn viên),1.0,1,Xích lô (phim),actor-actor,False,,False,
Phạm Ngọc Liễu,Đặng Văn Đức,1.0,1,Xích lô (phim),actor-actor,False,,False,
Phạm Ngọc Liễu,Trần Nhật Vũ,1.0,1,Xích lô (phim),actor-actor,False,,False,
Phạm Ngọc Liễu,Nguyễn Hữu Châu (quần chúng),1.0,1,Xích lô (phim),actor-actor,False,,False,
Lê Tuấn Anh (diễn viên),Bùi Thị Minh Đức,1.0,1,Xích lô (phim),actor-actor,False,,False,
Lê Tuấn Anh (diễn viên),Trịnh Thịnh,1.0,1,Xích lô (phim),actor-actor,False,,False,
Lê Tuấn Anh (diễn viên),Nguyễn Đình Thơ,1.0,1,Xích lô (phim),actor-actor,False,,False,
Lê Tuấn Anh (diễn viên),Việt Thắng (diễn viên),1.0,1,Xích lô (phim),actor-actor,False,,False,
Lê Tuấn Anh (diễn viên),Thanh Lam,1.0,1,Xích lô (phim),actor-actor,False,,False,
Lê Tuấn Anh (diễn viên),Gia Khoan,1.0,1,Xích lô (phim),actor-actor,False,,False,
Lê Tuấn Anh (diễn viên),Huang Kiem,1.0,1,Xích lô (phim),actor-actor,False,,False,
Lê Tuấn Anh (diễn viên),Chu Hùng,1.0,1,Xích lô (phim),actor-actor,False,,False,
Lê Tuấn Anh (diễn viên),Mạnh Cường,1.0,1,Xích lô (phim),actor-actor,False,,False,
Lê Tuấn Anh (diễn viên),Trần Quốc Hùng,1.0,1,Xích lô (phim),actor-actor,False,,False,
Lê Tuấn Anh (diễn viên),Võ Thế Vỹ,1.0,1,Xích lô (phim),actor-actor,False,,False,
Lê Tuấn Anh (diễn viên),Trương Thanh Nghi,1.0,1,Xích lô (phim),actor-actor,False,,False,
Lê Tuấn Anh (diễn viên),Phạm Hải Trường,1.0,1,Xích lô (phim),actor-actor,False,,False,
Lê Tuấn Anh (diễn viên),Ánh Hoa,1.0,1,Xích lô (phim),actor-actor,False,,False,
Lê Tuấn Anh (diễn viên),Trần Lộc,1.0,1,Xích lô (phim),actor-actor,False,,False,
Lê Tuấn Anh (diễn viên),Trần Minh Tuấn (diễn viên),1.0,1,Xích lô (phim),actor-actor,False,,False,
Lê Tuấn Anh (diễn viên),Nguyễn Văn Tùng (diễn viên),1.0,1,Xích lô (phim),actor-actor,False,,False,
Lê Tuấn Anh (diễn viên),Phạm Duy Hương,1.0,1,Xích lô (phim),actor-actor,False,,False,
Lê Tuấn Anh (diễn viên),Lê Thái Ngọc Hoan,1.0,1,Xích lô (phim),actor-actor,False,,False,
Lê Tuấn Anh (diễn viên),Bá Phan Châu Toàn,1.0,1,Xích lô (phim),actor-actor,False,,False,
Lê Tuấn Anh (diễn viên),Đặng Minh Châu (diễn viên),1.0,1,Xích lô (phim),actor-actor,False,,False,
Lê Tuấn Anh (diễn viên),Trần Văn Lợi,1.0,1,Xích lô (phim),actor-actor,False,,False,
Lê Tuấn Anh (diễn viên),Lê Anh Sơn,1.0,1,Xích lô (phim),actor-actor,False,,False,
Lê Tuấn Anh (diễn viên),Phạm Văn Nhân (diễn viên),1.0,1,Xích lô (phim),actor-actor,False,,False,
Lê Tuấn Anh (diễn viên),Đặng Văn Đức,1.0,1,Xích lô (phim),actor-actor,False,,False,
Lê Tuấn Anh (diễn viên),Trần Nhật Vũ,1.0,1,Xích lô (phim),actor-actor,False,,False,
Lê Tuấn Anh (diễn viên),Nguyễn Hữu Châu (quần chúng),1.0,1,Xích lô (phim),actor-actor,False,,False,
Bùi Thị Minh Đức,Trịnh Thịnh,1.0,1,Xích lô (phim),actor-actor,False,,False,
Bùi Thị Minh Đức,Nguyễn Đình Thơ,1.0,1,Xích lô (phim),actor-actor,False,,False,
Bùi Thị Minh Đức,Việt Thắng (diễn viên),1.0,1,Xích lô (phim),actor-actor,False,,False,
Bùi Thị Minh Đức,Thanh Lam,1.0,1,Xích lô (phim),actor-actor,False,,False,
Bùi Thị Minh Đức,Gia Khoan,1.0,1,Xích lô (phim),actor-actor,False,,False,
Bùi Thị Minh Đức,Huang Kiem,1.0,1,Xích lô (phim),actor-actor,False,,False,
Bùi Thị Minh Đức,Chu Hùng,1.0,1,Xích lô (phim),actor-actor,False,,False,
Bùi Thị Minh Đức,Mạnh Cường,1.0,1,Xích lô (phim),actor-actor,False,,False,
Bùi Thị Minh Đức,Trần Quốc Hùng,1.0,1,Xích lô (phim),actor-actor,False,,False,
Bùi Thị Minh Đức,Võ Thế Vỹ,1.0,1,Xích lô (phim),actor-actor,False,,False,
Bùi Thị Minh Đức,Trương Thanh Nghi,1.0,1,Xích lô (phim),actor-actor,False,,False,
Bùi Thị Minh Đức,Phạm Hải Trường,1.0,1,Xích lô (phim),actor-actor,False,,False,
Bùi Thị Minh Đức,Ánh Hoa,1.0,1,Xích lô (phim),actor-actor,False,,False,
Bùi Thị Minh Đức,Trần Lộc,1.0,1,Xích lô (phim),actor-actor,False,,False,
Bùi Thị Minh Đức,Trần Minh Tuấn (diễn viên),1.0,1,Xích lô (phim),actor-actor,False,,False,
Bùi Thị Minh Đức,Nguyễn Văn Tùng (diễn viên),1.0,1,Xích lô (phim),actor-actor,False,,False,
Bùi Thị Minh Đức,Phạm Duy Hương,1.0,1,Xích lô (phim),actor-actor,False,,False,
Bùi Thị Minh Đức,Lê Thái Ngọc Hoan,1.0,1,Xích lô (phim),actor-actor,False,,False,
Bùi Thị Minh Đức,Bá Phan Châu Toàn,1.0,1,Xích lô (phim),actor-actor,False,,False,
Bùi Thị Minh Đức,Đặng Minh Châu (diễn viên),1.0,1,Xích lô (phim),actor-actor,False,,False,
Bùi Thị Minh Đức,Trần Văn Lợi,1.0,1,Xích lô (phim),actor-actor,False,,False,
Bùi Thị Minh Đức,Lê Anh Sơn,1.0,1,Xích lô (phim),actor-actor,False,,False,
Bùi Thị Minh Đức,Phạm Văn Nhân (diễn viên),1.0,1,Xích lô (phim),actor-actor,False,,False,
Bùi Thị Minh Đức,Đặng Văn Đức,1.0,1,Xích lô (phim),actor-actor,False,,False,
Bùi Thị Minh Đức,Trần Nhật Vũ,1.0,1,Xích lô (phim),actor-actor,False,,False,
Bùi Thị Minh Đức,Nguyễn Hữu Châu (quần chúng),1.0,1,Xích lô (phim),actor-actor,False,,False,
Trịnh Thịnh,Nguyễn Đình Thơ,1.0,1,Xích lô (phim),actor-actor,False,,False,
Trịnh Thịnh,Việt Thắng (diễn viên),1.0,1,Xích lô (phim),actor-actor,False,,False,
Trịnh Thịnh,Thanh Lam,1.0,1,Xích lô (phim),actor-actor,False,,False,
Trịnh Thịnh,Gia Khoan,1.0,1,Xích lô (phim),actor-actor,False,,False,
Trịnh Thịnh,Huang Kiem,1.0,1,Xích lô (phim),actor-actor,False,,False,
Trịnh Thịnh,Chu Hùng,1.0,1,Xích lô (phim),actor-actor,False,,False,
Trịnh Thịnh,Mạnh Cường,1.0,1,Xích lô (phim),actor-actor,False,,False,
Trịnh Thịnh,Trần Quốc Hùng,1.0,1,Xích lô (phim),actor-actor,False,,False,
Trịnh Thịnh,Võ Thế Vỹ,1.0,1,Xích lô (phim),actor-actor,False,,False,
Trịnh Thịnh,Trương Thanh Nghi,1.0,1,Xích lô (phim),actor-actor,False,,False,
Trịnh Thịnh,Phạm Hải Trường,1.0,1,Xích lô (phim),actor-actor,False,,False,
Trịnh Thịnh,Ánh Hoa,1.0,1,Xích lô (phim),actor-actor,False,,False,
Trịnh Thịnh,Trần Lộc,1.0,1,Xích lô (phim),actor-actor,False,,False,
Trịnh Thịnh,Trần Minh Tuấn (diễn viên),1.0,1,Xích lô (phim),actor-actor,False,,False,
Trịnh Thịnh,Nguyễn Văn Tùng (diễn viên),1.0,1,Xích lô (phim),actor-actor,False,,False,
Trịnh Thịnh,Phạm Duy Hương,1.0,1,Xích lô (phim),actor-actor,False,,False,
Trịnh Thịnh,Lê Thái Ngọc Hoan,1.0,1,Xích lô (phim),actor-actor,False,,False,
Trịnh Thịnh,Bá Phan Châu Toàn,1.0,1,Xích lô (phim),actor-actor,False,,False,
Trịnh Thịnh,Đặng Minh Châu (diễn viên),1.0,1,Xích lô (phim),actor-actor,False,,False,
Trịnh Thịnh,Trần Văn Lợi,1.0,1,Xích lô (phim),actor-actor,False,,False,
Trịnh Thịnh,Lê Anh Sơn,1.0,1,Xích lô (phim),actor-actor,False,,False,
Trịnh Thịnh,Phạm Văn Nhân (diễn viên),1.0,1,Xích lô (phim),actor-actor,False,,False,
Trịnh Thịnh,Đặng Văn Đức,1.0,1,Xích lô (phim),actor-actor,False,,False,
Trịnh Thịnh,Trần Nhật Vũ,1.0,1,Xích lô (phim),actor-actor,False,,False,
Trịnh Thịnh,Nguyễn Hữu Châu (quần chúng),1.0,1,Xích lô (phim),actor-actor,False,,False,
Nguyễn Đình Thơ,Việt Thắng (diễn viên),1.0,1,Xích lô (phim),actor-actor,False,,False,
Nguyễn Đình Thơ,Thanh Lam,1.0,1,Xích lô (phim),actor-actor,False,,False,
Nguyễn Đình Thơ,Gia Khoan,1.0,1,Xích lô (phim),actor-actor,False,,False,
Nguyễn Đình Thơ,Huang Kiem,1.0,1,Xích lô (phim),actor-actor,False,,False,
Nguyễn Đình Thơ,Chu Hùng,1.0,1,Xích lô (phim),actor-actor,False,,False,
Nguyễn Đình Thơ,Mạnh Cường,1.0,1,Xích lô (phim),actor-actor,False,,False,
Nguyễn Đình Thơ,Trần Quốc Hùng,1.0,1,Xích lô (phim),actor-actor,False,,False,
Nguyễn Đình Thơ,Võ Thế Vỹ,1.0,1,Xích lô (phim),actor-actor,False,,False,
Nguyễn Đình Thơ,Trương Thanh Nghi,1.0,1,Xích lô (phim),actor-actor,False,,False,
Nguyễn Đình Thơ,Phạm Hải Trường,1.0,1,Xích lô (phim),actor-actor,False,,False,
Nguyễn Đình Thơ,Ánh Hoa,1.0,1,Xích lô (phim),actor-actor,False,,False,
Nguyễn Đình Thơ,Trần Lộc,1.0,1,Xích lô (phim),actor-actor,False,,False,
Nguyễn Đình Thơ,Trần Minh Tuấn (diễn viên),1.0,1,Xích lô (phim),actor-actor,False,,False,
Nguyễn Đình Thơ,Nguyễn Văn Tùng (diễn viên),1.0,1,Xích lô (phim),actor-actor,False,,False,
Nguyễn Đình Thơ,Phạm Duy Hương,1.0,1,Xích lô (phim),actor-actor,False,,False,
Nguyễn Đình Thơ,Lê Thái Ngọc Hoan,1.0,1,Xích lô (phim),actor-actor,False,,False,
Nguyễn Đình Thơ,Bá Phan Châu Toàn,1.0,1,Xích lô (phim),actor-actor,False,,False,
Nguyễn Đình Thơ,Đặng Minh Châu (diễn viên),1.0,1,Xích lô (phim),actor-actor,False,,False,
Nguyễn Đình Thơ,Trần Văn Lợi,1.0,1,Xích lô (phim),actor-actor,False,,False,
Nguyễn Đình Thơ,Lê Anh Sơn,1.0,1,Xích lô (phim),actor-actor,False,,False,
Nguyễn Đình Thơ,Phạm Văn Nhân (diễn viên),1.0,1,Xích lô (phim),actor-actor,False,,False,
Nguyễn Đình Thơ,Đặng Văn Đức,1.0,1,Xích lô (phim),actor-actor,False,,False,
Nguyễn Đình Thơ,Trần Nhật Vũ,1.0,1,Xích lô (phim),actor-actor,False,,False,
Nguyễn Đình Thơ,Nguyễn Hữu Châu (quần chúng),1.0,1,Xích lô (phim),actor-actor,False,,False,
Việt Thắng (diễn viên),Thanh Lam,1.3,1,Xích lô (phim),actor-actor,False,,True,"Hà Nội, Việt Nam Dân chủ Cộng hòa"
Việt Thắng (diễn viên),Gia Khoan,1.0,1,Xích lô (phim),actor-actor,False,,False,
Việt Thắng (diễn viên),Huang Kiem,1.0,1,Xích lô (phim),actor-actor,False,,False,
Việt Thắng (diễn viên),Chu Hùng,1.3,1,Xích lô (phim),actor-actor,False,,True,"Hà Nội, Việt Nam Dân chủ Cộng hòa"
Việt Thắng (diễn viên),Mạnh Cường,1.3,1,Xích lô (phim),actor-actor,False,,True,"Hà Nội, Việt Nam Dân chủ Cộng hòa"
Việt Thắng (diễn viên),Trần Quốc Hùng,1.0,1,Xích lô (phim),actor-actor,False,,False,
Việt Thắng (diễn viên),Võ Thế Vỹ,1.0,1,Xích lô (phim),actor-actor,False,,False,
Việt Thắng (diễn viên),Trương Thanh Nghi,1.0,1,Xích lô (phim),actor-actor,False,,False,
Việt Thắng (diễn viên),Phạm Hải Trường,1.0,1,Xích lô (phim),actor-actor,False,,False,
Việt Thắng (diễn viên),Ánh Hoa,1.0,1,Xích lô (phim),actor-actor,False,,False,
Việt Thắng (diễn viên),Trần Lộc,1.0,1,Xích lô (phim),actor-actor,False,,False,
Việt Thắng (diễn viên),Trần Minh Tuấn (diễn viên),1.0,1,Xích lô (phim),actor-actor,False,,False,
Việt Thắng (diễn viên),Nguyễn Văn Tùng (diễn viên),1.0,1,Xích lô (phim),actor-actor,False,,False,
Việt Thắng (diễn viên),Phạm Duy Hương,1.0,1,Xích lô (phim),actor-actor,False,,False,
Việt Thắng (diễn viên),Lê Thái Ngọc Hoan,1.0,1,Xích lô (phim),actor-actor,False,,False,
Việt Thắng (diễn viên),Bá Phan Châu Toàn,1.0,1,Xích lô (phim),actor-actor,False,,False,
Việt Thắng (diễn viên),Đặng Minh Châu (diễn viên),1.0,1,Xích lô (phim),actor-actor,False,,False,
Việt Thắng (diễn viên),Trần Văn Lợi,1.0,1,Xích lô (phim),actor-actor,False,,False,
Việt Thắng (diễn viên),Lê Anh Sơn,1.0,1,Xích lô (phim),actor-actor,False,,False,
Việt Thắng (diễn viên),Phạm Văn Nhân (diễn viên),1.0,1,Xích lô (phim),actor-actor,False,,False,
Việt Thắng (diễn viên),Đặng Văn Đức,1.0,1,Xích lô (phim),actor-actor,False,,False,
Việt Thắng (diễn viên),Trần Nhật Vũ,1.0,1,Xích lô (phim),actor-actor,False,,False,
Việt Thắng (diễn viên),Nguyễn Hữu Châu (quần chúng),1.0,1,Xích lô (phim),actor-actor,False,,False,
Việt Thắng (diễn viên),Công Lý (diễn viên),0.3,0,,,False,,True,"Hà Nội, Việt Nam Dân chủ Cộng hòa"
Việt Thắng (diễn viên),Nguyễn Minh Trang,0.3,0,,,False,,True,"Hà Nội, Việt Nam Dân chủ Cộng hòa"
Việt Thắng (diễn viên),Quốc Khánh (nghệ sĩ),0.3,0,,,False,,True,"Hà Nội, Việt Nam Dân chủ Cộng hòa"
Việt Thắng (diễn viên),Tất Bình,0.3,0,,,False,,True,"Hà Nội, Việt Nam Dân chủ Cộng hòa"
Việt Thắng (diễn viên),Dũng Nhi,0.3,0,,,False,,True,"Hà Nội, Việt Nam Dân chủ Cộng hòa"
Việt Thắng (diễn viên),Nguyễn Vĩnh Xương,0.3,0,,,False,,True,"Hà Nội, Việt Nam Dân chủ Cộng hòa"
Thanh Lam,Gia Khoan,1.0,1,Xích lô (phim),actor-actor,False,,False,
Thanh Lam,Huang Kiem,1.0,1,Xích lô (phim),actor-actor,False,,False,
Thanh Lam,Chu Hùng,1.3,1,Xích lô (phim),actor-actor,False,,True,"Hà Nội, Việt Nam Dân chủ Cộng hòa"
Thanh Lam,Mạnh Cường,1.3,1,Xích lô (phim),actor-actor,False,,True,"Hà Nội, Việt Nam Dân chủ Cộng hòa"
Thanh Lam,Trần Quốc Hùng,1.0,1,Xích lô (phim),actor-actor,False,,False,
Thanh Lam,Võ Thế Vỹ,1.0,1,Xích lô (phim),actor-actor,False,,False,
Thanh Lam,Trương Thanh Nghi,1.0,1,Xích lô (phim),actor-actor,False,,False,
Thanh Lam,Phạm Hải Trường,1.0,1,Xích lô (phim),actor-actor,False,,False,
Thanh Lam,Ánh Hoa,1.0,1,Xích lô (phim),actor-actor,False,,False,
Thanh Lam,Trần Lộc,1.0,1,Xích lô (phim),actor-actor,False,,False,
Thanh Lam,Trần Minh Tuấn (diễn viên),1.0,1,Xích lô (phim),actor-actor,False,,False,
Thanh Lam,Nguyễn Văn Tùng (diễn viên),1.0,1,Xích lô (phim),actor-actor,False,,False,
Thanh Lam,Phạm Duy Hương,1.0,1,Xích lô (phim),actor-actor,False,,False,
Thanh Lam,Lê Thái Ngọc Hoan,1.0,1,Xích lô (phim),actor-actor,False,,False,
Thanh Lam,Bá Phan Châu Toàn,1.0,1,Xích lô (phim),actor-actor,False,,False,
Thanh Lam,Đặng Minh Châu (diễn viên),1.0,1,Xích lô (phim),actor-actor,False,,False,
Thanh Lam,Trần Văn Lợi,1.0,1,Xích lô (phim),actor-actor,False,,False,
Thanh Lam,Lê Anh Sơn,1.0,1,Xích lô (phim),actor-actor,False,,False,
Thanh Lam,Phạm Văn Nhân (diễn viên),1.0,1,Xích lô (phim),actor-actor,False,,False,
Thanh Lam,Đặng Văn Đức,1.0,1,Xích lô (phim),actor-actor,False,,False,
Thanh Lam,Trần Nhật Vũ,1.0,1,Xích lô (phim),actor-actor,False,,False,
Thanh Lam,Nguyễn Hữu Châu (quần chúng),1.0,1,Xích lô (phim),actor-actor,False,,False,
Thanh Lam,Công Lý (diễn viên),0.3,0,,,False,,True,"Hà Nội, Việt Nam Dân chủ Cộng hòa"
Thanh Lam,Nguyễn Minh Trang,0.3,0,,,False,,True,"Hà Nội, Việt Nam Dân chủ Cộng hòa"
Thanh Lam,Quốc Khánh (nghệ sĩ),0.3,0,,,False,,True,"Hà Nội, Việt Nam Dân chủ Cộng hòa"
Thanh Lam,Tất Bình,0.3,0,,,False,,True,"Hà Nội, Việt Nam Dân chủ Cộng hòa"
Thanh Lam,Dũng Nhi,0.3,0,,,False,,True,"Hà Nội, Việt Nam Dân chủ Cộng hòa"
Thanh Lam,Nguyễn Vĩnh Xương,0.3,0,,,False,,True,"Hà Nội, Việt Nam Dân chủ Cộng hòa"
Gia Khoan,Huang Kiem,1.0,1,Xích lô (phim),actor-actor,False,,False,
Gia Khoan,Chu Hùng,1.0,1,Xích lô (phim),actor-actor,False,,False,
Gia Khoan,Mạnh Cường,1.0,1,Xích lô (phim),actor-actor,False,,False,
Gia Khoan,Trần Quốc Hùng,1.0,1,Xích lô (phim),actor-actor,False,,False,
Gia Khoan,Võ Thế Vỹ,1.0,1,Xích lô (phim),actor-actor,False,,False,
Gia Khoan,Trương Thanh Nghi,1.0,1,Xích lô (phim),actor-actor,False,,False,
Gia Khoan,Phạm Hải Trường,1.0,1,Xích lô (phim),actor-actor,False,,False,
Gia Khoan,Ánh Hoa,1.0,1,Xích lô (phim),actor-actor,False,,False,
Gia Khoan,Trần Lộc,1.0,1,Xích lô (phim),actor-actor,False,,False,
Gia Khoan,Trần Minh Tuấn (diễn viên),1.0,1,Xích lô (phim),actor-actor,False,,False,
Gia Khoan,Nguyễn Văn Tùng (diễn viên),1.0,1,Xích lô (phim),actor-actor,False,,False,
Gia Khoan,Phạm Duy Hương,1.0,1,Xích lô (phim),actor-actor,False,,False,
Gia Khoan,Lê Thái Ngọc Hoan,1.0,1,Xích lô (phim),actor-actor,False,,False,
Gia Khoan,Bá Phan Châu Toàn,1.0,1,Xích lô (phim),actor-actor,False,,False,
Gia Khoan,Đặng Minh Châu (diễn viên),1.0,1,Xích lô (phim),actor-actor,False,,False,
Gia Khoan,Trần Văn Lợi,1.0,1,Xích lô (phim),actor-actor,False,,False,
Gia Khoan,Lê Anh Sơn,1.0,1,Xích lô (phim),actor-actor,False,,False,
Gia Khoan,Phạm Văn Nhân (diễn viên),1.0,1,Xích lô (phim),actor-actor,False,,False,
Gia Khoan,Đặng Văn Đức,1.0,1,Xích lô (phim),actor-actor,False,,False,
Gia Khoan,Trần Nhật Vũ,1.0,1,Xích lô (phim),actor-actor,False,,False,
Gia Khoan,Nguyễn Hữu Châu (quần chúng),1.0,1,Xích lô (phim),actor-actor,False,,False,
Huang Kiem,Chu Hùng,1.0,1,Xích lô (phim),actor-actor,False,,False,
Huang Kiem,Mạnh Cường,1.0,1,Xích lô (phim),actor-actor,False,,False,
Huang Kiem,Trần Quốc Hùng,1.0,1,Xích lô (phim),actor-actor,False,,False,
Huang Kiem,Võ Thế Vỹ,1.0,1,Xích lô (phim),actor-actor,False,,False,
Huang Kiem,Trương Thanh Nghi,1.0,1,Xích lô (phim),actor-actor,False,,False,
Huang Kiem,Phạm Hải Trường,1.0,1,Xích lô (phim),actor-actor,False,,False,
Huang Kiem,Ánh Hoa,1.0,1,Xích lô (phim),actor-actor,False,,False,
Huang Kiem,Trần Lộc,1.0,1,Xích lô (phim),actor-actor,False,,False,
Huang Kiem,Trần Minh Tuấn (diễn viên),1.0,1,Xích lô (phim),actor-actor,False,,False,
Huang Kiem,Nguyễn Văn Tùng (diễn viên),1.0,1,Xích lô (phim),actor-actor,False,,False,
Huang Kiem,Phạm Duy Hương,1.0,1,Xích lô (phim),actor-actor,False,,False,
Huang Kiem,Lê Thái Ngọc Hoan,1.0,1,Xích lô (phim),actor-actor,False,,False,
Huang Kiem,Bá Phan Châu Toàn,1.0,1,Xích lô (phim),actor-actor,False,,False,
Huang Kiem,Đặng Minh Châu (diễn viên),1.0,1,Xích lô (phim),actor-actor,False,,False,
Huang Kiem,Trần Văn Lợi,1.0,1,Xích lô (phim),actor-actor,False,,False,
Huang Kiem,Lê Anh Sơn,1.0,1,Xích lô (phim),actor-actor,False,,False,
Huang Kiem,Phạm Văn Nhân (diễn viên),1.0,1,Xích lô (phim),actor-actor,False,,False,
Huang Kiem,Đặng Văn Đức,1.0,1,Xích lô (phim),actor-actor,False,,False,
Huang Kiem,Trần Nhật Vũ,1.0,1,Xích lô (phim),actor-actor,False,,False,
Huang Kiem,Nguyễn Hữu Châu (quần chúng),1.0,1,Xích lô (phim),actor-actor,False,,False,
Chu Hùng,Mạnh Cường,1.3,1,Xích lô (phim),actor-actor,False,,True,"Hà Nội, Việt Nam Dân chủ Cộng hòa"
Chu Hùng,Trần Quốc Hùng,1.0,1,Xích lô (phim),actor-actor,False,,False,
Chu Hùng,Võ Thế Vỹ,1.0,1,Xích lô (phim),actor-actor,False,,False,
Chu Hùng,Trương Thanh Nghi,1.0,1,Xích lô (phim),actor-actor,False,,False,
Chu Hùng,Phạm Hải Trường,1.0,1,Xích lô (phim),actor-actor,False,,False,
Chu Hùng,Ánh Hoa,1.0,1,Xích lô (phim),actor-actor,False,,False,
Chu Hùng,Trần Lộc,1.0,1,Xích lô (phim),actor-actor,False,,False,
Chu Hùng,Trần Minh Tuấn (diễn viên),1.0,1,Xích lô (phim),actor-actor,False,,False,
Chu Hùng,Nguyễn Văn Tùng (diễn viên),1.0,1,Xích lô (phim),actor-actor,False,,False,
Chu Hùng,Phạm Duy Hương,1.0,1,Xích lô (phim),actor-actor,False,,False,
Chu Hùng,Lê Thái Ngọc Hoan,1.0,1,Xích lô (phim),actor-actor,False,,False,
Chu Hùng,Bá Phan Châu Toàn,1.0,1,Xích lô (phim),actor-actor,False,,False,
Chu Hùng,Đặng Minh Châu (diễn viên),1.0,1,Xích lô (phim),actor-actor,False,,False,
Chu Hùng,Trần Văn Lợi,1.0,1,Xích lô (phim),actor-actor,False,,False,
Chu Hùng,Lê Anh Sơn,1.0,1,Xích lô (phim),actor-actor,False,,False,
Chu Hùng,Phạm Văn Nhân (diễn viên),1.0,1,Xích lô (phim),actor-actor,False,,False,
Chu Hùng,Đặng Văn Đức,1.0,1,Xích lô (phim),actor-actor,False,,False,
Chu Hùng,Trần Nhật Vũ,1.0,1,Xích lô (phim),actor-actor,False,,False,
Chu Hùng,Nguyễn Hữu Châu (quần chúng),1.0,1,Xích lô (phim),actor-actor,False,,False,
Chu Hùng,Công Lý (diễn viên),0.3,0,,,False,,True,"Hà Nội, Việt Nam Dân chủ Cộng hòa"
Chu Hùng,Nguyễn Minh Trang,0.3,0,,,False,,True,"Hà Nội, Việt Nam Dân chủ Cộng hòa"
Chu Hùng,Quốc Khánh (nghệ sĩ),0.3,0,,,False,,True,"Hà Nội, Việt Nam Dân chủ Cộng hòa"
Chu Hùng,Tất Bình,0.3,0,,,False,,True,"Hà Nội, Việt Nam Dân chủ Cộng hòa"
Chu Hùng,Dũng Nhi,0.3,0,,,False,,True,"Hà Nội, Việt Nam Dân chủ Cộng hòa"
Chu Hùng,Nguyễn Vĩnh Xương,0.3,0,,,False,,True,"Hà Nội, Việt Nam Dân chủ Cộng hòa"
Mạnh Cường,Trần Quốc Hùng,1.0,1,Xích lô (phim),actor-actor,False,,False,
Mạnh Cường,Võ Thế Vỹ,1.0,1,Xích lô (phim),actor-actor,False,,False,
Mạnh Cường,Trương Thanh Nghi,1.0,1,Xích lô (phim),actor-actor,False,,False,
Mạnh Cường,Phạm Hải Trường,1.0,1,Xích lô (phim),actor-actor,False,,False,
Mạnh Cường,Ánh Hoa,1.0,1,Xích lô (phim),actor-actor,False,,False,
Mạnh Cường,Trần Lộc,1.0,1,Xích lô (phim),actor-actor,False,,False,
Mạnh Cường,Trần Minh Tuấn (diễn viên),1.0,1,Xích lô (phim),actor-actor,False,,False,
Mạnh Cường,Nguyễn Văn Tùng (diễn viên),1.0,1,Xích lô (phim),actor-actor,False,,False,
Mạnh Cường,Phạm Duy Hương,1.0,1,Xích lô (phim),actor-actor,False,,False,
Mạnh Cường,Lê Thái Ngọc Hoan,1.0,1,Xích lô (phim),actor-actor,False,,False,
Mạnh Cường,Bá Phan Châu Toàn,1.0,1,Xích lô (phim),actor-actor,False,,False,
Mạnh Cường,Đặng Minh Châu (diễn viên),1.0,1,Xích lô (phim),actor-actor,False,,False,
Mạnh Cường,Trần Văn Lợi,1.0,1,Xích lô (phim),actor-actor,False,,False,
Mạnh Cường,Lê Anh Sơn,1.0,1,Xích lô (phim),actor-actor,False,,False,
Mạnh Cường,Phạm Văn Nhân (diễn viên),1.0,1,Xích lô (phim),actor-actor,False,,False,
Mạnh Cường,Đặng Văn Đức,1.0,1,Xích lô (phim),actor-actor,False,,False,
Mạnh Cường,Trần Nhật Vũ,1.0,1,Xích lô (phim),actor-actor,False,,False,
Mạnh Cường,Nguyễn Hữu Châu (quần chúng),1.0,1,Xích lô (phim),actor-actor,False,,False,
Mạnh Cường,Công Lý (diễn viên),0.3,0,,,False,,True,"Hà Nội, Việt Nam Dân chủ Cộng hòa"
Mạnh Cường,Nguyễn Minh Trang,0.3,0,,,False,,True,"Hà Nội, Việt Nam Dân chủ Cộng hòa"
Mạnh Cường,Quốc Khánh (nghệ sĩ),0.3,0,,,False,,True,"Hà Nội, Việt Nam Dân chủ Cộng hòa"
Mạnh Cường,Tất Bình,0.3,0,,,False,,True,"Hà Nội, Việt Nam Dân chủ Cộng hòa"
Mạnh Cường,Dũng Nhi,0.3,0,,,False,,True,"Hà Nội, Việt Nam Dân chủ Cộng hòa"
Mạnh Cường,Nguyễn Vĩnh Xương,0.3,0,,,False,,True,"Hà Nội, Việt Nam Dân chủ Cộng hòa"
Trần Quốc Hùng,Võ Thế Vỹ,1.0,1,Xích lô (phim),actor-actor,False,,False,
Trần Quốc Hùng,Trương Thanh Nghi,1.0,1,Xích lô (phim),actor-actor,False,,False,
Trần Quốc Hùng,Phạm Hải Trường,1.0,1,Xích lô (phim),actor-actor,False,,False,
Trần Quốc Hùng,Ánh Hoa,1.0,1,Xích lô (phim),actor-actor,False,,False,
Trần Quốc Hùng,Trần Lộc,1.0,1,Xích lô (phim),actor-actor,False,,False,
Trần Quốc Hùng,Trần Minh Tuấn (diễn viên),1.0,1,Xích lô (phim),actor-actor,False,,False,
Trần Quốc Hùng,Nguyễn Văn Tùng (diễn viên),1.0,1,Xích lô (phim),actor-actor,False,,False,
Trần Quốc Hùng,Phạm Duy Hương,1.0,1,Xích lô (phim),actor-actor,False,,False,
Trần Quốc Hùng,Lê Thái Ngọc Hoan,1.0,1,Xích lô (phim),actor-actor,False,,False,
Trần Quốc Hùng,Bá Phan Châu Toàn,1.0,1,Xích lô (phim),actor-actor,False,,False,
Trần Quốc Hùng,Đặng Minh Châu (diễn viên),1.0,1,Xích lô (phim),actor-actor,False,,False,
Trần Quốc Hùng,Trần Văn Lợi,1.0,1,Xích lô (phim),actor-actor,False,,False,
Trần Quốc Hùng,Lê Anh Sơn,1.0,1,Xích lô (phim),actor-actor,False,,False,
Trần Quốc Hùng,Phạm Văn Nhân (diễn viên),1.0,1,Xích lô (phim),actor-actor,False,,False,
Trần Quốc Hùng,Đặng Văn Đức,1.0,1,Xích lô (phim),actor-actor,False,,False,
Trần Quốc Hùng,Trần Nhật Vũ,1.0,1,Xích lô (phim),actor-actor,False,,False,
Trần Quốc Hùng,Nguyễn Hữu Châu (quần chúng),1.0,1,Xích lô (phim),actor-actor,False,,False,
Võ Thế Vỹ,Trương Thanh Nghi,1.0,1,Xích lô (phim),actor-actor,False,,False,
Võ Thế Vỹ,Phạm Hải Trường,1.0,1,Xích lô (phim),actor-actor,False,,False,
Võ Thế Vỹ,Ánh Hoa,1.0,1,Xích lô (phim),actor-actor,False,,False,
Võ Thế Vỹ,Trần Lộc,1.0,1,Xích lô (phim),actor-actor,False,,False,
Võ Thế Vỹ,Trần Minh Tuấn (diễn viên),1.0,1,Xích lô (phim),actor-actor,False,,False,
Võ Thế Vỹ,Nguyễn Văn Tùng (diễn viên),1.0,1,Xích lô (phim),actor-actor,False,,False,
Võ Thế Vỹ,Phạm Duy Hương,1.0,1,Xích lô (phim),actor-actor,False,,False,
Võ Thế Vỹ,Lê Thái Ngọc Hoan,1.0,1,Xích lô (phim),actor-actor,False,,False,
Võ Thế Vỹ,Bá Phan Châu Toàn,1.0,1,Xích lô (phim),actor-actor,False,,False,
Võ Thế Vỹ,Đặng Minh Châu (diễn viên),1.0,1,Xích lô (phim),actor-actor,False,,False,
Võ Thế Vỹ,Trần Văn Lợi,1.0,1,Xích lô (phim),actor-actor,False,,False,
Võ Thế Vỹ,Lê Anh Sơn,1.0,1,Xích lô (phim),actor-actor,False,,False,
Võ Thế Vỹ,Phạm Văn Nhân (diễn viên),1.0,1,Xích lô (phim),actor-actor,False,,False,
Võ Thế Vỹ,Đặng Văn Đức,1.0,1,Xích lô (phim),actor-actor,False,,False,
Võ Thế Vỹ,Trần Nhật Vũ,1.0,1,Xích lô (phim),actor-actor,False,,False,
Võ Thế Vỹ,Nguyễn Hữu Châu (quần chúng),1.0,1,Xích lô (phim),actor-actor,False,,False,
Trương Thanh Nghi,Phạm Hải Trường,1.0,1,Xích lô (phim),actor-actor,False,,False,
Trương Thanh Nghi,Ánh Hoa,1.0,1,Xích lô (phim),actor-actor,False,,False,
Trương Thanh Nghi,Trần Lộc,1.0,1,Xích lô (phim),actor-actor,False,,False,
Trương Thanh Nghi,Trần Minh Tuấn (diễn viên),1.0,1,Xích lô (phim),actor-actor,False,,False,
Trương Thanh Nghi,Nguyễn Văn Tùng (diễn viên),1.0,1,Xích lô (phim),actor-actor,False,,False,
Trương Thanh Nghi,Phạm Duy Hương,1.0,1,Xích lô (phim),actor-actor,False,,False,
Trương Thanh Nghi,Lê Thái Ngọc Hoan,1.0,1,Xích lô (phim),actor-actor,False,,False,
Trương Thanh Nghi,Bá Phan Châu Toàn,1.0,1,Xích lô (phim),actor-actor,False,,False,
Trương Thanh Nghi,Đặng Minh Châu (diễn viên),1.0,1,Xích lô (phim),actor-actor,False,,False,
Trương Thanh Nghi,Trần Văn Lợi,1.0,1,Xích lô (phim),actor-actor,False,,False,
Trương Thanh Nghi,Lê Anh Sơn,1.0,1,Xích lô (phim),actor-actor,False,,False,
Trương Thanh Nghi,Phạm Văn Nhân (diễn viên),1.0,1,Xích lô (phim),actor-actor,False,,False,
Trương Thanh Nghi,Đặng Văn Đức,1.0,1,Xích lô (phim),actor-actor,False,,False,
Trương Thanh Nghi,Trần Nhật Vũ,1.0,1,Xích lô (phim),actor-actor,False,,False,
Trương Thanh Nghi,Nguyễn Hữu Châu (quần chúng),1.0,1,Xích lô (phim),actor-actor,False,,False,
Phạm Hải Trường,Ánh Hoa,1.0,1,Xích lô (phim),actor-actor,False,,False,
Phạm Hải Trường,Trần Lộc,1.0,1,Xích lô (phim),actor-actor,False,,False,
Phạm Hải Trường,Trần Minh Tuấn (diễn viên),1.0,1,Xích lô (phim),actor-actor,False,,False,
Phạm Hải Trường,Nguyễn Văn Tùng (diễn viên),1.0,1,Xích lô (phim),actor-actor,False,,False,
Phạm Hải Trường,Phạm Duy Hương,1.0,1,Xích lô (phim),actor-actor,False,,False,
Phạm Hải Trường,Lê Thái Ngọc Hoan,1.0,1,Xích lô (phim),actor-actor,False,,False,
Phạm Hải Trường,Bá Phan Châu Toàn,1.0,1,Xích lô (phim),actor-actor,False,,False,
Phạm Hải Trường,Đặng Minh Châu (diễn viên),1.0,1,Xích lô (phim),actor-actor,False,,False,
Phạm Hải Trường,Trần Văn Lợi,1.0,1,Xích lô (phim),actor-actor,False,,False,
Phạm Hải Trường,Lê Anh Sơn,1.0,1,Xích lô (phim),actor-actor,False,,False,
Phạm Hải Trường,Phạm Văn Nhân (diễn viên),1.0,1,Xích lô (phim),actor-actor,False,,False,
Phạm Hải Trường,Đặng Văn Đức,1.0,1,Xích lô (phim),actor-actor,False,,False,
Phạm Hải Trường,Trần Nhật Vũ,1.0,1,Xích lô (phim),actor-actor,False,,False,
Phạm Hải Trường,Nguyễn Hữu Châu (quần chúng),1.0,1,Xích lô (phim),actor-actor,False,,False,
Ánh Hoa,Trần Lộc,1.0,1,Xích lô (phim),actor-actor,False,,False,
Ánh Hoa,Trần Minh Tuấn (diễn viên),1.0,1,Xích lô (phim),actor-actor,False,,False,
Ánh Hoa,Nguyễn Văn Tùng (diễn viên),1.0,1,Xích lô (phim),actor-actor,False,,False,
Ánh Hoa,Phạm Duy Hương,1.0,1,Xích lô (phim),actor-actor,False,,False,
Ánh Hoa,Lê Thái Ngọc Hoan,1.0,1,Xích lô (phim),actor-actor,False,,False,
Ánh Hoa,Bá Phan Châu Toàn,1.0,1,Xích lô (phim),actor-actor,False,,False,
Ánh Hoa,Đặng Minh Châu (diễn viên),1.0,1,Xích lô (phim),actor-actor,False,,False,
Ánh Hoa,Trần Văn Lợi,1.0,1,Xích lô (phim),actor-actor,False,,False,
Ánh Hoa,Lê Anh Sơn,1.0,1,Xích lô (phim),actor-actor,False,,False,
Ánh Hoa,Phạm Văn Nhân (diễn viên),1.0,1,Xích lô (phim),actor-actor,False,,False,
Ánh Hoa,Đặng Văn Đức,1.0,1,Xích lô (phim),actor-actor,False,,False,
Ánh Hoa,Trần Nhật Vũ,1.0,1,Xích lô (phim),actor-actor,False,,False,
Ánh Hoa,Nguyễn Hữu Châu (quần chúng),1.0,1,Xích lô (phim),actor-actor,False,,False,
Trần Lộc,Trần Minh Tuấn (diễn viên),1.0,1,Xích lô (phim),actor-actor,False,,False,
Trần Lộc,Nguyễn Văn Tùng (diễn viên),1.0,1,Xích lô (phim),actor-actor,False,,False,
Trần Lộc,Phạm Duy Hương,1.0,1,Xích lô (phim),actor-actor,False,,False,
Trần Lộc,Lê Thái Ngọc Hoan,1.0,1,Xích lô (phim),actor-actor,False,,False,
Trần Lộc,Bá Phan Châu Toàn,1.0,1,Xích lô (phim),actor-actor,False,,False,
Trần Lộc,Đặng Minh Châu (diễn viên),1.0,1,Xích lô (phim),actor-actor,False,,False,
Trần Lộc,Trần Văn Lợi,1.0,1,Xích lô (phim),actor-actor,False,,False,
Trần Lộc,Lê Anh Sơn,1.0,1,Xích lô (phim),actor-actor,False,,False,
Trần Lộc,Phạm Văn Nhân (diễn viên),1.0,1,Xích lô (phim),actor-actor,False,,False,
Trần Lộc,Đặng Văn Đức,1.0,1,Xích lô (phim),actor-actor,False,,False,
Trần Lộc,Trần Nhật Vũ,1.0,1,Xích lô (phim),actor-actor,False,,False,
Trần Lộc,Nguyễn Hữu Châu (quần chúng),1.0,1,Xích lô (phim),actor-actor,False,,False,
Trần Minh Tuấn (diễn viên),Nguyễn Văn Tùng (diễn viên),1.0,1,Xích lô (phim),actor-actor,False,,False,
Trần Minh Tuấn (diễn viên),Phạm Duy Hương,1.0,1,Xích lô (phim),actor-actor,False,,False,
Trần Minh Tuấn (diễn viên),Lê Thái Ngọc Hoan,1.0,1,Xích lô (phim),actor-actor,False,,False,
Trần Minh Tuấn (diễn viên),Bá Phan Châu Toàn,1.0,1,Xích lô (phim),actor-actor,False,,False,
Trần Minh Tuấn (diễn viên),Đặng Minh Châu (diễn viên),1.0,1,Xích lô (phim),actor-actor,False,,False,
Trần Minh Tuấn (diễn viên),Trần Văn Lợi,1.0,1,Xích lô (phim),actor-actor,False,,False,
Trần Minh Tuấn (diễn viên),Lê Anh Sơn,1.0,1,Xích lô (phim),actor-actor,False,,False,
Trần Minh Tuấn (diễn viên),Phạm Văn Nhân (diễn viên),1.0,1,Xích lô (phim),actor-actor,False,,False,
Trần Minh Tuấn (diễn viên),Đặng Văn Đức,1.0,1,Xích lô (phim),actor-actor,False,,False,
Trần Minh Tuấn (diễn viên),Trần Nhật Vũ,1.0,1,Xích lô (phim),actor-actor,False,,False,
Trần Minh Tuấn (diễn viên),Nguyễn Hữu Châu (quần chúng),1.0,1,Xích lô (phim),actor-actor,False,,False,
Nguyễn Văn Tùng (diễn viên),Phạm Duy Hương,1.0,1,Xích lô (phim),actor-actor,False,,False,
Nguyễn Văn Tùng (diễn viên),Lê Thái Ngọc Hoan,1.0,1,Xích lô (phim),actor-actor,False,,False,
Nguyễn Văn Tùng (diễn viên),Bá Phan Châu Toàn,1.0,1,Xích lô (phim),actor-actor,False,,False,
Nguyễn Văn Tùng (diễn viên),Đặng Minh Châu (diễn viên),1.0,1,Xích lô (phim),actor-actor,False,,False,
Nguyễn Văn Tùng (diễn viên),Trần Văn Lợi,1.0,1,Xích lô (phim),actor-actor,False,,False,
Nguyễn Văn Tùng (diễn viên),Lê Anh Sơn,1.0,1,Xích lô (phim),actor-actor,False,,False,
Nguyễn Văn Tùng (diễn viên),Phạm Văn Nhân (diễn viên),1.0,1,Xích lô (phim),actor-actor,False,,False,
Nguyễn Văn Tùng (diễn viên),Đặng Văn Đức,1.0,1,Xích lô (phim),actor-actor,False,,False,
Nguyễn Văn Tùng (diễn viên),Trần Nhật Vũ,1.0,1,Xích lô (phim),actor-actor,False,,False,
Nguyễn Văn Tùng (diễn viên),Nguyễn Hữu Châu (quần chúng),1.0,1,Xích lô (phim),actor-actor,False,,False,
Phạm Duy Hương,Lê Thái Ngọc Hoan,1.0,1,Xích lô (phim),actor-actor,False,,False,
Phạm Duy Hương,Bá Phan Châu Toàn,1.0,1,Xích lô (phim),actor-actor,False,,False,
Phạm Duy Hương,Đặng Minh Châu (diễn viên),1.0,1,Xích lô (phim),actor-actor,False,,False,
Phạm Duy Hương,Trần Văn Lợi,1.0,1,Xích lô (phim),actor-actor,False,,False,
Phạm Duy Hương,Lê Anh Sơn,1.0,1,Xích lô (phim),actor-actor,False,,False,
Phạm Duy Hương,Phạm Văn Nhân (diễn viên),1.0,1,Xích lô (phim),actor-actor,False,,False,
Phạm Duy Hương,Đặng Văn Đức,1.0,1,Xích lô (phim),actor-actor,False,,False,
Phạm Duy Hương,Trần Nhật Vũ,1.0,1,Xích lô (phim),actor-actor,False,,False,
Phạm Duy Hương,Nguyễn Hữu Châu (quần chúng),1.0,1,Xích lô (phim),actor-actor,False,,False,
Lê Thái Ngọc Hoan,Bá Phan Châu Toàn,1.0,1,Xích lô (phim),actor-actor,False,,False,
Lê Thái Ngọc Hoan,Đặng Minh Châu (diễn viên),1.0,1,Xích lô (phim),actor-actor,False,,False,
Lê Thái Ngọc Hoan,Trần Văn Lợi,1.0,1,Xích lô (phim),actor-actor,False,,False,
Lê Thái Ngọc Hoan,Lê Anh Sơn,1.0,1,Xích lô (phim),actor-actor,False,,False,
Lê Thái Ngọc Hoan,Phạm Văn Nhân (diễn viên),1.0,1,Xích lô (phim),actor-actor,False,,False,
Lê Thái Ngọc Hoan,Đặng Văn Đức,1.0,1,Xích lô (phim),actor-actor,False,,False,
Lê Thái Ngọc Hoan,Trần Nhật Vũ,1.0,1,Xích lô (phim),actor-actor,False,,False,
Lê Thái Ngọc Hoan,Nguyễn Hữu Châu (quần chúng),1.0,1,Xích lô (phim),actor-actor,False,,False,
Bá Phan Châu Toàn,Đặng Minh Châu (diễn viên),1.0,1,Xích lô (phim),actor-actor,False,,False,
Bá Phan Châu Toàn,Trần Văn Lợi,1.0,1,Xích lô (phim),actor-actor,False,,False,
Bá Phan Châu Toàn,Lê Anh Sơn,1.0,1,Xích lô (phim),actor-actor,False,,False,
Bá Phan Châu Toàn,Phạm Văn Nhân (diễn viên),1.0,1,Xích lô (phim),actor-actor,False,,False,
Bá Phan Châu Toàn,Đặng Văn Đức,1.0,1,Xích lô (phim),actor-actor,False,,False,
Bá Phan Châu Toàn,Trần Nhật Vũ,1.0,1,Xích lô (phim),actor-actor,False,,False,
Bá Phan Châu Toàn,Nguyễn Hữu Châu (quần chúng),1.0,1,Xích lô (phim),actor-actor,False,,False,
Đặng Minh Châu (diễn viên),Trần Văn Lợi,1.0,1,Xích lô (phim),actor-actor,False,,False,
Đặng Minh Châu (diễn viên),Lê Anh Sơn,1.0,1,Xích lô (phim),actor-actor,False,,False,
Đặng Minh Châu (diễn viên),Phạm Văn Nhân (diễn viên),1.0,1,Xích lô (phim),actor-actor,False,,False,
Đặng Minh Châu (diễn viên),Đặng Văn Đức,1.0,1,Xích lô (phim),actor-actor,False,,False,
Đặng Minh Châu (diễn viên),Trần Nhật Vũ,1.0,1,Xích lô (phim),actor-actor,False,,False,
Đặng Minh Châu (diễn viên),Nguyễn Hữu Châu (quần chúng),1.0,1,Xích lô (phim),actor-actor,False,,False,
Trần Văn Lợi,Lê Anh Sơn,1.0,1,Xích lô (phim),actor-actor,False,,False,
Trần Văn Lợi,Phạm Văn Nhân (diễn viên),1.0,1,Xích lô (phim),actor-actor,False,,False,
Trần Văn Lợi,Đặng Văn Đức,1.0,1,Xích lô (phim),actor-actor,False,,False,
Trần Văn Lợi,Trần Nhật Vũ,1.0,1,Xích lô (phim),actor-actor,False,,False,
Trần Văn Lợi,Nguyễn Hữu Châu (quần chúng),1.0,1,Xích lô (phim),actor-actor,False,,False,
Lê Anh Sơn,Phạm Văn Nhân (diễn viên),1.0,1,Xích lô (phim),actor-actor,False,,False,
Lê Anh Sơn,Đặng Văn Đức,1.0,1,Xích lô (phim),actor-actor,False,,False,
Lê Anh Sơn,Trần Nhật Vũ,1.0,1,Xích lô (phim),actor-actor,False,,False,
Lê Anh Sơn,Nguyễn Hữu Châu (quần chúng),1.0,1,Xích lô (phim),actor-actor,False,,False,
Phạm Văn Nhân (diễn viên),Đặng Văn Đức,1.0,1,Xích lô (phim),actor-actor,False,,False,
Phạm Văn Nhân (diễn viên),Trần Nhật Vũ,1.0,1,Xích lô (phim),actor-actor,False,,False,
Phạm Văn Nhân (diễn viên),Nguyễn Hữu Châu (quần chúng),1.0,1,Xích lô (phim),actor-actor,False,,False,
Đặng Văn Đức,Trần Nhật Vũ,1.0,1,Xích lô (phim),actor-actor,False,,False,
Đặng Văn Đức,Nguyễn Hữu Châu (quần chúng),1.0,1,Xích lô (phim),actor-actor,False,,False,
Trần Nhật Vũ,Nguyễn Hữu Châu (quần chúng),1.0,1,Xích lô (phim),actor-actor,False,,False,
Trương Minh Quốc Thái,Đinh Đức Thiện,1.0,1,Những người viết huyền thoại (phim),actor-actor,False,,False,
Trương Minh Quốc Thái,Bảo Thanh (diễn viên),1.0,1,Những người viết huyền thoại (phim),actor-actor,False,,False,
Trương Minh Quốc Thái,Lã Thanh Huyền,1.0,1,Người trở về,actor-actor,False,,False,
Trương Minh Quốc Thái,Tiến Lộc (diễn viên),1.0,1,Người trở về,actor-actor,False,,False,
Trương Minh Quốc Thái,Dũng Nhi,1.0,1,Người trở về,actor-actor,False,,False,
Trương Minh Quốc Thái,Thiện Tùng,1.0,1,Người trở về,actor-actor,False,,False,
Trương Minh Quốc Thái,Tùng Maru,1.0,1,Thạch Thảo (phim),actor-actor,False,,False,
Trương Minh Quốc Thái,Bích Ngọc,1.0,1,Thạch Thảo (phim),actor-actor,False,,False,
Trương Minh Quốc Thái,Khánh Như,1.0,1,Thạch Thảo (phim),actor-actor,False,,False,
Trương Minh Quốc Thái,Lê Khắc Minh,1.0,1,Thạch Thảo (phim),actor-actor,False,,False,
Trương Minh Quốc Thái,Lâm Văn Quốc,1.0,1,Thạch Thảo (phim),actor-actor,False,,False,
Trương Minh Quốc Thái,Phương Quỳnh,1.0,1,Thạch Thảo (phim),actor-actor,False,,False,
Trương Minh Quốc Thái,Nguyễn Gia Linh,1.0,1,Thạch Thảo (phim),actor-actor,False,,False,
Trương Minh Quốc Thái,Gina M,1.0,1,Thạch Thảo (phim),actor-actor,False,,False,
Trương Minh Quốc Thái,Kang Phạm,1.0,1,Thạch Thảo (phim),actor-actor,False,,False,
Trương Minh Quốc Thái,Mai Ngô,1.0,1,Thạch Thảo (phim),actor-actor,False,,False,
Trương Minh Quốc Thái,Bạch Tuyết (nghệ sĩ cải lương),1.0,1,Thạch Thảo (phim),actor-actor,False,,False,
Trương Minh Quốc Thái,Phạm Thị Ngọc Trinh,1.3,1,Thạch Thảo (phim),actor-actor,False,,True,"Sài Gòn, Việt Nam Cộng hòa"
Trương Minh Quốc Thái,Cẩm Ly,0.3,0,,,False,,True,"Sài Gòn, Việt Nam Cộng hòa"
Trương Minh Quốc Thái,Kiến An (diễn viên),0.3,0,,,False,,True,"Sài Gòn, Việt Nam Cộng hòa"
Trương Minh Quốc Thái,Vũ Hà (ca sĩ),0.3,0,,,False,,True,"Sài Gòn, Việt Nam Cộng hòa"
Michael Caine,Brendan Fraser,1.0,1,Người Mỹ trầm lặng (phim 2002),actor-actor,False,,False,
Michael Caine,Đỗ Thị Hải Yến,1.0,1,Người Mỹ trầm lặng (phim 2002),actor-actor,False,,False,
Michael Caine,Rade Šerbedžija,1.0,1,Người Mỹ trầm lặng (phim 2002),actor-actor,False,,False,
Michael Caine,Ngô Quang Hải,1.0,1,Người Mỹ trầm lặng (phim 2002),actor-actor,False,,False,
Michael Caine,Công Lý (diễn viên),1.0,1,Người Mỹ trầm lặng (phim 2002),actor-actor,False,,False,
Brendan Fraser,Đỗ Thị Hải Yến,1.0,1,Người Mỹ trầm lặng (phim 2002),actor-actor,False,,False,
Brendan Fraser,Rade Šerbedžija,1.0,1,Người Mỹ trầm lặng (phim 2002),actor-actor,False,,False,
Brendan Fraser,Ngô Quang Hải,1.0,1,Người Mỹ trầm lặng (phim 2002),actor-actor,False,,False,
Brendan Fraser,Công Lý (diễn viên),1.0,1,Người Mỹ trầm lặng (phim 2002),actor-actor,False,,False,
Đỗ Thị Hải Yến,Rade Šerbedžija,1.0,1,Người Mỹ trầm lặng (phim 2002),actor-actor,False,,False,
Đỗ Thị Hải Yến,Ngô Quang Hải,2.0,2,Người Mỹ trầm lặng (phim 2002)|Chuyện của Pao,director-actor|actor-actor,False,,False,
Đỗ Thị Hải Yến,Công Lý (diễn viên),1.0,1,Người Mỹ trầm lặng (phim 2002),actor-actor,False,,False,
Đỗ Thị Hải Yến,Hoa Thúy,1.0,1,Chuyện của Pao,actor-actor,False,,False,
Rade Šerbedžija,Ngô Quang Hải,1.0,1,Người Mỹ trầm lặng (phim 2002),actor-actor,False,,False,
Rade Šerbedžija,Công Lý (diễn viên),1.0,1,Người Mỹ trầm lặng (phim 2002),actor-actor,False,,False,
Ngô Quang Hải,Công Lý (diễn viên),1.0,1,Người Mỹ trầm lặng (phim 2002),actor-actor,False,,False,
Ngô Quang Hải,Hoa Thúy,1.0,1,Chuyện của Pao,actor-director,False,,False,
Công Lý (diễn viên),Nguyễn Minh Trang,0.3,0,,,False,,True,"Hà Nội, Việt Nam Dân chủ Cộng hòa"
Công Lý (diễn viên),Quốc Khánh (nghệ sĩ),0.3,0,,,False,,True,"Hà Nội, Việt Nam Dân chủ Cộng hòa"
Công Lý (diễn viên),Tất Bình,0.3,0,,,False,,True,"Hà Nội, Việt Nam Dân chủ Cộng hòa"
Công Lý (diễn viên),Dũng Nhi,0.3,0,,,False,,True,"Hà Nội, Việt Nam Dân chủ Cộng hòa"
Công Lý (diễn viên),Nguyễn Vĩnh Xương,0.3,0,,,False,,True,"Hà Nội, Việt Nam Dân chủ Cộng hòa"
Hồ Bích Trâm,Mai Ngô,1.0,1,Sài Gòn Yo!,actor-actor,False,,False,
Mai Ngô,Tùng Maru,1.0,1,Thạch Thảo (phim),actor-actor,False,,False,
Mai Ngô,Bích Ngọc,1.0,1,Thạch Thảo (phim),actor-actor,False,,False,
Mai Ngô,Khánh Như,1.0,1,Thạch Thảo (phim),actor-actor,False,,False,
Mai Ngô,Lê Khắc Minh,1.0,1,Thạch Thảo (phim),actor-actor,False,,False,
Mai Ngô,Lâm Văn Quốc,1.0,1,Thạch Thảo (phim),actor-actor,False,,False,
Mai Ngô,Phương Quỳnh,1.0,1,Thạch Thảo (phim),actor-actor,False,,False,
Mai Ngô,Nguyễn Gia Linh,1.0,1,Thạch Thảo (phim),actor-actor,False,,False,
Mai Ngô,Gina M,1.0,1,Thạch Thảo (phim),actor-actor,False,,False,
Mai Ngô,Kang Phạm,1.0,1,Thạch Thảo (phim),actor-actor,False,,False,
Mai Ngô,Bạch Tuyết (nghệ sĩ cải lương),1.0,1,Thạch Thảo (phim),actor-actor,False,,False,
Mai Ngô,Phạm Thị Ngọc Trinh,1.0,1,Thạch Thảo (phim),actor-actor,False,,False,
File:LÊ PHƯƠNG 2023.jpg,Lê Phương,1.0,1,Vong nhi,actor-actor,False,,False,
File:LÊ PHƯƠNG 2023.jpg,Nhật Kim Anh,1.0,1,Vong nhi,actor-actor,False,,False,
Lê Phương,Nhật Kim Anh,1.0,1,Vong nhi,actor-actor,False,,False,
Lê Phương,Thanh Duy,0.3,0,,,False,,True,"Trà Vinh, Việt Nam"
Nhật Kim Anh,Nguyễn Du,1.0,1,Long thành cầm giả ca (phim),actor-actor,False,,False,
Nhật Kim Anh,Thanh Hoài (nghệ sĩ chèo),1.0,1,Long thành cầm giả ca (phim),actor-actor,False,,False,
Nhật Kim Anh,Trung Dũng (diễn viên),1.0,1,Lưới trời (phim 2020),actor-actor,False,,False,
Trung Dũng (diễn viên),Mai Thu Huyền,1.0,1,Lạc giới,actor-actor,False,,False,
Trung Dũng (diễn viên),Diệp Bảo Ngọc,2.0,2,Lật Mặt 6: Tấm vé định mệnh|Lật mặt 6: Tấm vé định mệnh,actor-actor,False,,False,
Trung Dũng (diễn viên),Phạm Trưởng,2.0,2,Lật Mặt 6: Tấm vé định mệnh|Lật mặt 6: Tấm vé định mệnh,actor-actor,False,,False,
Trung Dũng (diễn viên),Ốc Thanh Vân,2.0,2,Lật Mặt 6: Tấm vé định mệnh|Lật mặt 6: Tấm vé định mệnh,actor-actor,False,,False,
Mai Thu Huyền,Thùy Anh,0.3,0,,,False,,True,"Hà Nội, Việt Nam"
Mai Thu Huyền,Lương Mạnh Hải,0.3,0,,,False,,True,"Hà Nội, Việt Nam"
Mai Thu Huyền,Kiều Thanh,0.3,0,,,False,,True,"Hà Nội, Việt Nam"
Mai Thu Huyền,Lã Thanh Huyền,0.3,0,,,False,,True,"Hà Nội, Việt Nam"
Cẩm Ly,Kiến An (diễn viên),0.3,0,,,False,,True,"Sài Gòn, Việt Nam Cộng hòa"
Cẩm Ly,Vũ Hà (ca sĩ),0.3,0,,,False,,True,"Sài Gòn, Việt Nam Cộng hòa"
Cẩm Ly,Phạm Thị Ngọc Trinh,0.3,0,,,False,,True,"Sài Gòn, Việt Nam Cộng hòa"
Lê Minh Thu,Võ Thị Sáu,1.0,1,Như một huyền thoại,actor-actor,False,,False,
Lê Minh Thu,Robert Hải,1.0,1,Như một huyền thoại,actor-actor,False,,False,
Võ Thị Sáu,Robert Hải,1.0,1,Như một huyền thoại,actor-actor,False,,False,
Tăng Thanh Hà,Lương Mạnh Hải,1.0,1,Đẹp từng centimet,actor-actor,False,,False,
Bảo Thanh (diễn viên),Đinh Đức Thiện,1.0,1,Những người viết huyền thoại (phim),actor-actor,False,,False,
Bảo Thanh (diễn viên),Lê Hồng Quang (diễn viên),1.0,1,Vào Nam ra Bắc,actor-actor,False,,False,
Bảo Thanh (diễn viên),Đức Sơn (diễn viên),1.0,1,Vào Nam ra Bắc,actor-actor,False,,False,
Bảo Thanh (diễn viên),Nguyễn Vĩnh Xương,1.0,1,Vào Nam ra Bắc,actor-actor,False,,False,
Bảo Thanh (diễn viên),Quốc Tuấn (diễn viên),1.0,1,Vào Nam ra Bắc,actor-actor,False,,False,
Bảo Thanh (diễn viên),Hoàng Lan (diễn viên),1.0,1,Vào Nam ra Bắc,actor-actor,False,,False,
Bảo Thanh (diễn viên),Trần Hạnh,1.0,1,Vào Nam ra Bắc,actor-actor,False,,False,
Kiều Chinh,Nguyễn Minh Trang,1.0,1,Đoạt hồn,actor-actor,False,,False,
Kiều Chinh,Nhung Kate (diễn viên),1.0,1,Đoạt hồn,actor-actor,False,,False,
Kiều Chinh,Suboi,1.0,1,Đoạt hồn,actor-actor,False,,False,
Nguyễn Minh Trang,Nhung Kate (diễn viên),1.0,1,Đoạt hồn,actor-actor,False,,False,
Nguyễn Minh Trang,Suboi,1.0,1,Đoạt hồn,actor-actor,False,,False,
Nguyễn Minh Trang,Quốc Khánh (nghệ sĩ),0.3,0,,,False,,True,"Hà Nội, Việt Nam Dân chủ Cộng hòa"
Nguyễn Minh Trang,Tất Bình,0.3,0,,,False,,True,"Hà Nội, Việt Nam Dân chủ Cộng hòa"
Nguyễn Minh Trang,Dũng Nhi,0.3,0,,,False,,True,"Hà Nội, Việt Nam Dân chủ Cộng hòa"
Nguyễn Minh Trang,Nguyễn Vĩnh Xương,0.3,0,,,False,,True,"Hà Nội, Việt Nam Dân chủ Cộng hòa"
Nhung Kate (diễn viên),Suboi,1.0,1,Đoạt hồn,actor-actor,False,,False,
Suboi,Hồ Vĩnh Khoa,0.3,0,,,False,,True,"Thành phố Hồ Chí Minh, Việt Nam"
Suboi,Thanh Thúy (diễn viên sinh 1982),0.3,0,,,False,,True,"Thành phố Hồ Chí Minh, Việt Nam"
Suboi,Angela Phương Trinh,0.3,0,,,False,,True,"Thành phố Hồ Chí Minh, Việt Nam"
Suboi,Thanh Thúy (sinh 1982),0.3,0,,,False,,True,"Thành phố Hồ Chí Minh, Việt Nam"
Suboi,Rocker Nguyen,0.3,0,,,False,,True,"Thành phố Hồ Chí Minh, Việt Nam"
Thùy Anh,Thanh Duy,1.0,1,Đập cánh giữa không trung,actor-actor,False,,False,
Thùy Anh,Lương Mạnh Hải,0.8,0,,,True,Học viện Ngân hàng,True,"Hà Nội, Việt Nam"
Thùy Anh,Kiều Thanh,0.3,0,,,False,,True,"Hà Nội, Việt Nam"
Thùy Anh,Lã Thanh Huyền,0.3,0,,,False,,True,"Hà Nội, Việt Nam"
Quốc Khánh (nghệ sĩ),Tú Trinh,1.0,1,Áo lụa Hà Đông (phim),actor-actor,False,,False,
Quốc Khánh (nghệ sĩ),Tất Bình,1.3,1,Áo lụa Hà Đông (phim),actor-actor,False,,True,"Hà Nội, Việt Nam Dân chủ Cộng hòa"
Quốc Khánh (nghệ sĩ),Hà Kiều Anh,1.0,1,Áo lụa Hà Đông (phim),actor-actor,False,,False,
Quốc Khánh (nghệ sĩ),Dũng Nhi,0.3,0,,,False,,True,"Hà Nội, Việt Nam Dân chủ Cộng hòa"
Quốc Khánh (nghệ sĩ),Nguyễn Vĩnh Xương,0.3,0,,,False,,True,"Hà Nội, Việt Nam Dân chủ Cộng hòa"
Tú Trinh,Tất Bình,1.0,1,Áo lụa Hà Đông (phim),actor-actor,False,,False,
Tú Trinh,Hà Kiều Anh,1.0,1,Áo lụa Hà Đông (phim),actor-actor,False,,False,
Tất Bình,Hà Kiều Anh,1.0,1,Áo lụa Hà Đông (phim),actor-actor,False,,False,
Tất Bình,Dũng Nhi,0.3,0,,,False,,True,"Hà Nội, Việt Nam Dân chủ Cộng hòa"
Tất Bình,Nguyễn Vĩnh Xương,0.3,0,,,False,,True,"Hà Nội, Việt Nam Dân chủ Cộng hòa"
Lương Mạnh Hải,Hồ Vĩnh Khoa,2.0,2,"Hot boy nổi loạn và câu chuyện về thằng Cười, cô gái điếm và con vịt|Hot boy nổi loạn",actor-actor,False,,False,
Lương Mạnh Hải,Thiên Kim (diễn viên),3.0,3,"Hot boy nổi loạn và câu chuyện về thằng Cười, cô gái điếm và con vịt|Tuyết nhiệt đới|Hot boy nổi loạn",actor-actor,False,,False,
Lương Mạnh Hải,Nguyễn Vinh Sơn,1.0,1,Tuyết nhiệt đới,actor-actor,False,,False,
Lương Mạnh Hải,Kiều Thanh,0.3,0,,,False,,True,"Hà Nội, Việt Nam"
Lương Mạnh Hải,Lã Thanh Huyền,0.3,0,,,False,,True,"Hà Nội, Việt Nam"
Hồ Vĩnh Khoa,Thiên Kim (diễn viên),2.0,2,"Hot boy nổi loạn và câu chuyện về thằng Cười, cô gái điếm và con vịt|Hot boy nổi loạn",actor-actor,False,,False,
Hồ Vĩnh Khoa,Thanh Thúy (diễn viên sinh 1982),0.3,0,,,False,,True,"Thành phố Hồ Chí Minh, Việt Nam"
Hồ Vĩnh Khoa,Angela Phương Trinh,0.3,0,,,False,,True,"Thành phố Hồ Chí Minh, Việt Nam"
Hồ Vĩnh Khoa,Thanh Thúy (sinh 1982),0.3,0,,,False,,True,"Thành phố Hồ Chí Minh, Việt Nam"
Hồ Vĩnh Khoa,Rocker Nguyen,0.3,0,,,False,,True,"Thành phố Hồ Chí Minh, Việt Nam"
Thiên Kim (diễn viên),Nguyễn Vinh Sơn,1.0,1,Tuyết nhiệt đới,actor-actor,False,,False,
Bảo Trúc,Diễm Châu,1.0,1,Cột mốc 23,actor-actor,False,,False,
Bảo Trúc,Mạnh Hùng,1.0,1,Cột mốc 23,actor-actor,False,,False,
Diễm Châu,Mạnh Hùng,1.0,1,Cột mốc 23,actor-actor,False,,False,
Vy Oanh,Thảo Trang (diễn viên),1.0,1,Vali tình yêu,actor-actor,False,,False,
Diệp Bảo Ngọc,Phạm Trưởng,2.0,2,Lật Mặt 6: Tấm vé định mệnh|Lật mặt 6: Tấm vé định mệnh,actor-actor,False,,False,
Diệp Bảo Ngọc,Ốc Thanh Vân,2.0,2,Lật Mặt 6: Tấm vé định mệnh|Lật mặt 6: Tấm vé định mệnh,actor-actor,False,,False,
Phạm Trưởng,Ốc Thanh Vân,2.0,2,Lật Mặt 6: Tấm vé định mệnh|Lật mặt 6: Tấm vé định mệnh,actor-actor,False,,False,
Ốc Thanh Vân,Kiến An (diễn viên),1.0,1,Lật mặt: 48h,actor-actor,False,,False,
Minh Anh (diễn viên),Dương Yến Ngọc,1.0,1,Những cô gái chân dài,actor-actor,False,,False,
Minh Anh (diễn viên),Tống Bạch Thủy,1.0,1,Những cô gái chân dài,actor-actor,False,,False,
Minh Anh (diễn viên),Ngọc Nga,1.0,1,Những cô gái chân dài,actor-actor,False,,False,
Minh Anh (diễn viên),Trương Thanh Long,1.0,1,Những cô gái chân dài,actor-actor,False,,False,
Minh Anh (diễn viên),Hải Đông,1.0,1,Những cô gái chân dài,actor-actor,False,,False,
Minh Anh (diễn viên),Thanh Thúy (diễn viên sinh 1982),1.0,1,Những cô gái chân dài,actor-actor,False,,False,
Minh Anh (diễn viên),Như Cầm,1.0,1,Những cô gái chân dài,actor-actor,False,,False,
Dương Yến Ngọc,Tống Bạch Thủy,1.0,1,Những cô gái chân dài,actor-actor,False,,False,
Dương Yến Ngọc,Ngọc Nga,1.0,1,Những cô gái chân dài,actor-actor,False,,False,
Dương Yến Ngọc,Trương Thanh Long,1.0,1,Những cô gái chân dài,actor-actor,False,,False,
Dương Yến Ngọc,Hải Đông,1.0,1,Những cô gái chân dài,actor-actor,False,,False,
Dương Yến Ngọc,Thanh Thúy (diễn viên sinh 1982),1.0,1,Những cô gái chân dài,actor-actor,False,,False,
Dương Yến Ngọc,Như Cầm,1.0,1,Những cô gái chân dài,actor-actor,False,,False,
Tống Bạch Thủy,Ngọc Nga,1.0,1,Những cô gái chân dài,actor-actor,False,,False,
Tống Bạch Thủy,Trương Thanh Long,1.0,1,Những cô gái chân dài,actor-actor,False,,False,
Tống Bạch Thủy,Hải Đông,1.0,1,Những cô gái chân dài,actor-actor,False,,False,
Tống Bạch Thủy,Thanh Thúy (diễn viên sinh 1982),1.0,1,Những cô gái chân dài,actor-actor,False,,False,
Tống Bạch Thủy,Như Cầm,1.0,1,Những cô gái chân dài,actor-actor,False,,False,
Ngọc Nga,Trương Thanh Long,1.0,1,Những cô gái chân dài,actor-actor,False,,False,
Ngọc Nga,Hải Đông,1.0,1,Những cô gái chân dài,actor-actor,False,,False,
Ngọc Nga,Thanh Thúy (diễn viên sinh 1982),1.0,1,Những cô gái chân dài,actor-actor,False,,False,
Ngọc Nga,Như Cầm,1.0,1,Những cô gái chân dài,actor-actor,False,,False,
Trương Thanh Long,Hải Đông,1.0,1,Những cô gái chân dài,actor-actor,False,,False,
Trương Thanh Long,Thanh Thúy (diễn viên sinh 1982),1.0,1,Những cô gái chân dài,actor-actor,False,,False,
Trương Thanh Long,Như Cầm,1.0,1,Những cô gái chân dài,actor-actor,False,,False,
Hải Đông,Thanh Thúy (diễn viên sinh 1982),1.0,1,Những cô gái chân dài,actor-actor,False,,False,
Hải Đông,Như Cầm,1.0,1,Những cô gái chân dài,actor-actor,False,,False,
Thanh Thúy (diễn viên sinh 1982),Như Cầm,1.0,1,Những cô gái chân dài,actor-actor,False,,False,
Thanh Thúy (diễn viên sinh 1982),Angela Phương Trinh,0.3,0,,,False,,True,"Thành phố Hồ Chí Minh, Việt Nam"
Thanh Thúy (diễn viên sinh 1982),Thanh Thúy (sinh 1982),0.3,0,,,False,,True,"Thành phố Hồ Chí Minh, Việt Nam"
Thanh Thúy (diễn viên sinh 1982),Rocker Nguyen,0.3,0,,,False,,True,"Thành phố Hồ Chí Minh, Việt Nam"
Angela Phương Trinh,Đỗ Đức Thịnh,1.0,1,"Taxi, em tên gì?",actor-director,False,,False,
Angela Phương Trinh,Thanh Thúy (sinh 1982),1.3,1,"Taxi, em tên gì?",actor-actor,False,,True,"Thành phố Hồ Chí Minh, Việt Nam"
Angela Phương Trinh,Rocker Nguyen,0.3,0,,,False,,True,"Thành phố Hồ Chí Minh, Việt Nam"
Đỗ Đức Thịnh,Thanh Thúy (sinh 1982),1.0,1,"Taxi, em tên gì?",actor-director,False,,False,
Thanh Thúy (sinh 1982),Rocker Nguyen,0.3,0,,,False,,True,"Thành phố Hồ Chí Minh, Việt Nam"
Nguyễn Du,Thanh Hoài (nghệ sĩ chèo),1.0,1,Long thành cầm giả ca (phim),actor-actor,False,,False,
Bùi Bài Bình,Hoàng Yến (diễn viên),1.0,1,Mùa ổi,actor-actor,False,,False,
Bùi Bài Bình,Nguyễn Thị Thu An,1.0,1,Mùa ổi,actor-actor,False,,False,
Bùi Bài Bình,Tuấn Dương,1.0,1,Mùa ổi,actor-actor,False,,False,
Hoàng Yến (diễn viên),Nguyễn Thị Thu An,1.0,1,Mùa ổi,actor-actor,False,,False,
Hoàng Yến (diễn viên),Tuấn Dương,1.0,1,Mùa ổi,actor-actor,False,,False,
Nguyễn Thị Thu An,Tuấn Dương,1.0,1,Mùa ổi,actor-actor,False,,False,
Bích Ngọc,Tùng Maru,1.0,1,Thạch Thảo (phim),actor-actor,False,,False,
Bích Ngọc,Khánh Như,1.0,1,Thạch Thảo (phim),actor-actor,False,,False,
Bích Ngọc,Lê Khắc Minh,1.0,1,Thạch Thảo (phim),actor-actor,False,,False,
Bích Ngọc,Lâm Văn Quốc,1.0,1,Thạch Thảo (phim),actor-actor,False,,False,
Bích Ngọc,Phương Quỳnh,1.0,1,Thạch Thảo (phim),actor-actor,False,,False,
Bích Ngọc,Nguyễn Gia Linh,1.0,1,Thạch Thảo (phim),actor-actor,False,,False,
Bích Ngọc,Gina M,1.0,1,Thạch Thảo (phim),actor-actor,False,,False,
Bích Ngọc,Kang Phạm,1.0,1,Thạch Thảo (phim),actor-actor,False,,False,
Bích Ngọc,Bạch Tuyết (nghệ sĩ cải lương),1.0,1,Thạch Thảo (phim),actor-actor,False,,False,
Bích Ngọc,Phạm Thị Ngọc Trinh,1.0,1,Thạch Thảo (phim),actor-actor,False,,False,
Kiều Thanh,Nguyễn Kim Trang,1.0,1,Sinh mệnh (phim),actor-actor,False,,False,
Kiều Thanh,Thanh Thủy (diễn viên sinh năm 1937),1.0,1,Sinh mệnh (phim),actor-actor,False,,False,
Kiều Thanh,Lã Thanh Huyền,0.3,0,,,False,,True,"Hà Nội, Việt Nam"
Nguyễn Kim Trang,Thanh Thủy (diễn viên sinh năm 1937),1.0,1,Sinh mệnh (phim),actor-actor,False,,False,
Kiến An (diễn viên),Vũ Hà (ca sĩ),0.3,0,,,False,,True,"Sài Gòn, Việt Nam Cộng hòa"
Kiến An (diễn viên),Phạm Thị Ngọc Trinh,0.3,0,,,False,,True,"Sài Gòn, Việt Nam Cộng hòa"
Nguyệt Hằng,Diệu Thuần,1.0,1,Hàng xóm (phim),actor-actor,False,,False,
Quang Tèo,Thu Hương,1.0,1,Đèn âm hồn,actor-actor,False,,False,
Thu Hương,Thiện Tùng,0.3,0,,,False,,True,Hà Nội
Thu Hương,Đức Sơn (diễn viên),0.3,0,,,False,,True,Hà Nội
Thu Hương,Quốc Tuấn (diễn viên),0.3,0,,,False,,True,Hà Nội
Thanh Quý,Vũ Hà (ca sĩ),1.0,1,Chuyện tình trong ngõ hẹp,actor-actor,False,,False,
Thanh Quý,danh đề,1.0,1,Chuyện tình trong ngõ hẹp,actor-actor,False,,False,
Vũ Hà (ca sĩ),danh đề,1.0,1,Chuyện tình trong ngõ hẹp,actor-actor,False,,False,
Vũ Hà (ca sĩ),Phạm Thị Ngọc Trinh,0.3,0,,,False,,True,"Sài Gòn, Việt Nam Cộng hòa"
Mel Gibson,Harold G. Moore,1.0,1,Chúng tôi từng là lính,actor-actor,False,,False,
Mel Gibson,Madeleine Stowe,1.0,1,Chúng tôi từng là lính,actor-actor,False,,False,
Mel Gibson,Nguyễn Hữu An,1.0,1,Chúng tôi từng là lính,actor-actor,False,,False,
Mel Gibson,Sam Elliott,1.0,1,Chúng tôi từng là lính,actor-actor,False,,False,
Mel Gibson,Greg Kinnear,1.0,1,Chúng tôi từng là lính,actor-actor,False,,False,
Mel Gibson,Chris Klein,1.0,1,Chúng tôi từng là lính,actor-actor,False,,False,
Mel Gibson,Keri Russell,1.0,1,Chúng tôi từng là lính,actor-actor,False,,False,
Mel Gibson,Barry Pepper,1.0,1,Chúng tôi từng là lính,actor-actor,False,,False,
Mel Gibson,Marc Blucas,1.0,1,Chúng tôi từng là lính,actor-actor,False,,False,
Mel Gibson,Ryan Hurst,1.0,1,Chúng tôi từng là lính,actor-actor,False,,False,
Mel Gibson,Jsu Garcia,1.0,1,Chúng tôi từng là lính,actor-actor,False,,False,
Mel Gibson,Jon Hamm,1.0,1,Chúng tôi từng là lính,actor-actor,False,,False,
Mel Gibson,Clark Gregg,1.0,1,Chúng tôi từng là lính,actor-actor,False,,False,
Harold G. Moore,Madeleine Stowe,1.0,1,Chúng tôi từng là lính,actor-actor,False,,False,
Harold G. Moore,Nguyễn Hữu An,1.0,1,Chúng tôi từng là lính,actor-actor,False,,False,
Harold G. Moore,Sam Elliott,1.0,1,Chúng tôi từng là lính,actor-actor,False,,False,
Harold G. Moore,Greg Kinnear,1.0,1,Chúng tôi từng là lính,actor-actor,False,,False,
Harold G. Moore,Chris Klein,1.0,1,Chúng tôi từng là lính,actor-actor,False,,False,
Harold G. Moore,Keri Russell,1.0,1,Chúng tôi từng là lính,actor-actor,False,,False,
Harold G. Moore,Barry Pepper,1.0,1,Chúng tôi từng là lính,actor-actor,False,,False,
Harold G. Moore,Marc Blucas,1.0,1,Chúng tôi từng là lính,actor-actor,False,,False,
Harold G. Moore,Ryan Hurst,1.0,1,Chúng tôi từng là lính,actor-actor,False,,False,
Harold G. Moore,Jsu Garcia,1.0,1,Chúng tôi từng là lính,actor-actor,False,,False,
Harold G. Moore,Jon Hamm,1.0,1,Chúng tôi từng là lính,actor-actor,False,,False,
Harold G. Moore,Clark Gregg,1.0,1,Chúng tôi từng là lính,actor-actor,False,,False,
Madeleine Stowe,Nguyễn Hữu An,1.0,1,Chúng tôi từng là lính,actor-actor,False,,False,
Madeleine Stowe,Sam Elliott,1.0,1,Chúng tôi từng là lính,actor-actor,False,,False,
Madeleine Stowe,Greg Kinnear,1.0,1,Chúng tôi từng là lính,actor-actor,False,,False,
Madeleine Stowe,Chris Klein,1.0,1,Chúng tôi từng là lính,actor-actor,False,,False,
Madeleine Stowe,Keri Russell,1.0,1,Chúng tôi từng là lính,actor-actor,False,,False,
Madeleine Stowe,Barry Pepper,1.0,1,Chúng tôi từng là lính,actor-actor,False,,False,
Madeleine Stowe,Marc Blucas,1.0,1,Chúng tôi từng là lính,actor-actor,False,,False,
Madeleine Stowe,Ryan Hurst,1.0,1,Chúng tôi từng là lính,actor-actor,False,,False,
Madeleine Stowe,Jsu Garcia,1.0,1,Chúng tôi từng là lính,actor-actor,False,,False,
Madeleine Stowe,Jon Hamm,1.0,1,Chúng tôi từng là lính,actor-actor,False,,False,
Madeleine Stowe,Clark Gregg,1.0,1,Chúng tôi từng là lính,actor-actor,False,,False,
Nguyễn Hữu An,Sam Elliott,1.0,1,Chúng tôi từng là lính,actor-actor,False,,False,
Nguyễn Hữu An,Greg Kinnear,1.0,1,Chúng tôi từng là lính,actor-actor,False,,False,
Nguyễn Hữu An,Chris Klein,1.0,1,Chúng tôi từng là lính,actor-actor,False,,False,
Nguyễn Hữu An,Keri Russell,1.0,1,Chúng tôi từng là lính,actor-actor,False,,False,
Nguyễn Hữu An,Barry Pepper,1.0,1,Chúng tôi từng là lính,actor-actor,False,,False,
Nguyễn Hữu An,Marc Blucas,1.0,1,Chúng tôi từng là lính,actor-actor,False,,False,
Nguyễn Hữu An,Ryan Hurst,1.0,1,Chúng tôi từng là lính,actor-actor,False,,False,
Nguyễn Hữu An,Jsu Garcia,1.0,1,Chúng tôi từng là lính,actor-actor,False,,False,
Nguyễn Hữu An,Jon Hamm,1.0,1,Chúng tôi từng là lính,actor-actor,False,,False,
Nguyễn Hữu An,Clark Gregg,1.0,1,Chúng tôi từng là lính,actor-actor,False,,False,
Sam Elliott,Greg Kinnear,1.0,1,Chúng tôi từng là lính,actor-actor,False,,False,
Sam Elliott,Chris Klein,1.0,1,Chúng tôi từng là lính,actor-actor,False,,False,
Sam Elliott,Keri Russell,1.0,1,Chúng tôi từng là lính,actor-actor,False,,False,
Sam Elliott,Barry Pepper,1.0,1,Chúng tôi từng là lính,actor-actor,False,,False,
Sam Elliott,Marc Blucas,1.0,1,Chúng tôi từng là lính,actor-actor,False,,False,
Sam Elliott,Ryan Hurst,1.0,1,Chúng tôi từng là lính,actor-actor,False,,False,
Sam Elliott,Jsu Garcia,1.0,1,Chúng tôi từng là lính,actor-actor,False,,False,
Sam Elliott,Jon Hamm,1.0,1,Chúng tôi từng là lính,actor-actor,False,,False,
Sam Elliott,Clark Gregg,1.0,1,Chúng tôi từng là lính,actor-actor,False,,False,
Greg Kinnear,Chris Klein,1.0,1,Chúng tôi từng là lính,actor-actor,False,,False,
Greg Kinnear,Keri Russell,1.0,1,Chúng tôi từng là lính,actor-actor,False,,False,
Greg Kinnear,Barry Pepper,1.0,1,Chúng tôi từng là lính,actor-actor,False,,False,
Greg Kinnear,Marc Blucas,1.0,1,Chúng tôi từng là lính,actor-actor,False,,False,
Greg Kinnear,Ryan Hurst,1.0,1,Chúng tôi từng là lính,actor-actor,False,,False,
Greg Kinnear,Jsu Garcia,1.0,1,Chúng tôi từng là lính,actor-actor,False,,False,
Greg Kinnear,Jon Hamm,1.0,1,Chúng tôi từng là lính,actor-actor,False,,False,
Greg Kinnear,Clark Gregg,1.0,1,Chúng tôi từng là lính,actor-actor,False,,False,
Chris Klein,Keri Russell,1.0,1,Chúng tôi từng là lính,actor-actor,False,,False,
Chris Klein,Barry Pepper,1.0,1,Chúng tôi từng là lính,actor-actor,False,,False,
Chris Klein,Marc Blucas,1.0,1,Chúng tôi từng là lính,actor-actor,False,,False,
Chris Klein,Ryan Hurst,1.0,1,Chúng tôi từng là lính,actor-actor,False,,False,
Chris Klein,Jsu Garcia,1.0,1,Chúng tôi từng là lính,actor-actor,False,,False,
Chris Klein,Jon Hamm,1.0,1,Chúng tôi từng là lính,actor-actor,False,,False,
Chris Klein,Clark Gregg,1.0,1,Chúng tôi từng là lính,actor-actor,False,,False,
Keri Russell,Barry Pepper,1.0,1,Chúng tôi từng là lính,actor-actor,False,,False,
Keri Russell,Marc Blucas,1.0,1,Chúng tôi từng là lính,actor-actor,False,,False,
Keri Russell,Ryan Hurst,1.0,1,Chúng tôi từng là lính,actor-actor,False,,False,
Keri Russell,Jsu Garcia,1.0,1,Chúng tôi từng là lính,actor-actor,False,,False,
Keri Russell,Jon Hamm,1.0,1,Chúng tôi từng là lính,actor-actor,False,,False,
Keri Russell,Clark Gregg,1.0,1,Chúng tôi từng là lính,actor-actor,False,,False,
Barry Pepper,Marc Blucas,1.0,1,Chúng tôi từng là lính,actor-actor,False,,False,
Barry Pepper,Ryan Hurst,1.0,1,Chúng tôi từng là lính,actor-actor,False,,False,
Barry Pepper,Jsu Garcia,1.0,1,Chúng tôi từng là lính,actor-actor,False,,False,
Barry Pepper,Jon Hamm,1.0,1,Chúng tôi từng là lính,actor-actor,False,,False,
Barry Pepper,Clark Gregg,1.0,1,Chúng tôi từng là lính,actor-actor,False,,False,
Marc Blucas,Ryan Hurst,1.0,1,Chúng tôi từng là lính,actor-actor,False,,False,
Marc Blucas,Jsu Garcia,1.0,1,Chúng tôi từng là lính,actor-actor,False,,False,
Marc Blucas,Jon Hamm,1.0,1,Chúng tôi từng là lính,actor-actor,False,,False,
Marc Blucas,Clark Gregg,1.0,1,Chúng tôi từng là lính,actor-actor,False,,False,
Ryan Hurst,Jsu Garcia,1.0,1,Chúng tôi từng là lính,actor-actor,False,,False,
Ryan Hurst,Jon Hamm,1.0,1,Chúng tôi từng là lính,actor-actor,False,,False,
Ryan Hurst,Clark Gregg,1.0,1,Chúng tôi từng là lính,actor-actor,False,,False,
Jsu Garcia,Jon Hamm,1.0,1,Chúng tôi từng là lính,actor-actor,False,,False,
Jsu Garcia,Clark Gregg,1.0,1,Chúng tôi từng là lính,actor-actor,False,,False,
Jon Hamm,Clark Gregg,1.0,1,Chúng tôi từng là lính,actor-actor,False,,False,
Lã Thanh Huyền,Tiến Lộc (diễn viên),1.0,1,Người trở về,actor-actor,False,,False,
Lã Thanh Huyền,Dũng Nhi,1.0,1,Người trở về,actor-actor,False,,False,
Lã Thanh Huyền,Thiện Tùng,1.0,1,Người trở về,actor-actor,False,,False,
Tiến Lộc (diễn viên),Dũng Nhi,1.0,1,Người trở về,actor-actor,False,,False,
Tiến Lộc (diễn viên),Thiện Tùng,1.0,1,Người trở về,actor-actor,False,,False,
Dũng Nhi,Thiện Tùng,1.0,1,Người trở về,actor-actor,False,,False,
Dũng Nhi,Nguyễn Vĩnh Xương,0.3,0,,,False,,True,"Hà Nội, Việt Nam Dân chủ Cộng hòa"
Thiện Tùng,Đức Sơn (diễn viên),0.3,0,,,False,,True,Hà Nội
Thiện Tùng,Quốc Tuấn (diễn viên),0.3,0,,,False,,True,Hà Nội
Tùng Maru,Khánh Như,1.0,1,Thạch Thảo (phim),actor-actor,False,,False,
Tùng Maru,Lê Khắc Minh,1.0,1,Thạch Thảo (phim),actor-actor,False,,False,
Tùng Maru,Lâm Văn Quốc,1.0,1,Thạch Thảo (phim),actor-actor,False,,False,
Tùng Maru,Phương Quỳnh,1.0,1,Thạch Thảo (phim),actor-actor,False,,False,
Tùng Maru,Nguyễn Gia Linh,1.0,1,Thạch Thảo (phim),actor-actor,False,,False,
Tùng Maru,Gina M,1.0,1,Thạch Thảo (phim),actor-actor,False,,False,
Tùng Maru,Kang Phạm,1.0,1,Thạch Thảo (phim),actor-actor,False,,False,
Tùng Maru,Bạch Tuyết (nghệ sĩ cải lương),1.0,1,Thạch Thảo (phim),actor-actor,False,,False,
Tùng Maru,Phạm Thị Ngọc Trinh,1.0,1,Thạch Thảo (phim),actor-actor,False,,False,
Khánh Như,Lê Khắc Minh,1.0,1,Thạch Thảo (phim),actor-actor,False,,False,
Khánh Như,Lâm Văn Quốc,1.0,1,Thạch Thảo (phim),actor-actor,False,,False,
Khánh Như,Phương Quỳnh,1.0,1,Thạch Thảo (phim),actor-actor,False,,False,
Khánh Như,Nguyễn Gia Linh,1.0,1,Thạch Thảo (phim),actor-actor,False,,False,
Khánh Như,Gina M,1.0,1,Thạch Thảo (phim),actor-actor,False,,False,
Khánh Như,Kang Phạm,1.0,1,Thạch Thảo (phim),actor-actor,False,,False,
Khánh Như,Bạch Tuyết (nghệ sĩ cải lương),1.0,1,Thạch Thảo (phim),actor-actor,False,,False,
Khánh Như,Phạm Thị Ngọc Trinh,1.0,1,Thạch Thảo (phim),actor-actor,False,,False,
Lê Khắc Minh,Lâm Văn Quốc,1.0,1,Thạch Thảo (phim),actor-actor,False,,False,
Lê Khắc Minh,Phương Quỳnh,1.0,1,Thạch Thảo (phim),actor-actor,False,,False,
Lê Khắc Minh,Nguyễn Gia Linh,1.0,1,Thạch Thảo (phim),actor-actor,False,,False,
Lê Khắc Minh,Gina M,1.0,1,Thạch Thảo (phim),actor-actor,False,,False,
Lê Khắc Minh,Kang Phạm,1.0,1,Thạch Thảo (phim),actor-actor,False,,False,
Lê Khắc Minh,Bạch Tuyết (nghệ sĩ cải lương),1.0,1,Thạch Thảo (phim),actor-actor,False,,False,
Lê Khắc Minh,Phạm Thị Ngọc Trinh,1.0,1,Thạch Thảo (phim),actor-actor,False,,False,
Lâm Văn Quốc,Phương Quỳnh,1.0,1,Thạch Thảo (phim),actor-actor,False,,False,
Lâm Văn Quốc,Nguyễn Gia Linh,1.0,1,Thạch Thảo (phim),actor-actor,False,,False,
Lâm Văn Quốc,Gina M,1.0,1,Thạch Thảo (phim),actor-actor,False,,False,
Lâm Văn Quốc,Kang Phạm,1.0,1,Thạch Thảo (phim),actor-actor,False,,False,
Lâm Văn Quốc,Bạch Tuyết (nghệ sĩ cải lương),1.0,1,Thạch Thảo (phim),actor-actor,False,,False,
Lâm Văn Quốc,Phạm Thị Ngọc Trinh,1.0,1,Thạch Thảo (phim),actor-actor,False,,False,
Phương Quỳnh,Nguyễn Gia Linh,1.0,1,Thạch Thảo (phim),actor-actor,False,,False,
Phương Quỳnh,Gina M,1.0,1,Thạch Thảo (phim),actor-actor,False,,False,
Phương Quỳnh,Kang Phạm,1.0,1,Thạch Thảo (phim),actor-actor,False,,False,
Phương Quỳnh,Bạch Tuyết (nghệ sĩ cải lương),1.0,1,Thạch Thảo (phim),actor-actor,False,,False,
Phương Quỳnh,Phạm Thị Ngọc Trinh,1.0,1,Thạch Thảo (phim),actor-actor,False,,False,
Nguyễn Gia Linh,Gina M,1.0,1,Thạch Thảo (phim),actor-actor,False,,False,
Nguyễn Gia Linh,Kang Phạm,1.0,1,Thạch Thảo (phim),actor-actor,False,,False,
Nguyễn Gia Linh,Bạch Tuyết (nghệ sĩ cải lương),1.0,1,Thạch Thảo (phim),actor-actor,False,,False,
Nguyễn Gia Linh,Phạm Thị Ngọc Trinh,1.0,1,Thạch Thảo (phim),actor-actor,False,,False,
Gina M,Kang Phạm,1.0,1,Thạch Thảo (phim),actor-actor,False,,False,
Gina M,Bạch Tuyết (nghệ sĩ cải lương),1.0,1,Thạch Thảo (phim),actor-actor,False,,False,
Gina M,Phạm Thị Ngọc Trinh,1.0,1,Thạch Thảo (phim),actor-actor,False,,False,
Kang Phạm,Bạch Tuyết (nghệ sĩ cải lương),1.0,1,Thạch Thảo (phim),actor-actor,False,,False,
Kang Phạm,Phạm Thị Ngọc Trinh,1.0,1,Thạch Thảo (phim),actor-actor,False,,False,
Bạch Tuyết (nghệ sĩ cải lương),Phạm Thị Ngọc Trinh,1.0,1,Thạch Thảo (phim),actor-actor,False,,False,
Đức Sơn (diễn viên),Minh Châu (diễn viên),1.0,1,Ba lẻ một,actor-actor,False,,False,
Đức Sơn (diễn viên),Cao Minh Đạt,1.0,1,Ba lẻ một,actor-actor,False,,False,
Đức Sơn (diễn viên),Lê Hồng Quang (diễn viên),1.0,1,Vào Nam ra Bắc,actor-actor,False,,False,
Đức Sơn (diễn viên),Nguyễn Vĩnh Xương,1.0,1,Vào Nam ra Bắc,actor-actor,False,,False,
Đức Sơn (diễn viên),Quốc Tuấn (diễn viên),1.3,1,Vào Nam ra Bắc,actor-actor,False,,True,Hà Nội
Đức Sơn (diễn viên),Hoàng Lan (diễn viên),1.0,1,Vào Nam ra Bắc,actor-actor,False,,False,
Đức Sơn (diễn viên),Trần Hạnh,1.0,1,Vào Nam ra Bắc,actor-actor,False,,False,
Minh Châu (diễn viên),Cao Minh Đạt,1.0,1,Ba lẻ một,actor-actor,False,,False,
Minh Châu (diễn viên),Quốc Tuấn (diễn viên),1.0,1,Cu li không bao giờ khóc,actor-actor,False,,False,
Lê Hồng Quang (diễn viên),Nguyễn Vĩnh Xương,1.0,1,Vào Nam ra Bắc,actor-actor,False,,False,
Lê Hồng Quang (diễn viên),Quốc Tuấn (diễn viên),1.0,1,Vào Nam ra Bắc,actor-actor,False,,False,
Lê Hồng Quang (diễn viên),Hoàng Lan (diễn viên),1.0,1,Vào Nam ra Bắc,actor-actor,False,,False,
Lê Hồng Quang (diễn viên),Trần Hạnh,1.0,1,Vào Nam ra Bắc,actor-actor,False,,False,
Nguyễn Vĩnh Xương,Quốc Tuấn (diễn viên),1.0,1,Vào Nam ra Bắc,actor-actor,False,,False,
Nguyễn Vĩnh Xương,Hoàng Lan (diễn viên),1.0,1,Vào Nam ra Bắc,actor-actor,False,,False,
Nguyễn Vĩnh Xương,Trần Hạnh,1.0,1,Vào Nam ra Bắc,actor-actor,False,,False,
Quốc Tuấn (diễn viên),Hoàng Lan (diễn viên),1.0,1,Vào Nam ra Bắc,actor-actor,False,,False,
Quốc Tuấn (diễn viên),Trần Hạnh,1.0,1,Vào Nam ra Bắc,actor-actor,False,,False,
Hoàng Lan (diễn viên),Trần Hạnh,1.0,1,Vào Nam ra Bắc,actor-actor,False,,False,
ếch,thác,1.0,1,Rừng thế mạng,actor-actor,False,,False,
